{
  "vessel_name": "Cylinder",
  "solver_names": [
    "OrcaWave (.owd)",
    "OrcaWave (spec.yml)"
  ],
  "comparison_date": "2026-02-19 22:02:50",
  "overall_consensus": "FULL",
  "pairwise_results": {
    "OrcaWave (.owd)-vs-OrcaWave (spec.yml)": {
      "solver_a": "OrcaWave (.owd)",
      "solver_b": "OrcaWave (spec.yml)",
      "overall_agreement": "EXCELLENT",
      "rao_comparisons": {
        "surge": {
          "magnitude_correlation": 1.0,
          "magnitude_rms_error": 4.0405093204961285e-17,
          "phase_correlation": 1.0,
          "max_magnitude_diff": 1.1159954320095053e-16,
          "max_phase_diff": 315.0
        },
        "sway": {
          "magnitude_correlation": 1.0,
          "magnitude_rms_error": 4.882902762315789e-17,
          "phase_correlation": 1.0,
          "max_magnitude_diff": 1.3334201455401e-16,
          "max_phase_diff": 345.42217947451473
        },
        "heave": {
          "magnitude_correlation": 1.0,
          "magnitude_rms_error": 2.3370894465028356e-16,
          "phase_correlation": 1.0,
          "max_magnitude_diff": 9.422189802214888e-16,
          "max_phase_diff": 347.52316467866785
        },
        "roll": {
          "magnitude_correlation": 1.0,
          "magnitude_rms_error": 7.067605454313907e-16,
          "phase_correlation": 1.0,
          "max_magnitude_diff": 2.7829853462805776e-15,
          "max_phase_diff": 352.8749836510982
        },
        "pitch": {
          "magnitude_correlation": 1.0,
          "magnitude_rms_error": 9.800672132466352e-16,
          "phase_correlation": 1.0,
          "max_magnitude_diff": 3.4939671326947804e-15,
          "max_phase_diff": 359.7090455947948
        },
        "yaw": {
          "magnitude_correlation": 1.0,
          "magnitude_rms_error": 1.5093637485621316e-31,
          "phase_correlation": 1.0,
          "max_magnitude_diff": 5.86466840574935e-31,
          "max_phase_diff": 331.606980578617
        }
      },
      "added_mass_correlations": {
        "1,1": 0.9999999998702291,
        "1,2": 1.0,
        "1,3": 1.0,
        "1,4": 1.0,
        "1,5": 0.999999999738874,
        "1,6": 1.0,
        "2,1": 1.0,
        "2,2": 0.9999999991444904,
        "2,3": 0.9999999983123249,
        "2,4": 0.999999999064196,
        "2,5": 1.0,
        "2,6": 1.0,
        "3,1": 1.0,
        "3,2": 0.9999999983264493,
        "3,3": 1.0,
        "3,4": 0.9999999987674446,
        "3,5": 1.0,
        "3,6": 1.0,
        "4,1": 1.0,
        "4,2": 0.9999999990642731,
        "4,3": 0.9999999987580853,
        "4,4": 0.9999999990667464,
        "4,5": 1.0,
        "4,6": 1.0,
        "5,1": 0.999999999738755,
        "5,2": 1.0,
        "5,3": 1.0,
        "5,4": 1.0,
        "5,5": 0.999999999632077,
        "5,6": 1.0,
        "6,1": 1.0,
        "6,2": 1.0,
        "6,3": 1.0,
        "6,4": 1.0,
        "6,5": 1.0,
        "6,6": 1.0
      },
      "damping_correlations": {
        "1,1": 0.9999999988523197,
        "1,2": 1.0,
        "1,3": 1.0,
        "1,4": 1.0,
        "1,5": 0.9999999987200064,
        "1,6": 1.0,
        "2,1": 1.0,
        "2,2": 0.9999999963463676,
        "2,3": 0.9999999990143423,
        "2,4": 0.9999999969694608,
        "2,5": 1.0,
        "2,6": 1.0,
        "3,1": 1.0,
        "3,2": 0.9999999990185519,
        "3,3": 0.9999999998787883,
        "3,4": 0.9999999992839068,
        "3,5": 1.0,
        "3,6": 1.0,
        "4,1": 1.0,
        "4,2": 0.9999999969704237,
        "4,3": 0.9999999992832531,
        "4,4": 0.9999999978251171,
        "4,5": 1.0,
        "4,6": 1.0,
        "5,1": 0.9999999987199609,
        "5,2": 1.0,
        "5,3": 1.0,
        "5,4": 1.0,
        "5,5": 0.9999999989705546,
        "5,6": 1.0,
        "6,1": 1.0,
        "6,2": 1.0,
        "6,3": 1.0,
        "6,4": 1.0,
        "6,5": 1.0,
        "6,6": 1.0
      }
    }
  },
  "consensus_by_dof": {
    "SURGE": {
      "consensus_level": "FULL",
      "mean_pairwise_correlation": 1.0,
      "outlier_solver": null,
      "agreement_pairs": [
        [
          "OrcaWave (.owd)",
          "OrcaWave (spec.yml)"
        ]
      ]
    },
    "SWAY": {
      "consensus_level": "FULL",
      "mean_pairwise_correlation": 1.0,
      "outlier_solver": null,
      "agreement_pairs": [
        [
          "OrcaWave (.owd)",
          "OrcaWave (spec.yml)"
        ]
      ]
    },
    "HEAVE": {
      "consensus_level": "FULL",
      "mean_pairwise_correlation": 1.0,
      "outlier_solver": null,
      "agreement_pairs": [
        [
          "OrcaWave (.owd)",
          "OrcaWave (spec.yml)"
        ]
      ]
    },
    "ROLL": {
      "consensus_level": "FULL",
      "mean_pairwise_correlation": 1.0,
      "outlier_solver": null,
      "agreement_pairs": [
        [
          "OrcaWave (.owd)",
          "OrcaWave (spec.yml)"
        ]
      ]
    },
    "PITCH": {
      "consensus_level": "FULL",
      "mean_pairwise_correlation": 1.0,
      "outlier_solver": null,
      "agreement_pairs": [
        [
          "OrcaWave (.owd)",
          "OrcaWave (spec.yml)"
        ]
      ]
    },
    "YAW": {
      "consensus_level": "FULL",
      "mean_pairwise_correlation": 1.0,
      "outlier_solver": null,
      "agreement_pairs": [
        [
          "OrcaWave (.owd)",
          "OrcaWave (spec.yml)"
        ]
      ]
    }
  },
  "notes": []
}