{
  "vessel_name": "Barge_Benchmark",
  "solver_names": [
    "AQWA",
    "OrcaWave"
  ],
  "comparison_date": "2026-02-08 16:46:24",
  "overall_consensus": "SPLIT",
  "pairwise_results": {
    "AQWA-vs-OrcaWave": {
      "solver_a": "AQWA",
      "solver_b": "OrcaWave",
      "overall_agreement": "POOR",
      "rao_comparisons": {
        "surge": {
          "magnitude_correlation": 0.9786218659599442,
          "magnitude_rms_error": 0.06404621446791364,
          "phase_correlation": 0.7895425985560155,
          "max_magnitude_diff": 0.10872342307052528,
          "max_phase_diff": 307.1776420668175
        },
        "sway": {
          "magnitude_correlation": 0.8669026099588347,
          "magnitude_rms_error": 0.2642163899042791,
          "phase_correlation": 0.3540191187409238,
          "max_magnitude_diff": 1.4574602664880958,
          "max_phase_diff": 352.969917210567
        },
        "heave": {
          "magnitude_correlation": 0.9996829033559637,
          "magnitude_rms_error": 0.01264240165725141,
          "phase_correlation": 0.9997708714186258,
          "max_magnitude_diff": 0.055019551892707685,
          "max_phase_diff": 4.251992142803267
        },
        "roll": {
          "magnitude_correlation": 0.9972304561881312,
          "magnitude_rms_error": 2.1508172808457524,
          "phase_correlation": 0.5254690931139189,
          "max_magnitude_diff": 17.14050494317538,
          "max_phase_diff": 283.83153174451616
        },
        "pitch": {
          "magnitude_correlation": 0.9980110694757114,
          "magnitude_rms_error": 0.030127622758250667,
          "phase_correlation": 0.7453254358141571,
          "max_magnitude_diff": 0.10862411600331134,
          "max_phase_diff": 345.5691395733153
        },
        "yaw": {
          "magnitude_correlation": 0.9999942225363568,
          "magnitude_rms_error": 0.0014948946454463857,
          "phase_correlation": 0.5338947614312767,
          "max_magnitude_diff": 0.004298246839366637,
          "max_phase_diff": 275.6744368238125
        }
      },
      "added_mass_correlations": {
        "1,1": 0.9996279114755063,
        "1,2": -0.1522382979246256,
        "1,3": -0.04144934656386994,
        "1,4": -0.14245480174011005,
        "1,5": 0.9979121496914423,
        "1,6": 0.30424769607448404,
        "2,1": -0.22080789281410804,
        "2,2": 0.9999815878372682,
        "2,3": 0.13010591584542489,
        "2,4": 0.9830820602298347,
        "2,5": 0.01714988470957622,
        "2,6": 0.13538893673581587,
        "3,1": -0.24818041546634567,
        "3,2": 0.07368035855174611,
        "3,3": 0.9998530550477989,
        "3,4": -0.21633351288157346,
        "3,5": -0.1107142569490745,
        "3,6": -0.39931257250125973,
        "4,1": -0.40006764211636975,
        "4,2": 0.9835187100440194,
        "4,3": 0.007562327271904387,
        "4,4": 0.9297443711091755,
        "4,5": -0.31173131869549753,
        "4,6": 0.06059817743499575,
        "5,1": 0.9979957257704655,
        "5,2": -0.44870074251793196,
        "5,3": 0.022687207928788453,
        "5,4": 0.14221231662825637,
        "5,5": 0.9998256497137419,
        "5,6": -0.2837568556442617,
        "6,1": 0.08117993958718792,
        "6,2": -0.286952923324224,
        "6,3": 0.04450660469370498,
        "6,4": 0.13303493214843526,
        "6,5": -0.3539336569416895,
        "6,6": 0.9999746394205569
      },
      "damping_correlations": {
        "1,1": 0.9999629630196661,
        "1,2": 0.3984435778326146,
        "1,3": 0.23151102531839712,
        "1,4": 0.17122463139779545,
        "1,5": 0.9526109045898041,
        "1,6": -0.4605222848259008,
        "2,1": -0.43350101603417,
        "2,2": 0.9999663559177926,
        "2,3": 0.25503057634030807,
        "2,4": 0.9639582792607797,
        "2,5": -0.1337670733374367,
        "2,6": 0.162165248225783,
        "3,1": 0.5285411659104425,
        "3,2": -0.11245565565662663,
        "3,3": 0.9996953554336103,
        "3,4": 0.2005399271684374,
        "3,5": -0.07907684103651914,
        "3,6": 0.004255787041159699,
        "4,1": 0.046148038187947826,
        "4,2": 0.9651237050395516,
        "4,3": -0.526609473043482,
        "4,4": 0.8658624328935082,
        "4,5": 0.00611279616663142,
        "4,6": 0.4087594053401633,
        "5,1": 0.9459727586164046,
        "5,2": -0.23286929539903978,
        "5,3": -0.0978513748902799,
        "5,4": -0.006395023080392937,
        "5,5": 0.9993318747979952,
        "5,6": -0.03153703704894002,
        "6,1": -0.20949473225294968,
        "6,2": 0.12647514624805056,
        "6,3": -0.42686482311083945,
        "6,4": -0.045295288416869514,
        "6,5": 0.3333490394072945,
        "6,6": 0.9999751213064468
      }
    }
  },
  "consensus_by_dof": {
    "SURGE": {
      "consensus_level": "NO_CONSENSUS",
      "mean_pairwise_correlation": 0.9786218659599442,
      "outlier_solver": null,
      "agreement_pairs": []
    },
    "SWAY": {
      "consensus_level": "NO_CONSENSUS",
      "mean_pairwise_correlation": 0.8669026099588347,
      "outlier_solver": null,
      "agreement_pairs": []
    },
    "HEAVE": {
      "consensus_level": "FULL",
      "mean_pairwise_correlation": 0.9996829033559637,
      "outlier_solver": null,
      "agreement_pairs": [
        [
          "AQWA",
          "OrcaWave"
        ]
      ]
    },
    "ROLL": {
      "consensus_level": "NO_CONSENSUS",
      "mean_pairwise_correlation": 0.9972304561881312,
      "outlier_solver": null,
      "agreement_pairs": []
    },
    "PITCH": {
      "consensus_level": "FULL",
      "mean_pairwise_correlation": 0.9980110694757114,
      "outlier_solver": null,
      "agreement_pairs": [
        [
          "AQWA",
          "OrcaWave"
        ]
      ]
    },
    "YAW": {
      "consensus_level": "FULL",
      "mean_pairwise_correlation": 0.9999942225363568,
      "outlier_solver": null,
      "agreement_pairs": [
        [
          "AQWA",
          "OrcaWave"
        ]
      ]
    }
  },
  "notes": [
    "SURGE: consensus=NO_CONSENSUS",
    "SWAY: consensus=NO_CONSENSUS",
    "ROLL: consensus=NO_CONSENSUS"
  ]
}