{
  "vessel_name": "Ellipsoid",
  "solver_names": [
    "OrcaWave (.owd)",
    "OrcaWave (spec.yml)"
  ],
  "comparison_date": "2026-02-17 06:28:37",
  "overall_consensus": "FULL",
  "pairwise_results": {
    "OrcaWave (.owd)-vs-OrcaWave (spec.yml)": {
      "solver_a": "OrcaWave (.owd)",
      "solver_b": "OrcaWave (spec.yml)",
      "overall_agreement": "EXCELLENT",
      "rao_comparisons": {
        "surge": {
          "magnitude_correlation": 1.0,
          "magnitude_rms_error": 1.381577076374228e-06,
          "phase_correlation": -0.7023659805894483,
          "max_magnitude_diff": 3.325297403045102e-06,
          "max_phase_diff": 163.0799235430926
        },
        "sway": {
          "magnitude_correlation": 1.0,
          "magnitude_rms_error": 6.213644100293859e-07,
          "phase_correlation": 0.999999999999102,
          "max_magnitude_diff": 1.4905801258846552e-06,
          "max_phase_diff": 0.00045709427793383384
        },
        "heave": {
          "magnitude_correlation": 1.0,
          "magnitude_rms_error": 3.7123403430025232e-06,
          "phase_correlation": 0.9999999997838604,
          "max_magnitude_diff": 6.645583736308858e-06,
          "max_phase_diff": 0.00021509193871516175
        },
        "roll": {
          "magnitude_correlation": 1.0,
          "magnitude_rms_error": 1.1471383520872712e-08,
          "phase_correlation": 0.9999999999991103,
          "max_magnitude_diff": 2.8344399668513154e-08,
          "max_phase_diff": 0.00045682897206233974
        },
        "pitch": {
          "magnitude_correlation": 1.0,
          "magnitude_rms_error": 6.200876545467892e-05,
          "phase_correlation": 0.9889531339647484,
          "max_magnitude_diff": 0.00011091238053495545,
          "max_phase_diff": 17.371610385427772
        },
        "yaw": {
          "magnitude_correlation": 0.9999999999921831,
          "magnitude_rms_error": 4.09160945720215e-05,
          "phase_correlation": 0.8897131720645707,
          "max_magnitude_diff": 9.586252033244591e-05,
          "max_phase_diff": 165.22868123521081
        }
      },
      "added_mass_correlations": {
        "1,1": 1.0,
        "1,2": 1.0,
        "1,3": 1.0,
        "1,4": 1.0,
        "1,5": 1.0,
        "1,6": 1.0,
        "2,1": 1.0,
        "2,2": 1.0,
        "2,3": 1.0,
        "2,4": 1.0,
        "2,5": 1.0,
        "2,6": 1.0,
        "3,1": 1.0,
        "3,2": 0.9999999999999999,
        "3,3": 0.9999999999999999,
        "3,4": 1.0,
        "3,5": 1.0,
        "3,6": 1.0,
        "4,1": 1.0,
        "4,2": 1.0,
        "4,3": 1.0,
        "4,4": 1.0,
        "4,5": 1.0,
        "4,6": 1.0,
        "5,1": 1.0,
        "5,2": 1.0,
        "5,3": 1.0,
        "5,4": 1.0,
        "5,5": 1.0,
        "5,6": 1.0,
        "6,1": 1.0,
        "6,2": 1.0,
        "6,3": 1.0,
        "6,4": 1.0,
        "6,5": 1.0,
        "6,6": 1.0
      },
      "damping_correlations": {
        "1,1": 1.0,
        "1,2": 1.0,
        "1,3": 1.0,
        "1,4": 1.0,
        "1,5": 1.0,
        "1,6": 1.0,
        "2,1": 1.0,
        "2,2": 1.0,
        "2,3": 1.0,
        "2,4": 1.0,
        "2,5": 1.0,
        "2,6": 1.0,
        "3,1": 1.0,
        "3,2": 1.0,
        "3,3": 1.0,
        "3,4": 1.0,
        "3,5": 1.0,
        "3,6": 1.0,
        "4,1": 1.0,
        "4,2": 1.0,
        "4,3": 1.0,
        "4,4": 1.0,
        "4,5": 1.0,
        "4,6": 1.0,
        "5,1": 1.0,
        "5,2": 1.0,
        "5,3": 1.0,
        "5,4": 1.0,
        "5,5": 1.0,
        "5,6": 1.0,
        "6,1": 1.0,
        "6,2": 1.0,
        "6,3": 1.0,
        "6,4": 1.0,
        "6,5": 0.9999999999999999,
        "6,6": 1.0
      }
    }
  },
  "consensus_by_dof": {
    "SURGE": {
      "consensus_level": "FULL",
      "mean_pairwise_correlation": 1.0,
      "outlier_solver": null,
      "agreement_pairs": [
        [
          "OrcaWave (.owd)",
          "OrcaWave (spec.yml)"
        ]
      ]
    },
    "SWAY": {
      "consensus_level": "FULL",
      "mean_pairwise_correlation": 1.0,
      "outlier_solver": null,
      "agreement_pairs": [
        [
          "OrcaWave (.owd)",
          "OrcaWave (spec.yml)"
        ]
      ]
    },
    "HEAVE": {
      "consensus_level": "FULL",
      "mean_pairwise_correlation": 1.0,
      "outlier_solver": null,
      "agreement_pairs": [
        [
          "OrcaWave (.owd)",
          "OrcaWave (spec.yml)"
        ]
      ]
    },
    "ROLL": {
      "consensus_level": "FULL",
      "mean_pairwise_correlation": 1.0,
      "outlier_solver": null,
      "agreement_pairs": [
        [
          "OrcaWave (.owd)",
          "OrcaWave (spec.yml)"
        ]
      ]
    },
    "PITCH": {
      "consensus_level": "FULL",
      "mean_pairwise_correlation": 1.0,
      "outlier_solver": null,
      "agreement_pairs": [
        [
          "OrcaWave (.owd)",
          "OrcaWave (spec.yml)"
        ]
      ]
    },
    "YAW": {
      "consensus_level": "FULL",
      "mean_pairwise_correlation": 0.9999999999921831,
      "outlier_solver": null,
      "agreement_pairs": [
        [
          "OrcaWave (.owd)",
          "OrcaWave (spec.yml)"
        ]
      ]
    }
  },
  "notes": []
}