frame,x_m,sw_shear_t,wave_shear_positive_t,wave_shear_negative_t,total_shear_positive_t,total_shear_negative_t,shear_allowable_positive_t,shear_allowable_negative_t,shear_utilization,governing_shear,sw_bending_t_m,wave_hogging_t_m,wave_sagging_t_m,total_hogging_t_m,total_sagging_t_m,bending_allowable_hogging_t_m,bending_allowable_sagging_t_m,bending_utilization,governing_bending,status
AP,0.0,0.0,0.0,-0.0,0.0,0.0,2500.0,2500.0,0.0,positive,0.0,0.0,-0.0,0.0,0.0,50000.0,50000.0,0.0,hogging,pass
Fr 25,25.0,-2487.5,693.3193140359757,-713.1838087078659,-1794.1806859640242,-3200.683808707866,8000.0,8000.0,0.4000854760884832,negative,-31248.4375,17260.307870392477,-17764.995235023835,-13988.129629607523,-49013.43273502383,150000.0,150000.0,0.3267562182334922,sagging,pass
Midship,50.0,0.0,542.639854451637,-542.639854451637,542.639854451637,-542.639854451637,8000.0,8000.0,0.06782998180645462,positive,-62496.875,27616.49259262796,-28423.992376038135,-34880.38240737204,-90920.86737603814,250000.0,250000.0,0.36368346950415253,sagging,pass
Fr 75,75.0,2487.5,775.1997920737673,-754.3662976617848,3262.699792073767,1733.1337023382152,8000.0,8000.0,0.4078374740092209,positive,-31248.4375,19726.066137591402,-20302.851697170096,-11522.371362408598,-51551.289197170096,150000.0,150000.0,0.3436752613144673,sagging,pass
FP,100.0,0.0,0.0,-0.0,0.0,0.0,2500.0,2500.0,0.0,positive,0.0,0.0,-0.0,0.0,0.0,50000.0,50000.0,0.0,hogging,pass
