{
  "vessel_name": "cylinder with moonpool",
  "solver_names": [
    "OrcaWave (.owd)",
    "OrcaWave (spec.yml)"
  ],
  "comparison_date": "2026-02-17 04:58:13",
  "overall_consensus": "FULL",
  "pairwise_results": {
    "OrcaWave (.owd)-vs-OrcaWave (spec.yml)": {
      "solver_a": "OrcaWave (.owd)",
      "solver_b": "OrcaWave (spec.yml)",
      "overall_agreement": "EXCELLENT",
      "rao_comparisons": {
        "surge": {
          "magnitude_correlation": 0.9999999997674922,
          "magnitude_rms_error": 5.062836878666017e-06,
          "phase_correlation": 0.6773576443093551,
          "max_magnitude_diff": 1.2979751402353301e-05,
          "max_phase_diff": 336.9085382324363
        },
        "sway": {
          "magnitude_correlation": 0.9999999999193362,
          "magnitude_rms_error": 2.789319585177329e-06,
          "phase_correlation": 0.3119101195389393,
          "max_magnitude_diff": 1.2979751115804739e-05,
          "max_phase_diff": 358.52630012375704
        },
        "heave": {
          "magnitude_correlation": 0.9999996457142227,
          "magnitude_rms_error": 0.00192441449938396,
          "phase_correlation": 0.999999879140772,
          "max_magnitude_diff": 0.007283641705811306,
          "max_phase_diff": 0.12223485571229276
        },
        "roll": {
          "magnitude_correlation": 0.9999999999806162,
          "magnitude_rms_error": 2.8780707450894665e-05,
          "phase_correlation": 0.3772947588249744,
          "max_magnitude_diff": 0.00016381690965516782,
          "max_phase_diff": 334.85614917148814
        },
        "pitch": {
          "magnitude_correlation": 0.9999999999423543,
          "magnitude_rms_error": 5.223926738695575e-05,
          "phase_correlation": 0.7198993954367213,
          "max_magnitude_diff": 0.00016381689275846156,
          "max_phase_diff": 327.6599940889936
        },
        "yaw": {
          "magnitude_correlation": 1.0,
          "magnitude_rms_error": 9.070287738665843e-13,
          "phase_correlation": 0.5987157456750031,
          "max_magnitude_diff": 3.696891721889664e-12,
          "max_phase_diff": 354.19510604837944
        }
      },
      "added_mass_correlations": {
        "1,1": 1.0,
        "1,2": 1.0,
        "1,3": 1.0,
        "1,4": 1.0,
        "1,5": 1.0,
        "1,6": 1.0,
        "2,1": 1.0,
        "2,2": 1.0,
        "2,3": 1.0,
        "2,4": 1.0,
        "2,5": 1.0,
        "2,6": 1.0,
        "3,1": 1.0,
        "3,2": 1.0,
        "3,3": 0.9999996687844173,
        "3,4": 1.0,
        "3,5": 1.0,
        "3,6": 1.0,
        "4,1": 1.0,
        "4,2": 1.0,
        "4,3": 1.0,
        "4,4": 1.0,
        "4,5": 1.0,
        "4,6": 1.0,
        "5,1": 1.0,
        "5,2": 1.0,
        "5,3": 1.0,
        "5,4": 1.0,
        "5,5": 1.0,
        "5,6": 1.0,
        "6,1": 1.0,
        "6,2": 1.0,
        "6,3": 1.0,
        "6,4": 1.0,
        "6,5": 1.0,
        "6,6": 1.0
      },
      "damping_correlations": {
        "1,1": 0.9999999923975714,
        "1,2": 1.0,
        "1,3": 1.0,
        "1,4": 1.0,
        "1,5": 0.9999999925719089,
        "1,6": 1.0,
        "2,1": 1.0,
        "2,2": 0.9999999923975718,
        "2,3": 1.0,
        "2,4": 0.9999999925719085,
        "2,5": 1.0,
        "2,6": 1.0,
        "3,1": 1.0,
        "3,2": 1.0,
        "3,3": 0.9999996551143371,
        "3,4": 1.0,
        "3,5": 1.0,
        "3,6": 1.0,
        "4,1": 1.0,
        "4,2": 0.9999999925724057,
        "4,3": 1.0,
        "4,4": 0.999999992779854,
        "4,5": 1.0,
        "4,6": 1.0,
        "5,1": 0.9999999925724058,
        "5,2": 1.0,
        "5,3": 1.0,
        "5,4": 1.0,
        "5,5": 0.999999992779854,
        "5,6": 1.0,
        "6,1": 1.0,
        "6,2": 1.0,
        "6,3": 1.0,
        "6,4": 1.0,
        "6,5": 1.0,
        "6,6": 1.0
      }
    }
  },
  "consensus_by_dof": {
    "SURGE": {
      "consensus_level": "FULL",
      "mean_pairwise_correlation": 0.9999999997674922,
      "outlier_solver": null,
      "agreement_pairs": [
        [
          "OrcaWave (.owd)",
          "OrcaWave (spec.yml)"
        ]
      ]
    },
    "SWAY": {
      "consensus_level": "FULL",
      "mean_pairwise_correlation": 0.9999999999193362,
      "outlier_solver": null,
      "agreement_pairs": [
        [
          "OrcaWave (.owd)",
          "OrcaWave (spec.yml)"
        ]
      ]
    },
    "HEAVE": {
      "consensus_level": "FULL",
      "mean_pairwise_correlation": 0.9999996457142227,
      "outlier_solver": null,
      "agreement_pairs": [
        [
          "OrcaWave (.owd)",
          "OrcaWave (spec.yml)"
        ]
      ]
    },
    "ROLL": {
      "consensus_level": "FULL",
      "mean_pairwise_correlation": 0.9999999999806162,
      "outlier_solver": null,
      "agreement_pairs": [
        [
          "OrcaWave (.owd)",
          "OrcaWave (spec.yml)"
        ]
      ]
    },
    "PITCH": {
      "consensus_level": "FULL",
      "mean_pairwise_correlation": 0.9999999999423543,
      "outlier_solver": null,
      "agreement_pairs": [
        [
          "OrcaWave (.owd)",
          "OrcaWave (spec.yml)"
        ]
      ]
    },
    "YAW": {
      "consensus_level": "FULL",
      "mean_pairwise_correlation": 1.0,
      "outlier_solver": null,
      "agreement_pairs": [
        [
          "OrcaWave (.owd)",
          "OrcaWave (spec.yml)"
        ]
      ]
    }
  },
  "notes": []
}