path	sha256_blob	bytes	blob_path
config/visualization/results/app_visualization_visualization_bsee_julia_footprint_east_north.png	d4373c6e6450cf82e153f6860140e6513eba9bea65543716a63f212b7c0fd425	229588	blobs/sha256/d4/d4373c6e6450cf82e153f6860140e6513eba9bea65543716a63f212b7c0fd425.png
config/visualization/results/app_visualization_visualization_bsee_julia_footprint_east_north_1.png	ed32a086c0b46939c6041fd285ba431d1501ad6126de1124be19951218400f55	245053	blobs/sha256/ed/ed32a086c0b46939c6041fd285ba431d1501ad6126de1124be19951218400f55.png
config/visualization/results/app_visualization_visualization_bsee_julia_footprint_lat_long.png	3ddecae8c67213d37f93946c90e914b00c2f9e4b6ea1fd0fcd39f39269d6059a	182499	blobs/sha256/3d/3ddecae8c67213d37f93946c90e914b00c2f9e4b6ea1fd0fcd39f39269d6059a.png
docs/benchmarks/unit_box/benchmark_amplitude.html	69469d0eac7fd8407a0cc9b59c6667402abf6a9075c05b6b6739460dc454e8b8	105041	blobs/sha256/69/69469d0eac7fd8407a0cc9b59c6667402abf6a9075c05b6b6739460dc454e8b8.html
docs/benchmarks/unit_box/benchmark_combined.html	e4c32adb943a05b38131d44199bbf87dc4e581587bf9738639d7902c136642e3	182245	blobs/sha256/e4/e4c32adb943a05b38131d44199bbf87dc4e581587bf9738639d7902c136642e3.html
docs/benchmarks/unit_box/benchmark_heatmap.html	24c71844f1145ad54552a019df43f931cba0db45770bd85599a21dbc329e252e	8498	blobs/sha256/24/24c71844f1145ad54552a019df43f931cba0db45770bd85599a21dbc329e252e.html
docs/benchmarks/unit_box/benchmark_phase.html	69c966ca57e450fb6039751107c587625ab9a7ac54d801abd1021e0468aa5931	100459	blobs/sha256/69/69c966ca57e450fb6039751107c587625ab9a7ac54d801abd1021e0468aa5931.html
docs/benchmarks/unit_box/benchmark_report.html	21ce2ac07aab2f04ebb11276ef70c7244f95901e29f2bce3cc1627c8c309dafc	419026	blobs/sha256/21/21ce2ac07aab2f04ebb11276ef70c7244f95901e29f2bce3cc1627c8c309dafc.html
docs/cad-inventory/cad-file-manifest-deidentified.csv.gz	95b2c928ded416fdc4fa3ef0e48deef8a3006e6e6ce9b9ab36052d5fb6b1ca29	9508583	blobs/sha256/95/95b2c928ded416fdc4fa3ef0e48deef8a3006e6e6ce9b9ab36052d5fb6b1ca29.gz
docs/collide_pe/briefs/pe-2026-01-04.html	b20273797cc11d7ba08669c6da679528fc5d7bcccf196c219ada5a97895db63b	4714	blobs/sha256/b2/b20273797cc11d7ba08669c6da679528fc5d7bcccf196c219ada5a97895db63b.html
docs/collide_pe/briefs/pe-2026-01-12.html	fef8c688000b5f458de770d752d3794836e7746fe48194c5f5dc298fca11d6b2	4663	blobs/sha256/fe/fef8c688000b5f458de770d752d3794836e7746fe48194c5f5dc298fca11d6b2.html
docs/collide_pe/briefs/pe-2026-01-15.html	9b8b5ea0b2add7997ff3154e3d12d2ac63d7adefaacf0da534f2c34f5cad9d47	4666	blobs/sha256/9b/9b8b5ea0b2add7997ff3154e3d12d2ac63d7adefaacf0da534f2c34f5cad9d47.html
docs/collide_pe/briefs/pe-2026-02-12.html	983dddb8be4fbfb57838920ad12607cc031dd5e944f55702738d27d67a122193	4708	blobs/sha256/98/983dddb8be4fbfb57838920ad12607cc031dd5e944f55702738d27d67a122193.html
docs/collide_pe/briefs/pe-2026-03-01.html	bbd0caafa3804282a2328c376be8d7b27f50dba1d0f02540dd5d852d3be93521	4668	blobs/sha256/bb/bbd0caafa3804282a2328c376be8d7b27f50dba1d0f02540dd5d852d3be93521.html
docs/collide_pe/briefs/pe-2026-03-05.html	90851fa24792b982265d110a12b6b34e0407ba45e44373e664c1357a8b9f107a	4569	blobs/sha256/90/90851fa24792b982265d110a12b6b34e0407ba45e44373e664c1357a8b9f107a.html
docs/collide_pe/briefs/pe-2026-03-06.html	61601afca0dfba0bba2cead8a07ea4e33adb1b473d50a00d9873589e3e37cc22	4660	blobs/sha256/61/61601afca0dfba0bba2cead8a07ea4e33adb1b473d50a00d9873589e3e37cc22.html
docs/collide_pe/briefs/pe-2026-03-25.html	25341ed82d6efbb619fe2db4cf07a0f6a0466180c914b44058eba899b01b214d	4690	blobs/sha256/25/25341ed82d6efbb619fe2db4cf07a0f6a0466180c914b44058eba899b01b214d.html
docs/collide_pe/briefs/pe-2026-03-26.html	01a750bee7531f8b7af5476ecb384c449603935a8cdfc7cbae40199d56bc4a01	4668	blobs/sha256/01/01a750bee7531f8b7af5476ecb384c449603935a8cdfc7cbae40199d56bc4a01.html
docs/collide_pe/briefs/pe-2026-04-03.html	393c6b8177843a55fbfdde1bc9d26a7a2d976b52ce590f2673b244fe344c7674	4497	blobs/sha256/39/393c6b8177843a55fbfdde1bc9d26a7a2d976b52ce590f2673b244fe344c7674.html
docs/collide_pe/briefs/pe-2026-04-04.html	5a3f04689e63f482d8bd32655606f8d9712299df9a14abfdd06e96c6b0d987dd	4698	blobs/sha256/5a/5a3f04689e63f482d8bd32655606f8d9712299df9a14abfdd06e96c6b0d987dd.html
docs/collide_pe/briefs/pe-2026-04-13.html	252ae30a9f6e68ac787babc9ce524f7212038b3881e80233016511f9fec8b139	4556	blobs/sha256/25/252ae30a9f6e68ac787babc9ce524f7212038b3881e80233016511f9fec8b139.html
docs/collide_pe/briefs/pe-2026-04-15.html	e58f5017e1ecd976513231639d66f89a664c072ec4bab03a10a09613316d130f	4741	blobs/sha256/e5/e58f5017e1ecd976513231639d66f89a664c072ec4bab03a10a09613316d130f.html
docs/collide_pe/briefs/pe-2026-04-16.html	6080cdcee5111c75f9c75e0b5493a0e7d4cf4c1efdaad3e0cb1158b551c0e9f0	4811	blobs/sha256/60/6080cdcee5111c75f9c75e0b5493a0e7d4cf4c1efdaad3e0cb1158b551c0e9f0.html
docs/collide_pe/briefs/pe-2026-04-17.html	3419e59e0e2b905c093546da243b39ba96a71e35c62853cb4e0e9687075854e3	4770	blobs/sha256/34/3419e59e0e2b905c093546da243b39ba96a71e35c62853cb4e0e9687075854e3.html
docs/collide_pe/briefs/pe-2026-04-20.html	ed6aa446207a171f727147e1bc66b834b56fd856764ec866922995d5a1670b03	4624	blobs/sha256/ed/ed6aa446207a171f727147e1bc66b834b56fd856764ec866922995d5a1670b03.html
docs/collide_pe/briefs/pe-2026-04-22.html	09fed5948e9aaa8f2112b7069f389e4f5eb688ce50431094f7fea22cc2f5f11d	4542	blobs/sha256/09/09fed5948e9aaa8f2112b7069f389e4f5eb688ce50431094f7fea22cc2f5f11d.html
docs/collide_pe/briefs/pe-2026-04-23.html	eb786a3264545bd5455d8dd7ad3a30640ec133ded4cf8f2eae868a434f2bc0b6	4500	blobs/sha256/eb/eb786a3264545bd5455d8dd7ad3a30640ec133ded4cf8f2eae868a434f2bc0b6.html
docs/collide_pe/briefs/pe-2026-04-24.html	6259c2872525e4b1ed57c1df039d2562be48cea1fec548bef1c88fa9376f48cd	4802	blobs/sha256/62/6259c2872525e4b1ed57c1df039d2562be48cea1fec548bef1c88fa9376f48cd.html
docs/collide_pe/briefs/pe-2026-05-08.html	6bb5f23bf7d8d01fb690a67df10d399faa26e5693511932829fb51a1b8a220c3	4559	blobs/sha256/6b/6bb5f23bf7d8d01fb690a67df10d399faa26e5693511932829fb51a1b8a220c3.html
docs/collide_pe/briefs/pe-2026-05-19.html	83722ecbb405ec0a32fc7610d82e33f8cd504d688de6ef06a38050ade3a98d51	4450	blobs/sha256/83/83722ecbb405ec0a32fc7610d82e33f8cd504d688de6ef06a38050ade3a98d51.html
docs/collide_pe/briefs/pe-2026-05-21.html	bae44da4ee069fc36f2a873bcd13dcb281ed89db5e9830469d4580a7f1b913b8	5843	blobs/sha256/ba/bae44da4ee069fc36f2a873bcd13dcb281ed89db5e9830469d4580a7f1b913b8.html
docs/collide_pe/briefs/pe-2026-06-03.html	25d92a009b1cd25ed536126ec122d44de4c566cdc2e40d9ec55afdf1d3dfba1f	4658	blobs/sha256/25/25d92a009b1cd25ed536126ec122d44de4c566cdc2e40d9ec55afdf1d3dfba1f.html
docs/collide_pe/briefs/pe-2026-06-15.html	4fc222c4998c4947e1e028d56d1c58b1d43a5e242741d88fbdabf2588f6eddd0	5087	blobs/sha256/4f/4fc222c4998c4947e1e028d56d1c58b1d43a5e242741d88fbdabf2588f6eddd0.html
docs/collide_pe/briefs/pe-2026-06-17.html	bd7047a0bc91a48b4d0143b55798f5398da6fccd9eb23576bf8c0fe1595e3b33	4893	blobs/sha256/bd/bd7047a0bc91a48b4d0143b55798f5398da6fccd9eb23576bf8c0fe1595e3b33.html
docs/collide_pe/briefs/pe-2026-06-19.html	eeb5847dee4e221427210a998aef3f88d2f4bf9fd59cb33d3cfb1fedd5bbe202	5623	blobs/sha256/ee/eeb5847dee4e221427210a998aef3f88d2f4bf9fd59cb33d3cfb1fedd5bbe202.html
docs/collide_pe/dynacard-undulations/AceEngineer-dynacard-data-ask.pdf	679c90f7e7519745e4be40269e76d7ebfc840bf74200b85e2775be95ef46eae5	499365	blobs/sha256/67/679c90f7e7519745e4be40269e76d7ebfc840bf74200b85e2775be95ef46eae5.pdf
docs/collide_pe/dynacard-undulations/AceEngineer-dynacard-rod-pump-report.pdf	e78fcd63271adb6ea62fd4b3d5c720414f47c868bf1a3dbf6a4d8328c4349306	1670098	blobs/sha256/e7/e78fcd63271adb6ea62fd4b3d5c720414f47c868bf1a3dbf6a4d8328c4349306.pdf
docs/collide_pe/dynacard-undulations/card_original.png	f0102117093bd53cdf889c8367449dc24d5724f386b17060ba887a6d7b0f5f5f	71224	blobs/sha256/f0/f0102117093bd53cdf889c8367449dc24d5724f386b17060ba887a6d7b0f5f5f.png
docs/collide_pe/dynacard-undulations/dynacard-data-ask.html	04fcffa97901270d854eb4cf735f02baa4f895ec58d96efb2794d27142aeb25c	31916	blobs/sha256/04/04fcffa97901270d854eb4cf735f02baa4f895ec58d96efb2794d27142aeb25c.html
docs/collide_pe/dynacard-undulations/dynacard-rod-pump-report.html	477ee28cb45190cd181c0075ec16bd57efaa93707e68e931b1f8cc59f8782bda	52936	blobs/sha256/47/477ee28cb45190cd181c0075ec16bd57efaa93707e68e931b1f8cc59f8782bda.html
docs/collide_pe/dynacard-undulations/fig1_card.png	e5afbf0f07178b1d147ca59232d1c42d635b7d0a305b9ddce4412662fb8329cc	92471	blobs/sha256/e5/e5afbf0f07178b1d147ca59232d1c42d635b7d0a305b9ddce4412662fb8329cc.png
docs/collide_pe/dynacard-undulations/fig2_load_vs_time.png	119c655da71fa9f4a53ed5a52fe58e68e4b84a57f80d29f8cddabbbc1fe0ccb2	67765	blobs/sha256/11/119c655da71fa9f4a53ed5a52fe58e68e4b84a57f80d29f8cddabbbc1fe0ccb2.png
docs/collide_pe/dynacard-undulations/fig3_time_vs_position.png	bfdafbc6f0133d0f9577634cd302a60f56ec2875fb6d070056e936314eadf7af	76059	blobs/sha256/bf/bfdafbc6f0133d0f9577634cd302a60f56ec2875fb6d070056e936314eadf7af.png
docs/collide_pe/templates/letterhead.html	a4df2e99d41a8bad0d97e533f8270ff3852a24eae7c5098aec295986556e9b88	3920	blobs/sha256/a4/a4df2e99d41a8bad0d97e533f8270ff3852a24eae7c5098aec295986556e9b88.html
docs/domains/ansys/analysis-workflow.html	e24d5a3cc468b1f289795a2b3ef0d00402d868ba4669d1251bffb2f0cae39f61	7370	blobs/sha256/e2/e24d5a3cc468b1f289795a2b3ef0d00402d868ba4669d1251bffb2f0cae39f61.html
docs/domains/ansys/ansysgpt_aqwa.png	ae184f60e1aa57b28d543289eb84c4f7fccf923530c80ff13528d28c89a89ec2	271666	blobs/sha256/ae/ae184f60e1aa57b28d543289eb84c4f7fccf923530c80ff13528d28c89a89ec2.png
docs/domains/ansys/automation/semi.scdoc	8ec751ae91732832136299756a09eece5ac962a5454147c6b7951f74e0a2e074	89416	blobs/sha256/8e/8ec751ae91732832136299756a09eece5ac962a5454147c6b7951f74e0a2e074.scdoc
docs/domains/ansys/workbench/drag_analysis_system.png	c43f467c2755cdc42e2a209081e98ab4026322ab7b755815e868e2cfb8f0790f	73363	blobs/sha256/c4/c43f467c2755cdc42e2a209081e98ab4026322ab7b755815e868e2cfb8f0790f.png
docs/domains/ansys/workbench/image.png	df164ca295dfaf096dee2d20970c4472ca7a1a71211f9c34cec3c70c0df6b468	37979	blobs/sha256/df/df164ca295dfaf096dee2d20970c4472ca7a1a71211f9c34cec3c70c0df6b468.png
docs/domains/ansys/workbench/resulting_system.png	ff728f98982e534260094752f50b3c52d5aef4b01f568c1a07cb37ce244cc73b	19092	blobs/sha256/ff/ff728f98982e534260094752f50b3c52d5aef4b01f568c1a07cb37ce244cc73b.png
docs/domains/aqwa/analysis-workflow.html	719710cb2d0e66d3f9ca53b9fc26d27c5dfc70d306f6ed407578ef16601a4c4e	8245	blobs/sha256/71/719710cb2d0e66d3f9ca53b9fc26d27c5dfc70d306f6ed407578ef16601a4c4e.html
docs/domains/aqwa/assets/S_structure_position.png	f1ecea3daebbc472175901b8cc3d3330326fafc901e3a2bbe206d44638e989d1	54014	blobs/sha256/f1/f1ecea3daebbc472175901b8cc3d3330326fafc901e3a2bbe206d44638e989d1.png
docs/domains/aqwa/assets/aqwa_dat_file.png	5e746abc5267c7f0732ff2baae17b0750d4328b5b680e148898fe18c1e77e9db	446283	blobs/sha256/5e/5e746abc5267c7f0732ff2baae17b0750d4328b5b680e148898fe18c1e77e9db.png
docs/domains/aqwa/assets/aqwa_dat_file.svg	6187eac360e8e4665ca59b2ae36d66f3820c1e818e4f95237c06e98ee7178ce0	24075	blobs/sha256/61/6187eac360e8e4665ca59b2ae36d66f3820c1e818e4f95237c06e98ee7178ce0.svg
docs/domains/aqwa/assets/aqwa_ef_technical.png	f61f2019c0a010976348304d3823456a2d63c803819d2c96bd41a362129b94ce	57862	blobs/sha256/f6/f61f2019c0a010976348304d3823456a2d63c803819d2c96bd41a362129b94ce.png
docs/domains/aqwa/assets/aqwa_file_map.png	5c4ff10c07532a374f9d0908ddf48e7ddb257ff3753eaa6c08bf49fedb2cbdaf	193369	blobs/sha256/5c/5c4ff10c07532a374f9d0908ddf48e7ddb257ff3753eaa6c08bf49fedb2cbdaf.png
docs/domains/aqwa/assets/aqwa_file_map.svg	ec569d3895c73f74f1df4166e7265da25ed1e3637561dc2b1988864f04ccbe61	14096	blobs/sha256/ec/ec569d3895c73f74f1df4166e7265da25ed1e3637561dc2b1988864f04ccbe61.svg
docs/domains/aqwa/assets/aqwa_highlevel_workflow.png	1c88b3bb60807132434edf1052f05ba10b69c346dff5464af7e5196f9052454f	382169	blobs/sha256/1c/1c88b3bb60807132434edf1052f05ba10b69c346dff5464af7e5196f9052454f.png
docs/domains/aqwa/assets/aqwa_highlevel_workflow.svg	db619ec2fd3e7d4eec7f61cba7d2d11707042fc78b18f7485c56bcb7cc76b614	22428	blobs/sha256/db/db619ec2fd3e7d4eec7f61cba7d2d11707042fc78b18f7485c56bcb7cc76b614.svg
docs/domains/aqwa/assets/aqwa_no_load.png	edf3a7d467e5e0542a5f143af2af5502717be4dec68035b3a0a298384dbfb1bd	267867	blobs/sha256/ed/edf3a7d467e5e0542a5f143af2af5502717be4dec68035b3a0a298384dbfb1bd.png
docs/domains/aqwa/assets/aqwa_no_load.svg	c7953cda01e3db653a9e2abdc859f928639cd6a6aa13d49e806498d51bc9a9c6	13230	blobs/sha256/c7/c7953cda01e3db653a9e2abdc859f928639cd6a6aa13d49e806498d51bc9a9c6.svg
docs/domains/aqwa/assets/aqwa_postproc.png	2ab25a3859d7834e9dea662a992df7850a37ca34ccf4facdc5a1db7686f212f2	71676	blobs/sha256/2a/2ab25a3859d7834e9dea662a992df7850a37ca34ccf4facdc5a1db7686f212f2.png
docs/domains/aqwa/assets/aqwa_postproc.svg	9f9e055dd7ce9a9839618ec351f770ceaf94788a8805e23d5619774803396881	6475	blobs/sha256/9f/9f9e055dd7ce9a9839618ec351f770ceaf94788a8805e23d5619774803396881.svg
docs/domains/aqwa/assets/aqwa_raos.png	37606dfd6690a9343a0a940a26087ea5a78c4a4e988a5a9afdffe330ce869559	673108	blobs/sha256/37/37606dfd6690a9343a0a940a26087ea5a78c4a4e988a5a9afdffe330ce869559.png
docs/domains/aqwa/assets/aqwa_raos.svg	1efa20c4e7c89a69f225a9d41c94c5c0e51d0dea41bf77ac5278e4521a1b52e7	39355	blobs/sha256/1e/1efa20c4e7c89a69f225a9d41c94c5c0e51d0dea41bf77ac5278e4521a1b52e7.svg
docs/domains/aqwa/assets/aqwa_restart.png	7aac5d52801668ef10ab30956cd75a5c4cee029c6b97e590b09ad73eee3f78ed	16113	blobs/sha256/7a/7aac5d52801668ef10ab30956cd75a5c4cee029c6b97e590b09ad73eee3f78ed.png
docs/domains/aqwa/assets/aqwa_restart.svg	a9ad2762f1aeb4788636cfd8b5e6a1bb9e3225663a8184591f8f9bda6c345568	4901	blobs/sha256/a9/a9ad2762f1aeb4788636cfd8b5e6a1bb9e3225663a8184591f8f9bda6c345568.svg
docs/domains/aqwa/assets/aqwa_running.png	d92e0a27febe0569341699496f1237f0a85a375dd311299422791c86795f7e42	259153	blobs/sha256/d9/d92e0a27febe0569341699496f1237f0a85a375dd311299422791c86795f7e42.png
docs/domains/aqwa/assets/aqwa_runs_automation.png	356e5a1f2d7441bb6497e73421a8d352215872ec21c4d49779c8a66a2061a699	503046	blobs/sha256/35/356e5a1f2d7441bb6497e73421a8d352215872ec21c4d49779c8a66a2061a699.png
docs/domains/aqwa/assets/aqwa_runs_automation.svg	fa215252883b37e0acafb610e624735bee157ed65ab9bc3d0232e678ce410a4a	20421	blobs/sha256/fa/fa215252883b37e0acafb610e624735bee157ed65ab9bc3d0232e678ce410a4a.svg
docs/domains/aqwa/assets/aqwa_workflow_development.png	a48e57c2eafffdba82e8360673d345e3652005a41d2cbd1179983e2a282964be	450428	blobs/sha256/a4/a48e57c2eafffdba82e8360673d345e3652005a41d2cbd1179983e2a282964be.png
docs/domains/aqwa/assets/aqwa_workflow_development.svg	caaa7979eb87ca7e014ce73379d079564265e7ace0adef0050b3ee8dee80b450	21305	blobs/sha256/ca/caaa7979eb87ca7e014ce73379d079564265e7ace0adef0050b3ee8dee80b450.svg
docs/domains/aqwa/assets/geometry_creation.png	09f1bd9e2d99d804217c505174ff139d229592ffdc59d90e8c9ecb18dc5bbe4c	137400	blobs/sha256/09/09f1bd9e2d99d804217c505174ff139d229592ffdc59d90e8c9ecb18dc5bbe4c.png
docs/domains/aqwa/assets/geometry_creation.svg	dc8be3de16cf7e443be3151e3d0a21d4cf170908ab9a60908b280d480562c3e4	8390	blobs/sha256/dc/dc8be3de16cf7e443be3151e3d0a21d4cf170908ab9a60908b280d480562c3e4.svg
docs/domains/aqwa/assets/image-1.png	a1310c221ced22ec177906e47251f7ed971e8574af4303ffb4374bbc9488d6ba	176032	blobs/sha256/a1/a1310c221ced22ec177906e47251f7ed971e8574af4303ffb4374bbc9488d6ba.png
docs/domains/aqwa/assets/image.png	a1310c221ced22ec177906e47251f7ed971e8574af4303ffb4374bbc9488d6ba	176032	blobs/sha256/a1/a1310c221ced22ec177906e47251f7ed971e8574af4303ffb4374bbc9488d6ba.png
docs/domains/aqwa/assets/import_bodies.png	1b510fe7d56f9d1b86bb5f4b2c679f3dc548f477fd461c25d5fa0cdd3405da2a	134085	blobs/sha256/1b/1b510fe7d56f9d1b86bb5f4b2c679f3dc548f477fd461c25d5fa0cdd3405da2a.png
docs/domains/aqwa/assets/modular_analysis.png	07b77039f7341921c17f5656b8e038496496165960e4f5542a1295bd11681deb	351792	blobs/sha256/07/07b77039f7341921c17f5656b8e038496496165960e4f5542a1295bd11681deb.png
docs/domains/aqwa/assets/modular_analysis.svg	4de4b30243ff3bd85f7ec97503d1598d00487176f6f5d2fbf633c1eb6cff2593	20824	blobs/sha256/4d/4de4b30243ff3bd85f7ec97503d1598d00487176f6f5d2fbf633c1eb6cff2593.svg
docs/domains/aqwa/assets/wb_vs_dat.png	f1bfaeea8ca0645590d532b6e43336591263a1083f320e3145ec8fea28424dc3	28146	blobs/sha256/f1/f1bfaeea8ca0645590d532b6e43336591263a1083f320e3145ec8fea28424dc3.png
docs/domains/aqwa/examples/003_RAOs.png	1717a579882bb0b422b7d8969485c2871404fe63c08850cc90dc9b7ab970d866	29883	blobs/sha256/17/1717a579882bb0b422b7d8969485c2871404fe63c08850cc90dc9b7ab970d866.png
docs/domains/aqwa/examples/003_RAOs_tutorial.png	15079b8cca1c8b97ca6f78b3603244fdfb8e845f89e4f881acb66f354e9c5784	118927	blobs/sha256/15/15079b8cca1c8b97ca6f78b3603244fdfb8e845f89e4f881acb66f354e9c5784.png
docs/domains/aqwa/examples/003_hydrostatic.png	af647de591079e70138a5703f6e7b6b03c4edde8d0ee5260ed7759811a978a3a	59913	blobs/sha256/af/af647de591079e70138a5703f6e7b6b03c4edde8d0ee5260ed7759811a978a3a.png
docs/domains/aqwa/examples/003_hydrostatic_tutorial.png	4f46590bf4ad1e08317c28af159da3aacdf8024d899b55fe7ed439c83b3f6327	182707	blobs/sha256/4f/4f46590bf4ad1e08317c28af159da3aacdf8024d899b55fe7ed439c83b3f6327.png
docs/domains/aqwa/examples/00_docs/2021 Aqwa_Intro/M04_Hydrodynamic_Diffraction/ship_model/ship.igs	1f7b8cb6b2ca88d98499461b44c79fbb711d65e1290c47eb58935827fc16a009	2736423	blobs/sha256/1f/1f7b8cb6b2ca88d98499461b44c79fbb711d65e1290c47eb58935827fc16a009.igs
docs/domains/aqwa/examples/00_docs/2021_training/FPSOTurret.scdoc	c8e7b4ceffaba4d5bb3bc98d89465c53f5a2a553991620352dc30f9bdd52258f	7171675	blobs/sha256/c8/c8e7b4ceffaba4d5bb3bc98d89465c53f5a2a553991620352dc30f9bdd52258f.scdoc
docs/domains/aqwa/examples/00_docs/2021_training/ship.igs	1f7b8cb6b2ca88d98499461b44c79fbb711d65e1290c47eb58935827fc16a009	2736423	blobs/sha256/1f/1f7b8cb6b2ca88d98499461b44c79fbb711d65e1290c47eb58935827fc16a009.igs
docs/domains/aqwa/examples/01_geometry/000_0.2mcuboid_surface_no_top_rev1.scdoc	e5d32e2e5639f6a00775bf55f27a9b249ae7c789d9d4ff2776b224601cdd427a	27014	blobs/sha256/e5/e5d32e2e5639f6a00775bf55f27a9b249ae7c789d9d4ff2776b224601cdd427a.scdoc
docs/domains/aqwa/examples/01_geometry/000_0.2mcuboid_surface_rev1.scdoc	4b4d0a8a810930b788adc605f9ad81d3cf84ff5b930ef5c30ee7ecdc49a17cd2	26823	blobs/sha256/4b/4b4d0a8a810930b788adc605f9ad81d3cf84ff5b930ef5c30ee7ecdc49a17cd2.scdoc
docs/domains/aqwa/examples/01_geometry/01_ship.igs	1f7b8cb6b2ca88d98499461b44c79fbb711d65e1290c47eb58935827fc16a009	2736423	blobs/sha256/1f/1f7b8cb6b2ca88d98499461b44c79fbb711d65e1290c47eb58935827fc16a009.igs
docs/domains/aqwa/examples/01_geometry/01_ship_wo_wp_cut.scdoc	2429b029a4b89f5cf7b1342f9018ef50cb8e8d3f013dbf0b7a74541f0a80ce9c	1155861	blobs/sha256/24/2429b029a4b89f5cf7b1342f9018ef50cb8e8d3f013dbf0b7a74541f0a80ce9c.scdoc
docs/domains/aqwa/examples/01_geometry/02_ship_with_pier_rev1.scdoc	8f8fdc97d12aba60cee584d543aef27b1ea3bd82ebba12d339c6ccc05679127b	1163565	blobs/sha256/8f/8f8fdc97d12aba60cee584d543aef27b1ea3bd82ebba12d339c6ccc05679127b.scdoc
docs/domains/aqwa/examples/01_geometry/03_FPSOTurret_rev1.scdoc	c8e7b4ceffaba4d5bb3bc98d89465c53f5a2a553991620352dc30f9bdd52258f	7171675	blobs/sha256/c8/c8e7b4ceffaba4d5bb3bc98d89465c53f5a2a553991620352dc30f9bdd52258f.scdoc
docs/domains/aqwa/examples/01_geometry/superseded/02_ship_with_pier_rev0.scdoc	47e343b2b5b2433f43180296a3bd496cb61c87f063fcb453f28bdb3d1613c472	1164315	blobs/sha256/47/47e343b2b5b2433f43180296a3bd496cb61c87f063fcb453f28bdb3d1613c472.scdoc
docs/domains/aqwa/examples/03_dat/002_ship_with_pier/02_s01_hd_pier.dat	3e9209d1f03abc571a451d0806d498ebb0fd905789100efee5d1eeece2f3d8e9	385676	blobs/sha256/3e/3e9209d1f03abc571a451d0806d498ebb0fd905789100efee5d1eeece2f3d8e9.dat
docs/domains/aqwa/examples/03_dat/002_ship_with_pier/02_s02_hr_add_fenders.dat	fb1e1433d95fa2fa8b45a665d2feabceafec0350ca427c927027d4e46db9c775	390228	blobs/sha256/fb/fb1e1433d95fa2fa8b45a665d2feabceafec0350ca427c927027d4e46db9c775.dat
docs/domains/aqwa/examples/03_dat/002_ship_with_pier/02_s03_hr_wave.dat	42be78af8524378f0e6d4976572e1b4ae8010a4a029bdeac8fde7f6791f323f7	390381	blobs/sha256/42/42be78af8524378f0e6d4976572e1b4ae8010a4a029bdeac8fde7f6791f323f7.dat
docs/domains/aqwa/examples/03_dat/002_ship_with_pier/02_s04_hr_ext_force/02_s04_hr_ext_force.dat	5dd7e38a733b6a1a34358c04e753d4fbbec0c234fa9e11505657924ffef88ced	390386	blobs/sha256/5d/5dd7e38a733b6a1a34358c04e753d4fbbec0c234fa9e11505657924ffef88ced.dat
docs/domains/aqwa/examples/03_dat/002_ship_with_pier/02_s04_hr_ext_force/app_visualization_viz_cog_rot.png	b1a3366e30fbc376958858666bd7d70c5a88c413d5058d0471166210e8789f06	924570	blobs/sha256/b1/b1a3366e30fbc376958858666bd7d70c5a88c413d5058d0471166210e8789f06.png
docs/domains/aqwa/examples/03_dat/002_ship_with_pier/02_s04_hr_ext_force/app_visualization_viz_cog_xyz.png	29aaee4942ced5506c226d65618af9638213f0007ba26b5cabd105bf0de1cf82	849895	blobs/sha256/29/29aaee4942ced5506c226d65618af9638213f0007ba26b5cabd105bf0de1cf82.png
docs/domains/aqwa/examples/03_dat/002_ship_with_pier/02_s04_hr_ext_force/app_visualization_viz_fenders_ef.png	67d51ab995b0f4942bd05c18efa077e339a289b2e6203085fc505b94cbf848ed	571498	blobs/sha256/67/67d51ab995b0f4942bd05c18efa077e339a289b2e6203085fc505b94cbf848ed.png
docs/domains/aqwa/examples/03_dat/002_ship_with_pier/02_s04_hr_ext_force/app_visualization_viz_fenders_ef_damp_force.png	eead76898105411719aad506d75f285531abecfc2db03c8287a24da5e5f67050	455609	blobs/sha256/ee/eead76898105411719aad506d75f285531abecfc2db03c8287a24da5e5f67050.png
docs/domains/aqwa/examples/03_dat/002_ship_with_pier/02_s04_hr_ext_force/app_visualization_viz_mooring.png	93fd50b8d3ac1cc9bbeb1b06fc93131b680c13fef8dbdcfcc5490cff990464c3	806634	blobs/sha256/93/93fd50b8d3ac1cc9bbeb1b06fc93131b680c13fef8dbdcfcc5490cff990464c3.png
docs/domains/aqwa/examples/03_dat/002_ship_with_pier/fender_as_ext_force.PNG	b1f4fc5709d1b783f54e039c3abd27f3cac4e8f678f8e21ad1aafc10f17bb3d4	186139	blobs/sha256/b1/b1f4fc5709d1b783f54e039c3abd27f3cac4e8f678f8e21ad1aafc10f17bb3d4.png
docs/domains/aqwa/examples/102_restart/03_noload/AD010_FST2_L015_NOLD.LIS	e589205c1511054d547ed713beccfa7f10777f8b5f8877f927110ed9c46f5386	22082	blobs/sha256/e5/e589205c1511054d547ed713beccfa7f10777f8b5f8877f927110ed9c46f5386.lis
docs/domains/aqwa/examples/102_restart/03_noload/AD010_FST2_L015_NOLD.dat	b12d0c34d67ec5e7782c01d9f3d21d90788a748fa184b6e35c7cc44001ed4ff7	3863	blobs/sha256/b1/b12d0c34d67ec5e7782c01d9f3d21d90788a748fa184b6e35c7cc44001ed4ff7.dat
docs/domains/aqwa/examples/102_restart/11_wind/LIBR_NE.dat	7361c3bcb0b7389385d5a8b2265ceaecace39027729c07c5b56060ce8b33d063	108998	blobs/sha256/73/7361c3bcb0b7389385d5a8b2265ceaecace39027729c07c5b56060ce8b33d063.dat
docs/domains/aqwa/examples/102_restart/11_wind/LINE.dat	979c3bc9609c0216808df6637320e08ef137bee96094464176608a1cb87aa88e	104456	blobs/sha256/97/979c3bc9609c0216808df6637320e08ef137bee96094464176608a1cb87aa88e.dat
docs/domains/aqwa/examples/102_restart/11_wind/ld_100MPH000WD_09moors.dat	aa6b5996d01c74961d2aa466c3122f33c852a4f94ea5b47ee713b1e773ec85e0	6892	blobs/sha256/aa/aa6b5996d01c74961d2aa466c3122f33c852a4f94ea5b47ee713b1e773ec85e0.dat
docs/domains/aqwa/examples/external_turret.png	aa2c95421b16203711eabc8a1c0505085d653dc34625d2efc98417589a896593	180145	blobs/sha256/aa/aa2c95421b16203711eabc8a1c0505085d653dc34625d2efc98417589a896593.png
docs/domains/aqwa/examples/image-1.png	a3e8eb4bf60e039a39c764297713f5cc601b2e5c17357b95be1de32ea2df6b3b	57515	blobs/sha256/a3/a3e8eb4bf60e039a39c764297713f5cc601b2e5c17357b95be1de32ea2df6b3b.png
docs/domains/aqwa/examples/image-2.png	d2dd6e2f63911be4cf1b0e9bdeb455e5dc6379e73747081d3fdddf1cdaf24e9d	15293	blobs/sha256/d2/d2dd6e2f63911be4cf1b0e9bdeb455e5dc6379e73747081d3fdddf1cdaf24e9d.png
docs/domains/aqwa/examples/image-3.png	90388e073ee7c0ba1866e7e463be741f1b2bef450763a3bc7fb1d7bb00423fcc	33471	blobs/sha256/90/90388e073ee7c0ba1866e7e463be741f1b2bef450763a3bc7fb1d7bb00423fcc.png
docs/domains/aqwa/examples/image.png	a3e8eb4bf60e039a39c764297713f5cc601b2e5c17357b95be1de32ea2df6b3b	57515	blobs/sha256/a3/a3e8eb4bf60e039a39c764297713f5cc601b2e5c17357b95be1de32ea2df6b3b.png
docs/domains/aqwa/examples/ship_pier_fender.png	92a7bb2f23426a6b0d1f98f4f88c04969165d55b0b6134503b856174dab1d83c	795881	blobs/sha256/92/92a7bb2f23426a6b0d1f98f4f88c04969165d55b0b6134503b856174dab1d83c.png
docs/domains/aqwa/examples/ship_pier_mooring.png	e6b01dd91fd73b250d21d22a222e3a5e0e399a88555b4e6f3b450738e4c8e8c2	2773985	blobs/sha256/e6/e6b01dd91fd73b250d21d22a222e3a5e0e399a88555b4e6f3b450738e4c8e8c2.png
docs/domains/aqwa/examples/ship_pier_mooring1.png	e199e2e8d41537d8e792407a56fda310c659125c0a939c0e7ac71ebe164703c8	796803	blobs/sha256/e1/e199e2e8d41537d8e792407a56fda310c659125c0a939c0e7ac71ebe164703c8.png
docs/domains/aqwa/examples/spar-example/SIMPLE.LIS	8b0c0cee51d1066b8ada1acdaf7765437b664ff34c5f492b32c61a05fb93163b	3749736	blobs/sha256/8b/8b0c0cee51d1066b8ada1acdaf7765437b664ff34c5f492b32c61a05fb93163b.lis
docs/domains/aqwa/examples/spar-example/simple.dat	b64b0ef1a76fb4e4dda97b09c9e1b408e5728254075bea95eff48c847eef8d7d	1387982	blobs/sha256/b6/b64b0ef1a76fb4e4dda97b09c9e1b408e5728254075bea95eff48c847eef8d7d.dat
docs/domains/aqwa/scripts/mooring_analysis/aqwa/no_load_09moors.dat	0aed58d1cba9931af91c420d4817dcc1d03b89a266575dec0d13ec5c128f10ee	109005	blobs/sha256/0a/0aed58d1cba9931af91c420d4817dcc1d03b89a266575dec0d13ec5c128f10ee.dat
docs/domains/aqwa/scripts/mooring_analysis/aqwa/no_load_10moors.dat	b880b39c311c06dea45f7dc953cf5104409ba39f48c8ad9a46c0a7d3f5c9d5ef	109005	blobs/sha256/b8/b880b39c311c06dea45f7dc953cf5104409ba39f48c8ad9a46c0a7d3f5c9d5ef.dat
docs/domains/aqwa/scripts/mooring_analysis/dat/no_load_09moors.dat	365a0cdeb5bd3220f81df509cfe5ced9fde2234ee401e33698b5128f4128e236	108998	blobs/sha256/36/365a0cdeb5bd3220f81df509cfe5ced9fde2234ee401e33698b5128f4128e236.dat
docs/domains/aqwa/scripts/mooring_analysis/dat/no_load_10moors.dat	7361c3bcb0b7389385d5a8b2265ceaecace39027729c07c5b56060ce8b33d063	108998	blobs/sha256/73/7361c3bcb0b7389385d5a8b2265ceaecace39027729c07c5b56060ce8b33d063.dat
docs/domains/aqwa/scripts/mooring_analysis/results/Plot/postproc_viz_cog_xyz_b6_loss.png	6e0da7a79ffc51205e45fdbc91476955d84d12e3875522f65fec1b7c78a48a60	393407	blobs/sha256/6e/6e0da7a79ffc51205e45fdbc91476955d84d12e3875522f65fec1b7c78a48a60.png
docs/domains/aqwa/scripts/mooring_analysis/results/Plot/postproc_viz_cog_xyz_l1_brake.png	5d7222194ab8cfdb49feb2988bed090fbaced98271f1bd440074676d1dddd4d2	634637	blobs/sha256/5d/5d7222194ab8cfdb49feb2988bed090fbaced98271f1bd440074676d1dddd4d2.png
docs/domains/aqwa/scripts/mooring_analysis/results/Plot/postproc_viz_cog_xyz_tug.png	f2b1e2e2c3c69714db04be2469c2805a6454b85ee56ba1a5ec58fa0fb3ee44c7	678465	blobs/sha256/f2/f2b1e2e2c3c69714db04be2469c2805a6454b85ee56ba1a5ec58fa0fb3ee44c7.png
docs/domains/aqwa/scripts/mooring_analysis/results/Plot/postproc_viz_cog_xyz_wind_speed.png	ce3b72e6a0a081b20ff2782e34fe88cc81df8e3d6b0411b5f3986e005f282238	672603	blobs/sha256/ce/ce3b72e6a0a081b20ff2782e34fe88cc81df8e3d6b0411b5f3986e005f282238.png
docs/domains/aqwa/scripts/templates/wb/D_.dat	dd9f38a64d01c57f7044da48bebe5f53322d10def412ab87e80fd6d95d89d08b	746782	blobs/sha256/dd/dd9f38a64d01c57f7044da48bebe5f53322d10def412ab87e80fd6d95d89d08b.dat
docs/domains/aqwa/scripts/templates/wb/F_.dat	31e4b541b7ea7aa09917f38a16c9adc37c093b5a2aeb006efe923a168292a5c8	739751	blobs/sha256/31/31e4b541b7ea7aa09917f38a16c9adc37c093b5a2aeb006efe923a168292a5c8.dat
docs/domains/aqwa/scripts/templates/wb/S_.dat	4b04d9ec270bbe702dad087d6c099414ea143694afded6793822b31d24e6b7cd	747645	blobs/sha256/4b/4b04d9ec270bbe702dad087d6c099414ea143694afded6793822b31d24e6b7cd.dat
docs/domains/aqwa/scripts/wlng_diffraction_analysis/raos/F_125K_LNGC_L00_DAMPAD.dat	a5231287beb3cd01dd1bd440d5bf1a619fd4912bb104291318dc4ac6379a7be3	4032662	blobs/sha256/a5/a5231287beb3cd01dd1bd440d5bf1a619fd4912bb104291318dc4ac6379a7be3.dat
docs/domains/aqwa/scripts/wlng_diffraction_analysis/raos/F_125K_LNGC_L00_DAMPNO.dat	4ab5589f33efb15f47b02191e029537f690f1ff89481b1327e5b23ef4d8c2780	4032693	blobs/sha256/4a/4ab5589f33efb15f47b02191e029537f690f1ff89481b1327e5b23ef4d8c2780.dat
docs/domains/aqwa/scripts/wlng_diffraction_analysis/raos/F_125K_LNGC_L99_DAMPAD.dat	fecfef807cfaeb0843f78da280d09b608d6ccf034296bb12ed54f034b1f09941	4032662	blobs/sha256/fe/fecfef807cfaeb0843f78da280d09b608d6ccf034296bb12ed54f034b1f09941.dat
docs/domains/aqwa/scripts/wlng_diffraction_analysis/raos/F_125K_LNGC_L99_DAMPNO.dat	9576a453f93397f027b1adab6fd418c1aaf341daee0714bb5f8011f9d9f48918	4032693	blobs/sha256/95/9576a453f93397f027b1adab6fd418c1aaf341daee0714bb5f8011f9d9f48918.dat
docs/domains/aqwa/scripts/wlng_diffraction_analysis/raos/F_180K_LNGC_L00_DAMPAD.dat	4bdaffd7a1a5f3819c8f053d4f39205523b5832fd831418bd7c2062aaff383b8	4041829	blobs/sha256/4b/4bdaffd7a1a5f3819c8f053d4f39205523b5832fd831418bd7c2062aaff383b8.dat
docs/domains/aqwa/scripts/wlng_diffraction_analysis/raos/F_180K_LNGC_L00_DAMPNO.dat	c0d24aa19351b43b338737d76a8b98964d6d5eb2b6097549284dc748308fd7e9	4041860	blobs/sha256/c0/c0d24aa19351b43b338737d76a8b98964d6d5eb2b6097549284dc748308fd7e9.dat
docs/domains/aqwa/scripts/wlng_diffraction_analysis/raos/F_180K_LNGC_L99_DAMPAD.dat	9d3c35d20503e08a7ed7c2f79713fbc6f4973d53dc376a640e097ff02dc7eaab	4041829	blobs/sha256/9d/9d3c35d20503e08a7ed7c2f79713fbc6f4973d53dc376a640e097ff02dc7eaab.dat
docs/domains/aqwa/scripts/wlng_diffraction_analysis/raos/F_180K_LNGC_L99_DAMPNO.dat	18fcaa1a71e2d16af6a471461d7c7a788c20ed729831568f1dad11b8ee67da91	4041860	blobs/sha256/18/18fcaa1a71e2d16af6a471461d7c7a788c20ed729831568f1dad11b8ee67da91.dat
docs/domains/aqwa/scripts/wlng_diffraction_analysis/raos/F_FST1_L15_DAMPAD.dat	96457e70bc42a219124343772f584d5402a6626d966cc8a9618d250a83a89cd6	3755471	blobs/sha256/96/96457e70bc42a219124343772f584d5402a6626d966cc8a9618d250a83a89cd6.dat
docs/domains/aqwa/scripts/wlng_diffraction_analysis/raos/F_FST1_L15_DAMPNO.dat	c036c55d7adb6ea55c92254ad41549fa123ac1df6afcb4f2ffbd76f2e207e453	3755502	blobs/sha256/c0/c036c55d7adb6ea55c92254ad41549fa123ac1df6afcb4f2ffbd76f2e207e453.dat
docs/domains/aqwa/scripts/wlng_diffraction_analysis/raos/F_FST1_L50_DAMPAD.dat	1c3dee5d71cd10c10aa6cbc0e8fb83a745143ccbaf682c8bb9b6dee9b42aa58b	3755471	blobs/sha256/1c/1c3dee5d71cd10c10aa6cbc0e8fb83a745143ccbaf682c8bb9b6dee9b42aa58b.dat
docs/domains/aqwa/scripts/wlng_diffraction_analysis/raos/F_FST1_L50_DAMPNO.dat	f57f0e2632b90f4c911ebc893eb97524212d14fe6d4156f993cdfe756b010d04	3755502	blobs/sha256/f5/f57f0e2632b90f4c911ebc893eb97524212d14fe6d4156f993cdfe756b010d04.dat
docs/domains/aqwa/scripts/wlng_diffraction_analysis/raos/F_FST1_L95_DAMPAD.dat	025aafa6be773eef74b4739d9267e161f2e88b60761880b2a95499f6677a1f8e	3755471	blobs/sha256/02/025aafa6be773eef74b4739d9267e161f2e88b60761880b2a95499f6677a1f8e.dat
docs/domains/aqwa/scripts/wlng_diffraction_analysis/raos/F_FST1_L95_DAMPNO.dat	b7d3d84f930bcc834d57f23f9ce6453823bee7dcf80038bb171eb232a670d6fa	3755502	blobs/sha256/b7/b7d3d84f930bcc834d57f23f9ce6453823bee7dcf80038bb171eb232a670d6fa.dat
docs/domains/aqwa/scripts/wlng_diffraction_analysis/raos/F_FST2_L00_DAMPAD.dat	817e35a223a8675c214e86c2f0fa24e819340da6eceeff4e8aa6086dcc84edbb	3753893	blobs/sha256/81/817e35a223a8675c214e86c2f0fa24e819340da6eceeff4e8aa6086dcc84edbb.dat
docs/domains/aqwa/scripts/wlng_diffraction_analysis/raos/F_FST2_L00_DAMPNO.dat	3b255917c85826616ea1b81fb17e46d259363cce36263ad7296d9f9124f59b6c	3753924	blobs/sha256/3b/3b255917c85826616ea1b81fb17e46d259363cce36263ad7296d9f9124f59b6c.dat
docs/domains/aqwa/scripts/wlng_diffraction_analysis/raos/F_FST2_L15_DAMPAD.dat	d40d3e50cd5b7a8a55ff0da95ddf62ed9c019f9accf318313bb5af753a295f92	3753893	blobs/sha256/d4/d40d3e50cd5b7a8a55ff0da95ddf62ed9c019f9accf318313bb5af753a295f92.dat
docs/domains/aqwa/scripts/wlng_diffraction_analysis/raos/F_FST2_L15_DAMPNO.dat	3346990cbf6c12193de85c49f75e031de5a62f96edee301e71a97a08df1cd764	3753924	blobs/sha256/33/3346990cbf6c12193de85c49f75e031de5a62f96edee301e71a97a08df1cd764.dat
docs/domains/aqwa/scripts/wlng_diffraction_analysis/raos/F_FST2_L50_DAMPAD.dat	09535d7085f4e9ec46c0ac23de9feb0e17dc6b3b7832ed292623401e940f5e2e	3753791	blobs/sha256/09/09535d7085f4e9ec46c0ac23de9feb0e17dc6b3b7832ed292623401e940f5e2e.dat
docs/domains/aqwa/scripts/wlng_diffraction_analysis/raos/F_FST2_L50_DAMPNO.dat	c6feb954e0445b58c0202e276f3769ce2546fa3f803c0cdc8ad986e00ab43669	3753822	blobs/sha256/c6/c6feb954e0445b58c0202e276f3769ce2546fa3f803c0cdc8ad986e00ab43669.dat
docs/domains/aqwa/scripts/wlng_diffraction_analysis/raos/F_FST2_L95_DAMPAD.dat	760ec86d709b4b9ab2c10b6de3ae8649e8f3ffb3e6b777406b24280607a111fa	3753893	blobs/sha256/76/760ec86d709b4b9ab2c10b6de3ae8649e8f3ffb3e6b777406b24280607a111fa.dat
docs/domains/aqwa/scripts/wlng_diffraction_analysis/raos/F_FST2_L95_DAMPNO.dat	1890289ca1ad3236dc1f127f2a65c1ae6101286701e572f081b0018c3a0b8ebe	3753924	blobs/sha256/18/1890289ca1ad3236dc1f127f2a65c1ae6101286701e572f081b0018c3a0b8ebe.dat
docs/domains/aqwa/scripts/wlng_diffraction_analysis/raos/WB_125K_LNGC.dat	a1c6989f0060862cede1b7d9e349c84ce456c9a0bb3e999acedfbd3128a67224	4032367	blobs/sha256/a1/a1c6989f0060862cede1b7d9e349c84ce456c9a0bb3e999acedfbd3128a67224.dat
docs/domains/aqwa/scripts/wlng_diffraction_analysis/raos/WB_180K_LNGC.dat	132d6fd6d71548281880546a2c80e3a98942eae87d3229b5b908ea2e26ce4db1	4041533	blobs/sha256/13/132d6fd6d71548281880546a2c80e3a98942eae87d3229b5b908ea2e26ce4db1.dat
docs/domains/aqwa/scripts/wlng_diffraction_analysis/raos/WB_FST1.dat	2dcf6e3bf541c7430f7536729be8361efef25bc029d7cb0b7e0d77fd26a121bc	3754817	blobs/sha256/2d/2dcf6e3bf541c7430f7536729be8361efef25bc029d7cb0b7e0d77fd26a121bc.dat
docs/domains/aqwa/scripts/wlng_diffraction_analysis/raos/WB_FST2.dat	8fb2720c0041b737efa636b00229200cbf87f9db78688211ee91850de6614e76	3752674	blobs/sha256/8f/8fb2720c0041b737efa636b00229200cbf87f9db78688211ee91850de6614e76.dat
docs/domains/aqwa/workflows/external-forces/v181/AD_PYTHONUSERFORCE.DAT	3ef51c33aef5f0e9179ae114f44ef0e9c1e7d62e55d04877661fd29fe18ca9de	2496	blobs/sha256/3e/3ef51c33aef5f0e9179ae114f44ef0e9c1e7d62e55d04877661fd29fe18ca9de.dat
docs/domains/aqwa/workflows/external-forces/v222/101_s01_geometry_schematic.PNG	83fae8af4765d5d8afa10d9efb42b630f38ac9e610c1d99af42ac779406e49b5	4901	blobs/sha256/83/83fae8af4765d5d8afa10d9efb42b630f38ac9e610c1d99af42ac779406e49b5.png
docs/domains/aqwa/workflows/external-forces/v222/101_s01_hr_analysis_settings.PNG	71fd5a86fbdde26eb1e38d76b1a38176176de89c70044eebcf03e699fa780183	31778	blobs/sha256/71/71fd5a86fbdde26eb1e38d76b1a38176176de89c70044eebcf03e699fa780183.png
docs/domains/aqwa/workflows/external-forces/v222/101_s01_hr_constant_force.PNG	e04a9233f5a9fa68ecd12290ce6e3197f047e6c4da60dc635fcf678ec410741f	46189	blobs/sha256/e0/e04a9233f5a9fa68ecd12290ce6e3197f047e6c4da60dc635fcf678ec410741f.png
docs/domains/aqwa/workflows/external-forces/v222/101_s01_hr_current_1.PNG	c4c33e196938dbe39aabc78196fc4a2bdce4e31a74bfc6c90a95fb1787d4a454	55499	blobs/sha256/c4/c4c33e196938dbe39aabc78196fc4a2bdce4e31a74bfc6c90a95fb1787d4a454.png
docs/domains/aqwa/workflows/external-forces/v222/101_s01_hr_load_summary.PNG	51d92e8574ae9fea0cda32707cbbd8a8b9c9e3e5af54ecba6a484248f5832937	70889	blobs/sha256/51/51d92e8574ae9fea0cda32707cbbd8a8b9c9e3e5af54ecba6a484248f5832937.png
docs/domains/aqwa/workflows/external-forces/v222/101_s01_hr_vscode_socket_running.PNG	5beb42dd39e8e8352c92c650b1d85b93030c425bb85ccac52123f7e8c4e45ef4	13527	blobs/sha256/5b/5beb42dd39e8e8352c92c650b1d85b93030c425bb85ccac52123f7e8c4e45ef4.png
docs/domains/aqwa/workflows/external-forces/v222/101_s01_hr_wave_loading.PNG	f3e83b33ff93e609ea43ffe35a943eb9bd2bf807479c5997b5556b5f4b04d0a1	72616	blobs/sha256/f3/f3e83b33ff93e609ea43ffe35a943eb9bd2bf807479c5997b5556b5f4b04d0a1.png
docs/domains/aqwa/workflows/external-forces/v222/101_s01_hr_wind_1.PNG	8b9d4d9bb3231b6b74b79f6166ae24013184e6fd1044003a143d332cf62e855f	58480	blobs/sha256/8b/8b9d4d9bb3231b6b74b79f6166ae24013184e6fd1044003a143d332cf62e855f.png
docs/domains/aqwa/workflows/external-forces/v222/AD_PYTHONUSERFORCE.DAT	3ef51c33aef5f0e9179ae114f44ef0e9c1e7d62e55d04877661fd29fe18ca9de	2496	blobs/sha256/3e/3ef51c33aef5f0e9179ae114f44ef0e9c1e7d62e55d04877661fd29fe18ca9de.dat
docs/domains/aqwa/workflows/external-forces/v222/AD_PYTHONUSERFORCE_UDF3.LIS	d6e3bbaa4571f1bc0d9cc85ed33bc49c089665b3631efc364287f9c5b518e3f1	44465273	blobs/sha256/d6/d6e3bbaa4571f1bc0d9cc85ed33bc49c089665b3631efc364287f9c5b518e3f1.lis
docs/domains/artificial_lift/references/REF-SDEV-Treating_People_With_Respect.docx	ec7221340a26342e63651e666ed22b3e032ade642683b2252271595f0cedee3d	14891	blobs/sha256/ec/ec7221340a26342e63651e666ed22b3e032ade642683b2252271595f0cedee3d.docx
docs/domains/artificial_lift/references/Simulatedvs.Actual.jpg	f0ddf55eca11cea7d6434881f7322718887569a92c05ffb4367d46a0aa80237d	42390	blobs/sha256/f0/f0ddf55eca11cea7d6434881f7322718887569a92c05ffb4367d46a0aa80237d.jpg
docs/domains/assets/catenary_curve.png	1e7690fcb7ba9928ce901ac6958bf74e36f330e87d58bc8abf2060e407e0114b	28387	blobs/sha256/1e/1e7690fcb7ba9928ce901ac6958bf74e36f330e87d58bc8abf2060e407e0114b.png
docs/domains/autocad/lisp/1_example_set/AQB.dwg	4cbb69c9bdac6301ec7e7a497d4c1e1980f1651c79dfc126278a463e02808000	67008	blobs/sha256/4c/4cbb69c9bdac6301ec7e7a497d4c1e1980f1651c79dfc126278a463e02808000.dwg
docs/domains/autocad/lisp/image-1.png	5e7b3d3cc7b134a8f3183adfa567fab085801035898b55ef0822d6451dd54d5a	75314	blobs/sha256/5e/5e7b3d3cc7b134a8f3183adfa567fab085801035898b55ef0822d6451dd54d5a.png
docs/domains/autocad/lisp/image.png	b679cf80587c5d1ea236c835476319e6db24cdf9996ba1819d8ea96d3a30fc14	20068	blobs/sha256/b6/b679cf80587c5d1ea236c835476319e6db24cdf9996ba1819d8ea96d3a30fc14.png
docs/domains/autocad/lisp/tutorials/1_load_program/tutorial_1_total_length.dwg	fce3c06e58e36ec0b8dba667770ba2865ad478806289522ecb7a63b0d43fa27a	16642	blobs/sha256/fc/fce3c06e58e36ec0b8dba667770ba2865ad478806289522ecb7a63b0d43fa27a.dwg
docs/domains/biomedical/AlphaFold2.jfif	e229ef31b95986f62ecd8d7d8aaf8a18542ce7de0b5daa59146bfef6bc41906d	152226	blobs/sha256/e2/e229ef31b95986f62ecd8d7d8aaf8a18542ce7de0b5daa59146bfef6bc41906d.jfif
docs/domains/catenary/go_by/orcaflex_model1.dat	62546d4d5b9e60be8a596fadc615d60696c2cf773fcff069fc109fb98c7bb52a	128705	blobs/sha256/62/62546d4d5b9e60be8a596fadc615d60696c2cf773fcff069fc109fb98c7bb52a.dat
docs/domains/catenary/go_by/simple_catenary_equation.png	28c3c47f540bd8441981ead7993603730e495f63a2653e1f2be5cd08b93ac450	49515	blobs/sha256/28/28c3c47f540bd8441981ead7993603730e495f63a2653e1f2be5cd08b93ac450.png
docs/domains/catenary/go_by/simple_catenary_x1y1_x2y2.png	60017e35b45ce3b65f76ecac740d37d5bbd670d5ed303e4300a8895133256abb	37125	blobs/sha256/60/60017e35b45ce3b65f76ecac740d37d5bbd670d5ed303e4300a8895133256abb.png
docs/domains/cathodic_protection/cp_calculation.png	15134577bc8269a6c00c1e13aec74b0f244fa61069289a0ae6cdd257fc9bb2a6	493057	blobs/sha256/15/15134577bc8269a6c00c1e13aec74b0f244fa61069289a0ae6cdd257fc9bb2a6.png
docs/domains/cathodic_protection/cp_highlevel_workflow.png	6a1e848b2cc3fd18b4bd863c3d40e3ff1d9b5eb01c8063de2dc884728d2b7d28	444077	blobs/sha256/6a/6a1e848b2cc3fd18b4bd863c3d40e3ff1d9b5eb01c8063de2dc884728d2b7d28.png
docs/domains/cathodic_protection/cp_ship_typical_design_currents.PNG	3602d5b00aeebaca1d56d005493250f4f33208f97edeabb1c06ba0b5b4f98790	28115	blobs/sha256/36/3602d5b00aeebaca1d56d005493250f4f33208f97edeabb1c06ba0b5b4f98790.png
docs/domains/cathodic_protection/fst_cp_work.png	dbe49380beb2772f91ba3ebb2b16808e7e81e7a06376343d237c06e6c03c617c	44358	blobs/sha256/db/dbe49380beb2772f91ba3ebb2b16808e7e81e7a06376343d237c06e6c03c617c.png
docs/domains/cathodic_protection/image.png	e1eab094fc04bb0a0aca5b72151ca38b98b511ae6ed606cfd9ab066ac7ace9a3	57500	blobs/sha256/e1/e1eab094fc04bb0a0aca5b72151ca38b98b511ae6ed606cfd9ab066ac7ace9a3.png
docs/domains/cathodic_protection/references/REF-ENG-Corrosion_and_Mechanisms.jpg	799f8380c265daf517794396fa6bdbb5c68d3c9abf85e247e8917e881f913a84	277853	blobs/sha256/79/799f8380c265daf517794396fa6bdbb5c68d3c9abf85e247e8917e881f913a84.jpg
docs/domains/cathodic_protection/report-portfolio-guide.html	2c93916e0ef0f3237198d3ada1a5c3057844768272ba1f4511871bec1dd52c02	7408	blobs/sha256/2c/2c93916e0ef0f3237198d3ada1a5c3057844768272ba1f4511871bec1dd52c02.html
docs/domains/cathodic_protection/reporting-roadmap.html	b34343392bb5c6d48629e30b9363cbc97e949f0b48af1bf990ac138b39d5a7be	9797	blobs/sha256/b3/b34343392bb5c6d48629e30b9363cbc97e949f0b48af1bf990ac138b39d5a7be.html
docs/domains/cathodic_protection/reports/cases/S01/CHANGES.html	f52a088d20b79acfb593d2977a9cf678a9c72e9d25d28cc3e8e820a4e1de921d	732	blobs/sha256/f5/f52a088d20b79acfb593d2977a9cf678a9c72e9d25d28cc3e8e820a4e1de921d.html
docs/domains/cathodic_protection/reports/cases/S01/report.html	afbe2d9109e7d9020baadc7290c6cdd9718f1f67563b3b6e1b0d6bb6e266b7c5	3674899	blobs/sha256/af/afbe2d9109e7d9020baadc7290c6cdd9718f1f67563b3b6e1b0d6bb6e266b7c5.html
docs/domains/cathodic_protection/reports/cases/S02/CHANGES.html	f52a088d20b79acfb593d2977a9cf678a9c72e9d25d28cc3e8e820a4e1de921d	732	blobs/sha256/f5/f52a088d20b79acfb593d2977a9cf678a9c72e9d25d28cc3e8e820a4e1de921d.html
docs/domains/cathodic_protection/reports/cases/S02/report.html	8902201ce9c84aca18ee1d9974584389f327d738bb05abf93a52f929a1d220e1	3674907	blobs/sha256/89/8902201ce9c84aca18ee1d9974584389f327d738bb05abf93a52f929a1d220e1.html
docs/domains/cathodic_protection/reports/cases/S03/CHANGES.html	f52a088d20b79acfb593d2977a9cf678a9c72e9d25d28cc3e8e820a4e1de921d	732	blobs/sha256/f5/f52a088d20b79acfb593d2977a9cf678a9c72e9d25d28cc3e8e820a4e1de921d.html
docs/domains/cathodic_protection/reports/cases/S03/report.html	7ae72047c05ae300ac6963962a95a58ad6b5d56c4dc450b55d5151eb432f0b65	3673480	blobs/sha256/7a/7ae72047c05ae300ac6963962a95a58ad6b5d56c4dc450b55d5151eb432f0b65.html
docs/domains/cathodic_protection/reports/cases/S04/CHANGES.html	f52a088d20b79acfb593d2977a9cf678a9c72e9d25d28cc3e8e820a4e1de921d	732	blobs/sha256/f5/f52a088d20b79acfb593d2977a9cf678a9c72e9d25d28cc3e8e820a4e1de921d.html
docs/domains/cathodic_protection/reports/cases/S04/report.html	ed100ecb0a03f8b2532be48f2e40ff25f426277045971dd1e45ec4ef644488e5	68717	blobs/sha256/ed/ed100ecb0a03f8b2532be48f2e40ff25f426277045971dd1e45ec4ef644488e5.html
docs/domains/cathodic_protection/reports/cases/S05/CHANGES.html	f52a088d20b79acfb593d2977a9cf678a9c72e9d25d28cc3e8e820a4e1de921d	732	blobs/sha256/f5/f52a088d20b79acfb593d2977a9cf678a9c72e9d25d28cc3e8e820a4e1de921d.html
docs/domains/cathodic_protection/reports/cases/S05/report.html	5816b47413438633913fab6d5327864655ae173516c00e535908ea958a33e50c	55364	blobs/sha256/58/5816b47413438633913fab6d5327864655ae173516c00e535908ea958a33e50c.html
docs/domains/cathodic_protection/reports/cases/S06/CHANGES.html	f52a088d20b79acfb593d2977a9cf678a9c72e9d25d28cc3e8e820a4e1de921d	732	blobs/sha256/f5/f52a088d20b79acfb593d2977a9cf678a9c72e9d25d28cc3e8e820a4e1de921d.html
docs/domains/cathodic_protection/reports/cases/S06/report.html	2a032e947c1afc557c4b5ab4401df074e8ed0cdc9134bba3cc0e031540a960b2	3667214	blobs/sha256/2a/2a032e947c1afc557c4b5ab4401df074e8ed0cdc9134bba3cc0e031540a960b2.html
docs/domains/cathodic_protection/reports/cases/S07/CHANGES.html	f52a088d20b79acfb593d2977a9cf678a9c72e9d25d28cc3e8e820a4e1de921d	732	blobs/sha256/f5/f52a088d20b79acfb593d2977a9cf678a9c72e9d25d28cc3e8e820a4e1de921d.html
docs/domains/cathodic_protection/reports/cases/S07/report.html	962b9bcf96a19b8311aff289234a4e04807acd92db1947b98eec25af1e011053	3664469	blobs/sha256/96/962b9bcf96a19b8311aff289234a4e04807acd92db1947b98eec25af1e011053.html
docs/domains/cathodic_protection/reports/cases/S08/CHANGES.html	f52a088d20b79acfb593d2977a9cf678a9c72e9d25d28cc3e8e820a4e1de921d	732	blobs/sha256/f5/f52a088d20b79acfb593d2977a9cf678a9c72e9d25d28cc3e8e820a4e1de921d.html
docs/domains/cathodic_protection/reports/cases/S08/report.html	6c4c9d441b6b3cdc286acf17dbc6fa752064d9bc4d1ab673a2b6d9c6f0ed91ca	73174	blobs/sha256/6c/6c4c9d441b6b3cdc286acf17dbc6fa752064d9bc4d1ab673a2b6d9c6f0ed91ca.html
docs/domains/cathodic_protection/reports/cases/S09/CHANGES.html	f52a088d20b79acfb593d2977a9cf678a9c72e9d25d28cc3e8e820a4e1de921d	732	blobs/sha256/f5/f52a088d20b79acfb593d2977a9cf678a9c72e9d25d28cc3e8e820a4e1de921d.html
docs/domains/cathodic_protection/reports/cases/S09/report.html	28849399b64af371542431ee8d7f226abd296d8034e995c7cc54b81f6e5d505d	3700793	blobs/sha256/28/28849399b64af371542431ee8d7f226abd296d8034e995c7cc54b81f6e5d505d.html
docs/domains/cathodic_protection/reports/cases/S10/CHANGES.html	f52a088d20b79acfb593d2977a9cf678a9c72e9d25d28cc3e8e820a4e1de921d	732	blobs/sha256/f5/f52a088d20b79acfb593d2977a9cf678a9c72e9d25d28cc3e8e820a4e1de921d.html
docs/domains/cathodic_protection/reports/cases/S10/report.html	c13bc26d1e6f8c4668583130391c4dbc906ca6b3d49bd44af97fffef80b2b806	3673474	blobs/sha256/c1/c13bc26d1e6f8c4668583130391c4dbc906ca6b3d49bd44af97fffef80b2b806.html
docs/domains/cathodic_protection/reports/cases/S11/CHANGES.html	f52a088d20b79acfb593d2977a9cf678a9c72e9d25d28cc3e8e820a4e1de921d	732	blobs/sha256/f5/f52a088d20b79acfb593d2977a9cf678a9c72e9d25d28cc3e8e820a4e1de921d.html
docs/domains/cathodic_protection/reports/cases/S11/report.html	2bfd8307a6947d273fa101f1190b181f146cd88340f502b7a562644f8e3d8d49	3665672	blobs/sha256/2b/2bfd8307a6947d273fa101f1190b181f146cd88340f502b7a562644f8e3d8d49.html
docs/domains/cathodic_protection/reports/index.html	9b8c5f2b9a22808ba7492f36e623a09306883881352e70ee78c705c4fa083f3e	3365	blobs/sha256/9b/9b8c5f2b9a22808ba7492f36e623a09306883881352e70ee78c705c4fa083f3e.html
docs/domains/cathodic_protection/sa_slender_anode.png	6c99161dd3be386ec6d838b11829de3287040fb7a2526aec5d870bc2995fdd4c	57126	blobs/sha256/6c/6c99161dd3be386ec6d838b11829de3287040fb7a2526aec5d870bc2995fdd4c.png
docs/domains/cathodic_protection/technical-quality-review-2026-09-25-human-decisions.html	03e3b452a823fbd9dfd0feadcc387e43bc69d4aaaedd6138f6a4e73091009872	29640	blobs/sha256/03/03e3b452a823fbd9dfd0feadcc387e43bc69d4aaaedd6138f6a4e73091009872.html
docs/domains/charts/phase2/added_mass_heatmap_omega_0.1000.png	66d0f59226e3f8b0ea9d147edb7588ddd9a28e039ece72fd7bb97ddeea7d22c4	76261	blobs/sha256/66/66d0f59226e3f8b0ea9d147edb7588ddd9a28e039ece72fd7bb97ddeea7d22c4.png
docs/domains/charts/phase2/added_mass_heatmap_omega_1.5675.png	6801469ccbad797869b2a5470f8ffb76bdf1082aa0b1d62c8a6503fb9827400a	78374	blobs/sha256/68/6801469ccbad797869b2a5470f8ffb76bdf1082aa0b1d62c8a6503fb9827400a.png
docs/domains/charts/phase2/added_mass_heatmap_omega_3.0000.png	1c67df6c1e268e82e9f771e23c27672d03aa40040e7b0fc43f851613cc31834b	79861	blobs/sha256/1c/1c67df6c1e268e82e9f771e23c27672d03aa40040e7b0fc43f851613cc31834b.png
docs/domains/charts/phase2/damping_heatmap_omega_0.1000.png	b0d4d64d183529c1468eea3a765890d86062356d2af8e0a709684811a52d18f4	64615	blobs/sha256/b0/b0d4d64d183529c1468eea3a765890d86062356d2af8e0a709684811a52d18f4.png
docs/domains/charts/phase2/damping_heatmap_omega_1.5675.png	575581d7278b36e53eccd17cf71ee97fd0b2cc28c816d0c58b2cc2eaa46e01dd	62983	blobs/sha256/57/575581d7278b36e53eccd17cf71ee97fd0b2cc28c816d0c58b2cc2eaa46e01dd.png
docs/domains/charts/phase2/damping_heatmap_omega_3.0000.png	368b3b42cea39b3cd172b2de02b05189e10a4318e660b095d67f70a5e3885183	56803	blobs/sha256/36/368b3b42cea39b3cd172b2de02b05189e10a4318e660b095d67f70a5e3885183.png
docs/domains/charts/phase2/ocimf/test_polar_fixed.png	3d4fd2367dd881a8cca7633ec63c5f5ef1efafa452867b1153c9c3fb02d7c960	408514	blobs/sha256/3d/3d4fd2367dd881a8cca7633ec63c5f5ef1efafa452867b1153c9c3fb02d7c960.png
docs/domains/charts/phase3/integration/png/01_system_architecture.png	db0fdbc434303c1373240723ff4a5ed0cc892987f66e7572067a27cf3af6625e	342835	blobs/sha256/db/db0fdbc434303c1373240723ff4a5ed0cc892987f66e7572067a27cf3af6625e.png
docs/domains/coiled-tubing/literature/CoilTubing_Lesson41.ppt	d9c3874c99dfe0926c7a428986392ac0a1f6e8160403e9fcc3d3d91c5546e2d2	890880	blobs/sha256/d9/d9c3874c99dfe0926c7a428986392ac0a1f6e8160403e9fcc3d3d91c5546e2d2.ppt
docs/domains/connections/flanges/flange_class.png	e7f9e889424a6d07bfbaa60f6f1abc5252580520c20ee8f3f9b4733c55c76191	120250	blobs/sha256/e7/e7f9e889424a6d07bfbaa60f6f1abc5252580520c20ee8f3f9b4733c55c76191.png
docs/domains/cranes/maxim_crane.PNG	e2ccfcb825d53bee9f4c411e9100e756219db533039f0a33c601f1513229b9c6	213212	blobs/sha256/e2/e2ccfcb825d53bee9f4c411e9100e756219db533039f0a33c601f1513229b9c6.png
docs/domains/data_systems/data_driven_engineering.png	cbfdc83753edf151c089f64704e070560a9a8bf1855d9a7a908b81914559faaa	76925	blobs/sha256/cb/cbfdc83753edf151c089f64704e070560a9a8bf1855d9a7a908b81914559faaa.png
docs/domains/data_systems/data_driven_engineering.svg	f610630f75baf499440216b36005a894219c301737f6ee89b1db3b18ae039ab0	17777	blobs/sha256/f6/f610630f75baf499440216b36005a894219c301737f6ee89b1db3b18ae039ab0.svg
docs/domains/data_systems/references/ISA112_SCADA-System-Architecture-Model_rev2018-06-22.pptx	8ab160cbd94815673d7a7f485e9a0e6b16934b47daaa419fb7091ed09156dd8f	328098	blobs/sha256/8a/8ab160cbd94815673d7a7f485e9a0e6b16934b47daaa419fb7091ed09156dd8f.pptx
docs/domains/design/image.png	ff2cf249c054ea51d7565b17cbef5f0d634147c76ff6a41b4d77cb66103cdf95	233854	blobs/sha256/ff/ff2cf249c054ea51d7565b17cbef5f0d634147c76ff6a41b4d77cb66103cdf95.png
docs/domains/design/mesh/simple_plate/simple_part.STL	90e310a7649515bd09f2a7cdb0017f06fca2d45db07c0104829c51bd62554a95	6484	blobs/sha256/90/90e310a7649515bd09f2a7cdb0017f06fca2d45db07c0104829c51bd62554a95.stl
docs/domains/diagrams/digital_model_architecure.svg	3ddb2ab7b604f377160a7123cbfb4251eb3048c27cef89d25a4ece793aefcc45	14795	blobs/sha256/3d/3ddb2ab7b604f377160a7123cbfb4251eb3048c27cef89d25a4ece793aefcc45.svg
docs/domains/diagrams/new_engg_software_lifecycle.png	f216a9acae2a669a9547d797e242882421566d87f05f9631c774168cb93de0e3	23317	blobs/sha256/f2/f216a9acae2a669a9547d797e242882421566d87f05f9631c774168cb93de0e3.png
docs/domains/digitalmarketing/assets/diagrams/epic_seo_flowchart.svg	472c4fec90ab533ee5bcd2f752ccaf0d0a5f093db6e11564f08de3f4483de99e	11063	blobs/sha256/47/472c4fec90ab533ee5bcd2f752ccaf0d0a5f093db6e11564f08de3f4483de99e.svg
docs/domains/digitalmarketing/assets/diagrams/epic_seo_theory_backlinks.svg	13d3b6f439c232d19dae1e312e80e7316363c7ea25c59999b27381e80afff964	1508	blobs/sha256/13/13d3b6f439c232d19dae1e312e80e7316363c7ea25c59999b27381e80afff964.svg
docs/domains/digitalmarketing/assets/diagrams/epic_seo_theory_content.svg	66962eb57d68acd3ae8c6519f500a239b9a44493eeeaca60cd28a70c0aaddda6	17139	blobs/sha256/66/66962eb57d68acd3ae8c6519f500a239b9a44493eeeaca60cd28a70c0aaddda6.svg
docs/domains/digitalmarketing/assets/diagrams/epic_seo_theory_keywords.svg	61aa542e45880c1cabaad9be6ff6263c672155ac7cfba94500795abe369137b1	16529	blobs/sha256/61/61aa542e45880c1cabaad9be6ff6263c672155ac7cfba94500795abe369137b1.svg
docs/domains/digitalmarketing/assets/diagrams/epic_seo_theory_page.svg	7c8a018bb49b055735afd972df15ce597426ba12d1f332d8e918de20edbfd6da	17051	blobs/sha256/7c/7c8a018bb49b055735afd972df15ce597426ba12d1f332d8e918de20edbfd6da.svg
docs/domains/digitalmarketing/assets/diagrams/epic_seo_theory_website_structure.svg	a514dc497534e8024c7e4faf927e36c41b66595ba03d06e8d973e344677fc3c8	1061	blobs/sha256/a5/a514dc497534e8024c7e4faf927e36c41b66595ba03d06e8d973e344677fc3c8.svg
docs/domains/digitalmarketing/assets/diagrams/website_tools.svg	442d86c9ccd73b2824deb958eeefcda3afbb16424f6242cc4fc5070ccf007bf3	11748	blobs/sha256/44/442d86c9ccd73b2824deb958eeefcda3afbb16424f6242cc4fc5070ccf007bf3.svg
docs/domains/drilling/casing_design.jpeg	61c40794ad08c2f62a13c31f8806baa2535035aef5ddfcb0b6393df1c2dc014f	109736	blobs/sha256/61/61c40794ad08c2f62a13c31f8806baa2535035aef5ddfcb0b6393df1c2dc014f.jpeg
docs/domains/drilling/casing_design/stringnosis.jpg	3064ee5a986aa7fa9a379c1d47df18765a59156dcc65d09f58a752667261b456	60029	blobs/sha256/30/3064ee5a986aa7fa9a379c1d47df18765a59156dcc65d09f58a752667261b456.jpg
docs/domains/drilling/references/ISCWSA rev2.pptx	b5ffdc891c8a0226d0d38e8ea42cf73e964d0eaaeda7ecc58444e3bb628d2bfd	27953749	blobs/sha256/b5/b5ffdc891c8a0226d0d38e8ea42cf73e964d0eaaeda7ecc58444e3bb628d2bfd.pptx
docs/domains/drilling/references/REF-ENG-Well Oil Tools.jpg	7cae1e1c5f1be037fad344ffe323e4d21b41e15334b31273e35b0c70878eff0f	411526	blobs/sha256/7c/7cae1e1c5f1be037fad344ffe323e4d21b41e15334b31273e35b0c70878eff0f.jpg
docs/domains/drilling/well_planning.jpeg	6d3670a089459803f12819dc71a01ebc6a58b5f30ac105af86eee4e6039650a0	256903	blobs/sha256/6d/6d3670a089459803f12819dc71a01ebc6a58b5f30ac105af86eee4e6039650a0.jpeg
docs/domains/drilling/well_schematic_high_level.jpg	882e9006d8c50e276cbad2a6637de9a5e46ee650ba8145dcc62d4100185a3951	80019	blobs/sha256/88/882e9006d8c50e276cbad2a6637de9a5e46ee650ba8145dcc62d4100185a3951.jpg
docs/domains/electrical/lighting/illimination_calculation.png	00b0313b1c6dff7890be623980157cedfc576da696a77846b366ac363a3664ef	62572	blobs/sha256/00/00b0313b1c6dff7890be623980157cedfc576da696a77846b366ac363a3664ef.png
docs/domains/engineering/work_etiquette.png	c5ec7c3532376ebb6309a85b4968da874e20c37004476fa75ceb25a868b3d10f	31107	blobs/sha256/c5/c5ec7c3532376ebb6309a85b4968da874e20c37004476fa75ceb25a868b3d10f.png
docs/domains/fatigue/Webinar_33_Rainflow_Fatigue.pptx	23a1d8abd4a3eca70c297bdc0db11fec34ea827cf2385f1e24031532a3449ef3	3336829	blobs/sha256/23/23a1d8abd4a3eca70c297bdc0db11fec34ea827cf2385f1e24031532a3449ef3.pptx
docs/domains/fatigue/asmeb31.3_stress_range_factor2022vs.2020.jpg	76e474aa6346ca7b3be015bf5fb76531d46248542d5fa9d7f7ec3c4ad6394ea2	128293	blobs/sha256/76/76e474aa6346ca7b3be015bf5fb76531d46248542d5fa9d7f7ec3c4ad6394ea2.jpg
docs/domains/fatigue/image.png	d6e4c0b47f15a16c67c817893a516fc7e402640bd35277709d67b0d71fed8364	150550	blobs/sha256/d6/d6e4c0b47f15a16c67c817893a516fc7e402640bd35277709d67b0d71fed8364.png
docs/domains/freecad/0145-01-PRE-0001-01 Drawing Automation (Draft1).pptx	a86790e4636e81845be1dec3ac92f42db3015e4663a4882ecbae6583fb360c96	125818	blobs/sha256/a8/a86790e4636e81845be1dec3ac92f42db3015e4663a4882ecbae6583fb360c96.pptx
docs/domains/freecad/1963 Drafting.jpeg	10b64faa77877deda819346989c67f6ca15cc2e9b12dd68d62ee00ab50dc2842	113708	blobs/sha256/10/10b64faa77877deda819346989c67f6ca15cc2e9b12dd68d62ee00ab50dc2842.jpeg
docs/domains/freecad/src/hulls/04508036 Lines Aft Lwr Hull, Strut, Haunch.dwg	eaf626fe50c455dd4d39f73034f3770e0ed7dac2141fb9c1ec1938b5e376a006	196769	blobs/sha256/ea/eaf626fe50c455dd4d39f73034f3770e0ed7dac2141fb9c1ec1938b5e376a006.dwg
docs/domains/freecad/src/hulls/733M-1A Hull Lines.dwg	5d82d7e0070729e282d5048f26cc4885d52bd0f71400ea565269f2f806a91639	133661	blobs/sha256/5d/5d82d7e0070729e282d5048f26cc4885d52bd0f71400ea565269f2f806a91639.dwg
docs/domains/freecad/src/hulls/733M-1A-lines plan rigid hull only.DWG	e7b863b1dbf02da30ea4435488f7d342296234baf361a6d65e58b421cc8484fb	107776	blobs/sha256/e7/e7b863b1dbf02da30ea4435488f7d342296234baf361a6d65e58b421cc8484fb.dwg
docs/domains/freecad/src/hulls/FSO TWIN HULL LINES 3D.DWG	1b9bc73fd3e6c5ca20eac1f1ab33d839c36f2b22a4342be9578b29e3c26be136	3280518	blobs/sha256/1b/1b9bc73fd3e6c5ca20eac1f1ab33d839c36f2b22a4342be9578b29e3c26be136.dwg
docs/domains/freecad/src/hulls/H920DM-1A_Hull Lines_1.dwg	3f133a773572234a2c51435215d67f8242a7187c251b740e45835992903549a4	109951	blobs/sha256/3f/3f133a773572234a2c51435215d67f8242a7187c251b740e45835992903549a4.dwg
docs/domains/freecad/src/hulls/H920DM-1A_Hull Lines_2.dwg	000f48653b778b17586b244cd50b6677d71d12fa68bcdd766a47e89ff5927b57	49427	blobs/sha256/00/000f48653b778b17586b244cd50b6677d71d12fa68bcdd766a47e89ff5927b57.dwg
docs/domains/freecad/src/ref/125 LNGC.igs	bf230d41f05c76b39a5203602fef66cf16271e96096dcd111ca001441d5f2043	64528245	blobs/sha256/bf/bf230d41f05c76b39a5203602fef66cf16271e96096dcd111ca001441d5f2043.igs
docs/domains/ghs/2026-09-11-m1-synthetic.html	7593802c724d6afa60141759ebca712e3a94db97b57e7ad641012221f998324b	3679	blobs/sha256/75/7593802c724d6afa60141759ebca712e3a94db97b57e7ad641012221f998324b.html
docs/domains/ghs/api/screenshot_1.jpeg	8eee5dc5d5dd3c4fea31cefbaf90255785975656b7bf65425a3548051c322131	179369	blobs/sha256/8e/8eee5dc5d5dd3c4fea31cefbaf90255785975656b7bf65425a3548051c322131.jpeg
docs/domains/gmsh/examples/api/aneurysm_data.stl	1615f9774dd03c916283ebb38f3440de3042718281e87036ed73b650086eae3a	5476381	blobs/sha256/16/1615f9774dd03c916283ebb38f3440de3042718281e87036ed73b650086eae3a.stl
docs/domains/gmsh/examples/api/object.stl	f356820d5d20f4595f642b6e76e30e6536307bf8dad4282fb37c842108550540	188340	blobs/sha256/f3/f356820d5d20f4595f642b6e76e30e6536307bf8dad4282fb37c842108550540.stl
docs/domains/gmsh/examples/api/surface1.stl	b0f243d70ad672c3cde5bd2aa18cadc8e85259acff1701cc28084137dcc39c08	15411	blobs/sha256/b0/b0f243d70ad672c3cde5bd2aa18cadc8e85259acff1701cc28084137dcc39c08.stl
docs/domains/gmsh/examples/api/surface2.stl	3d878531175a1e252830af5fbeb272acc00a8cf8e3306bd8e68239832e73897f	16407	blobs/sha256/3d/3d878531175a1e252830af5fbeb272acc00a8cf8e3306bd8e68239832e73897f.stl
docs/domains/gmsh/examples/api/terrain_stl_data.stl	30d1d77561dd853b7de073851869e8ed0022457476dd959f2194b485f5994ce2	617221	blobs/sha256/30/30d1d77561dd853b7de073851869e8ed0022457476dd959f2194b485f5994ce2.stl
docs/domains/gmsh/examples/simple_geo/sphere-surf.stl	3ed4f5d836622462fd4c81faf8a28135084841d698bd2222977098a1ad5116a7	119425	blobs/sha256/3e/3ed4f5d836622462fd4c81faf8a28135084841d698bd2222977098a1ad5116a7.stl
docs/domains/gmsh/image-1.png	391c4c4c854b05976c6eb4f3a18b38d48a023b71685b4e8054888eba8a9ac827	375404	blobs/sha256/39/391c4c4c854b05976c6eb4f3a18b38d48a023b71685b4e8054888eba8a9ac827.png
docs/domains/gmsh/image-2.png	f2c1f97fa986796918a64e4ff2261d88c3d43c594b454fafeb58220880cc98ee	376404	blobs/sha256/f2/f2c1f97fa986796918a64e4ff2261d88c3d43c594b454fafeb58220880cc98ee.png
docs/domains/gmsh/image.png	b56d8cbe8224064e565488da543bfa2f289f716443ac109e2d9748ff8a4912c7	19076	blobs/sha256/b5/b56d8cbe8224064e565488da543bfa2f289f716443ac109e2d9748ff8a4912c7.png
docs/domains/gmsh/images/gui.png	5a4ed4466d9998fbce625aff5ada00197ecb9eee48996cc034657454475b4d7c	70130	blobs/sha256/5a/5a4ed4466d9998fbce625aff5ada00197ecb9eee48996cc034657454475b4d7c.png
docs/domains/gmsh/images/gui_add_rectangle.png	9300d28ebe12728c332c0fb151fe3fcc16ad5125cce5cd5fc37a16fe4f9cc2a2	279272	blobs/sha256/93/9300d28ebe12728c332c0fb151fe3fcc16ad5125cce5cd5fc37a16fe4f9cc2a2.png
docs/domains/gmsh/images/gui_mesh.png	eceed372b32c82607bb3cd9146bb039964f18dc5bcbae98afed64d1bfd3ae8a6	449005	blobs/sha256/ec/eceed372b32c82607bb3cd9146bb039964f18dc5bcbae98afed64d1bfd3ae8a6.png
docs/domains/gmsh/images/t1.png	b1cdf99ea07fed91a6752af2f32bb3b76c5a4ed2eca8dac73585c63802bb5b54	20769	blobs/sha256/b1/b1cdf99ea07fed91a6752af2f32bb3b76c5a4ed2eca8dac73585c63802bb5b54.png
docs/domains/gmsh/images/t10.png	5c1c47de2321d5dd2e91a285b3ff1710382070340f684d27494a3dfcbed63873	48854	blobs/sha256/5c/5c1c47de2321d5dd2e91a285b3ff1710382070340f684d27494a3dfcbed63873.png
docs/domains/gmsh/images/t11.png	6aba33b0dee8ea9891b2416b66748aabaca23d0dc6f9ffd79eaacbf7ce51e7b2	41434	blobs/sha256/6a/6aba33b0dee8ea9891b2416b66748aabaca23d0dc6f9ffd79eaacbf7ce51e7b2.png
docs/domains/gmsh/images/t12.png	e6871d548dd107aed9f56e8203a67f08c27017c399d25cd0d7b03f04771ce801	83380	blobs/sha256/e6/e6871d548dd107aed9f56e8203a67f08c27017c399d25cd0d7b03f04771ce801.png
docs/domains/gmsh/images/t13.png	0c4152248063ece5171c2d2629a41299a7fdec8328624a2f56d1eca79e45d568	169280	blobs/sha256/0c/0c4152248063ece5171c2d2629a41299a7fdec8328624a2f56d1eca79e45d568.png
docs/domains/gmsh/images/t14.png	dd798ce90593a65bbcd18b091e8ccdd8a0cd858a8e9002999d261446b97e1bdf	222565	blobs/sha256/dd/dd798ce90593a65bbcd18b091e8ccdd8a0cd858a8e9002999d261446b97e1bdf.png
docs/domains/gmsh/images/t15.png	e430d2402074421b68dd72f19da5871995db4f2658e794a573b69c7322bd8114	18291	blobs/sha256/e4/e430d2402074421b68dd72f19da5871995db4f2658e794a573b69c7322bd8114.png
docs/domains/gmsh/images/t16.png	20b8a779eef65e55c8ae6619ffa135a90eecf1477547a0e0092b3938cd25b70c	38973	blobs/sha256/20/20b8a779eef65e55c8ae6619ffa135a90eecf1477547a0e0092b3938cd25b70c.png
docs/domains/gmsh/images/t17.png	7b2e23ee86e6b9948563056952a814a7191842983226af5f70e4bbc70e35f43b	76538	blobs/sha256/7b/7b2e23ee86e6b9948563056952a814a7191842983226af5f70e4bbc70e35f43b.png
docs/domains/gmsh/images/t18.png	6454bc45d09e2e94c8d8622ecf0c06ec803dbf43427a39a608f6d8875c224b64	48207	blobs/sha256/64/6454bc45d09e2e94c8d8622ecf0c06ec803dbf43427a39a608f6d8875c224b64.png
docs/domains/gmsh/images/t19.png	91518a33ded185eb4a52b7993169c684259aa23916412fd8f2d80b4923cf3130	99185	blobs/sha256/91/91518a33ded185eb4a52b7993169c684259aa23916412fd8f2d80b4923cf3130.png
docs/domains/gmsh/images/t2.png	cacdef5916350ae3f5fc474121efd726a75d219888fa3e845ac4db73663a367f	34013	blobs/sha256/ca/cacdef5916350ae3f5fc474121efd726a75d219888fa3e845ac4db73663a367f.png
docs/domains/gmsh/images/t20.png	69040e38787c2f77dc726dab670bd9694bce55304009548d3e8c7da9b86bff40	107768	blobs/sha256/69/69040e38787c2f77dc726dab670bd9694bce55304009548d3e8c7da9b86bff40.png
docs/domains/gmsh/images/t21.png	4224739d3b6604083a2ebb7793f3b6bceaaef94f8c66594c6a5a95e71dad21c4	49024	blobs/sha256/42/4224739d3b6604083a2ebb7793f3b6bceaaef94f8c66594c6a5a95e71dad21c4.png
docs/domains/gmsh/images/t3.png	c2004e08b2784cb4a5f3bed504973b675b9a5a7de1d2c877741d13bce320197d	135073	blobs/sha256/c2/c2004e08b2784cb4a5f3bed504973b675b9a5a7de1d2c877741d13bce320197d.png
docs/domains/gmsh/images/t4.png	cac0b20978db002031451be815306c6e48a4a92ff23b61dd397c4f14c592c650	36716	blobs/sha256/ca/cac0b20978db002031451be815306c6e48a4a92ff23b61dd397c4f14c592c650.png
docs/domains/gmsh/images/t5.png	5dc695d9eaee1d502ece592efce102a9305396f3ec8c1384587eb3969323f86c	39424	blobs/sha256/5d/5dc695d9eaee1d502ece592efce102a9305396f3ec8c1384587eb3969323f86c.png
docs/domains/gmsh/images/t6.png	c36a1742be60f84302c39db18f14dd798147ba2950c14288d7e06eac5164f5c1	23599	blobs/sha256/c3/c36a1742be60f84302c39db18f14dd798147ba2950c14288d7e06eac5164f5c1.png
docs/domains/gmsh/images/t7.png	35b5c3044bcf5f719a1890df3f4ca74e32b88fa7dd0ec698d6223d9ddbc6b42e	86470	blobs/sha256/35/35b5c3044bcf5f719a1890df3f4ca74e32b88fa7dd0ec698d6223d9ddbc6b42e.png
docs/domains/gmsh/images/t8.png	3106dc765a50ec3643fc31a69dae1d012206de1097b55e76a36fb09ecbd14f46	78402	blobs/sha256/31/3106dc765a50ec3643fc31a69dae1d012206de1097b55e76a36fb09ecbd14f46.png
docs/domains/gmsh/images/t9.png	b6f554b26bc1a70b4b35f8b5c6530df1f52170fe6ad708e0f0afc6e79f0dc77f	106482	blobs/sha256/b6/b6f554b26bc1a70b4b35f8b5c6530df1f52170fe6ad708e0f0afc6e79f0dc77f.png
docs/domains/gmsh/images/x1.png	0f859a2ea50efa2183cd5eadcc9c41ff31baa1b052778fb77841591ef72f7b16	48872	blobs/sha256/0f/0f859a2ea50efa2183cd5eadcc9c41ff31baa1b052778fb77841591ef72f7b16.png
docs/domains/gmsh/images/x2.png	1565168f933d8c279086d15e02be19a03255586a6a3f05b743c573fa549aab33	133750	blobs/sha256/15/1565168f933d8c279086d15e02be19a03255586a6a3f05b743c573fa549aab33.png
docs/domains/gmsh/images/x3.png	6b8d59c033640060217343321f8988be0432554051561919dd49579e77c4c11f	62615	blobs/sha256/6b/6b8d59c033640060217343321f8988be0432554051561919dd49579e77c4c11f.png
docs/domains/gmsh/images/x4.png	cca91a8ffbdfed93ef80b5771736a21ea00f5b0ca067ffe5671a0041e50d79d0	234982	blobs/sha256/cc/cca91a8ffbdfed93ef80b5771736a21ea00f5b0ca067ffe5671a0041e50d79d0.png
docs/domains/gmsh/images/x5.png	1ce486c4c73db49f26e6e134522a6f9fe63d3e88f7d7cda212c3ca32d3d7ae54	162114	blobs/sha256/1c/1ce486c4c73db49f26e6e134522a6f9fe63d3e88f7d7cda212c3ca32d3d7ae54.png
docs/domains/gmsh/images/x7.png	db3794f2d0a702056f563d1e4a11bacc62d2ad404f22a63539cd6472670f5358	23367	blobs/sha256/db/db3794f2d0a702056f563d1e4a11bacc62d2ad404f22a63539cd6472670f5358.png
docs/domains/gmsh/tutorials/t13_data.stl	4b9431c0dddde5b7e4f6b09506443c7ae1e3134646e2a9447e09a77379fdbd70	263275	blobs/sha256/4b/4b9431c0dddde5b7e4f6b09506443c7ae1e3134646e2a9447e09a77379fdbd70.stl
docs/domains/gmsh/tutorials/t4_image.png	9225ca5f4779ceaeb7b80793aec9d0256c91837764cea6b2dff4a95e25b18787	78218	blobs/sha256/92/9225ca5f4779ceaeb7b80793aec9d0256c91837764cea6b2dff4a95e25b18787.png
docs/domains/guides/legacy/apirp2rd/COD/API-RP-2RD/Rev1/Tension vs Moment.png	66bf38f23a7ed84dc38413eada9a33e012deb577d094a1d52141891587b07982	386922	blobs/sha256/66/66bf38f23a7ed84dc38413eada9a33e012deb577d094a1d52141891587b07982.png
docs/domains/guides/legacy/apirp2rd/COD/API-RP-2RD/Rev3/D-2/Tension vs Moment.png	71b777f4d6308194efe548b7ba1e48a947d80907bdb857e4ddefd73f6f67c4d4	413113	blobs/sha256/71/71b777f4d6308194efe548b7ba1e48a947d80907bdb857e4ddefd73f6f67c4d4.png
docs/domains/guides/legacy/apirp2rd/COD/API-STD-2RD/Rev1/results/BurstPressure_IP_OP_Files/Burst_Pressure_ID_10_CA0p118.png	01e281c805ca04d87b35d1c4ac7c34ce7cf2b67f963c5cd07c961ea2a2753b44	471067	blobs/sha256/01/01e281c805ca04d87b35d1c4ac7c34ce7cf2b67f963c5cd07c961ea2a2753b44.png
docs/domains/guides/legacy/apirp2rd/COD/API-STD-2RD/Rev1/results/BurstPressure_IP_OP_Files/Burst_Pressure_ID_10_CA0p236.png	475bfbfc42ed776e3e4dba37be5895b172265c7c6eb153b45a7487d626d471bc	476405	blobs/sha256/47/475bfbfc42ed776e3e4dba37be5895b172265c7c6eb153b45a7487d626d471bc.png
docs/domains/guides/legacy/apirp2rd/COD/API-STD-2RD/Rev1/results/BurstPressure_IP_OP_Files/Burst_Pressure_ID_11_CA0p118.png	f550bb2514c8fb7104b6e7b793f73f0f6b210f74839e8ce0986b5103bc58a728	466680	blobs/sha256/f5/f550bb2514c8fb7104b6e7b793f73f0f6b210f74839e8ce0986b5103bc58a728.png
docs/domains/guides/legacy/apirp2rd/COD/API-STD-2RD/Rev1/results/BurstPressure_IP_OP_Files/Burst_Pressure_ID_11_CA0p236.png	411358c7bc7a79679cd0cc56674851be8c227972a5dd30b457adf0982fab8e8a	471157	blobs/sha256/41/411358c7bc7a79679cd0cc56674851be8c227972a5dd30b457adf0982fab8e8a.png
docs/domains/guides/legacy/apirp2rd/COD/API-STD-2RD/Rev1/results/BurstPressure_IP_OP_Files/Burst_Pressure_ID_12_CA0p118.png	61219f19bc2b62f643aa9273880cc10279b8f5157394c1015484f48957c963e8	466288	blobs/sha256/61/61219f19bc2b62f643aa9273880cc10279b8f5157394c1015484f48957c963e8.png
docs/domains/guides/legacy/apirp2rd/COD/API-STD-2RD/Rev1/results/BurstPressure_IP_OP_Files/Burst_Pressure_ID_12_CA0p236.png	c58be77f1facaa000a498a36ff713844b622f12793fd219b9f08b061df643aaa	470380	blobs/sha256/c5/c58be77f1facaa000a498a36ff713844b622f12793fd219b9f08b061df643aaa.png
docs/domains/guides/legacy/apirp2rd/COD/API-STD-2RD/Rev1/results/BurstPressure_IP_OP_Files/Burst_Pressure_ID_14_CA0p118.png	b1b45cd02794d06cb1e718a7e6e3e5fec2401c1520fdb4c71caae0e56677b2da	463870	blobs/sha256/b1/b1b45cd02794d06cb1e718a7e6e3e5fec2401c1520fdb4c71caae0e56677b2da.png
docs/domains/guides/legacy/apirp2rd/COD/API-STD-2RD/Rev1/results/BurstPressure_IP_OP_Files/Burst_Pressure_ID_14_CA0p236.png	bdfa023341b546c6f042c5b9a0ce88eb6b2dea65b803bde80b4c9464e0ba223d	467953	blobs/sha256/bd/bdfa023341b546c6f042c5b9a0ce88eb6b2dea65b803bde80b4c9464e0ba223d.png
docs/domains/guides/legacy/apirp2rd/COD/API-STD-2RD/Rev1/results/BurstPressure_IP_OP_Files/Burst_Pressure_ID_16_CA0p118.png	e00c5d5820754c9277e1dd570b431549c846a7071c6799859b803a80dd1f7628	460825	blobs/sha256/e0/e00c5d5820754c9277e1dd570b431549c846a7071c6799859b803a80dd1f7628.png
docs/domains/guides/legacy/apirp2rd/COD/API-STD-2RD/Rev1/results/BurstPressure_IP_OP_Files/Burst_Pressure_OD_10p75_CA0p118.png	3a5399c676ad078a85f660844dc2a3337647217a122716c307c8a18e1a2a7fa8	470871	blobs/sha256/3a/3a5399c676ad078a85f660844dc2a3337647217a122716c307c8a18e1a2a7fa8.png
docs/domains/guides/legacy/apirp2rd/COD/API-STD-2RD/Rev1/results/BurstPressure_IP_OP_Files/Burst_Pressure_OD_10p75_CA0p236.png	93ff7bba32b9bc974407a859a30ab8e8d1841002b852c16e74a459910c85e020	481779	blobs/sha256/93/93ff7bba32b9bc974407a859a30ab8e8d1841002b852c16e74a459910c85e020.png
docs/domains/guides/legacy/apirp2rd/COD/API-STD-2RD/Rev1/results/BurstPressure_IP_OP_Files/Burst_Pressure_OD_11p75_CA0p118.png	9409f1ce1dab8f6103c82ee26871cfc1f407ff52229d860455b271b261debea6	475065	blobs/sha256/94/9409f1ce1dab8f6103c82ee26871cfc1f407ff52229d860455b271b261debea6.png
docs/domains/guides/legacy/apirp2rd/COD/API-STD-2RD/Rev1/results/BurstPressure_IP_OP_Files/Burst_Pressure_OD_11p75_CA0p236.png	4c327d755f68f772329090ed83f4562db85b82d7e011ee4555ad9576586f8922	486092	blobs/sha256/4c/4c327d755f68f772329090ed83f4562db85b82d7e011ee4555ad9576586f8922.png
docs/domains/guides/legacy/apirp2rd/COD/API-STD-2RD/Rev1/results/BurstPressure_IP_OP_Files/Burst_Pressure_OD_12p75_CA0p118.png	c781ab729edaa55554fdeedba897e924d03328e562ea44d87b4102c0f2c7bdad	485447	blobs/sha256/c7/c781ab729edaa55554fdeedba897e924d03328e562ea44d87b4102c0f2c7bdad.png
docs/domains/guides/legacy/apirp2rd/COD/API-STD-2RD/Rev1/results/BurstPressure_IP_OP_Files/Burst_Pressure_OD_12p75_CA0p236.png	26430dec208b370549bf6d9f198a365750dd57ed1bf6a9559bc13c8c0bfe3f9a	489521	blobs/sha256/26/26430dec208b370549bf6d9f198a365750dd57ed1bf6a9559bc13c8c0bfe3f9a.png
docs/domains/guides/legacy/apirp2rd/COD/API-STD-2RD/Rev1/results/BurstPressure_IP_OP_Files/Burst_Pressure_OD_14_CA0p118.png	e20fd7b1fad58b4010abbe05c247ac540f62373956a3fb7d4a325eebee4def5e	478972	blobs/sha256/e2/e20fd7b1fad58b4010abbe05c247ac540f62373956a3fb7d4a325eebee4def5e.png
docs/domains/guides/legacy/apirp2rd/COD/API-STD-2RD/Rev1/results/BurstPressure_IP_OP_Files/Burst_Pressure_OD_14_CA0p236.png	f1dd6a5e674be198542ba4302cdaa4e28928557997a49fa6245c9d6bae7ed0e9	482605	blobs/sha256/f1/f1dd6a5e674be198542ba4302cdaa4e28928557997a49fa6245c9d6bae7ed0e9.png
docs/domains/guides/legacy/apirp2rd/COD/API-STD-2RD/Rev1/results/BurstPressure_IP_OP_Files/Burst_Pressure_OD_16_CA0p118.png	f1d2bb01d0c47d110e76a500f478016fb1d49bc2242ce8a74273faf0493379dd	472772	blobs/sha256/f1/f1d2bb01d0c47d110e76a500f478016fb1d49bc2242ce8a74273faf0493379dd.png
docs/domains/guides/legacy/apirp2rd/COD/API-STD-2RD/Rev1/results/BurstPressure_IP_OP_Files/Burst_Pressure_OD_16_CA0p236.png	f14b881d372066d6d7685fb5666e2370177d8a61d0971f42a63de8ce4f5da5c3	479134	blobs/sha256/f1/f14b881d372066d6d7685fb5666e2370177d8a61d0971f42a63de8ce4f5da5c3.png
docs/domains/guides/legacy/apirp2rd/COD/API-STD-2RD/Rev1/results/Burst_Pressure_ID_16_CA0p236.png	5875ae906e0641c17c1c1a47c5ec11b203970b67aea5ea4c0aeb10e08ac14bb2	464629	blobs/sha256/58/5875ae906e0641c17c1c1a47c5ec11b203970b67aea5ea4c0aeb10e08ac14bb2.png
docs/domains/guides/legacy/apirp2rd/COD/API-STD-2RD/Rev1/results/Burst_Pressure_OD_10p75_CA0p236.png	88f70197ad78d735c7dc5b9e0ad8d6674e7de5b71afa54b01623903e3d637c6b	481779	blobs/sha256/88/88f70197ad78d735c7dc5b9e0ad8d6674e7de5b71afa54b01623903e3d637c6b.png
docs/domains/guides/legacy/apirp2rd/COD/API-STD-2RD/Rev1/results/Burst_Pressure_OD_10p75_CA0p236M1.png	7aec3c5001d844ea51799dd90919485dcbc20e8fc716f03f3a8ffefa64ec76ef	497464	blobs/sha256/7a/7aec3c5001d844ea51799dd90919485dcbc20e8fc716f03f3a8ffefa64ec76ef.png
docs/domains/guides/legacy/apirp2rd/COD/API-STD-2RD/Rev1/results/Burst_Pressure_OD_12p75_CA0p236.png	df2c9478049377f331d8f89b17712a80a4d6f17e012b118c1675e0e2a44f1d63	489521	blobs/sha256/df/df2c9478049377f331d8f89b17712a80a4d6f17e012b118c1675e0e2a44f1d63.png
docs/domains/guides/legacy/apirp2rd/COD/API-STD-2RD/Rev1/results/Burst_Pressure_OD_12p75_CA0p236M1.png	73d35fa5f5bcda21206b1f72efc12cbf28b002506b9d189ea8fc075f75bbd8bd	506890	blobs/sha256/73/73d35fa5f5bcda21206b1f72efc12cbf28b002506b9d189ea8fc075f75bbd8bd.png
docs/domains/guides/legacy/apirp2rd/COD/API-STD-2RD/Rev1/results/Method1_OD_{0}_WT_{1}M1.png	6d16c421f16c67abaefe566ddf5b7ecce2269c56082896d54e64014fbecf5244	696458	blobs/sha256/6d/6d16c421f16c67abaefe566ddf5b7ecce2269c56082896d54e64014fbecf5244.png
docs/domains/guides/legacy/apirp2rd/COD/API-STD-2RD/Rev1/results/Method1_{0}_{1}M1.png	961bd4bffb76282e63356594397a16e3785d001dba92c79873bf9a7c2d86aa4d	652484	blobs/sha256/96/961bd4bffb76282e63356594397a16e3785d001dba92c79873bf9a7c2d86aa4d.png
docs/domains/guides/legacy/apirp2rd/COD/API-STD-2RD/Rev2/results/APISTD2RD.png	e76b7dcd897f2166bbfafeb345c9f04d8ccf7c513ed68fcf9f5a8a1a01349487	815060	blobs/sha256/e7/e76b7dcd897f2166bbfafeb345c9f04d8ccf7c513ed68fcf9f5a8a1a01349487.png
docs/domains/guides/legacy/apirp2rd/COD/API-STD-2RD/Rev2/results/BurstPressure_IP_OP_Files/Burst_Pressure_ID_10_CA0p118.png	01e281c805ca04d87b35d1c4ac7c34ce7cf2b67f963c5cd07c961ea2a2753b44	471067	blobs/sha256/01/01e281c805ca04d87b35d1c4ac7c34ce7cf2b67f963c5cd07c961ea2a2753b44.png
docs/domains/guides/legacy/apirp2rd/COD/API-STD-2RD/Rev2/results/BurstPressure_IP_OP_Files/Burst_Pressure_ID_10_CA0p236.png	475bfbfc42ed776e3e4dba37be5895b172265c7c6eb153b45a7487d626d471bc	476405	blobs/sha256/47/475bfbfc42ed776e3e4dba37be5895b172265c7c6eb153b45a7487d626d471bc.png
docs/domains/guides/legacy/apirp2rd/COD/API-STD-2RD/Rev2/results/BurstPressure_IP_OP_Files/Burst_Pressure_ID_11_CA0p118.png	f550bb2514c8fb7104b6e7b793f73f0f6b210f74839e8ce0986b5103bc58a728	466680	blobs/sha256/f5/f550bb2514c8fb7104b6e7b793f73f0f6b210f74839e8ce0986b5103bc58a728.png
docs/domains/guides/legacy/apirp2rd/COD/API-STD-2RD/Rev2/results/BurstPressure_IP_OP_Files/Burst_Pressure_ID_11_CA0p236.png	411358c7bc7a79679cd0cc56674851be8c227972a5dd30b457adf0982fab8e8a	471157	blobs/sha256/41/411358c7bc7a79679cd0cc56674851be8c227972a5dd30b457adf0982fab8e8a.png
docs/domains/guides/legacy/apirp2rd/COD/API-STD-2RD/Rev2/results/BurstPressure_IP_OP_Files/Burst_Pressure_ID_12_CA0p118.png	61219f19bc2b62f643aa9273880cc10279b8f5157394c1015484f48957c963e8	466288	blobs/sha256/61/61219f19bc2b62f643aa9273880cc10279b8f5157394c1015484f48957c963e8.png
docs/domains/guides/legacy/apirp2rd/COD/API-STD-2RD/Rev2/results/BurstPressure_IP_OP_Files/Burst_Pressure_ID_12_CA0p236.png	c58be77f1facaa000a498a36ff713844b622f12793fd219b9f08b061df643aaa	470380	blobs/sha256/c5/c58be77f1facaa000a498a36ff713844b622f12793fd219b9f08b061df643aaa.png
docs/domains/guides/legacy/apirp2rd/COD/API-STD-2RD/Rev2/results/BurstPressure_IP_OP_Files/Burst_Pressure_ID_14_CA0p118.png	b1b45cd02794d06cb1e718a7e6e3e5fec2401c1520fdb4c71caae0e56677b2da	463870	blobs/sha256/b1/b1b45cd02794d06cb1e718a7e6e3e5fec2401c1520fdb4c71caae0e56677b2da.png
docs/domains/guides/legacy/apirp2rd/COD/API-STD-2RD/Rev2/results/BurstPressure_IP_OP_Files/Burst_Pressure_ID_14_CA0p236.png	bdfa023341b546c6f042c5b9a0ce88eb6b2dea65b803bde80b4c9464e0ba223d	467953	blobs/sha256/bd/bdfa023341b546c6f042c5b9a0ce88eb6b2dea65b803bde80b4c9464e0ba223d.png
docs/domains/guides/legacy/apirp2rd/COD/API-STD-2RD/Rev2/results/BurstPressure_IP_OP_Files/Burst_Pressure_ID_16_CA0p118.png	e00c5d5820754c9277e1dd570b431549c846a7071c6799859b803a80dd1f7628	460825	blobs/sha256/e0/e00c5d5820754c9277e1dd570b431549c846a7071c6799859b803a80dd1f7628.png
docs/domains/guides/legacy/apirp2rd/COD/API-STD-2RD/Rev2/results/BurstPressure_IP_OP_Files/Burst_Pressure_OD_10p75_CA0p118.png	3a5399c676ad078a85f660844dc2a3337647217a122716c307c8a18e1a2a7fa8	470871	blobs/sha256/3a/3a5399c676ad078a85f660844dc2a3337647217a122716c307c8a18e1a2a7fa8.png
docs/domains/guides/legacy/apirp2rd/COD/API-STD-2RD/Rev2/results/BurstPressure_IP_OP_Files/Burst_Pressure_OD_10p75_CA0p236.png	93ff7bba32b9bc974407a859a30ab8e8d1841002b852c16e74a459910c85e020	481779	blobs/sha256/93/93ff7bba32b9bc974407a859a30ab8e8d1841002b852c16e74a459910c85e020.png
docs/domains/guides/legacy/apirp2rd/COD/API-STD-2RD/Rev2/results/BurstPressure_IP_OP_Files/Burst_Pressure_OD_11p75_CA0p118.png	9409f1ce1dab8f6103c82ee26871cfc1f407ff52229d860455b271b261debea6	475065	blobs/sha256/94/9409f1ce1dab8f6103c82ee26871cfc1f407ff52229d860455b271b261debea6.png
docs/domains/guides/legacy/apirp2rd/COD/API-STD-2RD/Rev2/results/BurstPressure_IP_OP_Files/Burst_Pressure_OD_11p75_CA0p236.png	4c327d755f68f772329090ed83f4562db85b82d7e011ee4555ad9576586f8922	486092	blobs/sha256/4c/4c327d755f68f772329090ed83f4562db85b82d7e011ee4555ad9576586f8922.png
docs/domains/guides/legacy/apirp2rd/COD/API-STD-2RD/Rev2/results/BurstPressure_IP_OP_Files/Burst_Pressure_OD_12p75_CA0p118.png	c781ab729edaa55554fdeedba897e924d03328e562ea44d87b4102c0f2c7bdad	485447	blobs/sha256/c7/c781ab729edaa55554fdeedba897e924d03328e562ea44d87b4102c0f2c7bdad.png
docs/domains/guides/legacy/apirp2rd/COD/API-STD-2RD/Rev2/results/BurstPressure_IP_OP_Files/Burst_Pressure_OD_12p75_CA0p236.png	26430dec208b370549bf6d9f198a365750dd57ed1bf6a9559bc13c8c0bfe3f9a	489521	blobs/sha256/26/26430dec208b370549bf6d9f198a365750dd57ed1bf6a9559bc13c8c0bfe3f9a.png
docs/domains/guides/legacy/apirp2rd/COD/API-STD-2RD/Rev2/results/BurstPressure_IP_OP_Files/Burst_Pressure_OD_14_CA0p118.png	e20fd7b1fad58b4010abbe05c247ac540f62373956a3fb7d4a325eebee4def5e	478972	blobs/sha256/e2/e20fd7b1fad58b4010abbe05c247ac540f62373956a3fb7d4a325eebee4def5e.png
docs/domains/guides/legacy/apirp2rd/COD/API-STD-2RD/Rev2/results/BurstPressure_IP_OP_Files/Burst_Pressure_OD_14_CA0p236.png	f1dd6a5e674be198542ba4302cdaa4e28928557997a49fa6245c9d6bae7ed0e9	482605	blobs/sha256/f1/f1dd6a5e674be198542ba4302cdaa4e28928557997a49fa6245c9d6bae7ed0e9.png
docs/domains/guides/legacy/apirp2rd/COD/API-STD-2RD/Rev2/results/BurstPressure_IP_OP_Files/Burst_Pressure_OD_16_CA0p118.png	f1d2bb01d0c47d110e76a500f478016fb1d49bc2242ce8a74273faf0493379dd	472772	blobs/sha256/f1/f1d2bb01d0c47d110e76a500f478016fb1d49bc2242ce8a74273faf0493379dd.png
docs/domains/guides/legacy/apirp2rd/COD/API-STD-2RD/Rev2/results/BurstPressure_IP_OP_Files/Burst_Pressure_OD_16_CA0p236.png	f14b881d372066d6d7685fb5666e2370177d8a61d0971f42a63de8ce4f5da5c3	479134	blobs/sha256/f1/f14b881d372066d6d7685fb5666e2370177d8a61d0971f42a63de8ce4f5da5c3.png
docs/domains/guides/legacy/apirp2rd/COD/API-STD-2RD/Rev2/results/Burst_Pressure_OD_10p75_CA0p118.png	8fa74efc8a63bc5c71399b9ad45d79801536bc700ec996d6ae1371da084af3ea	467453	blobs/sha256/8f/8fa74efc8a63bc5c71399b9ad45d79801536bc700ec996d6ae1371da084af3ea.png
docs/domains/guides/legacy/apirp2rd/COD/API-STD-2RD/Rev2/results/Burst_Pressure_OD_10p75_CA0p236.png	334ac8d6d77feb179eaf06b5c8aa527e368f732ad4ab15ccf9ad93deca953120	477342	blobs/sha256/33/334ac8d6d77feb179eaf06b5c8aa527e368f732ad4ab15ccf9ad93deca953120.png
docs/domains/guides/legacy/apirp2rd/COD/API-STD-2RD/Rev2/results/Burst_Pressure_OD_11p75_CA0p118.png	15e2bc6abb14bb2f6dbf025f6ed2c1e82903fef487713d64b689a4186c9b4860	470419	blobs/sha256/15/15e2bc6abb14bb2f6dbf025f6ed2c1e82903fef487713d64b689a4186c9b4860.png
docs/domains/guides/legacy/apirp2rd/COD/API-STD-2RD/Rev2/results/Burst_Pressure_OD_11p75_CA0p236.png	5df73a571615e22f8a1f39a59780abdbccc0d5c1a56c8565e5a407a60c5d0d77	477399	blobs/sha256/5d/5df73a571615e22f8a1f39a59780abdbccc0d5c1a56c8565e5a407a60c5d0d77.png
docs/domains/guides/legacy/apirp2rd/COD/API-STD-2RD/Rev2/results/Burst_Pressure_OD_12p75_CA0p118.png	f4f1aed0717a5956505a5c8cf40c4e89cbccf73232b9b2b5b57a4cacbacf934e	479525	blobs/sha256/f4/f4f1aed0717a5956505a5c8cf40c4e89cbccf73232b9b2b5b57a4cacbacf934e.png
docs/domains/guides/legacy/apirp2rd/COD/API-STD-2RD/Rev2/results/Burst_Pressure_OD_12p75_CA0p236.png	bbed505828341bfeda76e40af1686b19f03a53e55cad8a1a4b2b7e83d062fb22	486362	blobs/sha256/bb/bbed505828341bfeda76e40af1686b19f03a53e55cad8a1a4b2b7e83d062fb22.png
docs/domains/guides/legacy/apirp2rd/COD/API-STD-2RD/Rev2/results/Burst_Pressure_OD_14_CA0p118.png	58c5012828e3678d087ba5b0e268551ac9b4777c37a80c6dfea5a20f9d8fd463	481433	blobs/sha256/58/58c5012828e3678d087ba5b0e268551ac9b4777c37a80c6dfea5a20f9d8fd463.png
docs/domains/guides/legacy/apirp2rd/COD/API-STD-2RD/Rev2/results/Burst_Pressure_OD_14_CA0p236.png	484b08d807a459238138316e22871aa173db934dfdd150f452ab8dbad59f058b	485107	blobs/sha256/48/484b08d807a459238138316e22871aa173db934dfdd150f452ab8dbad59f058b.png
docs/domains/guides/legacy/apirp2rd/COD/API-STD-2RD/Rev2/results/Burst_Pressure_OD_16_CA0p118.png	db14e7d69f9952e29b069de16903dca3a28e2aac33ad385c3f0cf01bdad08aef	477661	blobs/sha256/db/db14e7d69f9952e29b069de16903dca3a28e2aac33ad385c3f0cf01bdad08aef.png
docs/domains/guides/legacy/apirp2rd/COD/API-STD-2RD/Rev2/results/Burst_Pressure_OD_16_CA0p236.png	468a98d76b60ef2ecc396679052e0f0ca5da45bf9a8d90e9f5c9d06072c058dd	481277	blobs/sha256/46/468a98d76b60ef2ecc396679052e0f0ca5da45bf9a8d90e9f5c9d06072c058dd.png
docs/domains/guides/legacy/apirp2rd/COD/API-STD-2RD/Rev2/results/Burst_Pressure_OD_16p2_CA0p236.png	d5e2ee475fb4d94fc50d5b650dc16dfca4f13a69e97ff92e17026683e26512d1	439124	blobs/sha256/d5/d5e2ee475fb4d94fc50d5b650dc16dfca4f13a69e97ff92e17026683e26512d1.png
docs/domains/guides/legacy/apirp2rd/COD/API-STD-2RD/Rev2/results/Method1_OD_10p75.png	bb7ad8cec246378e15777184a21d70ef9ce1de113393349e7931d4ff19fce66e	831535	blobs/sha256/bb/bb7ad8cec246378e15777184a21d70ef9ce1de113393349e7931d4ff19fce66e.png
docs/domains/guides/legacy/apirp2rd/COD/API-STD-2RD/Rev2/results/Method1_OD_11p75.png	076d809e6b98cbda5c2a13e08ac4aa2fc756c1f06e9c5f0aa06531734f881720	947161	blobs/sha256/07/076d809e6b98cbda5c2a13e08ac4aa2fc756c1f06e9c5f0aa06531734f881720.png
docs/domains/guides/legacy/apirp2rd/COD/API-STD-2RD/Rev2/results/Method1_OD_12.png	d43f5e17a6953c5eaa71075bf8d5d2af1a148f53a388c7a44f2c11c25d710102	865084	blobs/sha256/d4/d43f5e17a6953c5eaa71075bf8d5d2af1a148f53a388c7a44f2c11c25d710102.png
docs/domains/guides/legacy/apirp2rd/COD/API-STD-2RD/Rev2/results/Method1_OD_12_10000.png	34aa24941dfc10e382acd33f6150c8e78667dd0f208f94384e37369956e3f390	778485	blobs/sha256/34/34aa24941dfc10e382acd33f6150c8e78667dd0f208f94384e37369956e3f390.png
docs/domains/guides/legacy/apirp2rd/COD/API-STD-2RD/Rev2/results/Method1_OD_12_750.png	09d3880a417cedf4e05c8ba73b434bccde58c3551a032d6c6a6a77ef9da9af80	830116	blobs/sha256/09/09d3880a417cedf4e05c8ba73b434bccde58c3551a032d6c6a6a77ef9da9af80.png
docs/domains/guides/legacy/apirp2rd/COD/API-STD-2RD/Rev2/results/Method1_OD_12p75.png	9ccf7c040398c23fca59e9f963052eddbbf6cd14aa1d91c7f808020061ad9564	832335	blobs/sha256/9c/9ccf7c040398c23fca59e9f963052eddbbf6cd14aa1d91c7f808020061ad9564.png
docs/domains/guides/legacy/apirp2rd/COD/API-STD-2RD/Rev2/results/Method1_OD_14.png	674c686fdcc4e82905c61865b2d4efd3db985d2404dcad4857f5bf68f8e2b978	826700	blobs/sha256/67/674c686fdcc4e82905c61865b2d4efd3db985d2404dcad4857f5bf68f8e2b978.png
docs/domains/guides/legacy/apirp2rd/COD/API-STD-2RD/Rev2/results/Method1_OD_16.png	3ccea0be99b334f74f2503fbbedbacfcfb138a2b0b152ae5ec9bc48d4e697210	645825	blobs/sha256/3c/3ccea0be99b334f74f2503fbbedbacfcfb138a2b0b152ae5ec9bc48d4e697210.png
docs/domains/guides/legacy/apirp2rd/COD/API-STD-2RD/Rev2/results/Method1_OD_{0}_750.png	3d8ffc46948145dace927a4887eda6d8452a86fe9cc620bd6049babdc5f0d3c4	833839	blobs/sha256/3d/3d8ffc46948145dace927a4887eda6d8452a86fe9cc620bd6049babdc5f0d3c4.png
docs/domains/guides/legacy/apirp2rd/COD/superseded/GSY/BurstPressure With Thickness_US_ID.png	a0cad7d5cc7bda9c079df011fa52b01c633e515ff73b5957031aa206ac3a82db	390051	blobs/sha256/a0/a0cad7d5cc7bda9c079df011fa52b01c633e515ff73b5957031aa206ac3a82db.png
docs/domains/guides/legacy/apirp2rd/COD/superseded/GSY/BurstPressure With Thickness_US_OD.png	22ac58274e1bc59387eef952e4b4d2013aa5d11f374699dce682e9459977556d	464217	blobs/sha256/22/22ac58274e1bc59387eef952e4b4d2013aa5d11f374699dce682e9459977556d.png
docs/domains/guides/legacy/apirp2rd/COD/superseded/GSY/CollapsePressureWithThickness_US_ID.png	6d6cd7d6eed0c6ba0be5aa877863202acf4dea0b2aff4fa9de18bc934221bdcf	506836	blobs/sha256/6d/6d6cd7d6eed0c6ba0be5aa877863202acf4dea0b2aff4fa9de18bc934221bdcf.png
docs/domains/guides/legacy/apirp2rd/COD/superseded/Tension vs Moment2.png	fcd969b39205b4dcab6fa4fc6021f8524de119ddadd54fb8454f96d41e6f3494	489240	blobs/sha256/fc/fcd969b39205b4dcab6fa4fc6021f8524de119ddadd54fb8454f96d41e6f3494.png
docs/domains/guides/legacy/apirp2rd/COD/superseded/TensionvsMoment.png	e1515882a7ac315d42322a8e5fe1d2ed8074140dfccc4af35b39d59ddf003f89	518828	blobs/sha256/e1/e1515882a7ac315d42322a8e5fe1d2ed8074140dfccc4af35b39d59ddf003f89.png
docs/domains/guides/legacy/apirp2rd/MAN/0119-001 MAN-0001-01 Pipe Capacity & Utilization (Draft1).docx	6235a79e12870a01368ceba13bd0806b5833969d16ebb34070e9393799aecd2e	2213190	blobs/sha256/62/6235a79e12870a01368ceba13bd0806b5833969d16ebb34070e9393799aecd2e.docx
docs/domains/guides/legacy/apirp2rd/MAN/0119-001 MAN-0001-01 Pipe Capacity & Utilization (Draft2).docx	957f91046b8537c5d7b607a948d451954a52134b5bea965a1c6c3cf42791abd7	2209682	blobs/sha256/95/957f91046b8537c5d7b607a948d451954a52134b5bea965a1c6c3cf42791abd7.docx
docs/domains/guides/legacy/apirp2rd/MAN/0119-001 MAN-0002-01 Data Definitions (Draft1).docx	290016d83aee8c4ea50fec03b91b6e2a7799031111c2274bf05420d49c443f1d	175462	blobs/sha256/29/290016d83aee8c4ea50fec03b91b6e2a7799031111c2274bf05420d49c443f1d.docx
docs/domains/guides/legacy/apirp2rd/PRE/0119-001 PRE-0001-01 APIRP2RD (Draft1).pptx	0bd2880ee0b1706e9d719a793e0370409bd328e1183ee61a90c3ad7a66919ec9	745314	blobs/sha256/0b/0bd2880ee0b1706e9d719a793e0370409bd328e1183ee61a90c3ad7a66919ec9.pptx
docs/domains/guides/legacy/apirp2rd/PRE/0119-001 PRE-0001-01 API_STD_2RD Methods  (Draft1).pptx	ac91a22875b3f3b895a9b2aa931a4135dcb3def358fd6babb779095e0159d333	4765382	blobs/sha256/ac/ac91a22875b3f3b895a9b2aa931a4135dcb3def358fd6babb779095e0159d333.pptx
docs/domains/guides/legacy/apirp2rd/PRE/0119-001 PRE-0001-01 PipeStress (Draft1).pptx	e233cebda7c6975408646c6386c007705f76949bc3dfa3156cb54648a8b7be24	88841	blobs/sha256/e2/e233cebda7c6975408646c6386c007705f76949bc3dfa3156cb54648a8b7be24.pptx
docs/domains/guides/legacy/apirp2rd/PRE/0119-001 PRE-0001-01 VM Stress (Draft1).pptx	86cff141c48e8ed944d471221887cec7a9804da5434b246c586b2046de820ba0	286952	blobs/sha256/86/86cff141c48e8ed944d471221887cec7a9804da5434b246c586b2046de820ba0.pptx
docs/domains/guides/legacy/apirp2rd/PRE/0119-PRE-0002-01 yaml Flowcharts (Draft1).pptx	e080cd8be8787d3010c40a7a8030c26e26220b5a6b4a29b80bb39d9bfef0750c	66993	blobs/sha256/e0/e080cd8be8787d3010c40a7a8030c26e26220b5a6b4a29b80bb39d9bfef0750c.pptx
docs/domains/guides/legacy/apirp2rd/Ref/VMStress_ExampleVisualization.PNG	bc96d3b6178fceb1b0705b82ea787b10c4c9724a8df2a32fe4e6b00c032164eb	120359	blobs/sha256/bc/bc96d3b6178fceb1b0705b82ea787b10c4c9724a8df2a32fe4e6b00c032164eb.png
docs/domains/guides/legacy/apirp2rd/Ref/hand-calculations_ref.jpg	85f213f273e481c28cbfa88ebedadf6671e4bef6172c409aed40e55263a8bad4	1670752	blobs/sha256/85/85f213f273e481c28cbfa88ebedadf6671e4bef6172c409aed40e55263a8bad4.jpg
docs/domains/guides/legacy/apirp2rd/superseded/0119-001 MAN-0001-01 VM Stress (Draft1).docx	fc1e191763247a162e2adcef51f6b8de997eb19d44c2a4e154e1fda5e459299a	912510	blobs/sha256/fc/fc1e191763247a162e2adcef51f6b8de997eb19d44c2a4e154e1fda5e459299a.docx
docs/domains/guides/legacy/apirp2rd/superseded/Tension vs Moment.png	66bf38f23a7ed84dc38413eada9a33e012deb577d094a1d52141891587b07982	386922	blobs/sha256/66/66bf38f23a7ed84dc38413eada9a33e012deb577d094a1d52141891587b07982.png
docs/domains/hydrodynamics/DNV-RP-F205_marine_growth.png	54bc697fffbe2e6a7b1a67865e1d17dba4e40af298901e50c08b3595bfbc6ff9	259508	blobs/sha256/54/54bc697fffbe2e6a7b1a67865e1d17dba4e40af298901e50c08b3595bfbc6ff9.png
docs/domains/hydrodynamics/DNV-RP-F205_pg27.png	764551da76c020879a035865447246571f1f37e8c8b50fc8673f2113b0245a89	93466	blobs/sha256/76/764551da76c020879a035865447246571f1f37e8c8b50fc8673f2113b0245a89.png
docs/domains/hydrodynamics/DNV-RP-F205_pg28.png	605fde54aeb552ee3e3a21e1b43417976c80c484f43cceb51898d9501eed3a6f	216869	blobs/sha256/60/605fde54aeb552ee3e3a21e1b43417976c80c484f43cceb51898d9501eed3a6f.png
docs/domains/installation/crane_master_role.jpeg	bf21dcae39522a0983c19bf6c5488e7cf3c16cdb9c4fd87c8c603aba41419b0b	143914	blobs/sha256/bf/bf21dcae39522a0983c19bf6c5488e7cf3c16cdb9c4fd87c8c603aba41419b0b.jpeg
docs/domains/installation/engineering-vs-operations.jpeg	26f73c9b5af22e359ba1e16ea7e29f36dc039645045a92ad136ed750e60c761a	188966	blobs/sha256/26/26f73c9b5af22e359ba1e16ea7e29f36dc039645045a92ad136ed750e60c761a.jpeg
docs/domains/installation/image-1.png	4cf4354928411f4a9ef8ad7bc862de4385b8c0d9bde247f77eca69f478d6f709	852638	blobs/sha256/4c/4cf4354928411f4a9ef8ad7bc862de4385b8c0d9bde247f77eca69f478d6f709.png
docs/domains/installation/image-2.png	0757b3f4890a9d219240e58c167ea50d5bcf4b310dd4d677d0e854833c0026aa	1129865	blobs/sha256/07/0757b3f4890a9d219240e58c167ea50d5bcf4b310dd4d677d0e854833c0026aa.png
docs/domains/installation/image-3.png	882207f4bf2c01ef83909d406bedccc3198006b580ef111c273504421ab03983	817569	blobs/sha256/88/882207f4bf2c01ef83909d406bedccc3198006b580ef111c273504421ab03983.png
docs/domains/installation/image-4.png	f25efecacb078c247548fd85a7075afed343530dc8c245dddf0e40166cdda428	1191006	blobs/sha256/f2/f25efecacb078c247548fd85a7075afed343530dc8c245dddf0e40166cdda428.png
docs/domains/installation/image-5.png	bfb748ccef8ef099bf65e5bb057cb12d44db5046a43fa174b9b9ff509284d604	1081894	blobs/sha256/bf/bfb748ccef8ef099bf65e5bb057cb12d44db5046a43fa174b9b9ff509284d604.png
docs/domains/installation/image-6.png	6b31f9b17e87416c29ebf0b8e58e7ae17b88890dab9f8669778b063afe1a667e	1696499	blobs/sha256/6b/6b31f9b17e87416c29ebf0b8e58e7ae17b88890dab9f8669778b063afe1a667e.png
docs/domains/installation/image-7.png	70503ee2802d9c20d593c8ec122aad91384b25afe03c35500ca477de26c5517d	1790556	blobs/sha256/70/70503ee2802d9c20d593c8ec122aad91384b25afe03c35500ca477de26c5517d.png
docs/domains/installation/image.png	de3b1ff6e1c96700cf25aa8fcb290b52e07b0cb5b41320a53affb15f7d73b795	2879547	blobs/sha256/de/de3b1ff6e1c96700cf25aa8fcb290b52e07b0cb5b41320a53affb15f7d73b795.png
docs/domains/installation/intermediate_joint_installation.jpg	80e0e6844656d0bfd34aa97a6dae6bfb5c569cd41d9f6ea5cc0a2983b18e089e	88826	blobs/sha256/80/80e0e6844656d0bfd34aa97a6dae6bfb5c569cd41d9f6ea5cc0a2983b18e089e.jpg
docs/domains/installation/parallel-campaign-plan.html	41a3f6f4ee97261ec8b777819879146b09d4dd34de46d3eaba943b038da054ce	2424	blobs/sha256/41/41a3f6f4ee97261ec8b777819879146b09d4dd34de46d3eaba943b038da054ce.html
docs/domains/installation/pipelay_vessel_stinger_tensioner.jpeg	41cd503586d69428165156b579e34a49f149b73b501709e55e8156c1ff6da9c0	358985	blobs/sha256/41/41cd503586d69428165156b579e34a49f149b73b501709e55e8156c1ff6da9c0.jpeg
docs/domains/installation/seven_champion_sale.jpg	2b7c88a1e5cdfbfa065266f0a49a2915a6875d853f3e0389954c18aee328696c	380725	blobs/sha256/2b/2b7c88a1e5cdfbfa065266f0a49a2915a6875d853f3e0389954c18aee328696c.jpg
docs/domains/installation/short-horizon-installation-decision-support.html	1a846e375dc232def122a38aa3d38a704160f61aca72219bb079dbc2ec7b4852	13016	blobs/sha256/1a/1a846e375dc232def122a38aa3d38a704160f61aca72219bb079dbc2ec7b4852.html
docs/domains/installation/structure-model-preparation.html	82c36bda93a77bf52b9dcd81306d8459e56dd16651eb440912ca944a16d12193	2304	blobs/sha256/82/82c36bda93a77bf52b9dcd81306d8459e56dd16651eb440912ca944a16d12193.html
docs/domains/installation/wave_shielding_installations.png	d5563c139e8fccd82f0398efdb3e89b555af5f001fb5ef2367884b10fa14ddee	1529762	blobs/sha256/d5/d5563c139e8fccd82f0398efdb3e89b555af5f001fb5ef2367884b10fa14ddee.png
docs/domains/interventions/intevention_ct.jpeg	de2b2b55b6cbbca595c18acee37b73536398b40cf22a031141cf081307ee2a98	20585	blobs/sha256/de/de2b2b55b6cbbca595c18acee37b73536398b40cf22a031141cf081307ee2a98.jpeg
docs/domains/interventions/typical_configuration.png	b77d157ef5dd4715a379f617c07a1c595c532ed3eb9e72fc2a6af92278d66644	665440	blobs/sha256/b7/b77d157ef5dd4715a379f617c07a1c595c532ed3eb9e72fc2a6af92278d66644.png
docs/domains/legacy/apirp2rd/COD/API-RP-2RD/Rev1/Tension vs Moment.png	66bf38f23a7ed84dc38413eada9a33e012deb577d094a1d52141891587b07982	386922	blobs/sha256/66/66bf38f23a7ed84dc38413eada9a33e012deb577d094a1d52141891587b07982.png
docs/domains/legacy/apirp2rd/COD/API-RP-2RD/Rev3/D-2/Tension vs Moment.png	71b777f4d6308194efe548b7ba1e48a947d80907bdb857e4ddefd73f6f67c4d4	413113	blobs/sha256/71/71b777f4d6308194efe548b7ba1e48a947d80907bdb857e4ddefd73f6f67c4d4.png
docs/domains/legacy/apirp2rd/COD/API-STD-2RD/Rev1/results/BurstPressure_IP_OP_Files/Burst_Pressure_ID_10_CA0p118.png	01e281c805ca04d87b35d1c4ac7c34ce7cf2b67f963c5cd07c961ea2a2753b44	471067	blobs/sha256/01/01e281c805ca04d87b35d1c4ac7c34ce7cf2b67f963c5cd07c961ea2a2753b44.png
docs/domains/legacy/apirp2rd/COD/API-STD-2RD/Rev1/results/BurstPressure_IP_OP_Files/Burst_Pressure_ID_10_CA0p236.png	475bfbfc42ed776e3e4dba37be5895b172265c7c6eb153b45a7487d626d471bc	476405	blobs/sha256/47/475bfbfc42ed776e3e4dba37be5895b172265c7c6eb153b45a7487d626d471bc.png
docs/domains/legacy/apirp2rd/COD/API-STD-2RD/Rev1/results/BurstPressure_IP_OP_Files/Burst_Pressure_ID_11_CA0p118.png	f550bb2514c8fb7104b6e7b793f73f0f6b210f74839e8ce0986b5103bc58a728	466680	blobs/sha256/f5/f550bb2514c8fb7104b6e7b793f73f0f6b210f74839e8ce0986b5103bc58a728.png
docs/domains/legacy/apirp2rd/COD/API-STD-2RD/Rev1/results/BurstPressure_IP_OP_Files/Burst_Pressure_ID_11_CA0p236.png	411358c7bc7a79679cd0cc56674851be8c227972a5dd30b457adf0982fab8e8a	471157	blobs/sha256/41/411358c7bc7a79679cd0cc56674851be8c227972a5dd30b457adf0982fab8e8a.png
docs/domains/legacy/apirp2rd/COD/API-STD-2RD/Rev1/results/BurstPressure_IP_OP_Files/Burst_Pressure_ID_12_CA0p118.png	61219f19bc2b62f643aa9273880cc10279b8f5157394c1015484f48957c963e8	466288	blobs/sha256/61/61219f19bc2b62f643aa9273880cc10279b8f5157394c1015484f48957c963e8.png
docs/domains/legacy/apirp2rd/COD/API-STD-2RD/Rev1/results/BurstPressure_IP_OP_Files/Burst_Pressure_ID_12_CA0p236.png	c58be77f1facaa000a498a36ff713844b622f12793fd219b9f08b061df643aaa	470380	blobs/sha256/c5/c58be77f1facaa000a498a36ff713844b622f12793fd219b9f08b061df643aaa.png
docs/domains/legacy/apirp2rd/COD/API-STD-2RD/Rev1/results/BurstPressure_IP_OP_Files/Burst_Pressure_ID_14_CA0p118.png	b1b45cd02794d06cb1e718a7e6e3e5fec2401c1520fdb4c71caae0e56677b2da	463870	blobs/sha256/b1/b1b45cd02794d06cb1e718a7e6e3e5fec2401c1520fdb4c71caae0e56677b2da.png
docs/domains/legacy/apirp2rd/COD/API-STD-2RD/Rev1/results/BurstPressure_IP_OP_Files/Burst_Pressure_ID_14_CA0p236.png	bdfa023341b546c6f042c5b9a0ce88eb6b2dea65b803bde80b4c9464e0ba223d	467953	blobs/sha256/bd/bdfa023341b546c6f042c5b9a0ce88eb6b2dea65b803bde80b4c9464e0ba223d.png
docs/domains/legacy/apirp2rd/COD/API-STD-2RD/Rev1/results/BurstPressure_IP_OP_Files/Burst_Pressure_ID_16_CA0p118.png	e00c5d5820754c9277e1dd570b431549c846a7071c6799859b803a80dd1f7628	460825	blobs/sha256/e0/e00c5d5820754c9277e1dd570b431549c846a7071c6799859b803a80dd1f7628.png
docs/domains/legacy/apirp2rd/COD/API-STD-2RD/Rev1/results/BurstPressure_IP_OP_Files/Burst_Pressure_OD_10p75_CA0p118.png	3a5399c676ad078a85f660844dc2a3337647217a122716c307c8a18e1a2a7fa8	470871	blobs/sha256/3a/3a5399c676ad078a85f660844dc2a3337647217a122716c307c8a18e1a2a7fa8.png
docs/domains/legacy/apirp2rd/COD/API-STD-2RD/Rev1/results/BurstPressure_IP_OP_Files/Burst_Pressure_OD_10p75_CA0p236.png	93ff7bba32b9bc974407a859a30ab8e8d1841002b852c16e74a459910c85e020	481779	blobs/sha256/93/93ff7bba32b9bc974407a859a30ab8e8d1841002b852c16e74a459910c85e020.png
docs/domains/legacy/apirp2rd/COD/API-STD-2RD/Rev1/results/BurstPressure_IP_OP_Files/Burst_Pressure_OD_11p75_CA0p118.png	9409f1ce1dab8f6103c82ee26871cfc1f407ff52229d860455b271b261debea6	475065	blobs/sha256/94/9409f1ce1dab8f6103c82ee26871cfc1f407ff52229d860455b271b261debea6.png
docs/domains/legacy/apirp2rd/COD/API-STD-2RD/Rev1/results/BurstPressure_IP_OP_Files/Burst_Pressure_OD_11p75_CA0p236.png	4c327d755f68f772329090ed83f4562db85b82d7e011ee4555ad9576586f8922	486092	blobs/sha256/4c/4c327d755f68f772329090ed83f4562db85b82d7e011ee4555ad9576586f8922.png
docs/domains/legacy/apirp2rd/COD/API-STD-2RD/Rev1/results/BurstPressure_IP_OP_Files/Burst_Pressure_OD_12p75_CA0p118.png	c781ab729edaa55554fdeedba897e924d03328e562ea44d87b4102c0f2c7bdad	485447	blobs/sha256/c7/c781ab729edaa55554fdeedba897e924d03328e562ea44d87b4102c0f2c7bdad.png
docs/domains/legacy/apirp2rd/COD/API-STD-2RD/Rev1/results/BurstPressure_IP_OP_Files/Burst_Pressure_OD_12p75_CA0p236.png	26430dec208b370549bf6d9f198a365750dd57ed1bf6a9559bc13c8c0bfe3f9a	489521	blobs/sha256/26/26430dec208b370549bf6d9f198a365750dd57ed1bf6a9559bc13c8c0bfe3f9a.png
docs/domains/legacy/apirp2rd/COD/API-STD-2RD/Rev1/results/BurstPressure_IP_OP_Files/Burst_Pressure_OD_14_CA0p118.png	e20fd7b1fad58b4010abbe05c247ac540f62373956a3fb7d4a325eebee4def5e	478972	blobs/sha256/e2/e20fd7b1fad58b4010abbe05c247ac540f62373956a3fb7d4a325eebee4def5e.png
docs/domains/legacy/apirp2rd/COD/API-STD-2RD/Rev1/results/BurstPressure_IP_OP_Files/Burst_Pressure_OD_14_CA0p236.png	f1dd6a5e674be198542ba4302cdaa4e28928557997a49fa6245c9d6bae7ed0e9	482605	blobs/sha256/f1/f1dd6a5e674be198542ba4302cdaa4e28928557997a49fa6245c9d6bae7ed0e9.png
docs/domains/legacy/apirp2rd/COD/API-STD-2RD/Rev1/results/BurstPressure_IP_OP_Files/Burst_Pressure_OD_16_CA0p118.png	f1d2bb01d0c47d110e76a500f478016fb1d49bc2242ce8a74273faf0493379dd	472772	blobs/sha256/f1/f1d2bb01d0c47d110e76a500f478016fb1d49bc2242ce8a74273faf0493379dd.png
docs/domains/legacy/apirp2rd/COD/API-STD-2RD/Rev1/results/BurstPressure_IP_OP_Files/Burst_Pressure_OD_16_CA0p236.png	f14b881d372066d6d7685fb5666e2370177d8a61d0971f42a63de8ce4f5da5c3	479134	blobs/sha256/f1/f14b881d372066d6d7685fb5666e2370177d8a61d0971f42a63de8ce4f5da5c3.png
docs/domains/legacy/apirp2rd/COD/API-STD-2RD/Rev1/results/Burst_Pressure_ID_16_CA0p236.png	5875ae906e0641c17c1c1a47c5ec11b203970b67aea5ea4c0aeb10e08ac14bb2	464629	blobs/sha256/58/5875ae906e0641c17c1c1a47c5ec11b203970b67aea5ea4c0aeb10e08ac14bb2.png
docs/domains/legacy/apirp2rd/COD/API-STD-2RD/Rev1/results/Burst_Pressure_OD_10p75_CA0p236.png	88f70197ad78d735c7dc5b9e0ad8d6674e7de5b71afa54b01623903e3d637c6b	481779	blobs/sha256/88/88f70197ad78d735c7dc5b9e0ad8d6674e7de5b71afa54b01623903e3d637c6b.png
docs/domains/legacy/apirp2rd/COD/API-STD-2RD/Rev1/results/Burst_Pressure_OD_10p75_CA0p236M1.png	7aec3c5001d844ea51799dd90919485dcbc20e8fc716f03f3a8ffefa64ec76ef	497464	blobs/sha256/7a/7aec3c5001d844ea51799dd90919485dcbc20e8fc716f03f3a8ffefa64ec76ef.png
docs/domains/legacy/apirp2rd/COD/API-STD-2RD/Rev1/results/Burst_Pressure_OD_12p75_CA0p236.png	df2c9478049377f331d8f89b17712a80a4d6f17e012b118c1675e0e2a44f1d63	489521	blobs/sha256/df/df2c9478049377f331d8f89b17712a80a4d6f17e012b118c1675e0e2a44f1d63.png
docs/domains/legacy/apirp2rd/COD/API-STD-2RD/Rev1/results/Burst_Pressure_OD_12p75_CA0p236M1.png	73d35fa5f5bcda21206b1f72efc12cbf28b002506b9d189ea8fc075f75bbd8bd	506890	blobs/sha256/73/73d35fa5f5bcda21206b1f72efc12cbf28b002506b9d189ea8fc075f75bbd8bd.png
docs/domains/legacy/apirp2rd/COD/API-STD-2RD/Rev1/results/Method1_OD_{0}_WT_{1}M1.png	6d16c421f16c67abaefe566ddf5b7ecce2269c56082896d54e64014fbecf5244	696458	blobs/sha256/6d/6d16c421f16c67abaefe566ddf5b7ecce2269c56082896d54e64014fbecf5244.png
docs/domains/legacy/apirp2rd/COD/API-STD-2RD/Rev1/results/Method1_{0}_{1}M1.png	961bd4bffb76282e63356594397a16e3785d001dba92c79873bf9a7c2d86aa4d	652484	blobs/sha256/96/961bd4bffb76282e63356594397a16e3785d001dba92c79873bf9a7c2d86aa4d.png
docs/domains/legacy/apirp2rd/COD/API-STD-2RD/Rev2/results/APISTD2RD.png	e76b7dcd897f2166bbfafeb345c9f04d8ccf7c513ed68fcf9f5a8a1a01349487	815060	blobs/sha256/e7/e76b7dcd897f2166bbfafeb345c9f04d8ccf7c513ed68fcf9f5a8a1a01349487.png
docs/domains/legacy/apirp2rd/COD/API-STD-2RD/Rev2/results/BurstPressure_IP_OP_Files/Burst_Pressure_ID_10_CA0p118.png	01e281c805ca04d87b35d1c4ac7c34ce7cf2b67f963c5cd07c961ea2a2753b44	471067	blobs/sha256/01/01e281c805ca04d87b35d1c4ac7c34ce7cf2b67f963c5cd07c961ea2a2753b44.png
docs/domains/legacy/apirp2rd/COD/API-STD-2RD/Rev2/results/BurstPressure_IP_OP_Files/Burst_Pressure_ID_10_CA0p236.png	475bfbfc42ed776e3e4dba37be5895b172265c7c6eb153b45a7487d626d471bc	476405	blobs/sha256/47/475bfbfc42ed776e3e4dba37be5895b172265c7c6eb153b45a7487d626d471bc.png
docs/domains/legacy/apirp2rd/COD/API-STD-2RD/Rev2/results/BurstPressure_IP_OP_Files/Burst_Pressure_ID_11_CA0p118.png	f550bb2514c8fb7104b6e7b793f73f0f6b210f74839e8ce0986b5103bc58a728	466680	blobs/sha256/f5/f550bb2514c8fb7104b6e7b793f73f0f6b210f74839e8ce0986b5103bc58a728.png
docs/domains/legacy/apirp2rd/COD/API-STD-2RD/Rev2/results/BurstPressure_IP_OP_Files/Burst_Pressure_ID_11_CA0p236.png	411358c7bc7a79679cd0cc56674851be8c227972a5dd30b457adf0982fab8e8a	471157	blobs/sha256/41/411358c7bc7a79679cd0cc56674851be8c227972a5dd30b457adf0982fab8e8a.png
docs/domains/legacy/apirp2rd/COD/API-STD-2RD/Rev2/results/BurstPressure_IP_OP_Files/Burst_Pressure_ID_12_CA0p118.png	61219f19bc2b62f643aa9273880cc10279b8f5157394c1015484f48957c963e8	466288	blobs/sha256/61/61219f19bc2b62f643aa9273880cc10279b8f5157394c1015484f48957c963e8.png
docs/domains/legacy/apirp2rd/COD/API-STD-2RD/Rev2/results/BurstPressure_IP_OP_Files/Burst_Pressure_ID_12_CA0p236.png	c58be77f1facaa000a498a36ff713844b622f12793fd219b9f08b061df643aaa	470380	blobs/sha256/c5/c58be77f1facaa000a498a36ff713844b622f12793fd219b9f08b061df643aaa.png
docs/domains/legacy/apirp2rd/COD/API-STD-2RD/Rev2/results/BurstPressure_IP_OP_Files/Burst_Pressure_ID_14_CA0p118.png	b1b45cd02794d06cb1e718a7e6e3e5fec2401c1520fdb4c71caae0e56677b2da	463870	blobs/sha256/b1/b1b45cd02794d06cb1e718a7e6e3e5fec2401c1520fdb4c71caae0e56677b2da.png
docs/domains/legacy/apirp2rd/COD/API-STD-2RD/Rev2/results/BurstPressure_IP_OP_Files/Burst_Pressure_ID_14_CA0p236.png	bdfa023341b546c6f042c5b9a0ce88eb6b2dea65b803bde80b4c9464e0ba223d	467953	blobs/sha256/bd/bdfa023341b546c6f042c5b9a0ce88eb6b2dea65b803bde80b4c9464e0ba223d.png
docs/domains/legacy/apirp2rd/COD/API-STD-2RD/Rev2/results/BurstPressure_IP_OP_Files/Burst_Pressure_ID_16_CA0p118.png	e00c5d5820754c9277e1dd570b431549c846a7071c6799859b803a80dd1f7628	460825	blobs/sha256/e0/e00c5d5820754c9277e1dd570b431549c846a7071c6799859b803a80dd1f7628.png
docs/domains/legacy/apirp2rd/COD/API-STD-2RD/Rev2/results/BurstPressure_IP_OP_Files/Burst_Pressure_OD_10p75_CA0p118.png	3a5399c676ad078a85f660844dc2a3337647217a122716c307c8a18e1a2a7fa8	470871	blobs/sha256/3a/3a5399c676ad078a85f660844dc2a3337647217a122716c307c8a18e1a2a7fa8.png
docs/domains/legacy/apirp2rd/COD/API-STD-2RD/Rev2/results/BurstPressure_IP_OP_Files/Burst_Pressure_OD_10p75_CA0p236.png	93ff7bba32b9bc974407a859a30ab8e8d1841002b852c16e74a459910c85e020	481779	blobs/sha256/93/93ff7bba32b9bc974407a859a30ab8e8d1841002b852c16e74a459910c85e020.png
docs/domains/legacy/apirp2rd/COD/API-STD-2RD/Rev2/results/BurstPressure_IP_OP_Files/Burst_Pressure_OD_11p75_CA0p118.png	9409f1ce1dab8f6103c82ee26871cfc1f407ff52229d860455b271b261debea6	475065	blobs/sha256/94/9409f1ce1dab8f6103c82ee26871cfc1f407ff52229d860455b271b261debea6.png
docs/domains/legacy/apirp2rd/COD/API-STD-2RD/Rev2/results/BurstPressure_IP_OP_Files/Burst_Pressure_OD_11p75_CA0p236.png	4c327d755f68f772329090ed83f4562db85b82d7e011ee4555ad9576586f8922	486092	blobs/sha256/4c/4c327d755f68f772329090ed83f4562db85b82d7e011ee4555ad9576586f8922.png
docs/domains/legacy/apirp2rd/COD/API-STD-2RD/Rev2/results/BurstPressure_IP_OP_Files/Burst_Pressure_OD_12p75_CA0p118.png	c781ab729edaa55554fdeedba897e924d03328e562ea44d87b4102c0f2c7bdad	485447	blobs/sha256/c7/c781ab729edaa55554fdeedba897e924d03328e562ea44d87b4102c0f2c7bdad.png
docs/domains/legacy/apirp2rd/COD/API-STD-2RD/Rev2/results/BurstPressure_IP_OP_Files/Burst_Pressure_OD_12p75_CA0p236.png	26430dec208b370549bf6d9f198a365750dd57ed1bf6a9559bc13c8c0bfe3f9a	489521	blobs/sha256/26/26430dec208b370549bf6d9f198a365750dd57ed1bf6a9559bc13c8c0bfe3f9a.png
docs/domains/legacy/apirp2rd/COD/API-STD-2RD/Rev2/results/BurstPressure_IP_OP_Files/Burst_Pressure_OD_14_CA0p118.png	e20fd7b1fad58b4010abbe05c247ac540f62373956a3fb7d4a325eebee4def5e	478972	blobs/sha256/e2/e20fd7b1fad58b4010abbe05c247ac540f62373956a3fb7d4a325eebee4def5e.png
docs/domains/legacy/apirp2rd/COD/API-STD-2RD/Rev2/results/BurstPressure_IP_OP_Files/Burst_Pressure_OD_14_CA0p236.png	f1dd6a5e674be198542ba4302cdaa4e28928557997a49fa6245c9d6bae7ed0e9	482605	blobs/sha256/f1/f1dd6a5e674be198542ba4302cdaa4e28928557997a49fa6245c9d6bae7ed0e9.png
docs/domains/legacy/apirp2rd/COD/API-STD-2RD/Rev2/results/BurstPressure_IP_OP_Files/Burst_Pressure_OD_16_CA0p118.png	f1d2bb01d0c47d110e76a500f478016fb1d49bc2242ce8a74273faf0493379dd	472772	blobs/sha256/f1/f1d2bb01d0c47d110e76a500f478016fb1d49bc2242ce8a74273faf0493379dd.png
docs/domains/legacy/apirp2rd/COD/API-STD-2RD/Rev2/results/BurstPressure_IP_OP_Files/Burst_Pressure_OD_16_CA0p236.png	f14b881d372066d6d7685fb5666e2370177d8a61d0971f42a63de8ce4f5da5c3	479134	blobs/sha256/f1/f14b881d372066d6d7685fb5666e2370177d8a61d0971f42a63de8ce4f5da5c3.png
docs/domains/legacy/apirp2rd/COD/API-STD-2RD/Rev2/results/Burst_Pressure_OD_10p75_CA0p118.png	8fa74efc8a63bc5c71399b9ad45d79801536bc700ec996d6ae1371da084af3ea	467453	blobs/sha256/8f/8fa74efc8a63bc5c71399b9ad45d79801536bc700ec996d6ae1371da084af3ea.png
docs/domains/legacy/apirp2rd/COD/API-STD-2RD/Rev2/results/Burst_Pressure_OD_10p75_CA0p236.png	334ac8d6d77feb179eaf06b5c8aa527e368f732ad4ab15ccf9ad93deca953120	477342	blobs/sha256/33/334ac8d6d77feb179eaf06b5c8aa527e368f732ad4ab15ccf9ad93deca953120.png
docs/domains/legacy/apirp2rd/COD/API-STD-2RD/Rev2/results/Burst_Pressure_OD_11p75_CA0p118.png	15e2bc6abb14bb2f6dbf025f6ed2c1e82903fef487713d64b689a4186c9b4860	470419	blobs/sha256/15/15e2bc6abb14bb2f6dbf025f6ed2c1e82903fef487713d64b689a4186c9b4860.png
docs/domains/legacy/apirp2rd/COD/API-STD-2RD/Rev2/results/Burst_Pressure_OD_11p75_CA0p236.png	5df73a571615e22f8a1f39a59780abdbccc0d5c1a56c8565e5a407a60c5d0d77	477399	blobs/sha256/5d/5df73a571615e22f8a1f39a59780abdbccc0d5c1a56c8565e5a407a60c5d0d77.png
docs/domains/legacy/apirp2rd/COD/API-STD-2RD/Rev2/results/Burst_Pressure_OD_12p75_CA0p118.png	f4f1aed0717a5956505a5c8cf40c4e89cbccf73232b9b2b5b57a4cacbacf934e	479525	blobs/sha256/f4/f4f1aed0717a5956505a5c8cf40c4e89cbccf73232b9b2b5b57a4cacbacf934e.png
docs/domains/legacy/apirp2rd/COD/API-STD-2RD/Rev2/results/Burst_Pressure_OD_12p75_CA0p236.png	bbed505828341bfeda76e40af1686b19f03a53e55cad8a1a4b2b7e83d062fb22	486362	blobs/sha256/bb/bbed505828341bfeda76e40af1686b19f03a53e55cad8a1a4b2b7e83d062fb22.png
docs/domains/legacy/apirp2rd/COD/API-STD-2RD/Rev2/results/Burst_Pressure_OD_14_CA0p118.png	58c5012828e3678d087ba5b0e268551ac9b4777c37a80c6dfea5a20f9d8fd463	481433	blobs/sha256/58/58c5012828e3678d087ba5b0e268551ac9b4777c37a80c6dfea5a20f9d8fd463.png
docs/domains/legacy/apirp2rd/COD/API-STD-2RD/Rev2/results/Burst_Pressure_OD_14_CA0p236.png	484b08d807a459238138316e22871aa173db934dfdd150f452ab8dbad59f058b	485107	blobs/sha256/48/484b08d807a459238138316e22871aa173db934dfdd150f452ab8dbad59f058b.png
docs/domains/legacy/apirp2rd/COD/API-STD-2RD/Rev2/results/Burst_Pressure_OD_16_CA0p118.png	db14e7d69f9952e29b069de16903dca3a28e2aac33ad385c3f0cf01bdad08aef	477661	blobs/sha256/db/db14e7d69f9952e29b069de16903dca3a28e2aac33ad385c3f0cf01bdad08aef.png
docs/domains/legacy/apirp2rd/COD/API-STD-2RD/Rev2/results/Burst_Pressure_OD_16_CA0p236.png	468a98d76b60ef2ecc396679052e0f0ca5da45bf9a8d90e9f5c9d06072c058dd	481277	blobs/sha256/46/468a98d76b60ef2ecc396679052e0f0ca5da45bf9a8d90e9f5c9d06072c058dd.png
docs/domains/legacy/apirp2rd/COD/API-STD-2RD/Rev2/results/Burst_Pressure_OD_16p2_CA0p236.png	d5e2ee475fb4d94fc50d5b650dc16dfca4f13a69e97ff92e17026683e26512d1	439124	blobs/sha256/d5/d5e2ee475fb4d94fc50d5b650dc16dfca4f13a69e97ff92e17026683e26512d1.png
docs/domains/legacy/apirp2rd/COD/API-STD-2RD/Rev2/results/Method1_OD_10p75.png	bb7ad8cec246378e15777184a21d70ef9ce1de113393349e7931d4ff19fce66e	831535	blobs/sha256/bb/bb7ad8cec246378e15777184a21d70ef9ce1de113393349e7931d4ff19fce66e.png
docs/domains/legacy/apirp2rd/COD/API-STD-2RD/Rev2/results/Method1_OD_11p75.png	076d809e6b98cbda5c2a13e08ac4aa2fc756c1f06e9c5f0aa06531734f881720	947161	blobs/sha256/07/076d809e6b98cbda5c2a13e08ac4aa2fc756c1f06e9c5f0aa06531734f881720.png
docs/domains/legacy/apirp2rd/COD/API-STD-2RD/Rev2/results/Method1_OD_12.png	d43f5e17a6953c5eaa71075bf8d5d2af1a148f53a388c7a44f2c11c25d710102	865084	blobs/sha256/d4/d43f5e17a6953c5eaa71075bf8d5d2af1a148f53a388c7a44f2c11c25d710102.png
docs/domains/legacy/apirp2rd/COD/API-STD-2RD/Rev2/results/Method1_OD_12_10000.png	34aa24941dfc10e382acd33f6150c8e78667dd0f208f94384e37369956e3f390	778485	blobs/sha256/34/34aa24941dfc10e382acd33f6150c8e78667dd0f208f94384e37369956e3f390.png
docs/domains/legacy/apirp2rd/COD/API-STD-2RD/Rev2/results/Method1_OD_12_750.png	09d3880a417cedf4e05c8ba73b434bccde58c3551a032d6c6a6a77ef9da9af80	830116	blobs/sha256/09/09d3880a417cedf4e05c8ba73b434bccde58c3551a032d6c6a6a77ef9da9af80.png
docs/domains/legacy/apirp2rd/COD/API-STD-2RD/Rev2/results/Method1_OD_12p75.png	9ccf7c040398c23fca59e9f963052eddbbf6cd14aa1d91c7f808020061ad9564	832335	blobs/sha256/9c/9ccf7c040398c23fca59e9f963052eddbbf6cd14aa1d91c7f808020061ad9564.png
docs/domains/legacy/apirp2rd/COD/API-STD-2RD/Rev2/results/Method1_OD_14.png	674c686fdcc4e82905c61865b2d4efd3db985d2404dcad4857f5bf68f8e2b978	826700	blobs/sha256/67/674c686fdcc4e82905c61865b2d4efd3db985d2404dcad4857f5bf68f8e2b978.png
docs/domains/legacy/apirp2rd/COD/API-STD-2RD/Rev2/results/Method1_OD_16.png	3ccea0be99b334f74f2503fbbedbacfcfb138a2b0b152ae5ec9bc48d4e697210	645825	blobs/sha256/3c/3ccea0be99b334f74f2503fbbedbacfcfb138a2b0b152ae5ec9bc48d4e697210.png
docs/domains/legacy/apirp2rd/COD/API-STD-2RD/Rev2/results/Method1_OD_{0}_750.png	3d8ffc46948145dace927a4887eda6d8452a86fe9cc620bd6049babdc5f0d3c4	833839	blobs/sha256/3d/3d8ffc46948145dace927a4887eda6d8452a86fe9cc620bd6049babdc5f0d3c4.png
docs/domains/legacy/apirp2rd/COD/superseded/GSY/BurstPressure With Thickness_US_ID.png	a0cad7d5cc7bda9c079df011fa52b01c633e515ff73b5957031aa206ac3a82db	390051	blobs/sha256/a0/a0cad7d5cc7bda9c079df011fa52b01c633e515ff73b5957031aa206ac3a82db.png
docs/domains/legacy/apirp2rd/COD/superseded/GSY/BurstPressure With Thickness_US_OD.png	22ac58274e1bc59387eef952e4b4d2013aa5d11f374699dce682e9459977556d	464217	blobs/sha256/22/22ac58274e1bc59387eef952e4b4d2013aa5d11f374699dce682e9459977556d.png
docs/domains/legacy/apirp2rd/COD/superseded/GSY/CollapsePressureWithThickness_US_ID.png	6d6cd7d6eed0c6ba0be5aa877863202acf4dea0b2aff4fa9de18bc934221bdcf	506836	blobs/sha256/6d/6d6cd7d6eed0c6ba0be5aa877863202acf4dea0b2aff4fa9de18bc934221bdcf.png
docs/domains/legacy/apirp2rd/COD/superseded/Tension vs Moment2.png	fcd969b39205b4dcab6fa4fc6021f8524de119ddadd54fb8454f96d41e6f3494	489240	blobs/sha256/fc/fcd969b39205b4dcab6fa4fc6021f8524de119ddadd54fb8454f96d41e6f3494.png
docs/domains/legacy/apirp2rd/COD/superseded/TensionvsMoment.png	e1515882a7ac315d42322a8e5fe1d2ed8074140dfccc4af35b39d59ddf003f89	518828	blobs/sha256/e1/e1515882a7ac315d42322a8e5fe1d2ed8074140dfccc4af35b39d59ddf003f89.png
docs/domains/legacy/apirp2rd/MAN/0119-001 MAN-0001-01 Pipe Capacity & Utilization (Draft1).docx	6235a79e12870a01368ceba13bd0806b5833969d16ebb34070e9393799aecd2e	2213190	blobs/sha256/62/6235a79e12870a01368ceba13bd0806b5833969d16ebb34070e9393799aecd2e.docx
docs/domains/legacy/apirp2rd/MAN/0119-001 MAN-0001-01 Pipe Capacity & Utilization (Draft2).docx	957f91046b8537c5d7b607a948d451954a52134b5bea965a1c6c3cf42791abd7	2209682	blobs/sha256/95/957f91046b8537c5d7b607a948d451954a52134b5bea965a1c6c3cf42791abd7.docx
docs/domains/legacy/apirp2rd/MAN/0119-001 MAN-0002-01 Data Definitions (Draft1).docx	290016d83aee8c4ea50fec03b91b6e2a7799031111c2274bf05420d49c443f1d	175462	blobs/sha256/29/290016d83aee8c4ea50fec03b91b6e2a7799031111c2274bf05420d49c443f1d.docx
docs/domains/legacy/apirp2rd/PRE/0119-001 PRE-0001-01 APIRP2RD (Draft1).pptx	0bd2880ee0b1706e9d719a793e0370409bd328e1183ee61a90c3ad7a66919ec9	745314	blobs/sha256/0b/0bd2880ee0b1706e9d719a793e0370409bd328e1183ee61a90c3ad7a66919ec9.pptx
docs/domains/legacy/apirp2rd/PRE/0119-001 PRE-0001-01 API_STD_2RD Methods  (Draft1).pptx	ac91a22875b3f3b895a9b2aa931a4135dcb3def358fd6babb779095e0159d333	4765382	blobs/sha256/ac/ac91a22875b3f3b895a9b2aa931a4135dcb3def358fd6babb779095e0159d333.pptx
docs/domains/legacy/apirp2rd/PRE/0119-001 PRE-0001-01 PipeStress (Draft1).pptx	e233cebda7c6975408646c6386c007705f76949bc3dfa3156cb54648a8b7be24	88841	blobs/sha256/e2/e233cebda7c6975408646c6386c007705f76949bc3dfa3156cb54648a8b7be24.pptx
docs/domains/legacy/apirp2rd/PRE/0119-001 PRE-0001-01 VM Stress (Draft1).pptx	86cff141c48e8ed944d471221887cec7a9804da5434b246c586b2046de820ba0	286952	blobs/sha256/86/86cff141c48e8ed944d471221887cec7a9804da5434b246c586b2046de820ba0.pptx
docs/domains/legacy/apirp2rd/PRE/0119-PRE-0002-01 yaml Flowcharts (Draft1).pptx	e080cd8be8787d3010c40a7a8030c26e26220b5a6b4a29b80bb39d9bfef0750c	66993	blobs/sha256/e0/e080cd8be8787d3010c40a7a8030c26e26220b5a6b4a29b80bb39d9bfef0750c.pptx
docs/domains/legacy/apirp2rd/Ref/VMStress_ExampleVisualization.PNG	bc96d3b6178fceb1b0705b82ea787b10c4c9724a8df2a32fe4e6b00c032164eb	120359	blobs/sha256/bc/bc96d3b6178fceb1b0705b82ea787b10c4c9724a8df2a32fe4e6b00c032164eb.png
docs/domains/legacy/apirp2rd/Ref/hand-calculations_ref.jpg	85f213f273e481c28cbfa88ebedadf6671e4bef6172c409aed40e55263a8bad4	1670752	blobs/sha256/85/85f213f273e481c28cbfa88ebedadf6671e4bef6172c409aed40e55263a8bad4.jpg
docs/domains/legacy/apirp2rd/superseded/0119-001 MAN-0001-01 VM Stress (Draft1).docx	fc1e191763247a162e2adcef51f6b8de997eb19d44c2a4e154e1fda5e459299a	912510	blobs/sha256/fc/fc1e191763247a162e2adcef51f6b8de997eb19d44c2a4e154e1fda5e459299a.docx
docs/domains/legacy/apirp2rd/superseded/Tension vs Moment.png	66bf38f23a7ed84dc38413eada9a33e012deb577d094a1d52141891587b07982	386922	blobs/sha256/66/66bf38f23a7ed84dc38413eada9a33e012deb577d094a1d52141891587b07982.png
docs/domains/legacy/apistd2rd/Results/API_STD_2RD/API_STD_2RD.png	0c75546e4bdf0eb48891e24b058c3aac2aad3d671c43e2f1db36e50af25b1136	815060	blobs/sha256/0c/0c75546e4bdf0eb48891e24b058c3aac2aad3d671c43e2f1db36e50af25b1136.png
docs/domains/legacy/apistd2rd/Results/API_STD_2RD/Burst_Pressure_OD_16_CA0p236.png	eb245f3659128ea7259c8084b48306707cb5c7a2c7abc583e0f0b1970add3ce6	481277	blobs/sha256/eb/eb245f3659128ea7259c8084b48306707cb5c7a2c7abc583e0f0b1970add3ce6.png
docs/domains/legacy/nl_stress/Non-Linear Stress Strain Cruve.png	57f39b0213bfc19077643a5a21fd2ff79dc9ebf6b952cb63fc63f9484a0dd1a7	26480	blobs/sha256/57/57f39b0213bfc19077643a5a21fd2ff79dc9ebf6b952cb63fc63f9484a0dd1a7.png
docs/domains/legacy/stackup_schematic/Rev2/testData/Riser Stack-up_3000ft.png	e21a1baf5665612c0a7777bb6bb12edb4c6bcc7a6e05a04a654dac55f982df55	4607	blobs/sha256/e2/e21a1baf5665612c0a7777bb6bb12edb4c6bcc7a6e05a04a654dac55f982df55.png
docs/domains/lighting/illimination_calculation.png	00b0313b1c6dff7890be623980157cedfc576da696a77846b366ac363a3664ef	62572	blobs/sha256/00/00b0313b1c6dff7890be623980157cedfc576da696a77846b366ac363a3664ef.png
docs/domains/lng/image.png	38f7d7d7a2059f99d8417ca5c8926c2d84529f1563e6d74694f1934ff3cfb020	121421	blobs/sha256/38/38f7d7d7a2059f99d8417ca5c8926c2d84529f1563e6d74694f1934ff3cfb020.png
docs/domains/metocean/downward_facing_radars_near_structures.jpg	af4306f01cde802be2a2c9e61c40cc9a2d9b4e2a8a55a8564351c9c96cb72081	48725	blobs/sha256/af/af4306f01cde802be2a2c9e61c40cc9a2d9b4e2a8a55a8564351c9c96cb72081.jpg
docs/domains/metocean/irregular_wave_analysis.jpeg	3280f2bd26399ac65879ff9595e957e89b27465845fbe36cb2616b14b2fe3a81	178499	blobs/sha256/32/3280f2bd26399ac65879ff9595e957e89b27465845fbe36cb2616b14b2fe3a81.jpeg
docs/domains/metocean/weather_operations.jpeg	807a0af2564ca918926c8c3402ad731823bc68a3e167ce0976fd40e842977ae3	66608	blobs/sha256/80/807a0af2564ca918926c8c3402ad731823bc68a3e167ce0976fd40e842977ae3.jpeg
docs/domains/modal-analysis/time_vs_frequency_domain.gif	0b671f4ffce685cb2300b3705557b6050c1b2797be59776b1f8b1c8b6a147816	3252818	blobs/sha256/0b/0b671f4ffce685cb2300b3705557b6050c1b2797be59776b1f8b1c8b6a147816.gif
docs/domains/offshore_installation/Offshore_Tow_Head.jpg	1e38157696102ff041b4784f2d45701af56d27b8f160ec4da4e001caa88b2fc6	229920	blobs/sha256/1e/1e38157696102ff041b4784f2d45701af56d27b8f160ec4da4e001caa88b2fc6.jpg
docs/domains/offshore_installation/heave_velocity vs. Product.jpg	1b4e74dc1eeb61e1a20bc9085d64d8d9b08db8f3395051cfbe526cdfce7a3538	448110	blobs/sha256/1b/1b4e74dc1eeb61e1a20bc9085d64d8d9b08db8f3395051cfbe526cdfce7a3538.jpg
docs/domains/offshore_installation/lifting_factor_for_structural_analysis.jpg	de8de1ad67b706d5caef32c18489cddb7e591584843e3ba98b255bf7be292cb8	87621	blobs/sha256/de/de8de1ad67b706d5caef32c18489cddb7e591584843e3ba98b255bf7be292cb8.jpg
docs/domains/offshore_installation/offshore_cranes.jpg	a0459ff71a86ce62f0e469d024c193d37b83ff4ca5e6b8b719113932d8c18f85	108501	blobs/sha256/a0/a0459ff71a86ce62f0e469d024c193d37b83ff4ca5e6b8b719113932d8c18f85.jpg
docs/domains/offshore_installation/spreader_bar.jpg	4e0944f3e9b844b4fc24af9b14baa89b4dbb81752ba3a99067ca0abbd0382bda	62190	blobs/sha256/4e/4e0944f3e9b844b4fc24af9b14baa89b4dbb81752ba3a99067ca0abbd0382bda.jpg
docs/domains/offshore_installation/structure_lowering_to_depth.jpg	42f756dcf3e6719ac767a6418555e80344862b623e8c451668c37c3fb70719b3	46412	blobs/sha256/42/42f756dcf3e6719ac767a6418555e80344862b623e8c451668c37c3fb70719b3.jpg
docs/domains/offshore_installation/tcp_jumper.jpg	0a16954ed01b42089cb2e2c6e5db33003b7492a1d77c7d801a480263f7c2d6a0	97101	blobs/sha256/0a/0a16954ed01b42089cb2e2c6e5db33003b7492a1d77c7d801a480263f7c2d6a0.jpg
docs/domains/openfoam/case_studies/wigleHull_LTS/coeffs_convergence.png	47dc7d416a8e9ca38ac2464508f30f09ce45339ba31b789ab480cb9e6db6d051	21302	blobs/sha256/47/47dc7d416a8e9ca38ac2464508f30f09ce45339ba31b789ab480cb9e6db6d051.png
docs/domains/openfoam/case_studies/wigleHull_LTS/u_end_simulation.png	85350f61b86f8aae3d6b1b14937c78ee9719a299acf905e2356d9a648db1814f	133181	blobs/sha256/85/85350f61b86f8aae3d6b1b14937c78ee9719a299acf905e2356d9a648db1814f.png
docs/domains/openfoam/user_manual/OpenFoam_case_structure.svg	5d40dbad3039e3352b71d195acd4560bd424fa6d73ad639ba80de32e3055d5ff	42671	blobs/sha256/5d/5d40dbad3039e3352b71d195acd4560bd424fa6d73ad639ba80de32e3055d5ff.svg
docs/domains/orcaflex/aqwa/to_orcaflex/image-2.png	5bf8b613ea53b4915f9a0968dfb24b3debabe0e67973ea7cedf2f9f8f79f1098	59203	blobs/sha256/5b/5bf8b613ea53b4915f9a0968dfb24b3debabe0e67973ea7cedf2f9f8f79f1098.png
docs/domains/orcaflex/aqwa/to_orcaflex/image-3.png	257ca0ec6825f2d2d35c609e355acda6083a8fb3f975d676a5f1ccb891f0a3e0	202010	blobs/sha256/25/257ca0ec6825f2d2d35c609e355acda6083a8fb3f975d676a5f1ccb891f0a3e0.png
docs/domains/orcaflex/aqwa/to_orcaflex/image.png	c9cc153a25fbe11660eea8fa9a0f146394763e32837aa25ee672e7b632a3f94c	57873	blobs/sha256/c9/c9cc153a25fbe11660eea8fa9a0f146394763e32837aa25ee672e7b632a3f94c.png
docs/domains/orcaflex/aqwa/to_orcaflex/multibody_test1/input/FST2L015_FST1L015_HWL.QTF	6e854e8c2a0488dbbc902b483a3646575db8e252c2df21026da2c5f750ee8cbb	49440791	blobs/sha256/6e/6e854e8c2a0488dbbc902b483a3646575db8e252c2df21026da2c5f750ee8cbb.qtf
docs/domains/orcaflex/aqwa/to_orcaflex/multibody_test1/input/FST2L015_FST1L015_HWL.dat	a6da343221b4ca0690e094e1ab5ed421a200a6453836822cc11c5d6d57a22204	2643250	blobs/sha256/a6/a6da343221b4ca0690e094e1ab5ed421a200a6453836822cc11c5d6d57a22204.dat
docs/domains/orcaflex/aqwa/to_orcaflex/multibody_test1/input/FST2L015_FST1L015_LWL.LIS	893d958ec6361edd904f3deb19df5c43917d1d3c50994886a2c716f77d670981	13272732	blobs/sha256/89/893d958ec6361edd904f3deb19df5c43917d1d3c50994886a2c716f77d670981.lis
docs/domains/orcaflex/aqwa/to_orcaflex/multibody_test1/input/FST2L015_FST1L015_LWL.QTF	9c99b94c02d4ffc8158912f057be9eca87d5e5ffdc9ffb3a2827583bed792abf	49440791	blobs/sha256/9c/9c99b94c02d4ffc8158912f057be9eca87d5e5ffdc9ffb3a2827583bed792abf.qtf
docs/domains/orcaflex/aqwa/to_orcaflex/multibody_test1/input/FST2L015_FST1L015_LWL.dat	569675149a63aa14ba44c29f60ca4420e153eefe90b7339f8a35cac4f1d42fde	2643250	blobs/sha256/56/569675149a63aa14ba44c29f60ca4420e153eefe90b7339f8a35cac4f1d42fde.dat
docs/domains/orcaflex/aqwa/to_orcaflex/multibody_test1/orcaflex/fsts_fst1_l015_fst2_l015_hwl.dat	472d7fbd7c6178dcdb0b26a190696e1573cabebccd8b88d919e454e1e8c3f836	36019580	blobs/sha256/47/472d7fbd7c6178dcdb0b26a190696e1573cabebccd8b88d919e454e1e8c3f836.dat
docs/domains/orcaflex/aqwa/to_orcaflex/multibody_test1/orcaflex/fsts_fst1_l015_fst2_l015_lwl.dat	765ae4270b2fda252290587c135e5dd0492d5ac682a6ebed9d417da2bd405e92	36019582	blobs/sha256/76/765ae4270b2fda252290587c135e5dd0492d5ac682a6ebed9d417da2bd405e92.dat
docs/domains/orcaflex/aqwa/to_orcaflex/multibody_test1/orcaflex/template_fsts_lngc.yml	83075bf2ac5718d61c3c48924981639b3b87ad88c39a43017a2b0ffa1efdb4e6	6937903	blobs/sha256/83/83075bf2ac5718d61c3c48924981639b3b87ad88c39a43017a2b0ffa1efdb4e6.yml
docs/domains/orcaflex/aqwa/to_orcaflex/no-sumfreq-data.png	598672713bbd951baa9e65fbcfc3520f758a35e0c01ab9e30cad85cf0d71b7b4	182234	blobs/sha256/59/598672713bbd951baa9e65fbcfc3520f758a35e0c01ab9e30cad85cf0d71b7b4.png
docs/domains/orcaflex/aqwa/to_orcawave/image-1.png	58aac5eb8e6eff95189bf10d85a93643045032d17dd33b861dbd3823ec9c6062	35791	blobs/sha256/58/58aac5eb8e6eff95189bf10d85a93643045032d17dd33b861dbd3823ec9c6062.png
docs/domains/orcaflex/aqwa/to_orcawave/image-2.png	7ef87d381454d2a7971580bd1b92b1d38f05f2748334768f078ce94ed7c14b76	55974	blobs/sha256/7e/7ef87d381454d2a7971580bd1b92b1d38f05f2748334768f078ce94ed7c14b76.png
docs/domains/orcaflex/aqwa/to_orcawave/image.png	5c8620253a9ad1d0441e727c757be238dd33340eb1962435d9138b59bb802ed3	16987	blobs/sha256/5c/5c8620253a9ad1d0441e727c757be238dd33340eb1962435d9138b59bb802ed3.png
docs/domains/orcaflex/aqwa/to_orcawave/multibody_test1/aqwa_input/AL_FST2F_FST1F_LWL.LIS	50dac998808253999a7ee5be2e39cf2c34fe3b04c047e79322e18401ea4978e2	12661554	blobs/sha256/50/50dac998808253999a7ee5be2e39cf2c34fe3b04c047e79322e18401ea4978e2.lis
docs/domains/orcaflex/aqwa/to_orcawave/multibody_test1/aqwa_input/AL_FST2F_FST1F_LWL.dat	435bd006f3b996f11ad02a61b5939881a9636c689b673944361f248dd1926693	2807845	blobs/sha256/43/435bd006f3b996f11ad02a61b5939881a9636c689b673944361f248dd1926693.dat
docs/domains/orcaflex/azimuth_gamma_for_vessel_orientation.png	826eee1dd8f8e0915609884ed4a41cbbc946b63e251fb6b8ba858ba299b6fa59	296066	blobs/sha256/82/826eee1dd8f8e0915609884ed4a41cbbc946b63e251fb6b8ba858ba299b6fa59.png
docs/domains/orcaflex/examples/model_library_report.html	1f4fde37c1d5967892c45eebc81d2bf8c1b45e98cfc57d9d809b30913eb410de	6107863	blobs/sha256/1f/1f4fde37c1d5967892c45eebc81d2bf8c1b45e98cfc57d9d809b30913eb410de.html
docs/domains/orcaflex/examples/modular/K06/K06 FPV array/includes/07_lines.yml	58f1ba16e66483156a5c981416d465a5e8bce1975e5d522a0acecec588fd7c0c	1448210	blobs/sha256/58/58f1ba16e66483156a5c981416d465a5e8bce1975e5d522a0acecec588fd7c0c.yml
docs/domains/orcaflex/examples/modular/K06/K06 FPV array/includes/08_buoys.yml	1878275053c9ac72642f1a9e81f09010e32bcd866a1dd829849a42f2ca94cd19	1537176	blobs/sha256/18/1878275053c9ac72642f1a9e81f09010e32bcd866a1dd829849a42f2ca94cd19.yml
docs/domains/orcaflex/examples/modular/L03/L03 Semi-sub multibody analysis/includes/04_vessel_types.yml	f2957dc4b0a6a3da8aff268d74ea74859458a0456f8ba84638d51f8085ac4bfe	2592741	blobs/sha256/f2/f2957dc4b0a6a3da8aff268d74ea74859458a0456f8ba84638d51f8085ac4bfe.yml
docs/domains/orcaflex/examples/modular/L04/L04 Sectional bodies/includes/01_general.yml	3dbe249a08e69534ec76fd6cfc1718f1cd42049a1e6f6b8dfef8764dcce286cc	2844492	blobs/sha256/3d/3dbe249a08e69534ec76fd6cfc1718f1cd42049a1e6f6b8dfef8764dcce286cc.yml
docs/domains/orcaflex/examples/modular/L04/L04 Sectional bodies/includes/04_vessel_types.yml	aa96bb963c35e5b8fa4fca3d7b300875ce02aa6fb9e0f7e165c75f6779dac291	3156517	blobs/sha256/aa/aa96bb963c35e5b8fa4fca3d7b300875ce02aa6fb9e0f7e165c75f6779dac291.yml
docs/domains/orcaflex/examples/modular/L05/L05 Panel pressures/includes/01_general.yml	fa49a305dbb28e046f8f551d873075eabacde1b262ed63fc65a001780241fbde	2844491	blobs/sha256/fa/fa49a305dbb28e046f8f551d873075eabacde1b262ed63fc65a001780241fbde.yml
docs/domains/orcaflex/examples/modular/L05/L05 Panel pressures/includes/04_vessel_types.yml	ff1882b21ba85058553702fcd703dc81970e422d55c3e6715c6d2c9f2e4f20c6	3156516	blobs/sha256/ff/ff1882b21ba85058553702fcd703dc81970e422d55c3e6715c6d2c9f2e4f20c6.yml
docs/domains/orcaflex/examples/yml/K03/K03 15MW semi-sub FOWT.yml	4076388d70d33d582cfd7565220885af8f1a8a6c4dcc2c6dd94804199c5b1daf	1618469	blobs/sha256/40/4076388d70d33d582cfd7565220885af8f1a8a6c4dcc2c6dd94804199c5b1daf.yml
docs/domains/orcaflex/examples/yml/K06/K06 FPV array.yml	c2520b88a545680272db99908826817329f0b1e9d02511fb0c7db6f74ab4bc3f	3354047	blobs/sha256/c2/c2520b88a545680272db99908826817329f0b1e9d02511fb0c7db6f74ab4bc3f.yml
docs/domains/orcaflex/examples/yml/L03/L03 Semi-sub multibody analysis.yml	afaf4842c94b9c2b4b4fbf760fd56ff69c02c6876bff9052b345be017c623031	2639419	blobs/sha256/af/afaf4842c94b9c2b4b4fbf760fd56ff69c02c6876bff9052b345be017c623031.yml
docs/domains/orcaflex/examples/yml/L04/L04 Sectional bodies.yml	34550a9669fc527a561763677335c78bbbc50f75d5ee11e0a0d014c11edbc37d	4957375	blobs/sha256/34/34550a9669fc527a561763677335c78bbbc50f75d5ee11e0a0d014c11edbc37d.yml
docs/domains/orcaflex/examples/yml/L05/L05 Panel pressures.yml	e6195a1262e9e1ce21cdb57ccab0e86d0320cb8f33758c49fad320cd89c49455	4957374	blobs/sha256/e6/e6195a1262e9e1ce21cdb57ccab0e86d0320cb8f33758c49fad320cd89c49455.yml
docs/domains/orcaflex/installation-report-reproduction.html	a3081371ed395c660bb69f03b3d942c65f4aa33c2dccd074c2a016865e5eb3b5	4172	blobs/sha256/a3/a3081371ed395c660bb69f03b3d942c65f4aa33c2dccd074c2a016865e5eb3b5.html
docs/domains/orcaflex/installation-reproduction-review.html	7a6e2549b69b989e6e0ba86eb390d311aee4ac214579ed0c1e07ef2e4ab1d930	4057	blobs/sha256/7a/7a6e2549b69b989e6e0ba86eb390d311aee4ac214579ed0c1e07ef2e4ab1d930.html
docs/domains/orcaflex/installation-reproduction.html	0b2f97fd102fef133ae0698189849b70504073a81dd0099ca69411c6362d3bc4	3989	blobs/sha256/0b/0b2f97fd102fef133ae0698189849b70504073a81dd0099ca69411c6362d3bc4.html
docs/domains/orcaflex/installation-seastates.html	a1e8d15782b62e67b8cefab58e5b121e67c7a53f19514c571938c988d50569ff	4091	blobs/sha256/a1/a1e8d15782b62e67b8cefab58e5b121e67c7a53f19514c571938c988d50569ff.html
docs/domains/orcaflex/installation/manifold/region_a/monolithic/__01a_7Seas_08-10-2022.yml	574f9a0bb397d69331274ca8d5892d8ea94db10b2c4969f0b3a2007ddd22e013	1045522	blobs/sha256/57/574f9a0bb397d69331274ca8d5892d8ea94db10b2c4969f0b3a2007ddd22e013.yml
docs/domains/orcaflex/installation/manifold/region_a/monolithic/__01a_iv02_SSRAO_Rev2_manual_copy.yml	7b73df0b4ddc36e3085eedae5fe7d774fead616f6cc5fcfca82ec1c66b1a14de	12191320	blobs/sha256/7b/7b73df0b4ddc36e3085eedae5fe7d774fead616f6cc5fcfca82ec1c66b1a14de.yml
docs/domains/orcaflex/installation/manifold/region_a/spec.yml	4e7ca72a1a035d63d742c9f36fab8b77068a502e38e5730256e168d69933d094	1973122	blobs/sha256/4e/4e7ca72a1a035d63d742c9f36fab8b77068a502e38e5730256e168d69933d094.yml
docs/domains/orcaflex/jack_up/jack_up_weather_conditions.png	6e3b4778849776e6003c85af1f38cb365f6aa7142549eb9d034430bba5136144	61856	blobs/sha256/6e/6e3b4778849776e6003c85af1f38cb365f6aa7142549eb9d034430bba5136144.png
docs/domains/orcaflex/jumper/jumper_installation.jpeg	478553e57ccad6d5909ff7433294ff6f5ca05038afecd7ad020623fd4e47f04d	41069	blobs/sha256/47/478553e57ccad6d5909ff7433294ff6f5ca05038afecd7ad020623fd4e47f04d.jpeg
docs/domains/orcaflex/jumper/manifold_to_plet/spec.yml	d07e9ef3f2b6741264df4bb4a23bd94e2cbcf654c3732c911af44c80a8484de8	1301445	blobs/sha256/d0/d07e9ef3f2b6741264df4bb4a23bd94e2cbcf654c3732c911af44c80a8484de8.yml
docs/domains/orcaflex/jumper/rigid_jumper_analysis.jpg	669eeeba1473fa5041142ca2c5514556d895d56c372b7285ff758cf733268660	358011	blobs/sha256/66/669eeeba1473fa5041142ca2c5514556d895d56c372b7285ff758cf733268660.jpg
docs/domains/orcaflex/jumper/sut_mm/resonance/spec.yml	31ee4dacfa42b7edcf9fd241041be42ef04d8bada944d22f9cd59915d8ec127b	1199029	blobs/sha256/31/31ee4dacfa42b7edcf9fd241041be42ef04d8bada944d22f9cd59915d8ec127b.yml
docs/domains/orcaflex/library/model_library/k03_15mw_semi_sub_fowt/modular/includes/20_generic_objects.yml	bbace1dd049697993901f7e9ec59b4e3a87a8c7c10b454a78826855c9a90c710	1941212	blobs/sha256/bb/bbace1dd049697993901f7e9ec59b4e3a87a8c7c10b454a78826855c9a90c710.yml
docs/domains/orcaflex/library/model_library/k03_15mw_semi_sub_fowt/monolithic/K03 15MW semi-sub FOWT.yml	3e45d0a1badaf61d325b660786c45b9beb4a55efe58b971e13194140f98a5f5a	1618508	blobs/sha256/3e/3e45d0a1badaf61d325b660786c45b9beb4a55efe58b971e13194140f98a5f5a.yml
docs/domains/orcaflex/library/model_library/k03_15mw_semi_sub_fowt/spec.yml	cd977efa3f89110545a3bc1de430e1b39b0a4cff46be70ef7d2204c81a229316	2370704	blobs/sha256/cd/cd977efa3f89110545a3bc1de430e1b39b0a4cff46be70ef7d2204c81a229316.yml
docs/domains/orcaflex/library/model_library/l03_semi_sub_multibody_analysis/modular/includes/20_generic_objects.yml	ea04d4fad876cb23e05439dd14013ee80a03bff4478766d49b17f35e063d09e5	3418660	blobs/sha256/ea/ea04d4fad876cb23e05439dd14013ee80a03bff4478766d49b17f35e063d09e5.yml
docs/domains/orcaflex/library/model_library/l03_semi_sub_multibody_analysis/monolithic/L03 Semi-sub multibody analysis.yml	554c1a573fe482e1fd5baf3553983d8e9c6c75d4536f61cce2642c2e9e4ae66e	2639467	blobs/sha256/55/554c1a573fe482e1fd5baf3553983d8e9c6c75d4536f61cce2642c2e9e4ae66e.yml
docs/domains/orcaflex/library/model_library/l04_sectional_bodies/modular/includes/20_generic_objects.yml	4894442aef7530ff287329b7826cc5708fb98c9978dcea3afa26033a452ca7f7	6379549	blobs/sha256/48/4894442aef7530ff287329b7826cc5708fb98c9978dcea3afa26033a452ca7f7.yml
docs/domains/orcaflex/library/model_library/l04_sectional_bodies/monolithic/L04 Sectional bodies.yml	534354cbc6e1056919b62190ce9259d6004ac147f3df129ccd1ca4c6b72431d7	4957412	blobs/sha256/53/534354cbc6e1056919b62190ce9259d6004ac147f3df129ccd1ca4c6b72431d7.yml
docs/domains/orcaflex/library/model_library/l05_panel_pressures/modular/includes/20_generic_objects.yml	4894442aef7530ff287329b7826cc5708fb98c9978dcea3afa26033a452ca7f7	6379549	blobs/sha256/48/4894442aef7530ff287329b7826cc5708fb98c9978dcea3afa26033a452ca7f7.yml
docs/domains/orcaflex/library/model_library/l05_panel_pressures/monolithic/L05 Panel pressures.yml	b30a06281dca749ba9b079946d841c1dc9713c0891df7c7201beee58325aceb9	4957410	blobs/sha256/b3/b30a06281dca749ba9b079946d841c1dc9713c0891df7c7201beee58325aceb9.yml
docs/domains/orcaflex/library/model_library/l05_panel_pressures/spec.yml	7dd890c0dbf6aa8f04422fb79c4a12032366c249759f0ebe20c5a8c985b41283	7402152	blobs/sha256/7d/7dd890c0dbf6aa8f04422fb79c4a12032366c249759f0ebe20c5a8c985b41283.yml
docs/domains/orcaflex/library/tier2_fast/riser_mesh_sensitivity.html	28f5608fab558e64c76c0c47c013279364a0cb289f8efdf7a226d5d0f56bd168	476512	blobs/sha256/28/28f5608fab558e64c76c0c47c013279364a0cb289f8efdf7a226d5d0f56bd168.html
docs/domains/orcaflex/library/tier2_fast/riser_validation_report.html	8fc8707ee05db488d2beea3e08f3cd0d083b950dd3b41da2b670d79ddb0fbbae	128362	blobs/sha256/8f/8fc8707ee05db488d2beea3e08f3cd0d083b950dd3b41da2b670d79ddb0fbbae.html
docs/domains/orcaflex/library/tier2_fast/validation/riser_library_benchmark.html	6a50e0deafdefb928beb8ed481dc233e94e9d04019770890c0ec869d8d6424d9	12558	blobs/sha256/6a/6a50e0deafdefb928beb8ed481dc233e94e9d04019770890c0ec869d8d6424d9.html
docs/domains/orcaflex/library/tier2_fast/validation/riser_mesh_sensitivity.html	28f5608fab558e64c76c0c47c013279364a0cb289f8efdf7a226d5d0f56bd168	476512	blobs/sha256/28/28f5608fab558e64c76c0c47c013279364a0cb289f8efdf7a226d5d0f56bd168.html
docs/domains/orcaflex/library/tier2_fast/validation/riser_validation_report.html	8fc8707ee05db488d2beea3e08f3cd0d083b950dd3b41da2b670d79ddb0fbbae	128362	blobs/sha256/8f/8fc8707ee05db488d2beea3e08f3cd0d083b950dd3b41da2b670d79ddb0fbbae.html
docs/domains/orcaflex/misc/MRU&TurretModel.dat	9fb255c674cb507d5921f72f1a30dff51d0c105f94bd3b366fce1b53d83223d2	102985	blobs/sha256/9f/9fb255c674cb507d5921f72f1a30dff51d0c105f94bd3b366fce1b53d83223d2.dat
docs/domains/orcaflex/misc/MRU_Model.dat	5316dc4c099977c02f795ec1537cfe91a3ee4e842d23e09fd16c630d833822e5	95785	blobs/sha256/53/5316dc4c099977c02f795ec1537cfe91a3ee4e842d23e09fd16c630d833822e5.dat
docs/domains/orcaflex/misc/Turret_Model.dat	2a9ceeebf2e2c26a424ecec82baf0bb11ac64b618c3112f21a33dc24b28aee86	95785	blobs/sha256/2a/2a9ceeebf2e2c26a424ecec82baf0bb11ac64b618c3112f21a33dc24b28aee86.dat
docs/domains/orcaflex/mooring/buoy/mooring_with_buoys/10line-T25-3000sec.dat	9ca6be06c41a66e81cb2a6346456a3547b94cd0f4012a75d4bdfd5c54a5d7927	100790	blobs/sha256/9c/9ca6be06c41a66e81cb2a6346456a3547b94cd0f4012a75d4bdfd5c54a5d7927.dat
docs/domains/orcaflex/mooring/buoy/mooring_with_buoys/basedatawithbuoy.dat	821d711304ef71bc71f7713ab3ee3344b77914b2aa4c32ad7715028e56e64024	141903	blobs/sha256/82/821d711304ef71bc71f7713ab3ee3344b77914b2aa4c32ad7715028e56e64024.dat
docs/domains/orcaflex/mooring/buoy/mooring_with_buoys/basedatawithbuoy2.dat	485bba61c425e9117b6dd87143022faf93db7601ae0c55077904a1c0725e9983	226087	blobs/sha256/48/485bba61c425e9117b6dd87143022faf93db7601ae0c55077904a1c0725e9983.dat
docs/domains/orcaflex/mooring/buoy/spm-proj-1/.dat/CALMBuoy_Vessel_2Drafts.dat	bc5c24b5a2a2dfbf11805ac0d82679b25d3d13a3bd7f7428dbf66372bfcc4597	360922	blobs/sha256/bc/bc5c24b5a2a2dfbf11805ac0d82679b25d3d13a3bd7f7428dbf66372bfcc4597.dat
docs/domains/orcaflex/mooring/buoy/spm-proj-1/.dat/FH_CALMBuoy_100YR_IM_R1_D6.dat	d9faacb9b598f344147f279b03f2bfdde63b99879338e433206efd9d231fe38c	244426	blobs/sha256/d9/d9faacb9b598f344147f279b03f2bfdde63b99879338e433206efd9d231fe38c.dat
docs/domains/orcaflex/mooring/buoy/spm-proj-1/.dat/SH_CALMBuoy_100YR_IM_R1_D6.dat	8e2bc234a92bff228feb63fe99d94a8f2cac153916c9ca67cf00250713ddf6ff	252776	blobs/sha256/8e/8e2bc234a92bff228feb63fe99d94a8f2cac153916c9ca67cf00250713ddf6ff.dat
docs/domains/orcaflex/mooring/buoy/spm-proj-1/CALMBuoy_100YR_FM_R2_D1.dat	1733e69c0a1d7a29cbd6b918d8c479095315dfd6a04af3700b94b6ed9d00e16a	81291	blobs/sha256/17/1733e69c0a1d7a29cbd6b918d8c479095315dfd6a04af3700b94b6ed9d00e16a.dat
docs/domains/orcaflex/mooring/buoy/spm-proj-1/CALMBuoy_100YR_IM_R1_D6.dat	4fde3696595f7681d8e9da7f95b5795f6e549922973ef88f86de2e69232eb017	88502	blobs/sha256/4f/4fde3696595f7681d8e9da7f95b5795f6e549922973ef88f86de2e69232eb017.dat
docs/domains/orcaflex/mooring/buoy/spm-proj-1/CALMBuoy_1YR_FM_BAL_R2_D2.dat	bf307a8a7a234a39478e7c99e999ed8d224b660ba313b090e6d414f4ba1bfe13	231957	blobs/sha256/bf/bf307a8a7a234a39478e7c99e999ed8d224b660ba313b090e6d414f4ba1bfe13.dat
docs/domains/orcaflex/mooring/buoy/spm-proj-1/CALMBuoy_1YR_FM_FUL_R2_D3.dat	9e2fab80cee00b679ae5984aa2325ca4040b8492153a7a76a9e0a7c369ce6ac2	232024	blobs/sha256/9e/9e2fab80cee00b679ae5984aa2325ca4040b8492153a7a76a9e0a7c369ce6ac2.dat
docs/domains/orcaflex/mooring/buoy/spm-proj-1/FH_100YR_IM_Dir3_R1_D6.dat	4d532af7c02c556244cd4a6a04db7c9cfaea918d83f7fdd8fcffa2eb43a80510	243509	blobs/sha256/4d/4d532af7c02c556244cd4a6a04db7c9cfaea918d83f7fdd8fcffa2eb43a80510.dat
docs/domains/orcaflex/mooring/buoy/spm-proj-1/FH_CALMBuoy_100YR_IM_R1_D6.dat	d9faacb9b598f344147f279b03f2bfdde63b99879338e433206efd9d231fe38c	244426	blobs/sha256/d9/d9faacb9b598f344147f279b03f2bfdde63b99879338e433206efd9d231fe38c.dat
docs/domains/orcaflex/mooring/buoy/spm-proj-1/FH_CALMBuoy_1YR_FM_FUL_R1_D3.dat	86be1864f86822d283f552ab9160700a689fcffe874b1ea93b9234c71c9c8854	495440	blobs/sha256/86/86be1864f86822d283f552ab9160700a689fcffe874b1ea93b9234c71c9c8854.dat
docs/domains/orcaflex/mooring/buoy/spm-proj-1/FH_CALMBuoy_1YR_IM_FUL_R1_D3.dat	4aea6854cfc5a2e3546170a864d812c86b3532fb648e5231553a3e1406db6a62	489835	blobs/sha256/4a/4aea6854cfc5a2e3546170a864d812c86b3532fb648e5231553a3e1406db6a62.dat
docs/domains/orcaflex/mooring/buoy/spm-proj-1/calm_floating_hose.dat	9f642077e0dedfbdbdba22c6ee4f5995020bd09467f17a841703ee72ced9e609	2911058	blobs/sha256/9f/9f642077e0dedfbdbdba22c6ee4f5995020bd09467f17a841703ee72ced9e609.dat
docs/domains/orcaflex/mooring/buoy/spm-proj-2/.dat/BaseModel.dat	e9a174026811794e5fd0a3fa4c1c459e8e8f5f48d7d3af1f9e877de42b65fc28	550607	blobs/sha256/e9/e9a174026811794e5fd0a3fa4c1c459e8e8f5f48d7d3af1f9e877de42b65fc28.dat
docs/domains/orcaflex/mooring/buoy/spm-proj-2/.dat/CALMBuoy_100YR_FM_R1_D1.dat	2e0ee6083798b2bb40531c1a8446d8e9ed73ba17dbf9531c278297c49214d7ad	80978	blobs/sha256/2e/2e0ee6083798b2bb40531c1a8446d8e9ed73ba17dbf9531c278297c49214d7ad.dat
docs/domains/orcaflex/mooring/buoy/spm-proj-2/.dat/CALMBuoy_100YR_FM_R2_D1.dat	1733e69c0a1d7a29cbd6b918d8c479095315dfd6a04af3700b94b6ed9d00e16a	81291	blobs/sha256/17/1733e69c0a1d7a29cbd6b918d8c479095315dfd6a04af3700b94b6ed9d00e16a.dat
docs/domains/orcaflex/mooring/buoy/spm-proj-2/.dat/CALMBuoy_100YR_IM_R1_D6.dat	4fde3696595f7681d8e9da7f95b5795f6e549922973ef88f86de2e69232eb017	88502	blobs/sha256/4f/4fde3696595f7681d8e9da7f95b5795f6e549922973ef88f86de2e69232eb017.dat
docs/domains/orcaflex/mooring/buoy/spm-proj-2/.dat/CALMBuoy_1YR_FM_BAL_R1_D2.dat	d6449555a365e2e142d01de6f619b05b3531bb37cf83431cbf2e77f2decd6de3	236829	blobs/sha256/d6/d6449555a365e2e142d01de6f619b05b3531bb37cf83431cbf2e77f2decd6de3.dat
docs/domains/orcaflex/mooring/buoy/spm-proj-2/.dat/CALMBuoy_1YR_FM_BAL_R2_D2.dat	bf307a8a7a234a39478e7c99e999ed8d224b660ba313b090e6d414f4ba1bfe13	231957	blobs/sha256/bf/bf307a8a7a234a39478e7c99e999ed8d224b660ba313b090e6d414f4ba1bfe13.dat
docs/domains/orcaflex/mooring/buoy/spm-proj-2/.dat/CALMBuoy_1YR_FM_FUL_R1_D3.dat	e7ac66e7d860d503263239bb07c30073ee625340b8538139e9cc7469b57f33a3	236872	blobs/sha256/e7/e7ac66e7d860d503263239bb07c30073ee625340b8538139e9cc7469b57f33a3.dat
docs/domains/orcaflex/mooring/buoy/spm-proj-2/.dat/CALMBuoy_1YR_FM_FUL_R2_D3.dat	9e2fab80cee00b679ae5984aa2325ca4040b8492153a7a76a9e0a7c369ce6ac2	232024	blobs/sha256/9e/9e2fab80cee00b679ae5984aa2325ca4040b8492153a7a76a9e0a7c369ce6ac2.dat
docs/domains/orcaflex/mooring/buoy/spm-proj-2/.dat/CALMBuoy_1YR_IM_BAL_R1_D2.dat	54b290edadfb596ba9a00fa63e02e7df94e788f7512e444dff35a253a3a407c4	244401	blobs/sha256/54/54b290edadfb596ba9a00fa63e02e7df94e788f7512e444dff35a253a3a407c4.dat
docs/domains/orcaflex/mooring/buoy/spm-proj-2/.dat/CALMBuoy_1YR_IM_BAL_R2_D2.dat	c0f2bc69bdd4b5d2dc78a63a9bff9e1d47bb26627e7364a2249d2c425c6eb385	239442	blobs/sha256/c0/c0f2bc69bdd4b5d2dc78a63a9bff9e1d47bb26627e7364a2249d2c425c6eb385.dat
docs/domains/orcaflex/mooring/buoy/spm-proj-2/.dat/CALMBuoy_1YR_IM_FUL_R1_D3.dat	b880fc64e30afe9cca792945cffc9355195614fd70c025766ad3fe1f9899d1b1	244408	blobs/sha256/b8/b880fc64e30afe9cca792945cffc9355195614fd70c025766ad3fe1f9899d1b1.dat
docs/domains/orcaflex/mooring/buoy/spm-proj-2/.dat/CALMBuoy_1YR_IM_FUL_R2_D3.dat	da80223ebac0f9803b0b834abef748c08fcdd082775fbdda2e2a14b31ebcde3d	239442	blobs/sha256/da/da80223ebac0f9803b0b834abef748c08fcdd082775fbdda2e2a14b31ebcde3d.dat
docs/domains/orcaflex/mooring/drillship-riser/SV_WD_98_80%T updated.dat	3ce0ae42d15f9e059cd2e0e7d4def8f597f2584aaa3d5a82e3e002d2d8f5122c	361891	blobs/sha256/3c/3ce0ae42d15f9e059cd2e0e7d4def8f597f2584aaa3d5a82e3e002d2d8f5122c.dat
docs/domains/orcaflex/mooring/drillship-riser/SV_WD_98_80%T.dat	a140e748b0838a59b375bb4dff514cc9be4bb648f95e5e9e64652da4fdcedb05	286540	blobs/sha256/a1/a140e748b0838a59b375bb4dff514cc9be4bb648f95e5e9e64652da4fdcedb05.dat
docs/domains/orcaflex/mooring/feeding_mooring_line.yml	5091eac75839b332fac036c34fd33a828411cff44bddc13c30280642213c0c45	3081310	blobs/sha256/50/5091eac75839b332fac036c34fd33a828411cff44bddc13c30280642213c0c45.yml
docs/domains/orcaflex/mooring/reference/monolithic/S01_nIV_nLine_va.yml	13bc0e594d2694213a606b398cbc711cd013c266d309200ab85d7727df077ac6	3085972	blobs/sha256/13/13bc0e594d2694213a606b398cbc711cd013c266d309200ab85d7727df077ac6.yml
docs/domains/orcaflex/mooring/semi/mooring_optimization/SS_Off_0_12P.dat	e7739135eebf1b7a8aa46630a290d4e2d7810bc9bd0aff3cdc4ee9f4b2d07e83	576962	blobs/sha256/e7/e7739135eebf1b7a8aa46630a290d4e2d7810bc9bd0aff3cdc4ee9f4b2d07e83.dat
docs/domains/orcaflex/mooring/semi/mooring_optimization/SS_Off_0_8P.dat	526990a431a6d5e2aa85846fba01908094636dffc45e642e77424d3fbb2525ed	498098	blobs/sha256/52/526990a431a6d5e2aa85846fba01908094636dffc45e642e77424d3fbb2525ed.dat
docs/domains/orcaflex/mooring/semi/mooring_optimization/SS_Off_0_All_12P.dat	f904f15710dc6b7b00ef151517112d132e439876bdbcaf55049f8eb7a9ed89f5	575436	blobs/sha256/f9/f904f15710dc6b7b00ef151517112d132e439876bdbcaf55049f8eb7a9ed89f5.dat
docs/domains/orcaflex/mooring/semi/mooring_optimization/SS_Off_0_All_8P.dat	b845fcca7285a01f25f88321900de9be9a358a5187b7fe01b875259554ddad0f	497683	blobs/sha256/b8/b845fcca7285a01f25f88321900de9be9a358a5187b7fe01b875259554ddad0f.dat
docs/domains/orcaflex/mooring/semi/mooring_optimization/SS_Off_0_Current_12P.dat	474655b5dd2cd21feac2b159e4b6763d38ac525717d29a84291939e221b68b55	575438	blobs/sha256/47/474655b5dd2cd21feac2b159e4b6763d38ac525717d29a84291939e221b68b55.dat
docs/domains/orcaflex/mooring/semi/mooring_optimization/SS_Off_0_Current_8P.dat	642d4f557dd04bc83f902d1aef28bf3cd0ce2c7f51e3be56e4d72bc02734df57	497685	blobs/sha256/64/642d4f557dd04bc83f902d1aef28bf3cd0ce2c7f51e3be56e4d72bc02734df57.dat
docs/domains/orcaflex/mooring/semi/mooring_optimization/SS_Off_0_None_12P.dat	97d1e1d69aba04aaa21aec003eee3d84c6cd47b219672164e16d3aaab0815452	575436	blobs/sha256/97/97d1e1d69aba04aaa21aec003eee3d84c6cd47b219672164e16d3aaab0815452.dat
docs/domains/orcaflex/mooring/semi/mooring_optimization/SS_Off_0_None_8P.dat	19b7413f6dc9f2102926aeff68312913a525ea9e7590aa88c4b09ff33310a2d0	497684	blobs/sha256/19/19b7413f6dc9f2102926aeff68312913a525ea9e7590aa88c4b09ff33310a2d0.dat
docs/domains/orcaflex/mooring/semi/mooring_optimization/SS_Off_0_Static_12P.dat	b1d17ca07b1ab6763afef4381f35084f6b8cb2476031099b75efa3cf7b923843	575439	blobs/sha256/b1/b1d17ca07b1ab6763afef4381f35084f6b8cb2476031099b75efa3cf7b923843.dat
docs/domains/orcaflex/mooring/semi/mooring_optimization/SS_Off_0_Static_8P.dat	f4074143e7d37c78c0e3a285711327e50f8a137c1f937617974188484789003d	497683	blobs/sha256/f4/f4074143e7d37c78c0e3a285711327e50f8a137c1f937617974188484789003d.dat
docs/domains/orcaflex/mooring/semi/mooring_optimization/SS_Off_0_Wave_12P.dat	bb793bab4031c067f8afdfe7f759c6e6097f8a9a02f3c5acb931bed1e5ecd576	575440	blobs/sha256/bb/bb793bab4031c067f8afdfe7f759c6e6097f8a9a02f3c5acb931bed1e5ecd576.dat
docs/domains/orcaflex/mooring/semi/mooring_optimization/SS_Off_0_Wave_8P.dat	150a5d480e3f923925625acbed2d1319e56bcac322f47e6225b9e1e1424cd1ea	497685	blobs/sha256/15/150a5d480e3f923925625acbed2d1319e56bcac322f47e6225b9e1e1424cd1ea.dat
docs/domains/orcaflex/mooring/semi/mooring_optimization/SS_Off_0_Wind_12P.dat	63d21eddcb676cdc5e43e133427027fc30602bf1137dcbec3d3130c4ae82e563	575437	blobs/sha256/63/63d21eddcb676cdc5e43e133427027fc30602bf1137dcbec3d3130c4ae82e563.dat
docs/domains/orcaflex/mooring/semi/mooring_optimization/SS_Off_0_Wind_8P.dat	1623fc7188b14d53bf33455c05f5d008ad28c5667a2ee17f0db9e27f5f131f1d	497682	blobs/sha256/16/1623fc7188b14d53bf33455c05f5d008ad28c5667a2ee17f0db9e27f5f131f1d.dat
docs/domains/orcaflex/mooring/semi/rao-check/Dummy.dat	f9c78ca16f0cea51b29878918ff7c2c94f13f9a701c66d27a975cf3ab3a93164	10112	blobs/sha256/f9/f9c78ca16f0cea51b29878918ff7c2c94f13f9a701c66d27a975cf3ab3a93164.dat
docs/domains/orcaflex/mooring/semi/rao-check/LR_0R.dat	b1340cf39b33fe1caa243a476e5d5f606938742782d02ac020505327c5b9ed84	282350	blobs/sha256/b1/b1340cf39b33fe1caa243a476e5d5f606938742782d02ac020505327c5b9ed84.dat
docs/domains/orcaflex/mooring/semi/rao-check/LR_0R_nom.dat	1de5ece91b3ccdc71d59a4d4508fa87fbc0580d160c6d529eac3f54c7b0363f6	282352	blobs/sha256/1d/1de5ece91b3ccdc71d59a4d4508fa87fbc0580d160c6d529eac3f54c7b0363f6.dat
docs/domains/orcaflex/mooring/semi/rao-check/LR_1000yr_WH_0R.dat	98828416562e2c6af00dae64fde522798b67682f8e41347bf6597f4f800edaf6	282363	blobs/sha256/98/98828416562e2c6af00dae64fde522798b67682f8e41347bf6597f4f800edaf6.dat
docs/domains/orcaflex/mooring/semi/rao-check/LR_1000yr_WH_1R.dat	98afef848e87aea0b9b42c6e553b9c3934f309237d82fe93aae4f964d32a1839	341483	blobs/sha256/98/98afef848e87aea0b9b42c6e553b9c3934f309237d82fe93aae4f964d32a1839.dat
docs/domains/orcaflex/mooring/semi/rao-check/LR_1000yr_WH_2R.dat	f68f04d6d356103ec821cbbcfe8201ed236b800f46576f249ace29d94cb68442	395078	blobs/sha256/f6/f68f04d6d356103ec821cbbcfe8201ed236b800f46576f249ace29d94cb68442.dat
docs/domains/orcaflex/mooring/semi/rao-check/LR_1R.dat	17f709f858ec5bec5a8fa54f1d2b00da64c7e11a64373565156fba59b7e3415f	341480	blobs/sha256/17/17f709f858ec5bec5a8fa54f1d2b00da64c7e11a64373565156fba59b7e3415f.dat
docs/domains/orcaflex/mooring/semi/rao-check/LR_1R_Static.dat	83862aa9808c9c7de8daecac807382c2b9b02e04335bb9f31ca2b7005ea3d2ff	341478	blobs/sha256/83/83862aa9808c9c7de8daecac807382c2b9b02e04335bb9f31ca2b7005ea3d2ff.dat
docs/domains/orcaflex/mooring/semi/rao-check/LR_2R.dat	954da188ad257d5066bd38ef7bf080a275bd7fbd7942a27d09dad465662f5354	395069	blobs/sha256/95/954da188ad257d5066bd38ef7bf080a275bd7fbd7942a27d09dad465662f5354.dat
docs/domains/orcaflex/mooring/semi/rao-check/RAoStudyVessel_Z.png	95c12f09229e65e852baaca99bee2260733bb97669c12310d319e2496905eaaa	962129	blobs/sha256/95/95c12f09229e65e852baaca99bee2260733bb97669c12310d319e2496905eaaa.png
docs/domains/orcaflex/mooring_fender/image.png	dbb41eda6f48c6176729c0685d00cfae3e45e9120f005ebcf6b7f38c51210db3	103995	blobs/sha256/db/dbb41eda6f48c6176729c0685d00cfae3e45e9120f005ebcf6b7f38c51210db3.png
docs/domains/orcaflex/mooring_fender/simple1/simplified RAOs.dat	a16f4312abb8e7f47191506663016c00be3d3dd49c68960113f8fee357d90d23	13305450	blobs/sha256/a1/a16f4312abb8e7f47191506663016c00be3d3dd49c68960113f8fee357d90d23.dat
docs/domains/orcaflex/mooring_fender/simple1/simplified RAOs.yml	40611b8b6688b62f5c79a867ef129c5345273c878fc85e9f5200c9f635341cc6	16012945	blobs/sha256/40/40611b8b6688b62f5c79a867ef129c5345273c878fc85e9f5200c9f635341cc6.yml
docs/domains/orcaflex/mooring_fender/simple1/verifying_fender_stiffness.PNG	a2cfd1909ef12535817a0aeb703052118cb119f4b268c710102f44dc0f600ac5	168398	blobs/sha256/a2/a2cfd1909ef12535817a0aeb703052118cb119f4b268c710102f44dc0f600ac5.png
docs/domains/orcaflex/mooring_fender/simple2/1. Yokohama fenders (free lines&shapes).dat	df3abf9de3f14eb94ffbddcebd18486a8df5a1ea53607ce29b1801546d740bf2	188745	blobs/sha256/df/df3abf9de3f14eb94ffbddcebd18486a8df5a1ea53607ce29b1801546d740bf2.dat
docs/domains/orcaflex/mooring_fender/simple2/2. Yokohama fenders (free shapes&buoys).dat	88408c5f511a0bacd064996a6913314ee15987634f6cbedc529d3bfea380128c	276092	blobs/sha256/88/88408c5f511a0bacd064996a6913314ee15987634f6cbedc529d3bfea380128c.dat
docs/domains/orcaflex/mooring_fender/simple2/Simple model with stiffness.dat	f215cf2d68cac3c2ad27bb0df115f80fae1c3d599cdb987163255523db21d6bb	26625	blobs/sha256/f2/f215cf2d68cac3c2ad27bb0df115f80fae1c3d599cdb987163255523db21d6bb.dat
docs/domains/orcaflex/notes/anl_modal/orcaflex_modal.png	9bb04302aff839834f26a3e1120031af8e55cc1db5a4532e6deb306b0ce3e02c	124146	blobs/sha256/9b/9bb04302aff839834f26a3e1120031af8e55cc1db5a4532e6deb306b0ce3e02c.png
docs/domains/orcaflex/notes/post_general/orcaflex_post_process.png	5512b074517d81fa1d02fb5c39688d1ce24409214768f52f0cf8a630fe58b3b3	321451	blobs/sha256/55/5512b074517d81fa1d02fb5c39688d1ce24409214768f52f0cf8a630fe58b3b3.png
docs/domains/orcaflex/notes/post_general/rov_lowering_on_osv.png	e9e9d7ebacdfbc924ed0463c7bdb6a6624e44736597456a107885d8f2887415d	166378	blobs/sha256/e9/e9e9d7ebacdfbc924ed0463c7bdb6a6624e44736597456a107885d8f2887415d.png
docs/domains/orcaflex/notes/pre_environment/image-1.png	67e6db36e758e3494c2f78182c7532f434ce70e32fff9a01591319ab69c8f83f	10709	blobs/sha256/67/67e6db36e758e3494c2f78182c7532f434ce70e32fff9a01591319ab69c8f83f.png
docs/domains/orcaflex/notes/pre_environment/image.png	2219bb713c00d7f258fb37a7552a1303872cfb2077af0af41d9a22239cccf0e2	15997	blobs/sha256/22/2219bb713c00d7f258fb37a7552a1303872cfb2077af0af41d9a22239cccf0e2.png
docs/domains/orcaflex/notes/pre_model/pre_model_dynamics.png	ceea907021d9cf63b544168571a5bfcb62afeda2c13bd2a42cc1ae6cda98a2b1	526477	blobs/sha256/ce/ceea907021d9cf63b544168571a5bfcb62afeda2c13bd2a42cc1ae6cda98a2b1.png
docs/domains/orcaflex/notes/pre_model/vessels/multibody_model.png	8e60ea0f4c4bb336421b0a7a1abca88fe16e52dfb50d27c05afd00c94d7f396b	217695	blobs/sha256/8e/8e60ea0f4c4bb336421b0a7a1abca88fe16e52dfb50d27c05afd00c94d7f396b.png
docs/domains/orcaflex/notes/pre_model/vessels/multibody_model.svg	2944da6e0dc9b1213c917260fe7ef20b6cc7d6f853f1b597d618a3e7ce12bb69	10359	blobs/sha256/29/2944da6e0dc9b1213c917260fe7ef20b6cc7d6f853f1b597d618a3e7ce12bb69.svg
docs/domains/orcaflex/notes/pre_modular/modular_analysis_basefile.png	c240b5ba59d604420b32fb10c73238d856c2406664f61c43aa7b25c3448de754	401576	blobs/sha256/c2/c240b5ba59d604420b32fb10c73238d856c2406664f61c43aa7b25c3448de754.png
docs/domains/orcaflex/notes/pre_seeds/wlng_wave_user_specified_seed_1.PNG	89fc37b074312116f63e155837dc954e436ba04191d1d05766f9af16681706d9	31269	blobs/sha256/89/89fc37b074312116f63e155837dc954e436ba04191d1d05766f9af16681706d9.png
docs/domains/orcaflex/notes/pre_seeds/wlng_wind_user_specified_seed_1.PNG	2a39ae97fdc66de1af17a472a5239a8d5f9b2add9b7c0bb176bc9eacbdff6ace	28268	blobs/sha256/2a/2a39ae97fdc66de1af17a472a5239a8d5f9b2add9b7c0bb176bc9eacbdff6ace.png
docs/domains/orcaflex/notes/pre_yml_file_management/yaml_edit_save_in_orcaflex.png	ccd23dfb141aabf850d5cf5bcefb42926d89828a681c3da86aa7969119496b6d	470449	blobs/sha256/cc/ccd23dfb141aabf850d5cf5bcefb42926d89828a681c3da86aa7969119496b6d.png
docs/domains/orcaflex/notes/pre_yml_file_management/yaml_runs_in_orcaflex.png	b7e01831c8ea1a93a10130995ce91763e4f40d2eb242a7ba80b3ccc0b366e6cf	294848	blobs/sha256/b7/b7e01831c8ea1a93a10130995ce91763e4f40d2eb242a7ba80b3ccc0b366e6cf.png
docs/domains/orcaflex/orcaflex_static_solution.jfif	146fe73a776875fce6d19b6adf7b5e71f5543ceec31f47b889592ae328271d58	77854	blobs/sha256/14/146fe73a776875fce6d19b6adf7b5e71f5543ceec31f47b889592ae328271d58.jfif
docs/domains/orcaflex/pipeline/installation/floating/24in_pipeline/monolithic/_ss/vessel_end_fixed_converged.yml	ed700857fa5b2f9908284bb199e94a375d45994708a8500638dd96a8263018b8	1265626	blobs/sha256/ed/ed700857fa5b2f9908284bb199e94a375d45994708a8500638dd96a8263018b8.yml
docs/domains/orcaflex/pipeline/installation/floating/24in_pipeline/monolithic/postproc/24in_arclength_env_1yr_090.html	316ed2f2244b868f63bec09321b19244ecff9d52485b249c626eb7495bc0f7be	18377033	blobs/sha256/31/316ed2f2244b868f63bec09321b19244ecff9d52485b249c626eb7495bc0f7be.html
docs/domains/orcaflex/pipeline/installation/floating/24in_pipeline/monolithic/postproc/24in_arclength_env_1yr_135.html	73ebe9dd681ac00c2656ed02dc086cab86e9d956d6461eac7dd8a078c429214a	18437897	blobs/sha256/73/73ebe9dd681ac00c2656ed02dc086cab86e9d956d6461eac7dd8a078c429214a.html
docs/domains/orcaflex/pipeline/installation/floating/24in_pipeline/monolithic/postproc/24in_arclength_env_95NE_090.html	ada57a3adf6c34517e16172291d2640422cc48e0c83a249a70a2072085098ba1	18399353	blobs/sha256/ad/ada57a3adf6c34517e16172291d2640422cc48e0c83a249a70a2072085098ba1.html
docs/domains/orcaflex/pipeline/installation/floating/24in_pipeline/monolithic/postproc/24in_arclength_env_95NE_135.html	f6ae0d3f80a46dbea8bcf167a5aa07bb1d7a906f749b76ca0eedb7b3f26b93bb	18401609	blobs/sha256/f6/f6ae0d3f80a46dbea8bcf167a5aa07bb1d7a906f749b76ca0eedb7b3f26b93bb.html
docs/domains/orcaflex/pipeline/installation/floating/24in_pipeline/monolithic/postproc/24in_arclength_tension_0900kN.html	692d3f1e70ebc6efd505a801b9fcdbb9b5d73ca32e97b34a4159ff1c9b436d8a	14799744	blobs/sha256/69/692d3f1e70ebc6efd505a801b9fcdbb9b5d73ca32e97b34a4159ff1c9b436d8a.html
docs/domains/orcaflex/pipeline/installation/floating/24in_pipeline/monolithic/postproc/24in_arclength_tension_1250kN.html	2ba2fe7c8067c095cf6ebc8ec9407f649681cf85a129194e3d7d9fe2e86638ec	14767576	blobs/sha256/2b/2ba2fe7c8067c095cf6ebc8ec9407f649681cf85a129194e3d7d9fe2e86638ec.html
docs/domains/orcaflex/pipeline/installation/floating/24in_pipeline/monolithic/postproc/24in_arclength_tension_1500kN.html	0543b181f51930e76d7104ca3294c521f00d02e19d25be35fb7c60c41af675e8	14747868	blobs/sha256/05/0543b181f51930e76d7104ca3294c521f00d02e19d25be35fb7c60c41af675e8.html
docs/domains/orcaflex/pipeline/installation/floating/24in_pipeline/monolithic/postproc/24in_arclength_tension_2000kN.html	c4c91e9e084d0d1810c2b3b7220054e8327b7ca558dbd136a422083c565cf5c3	14715868	blobs/sha256/c4/c4c91e9e084d0d1810c2b3b7220054e8327b7ca558dbd136a422083c565cf5c3.html
docs/domains/orcaflex/pipeline/installation/floating/24in_pipeline/monolithic/postproc/24in_arclength_tension_2500kN.html	982b48e7639cd9c43ec6ce290e6e85c4b0749967812ac853068618d9d6f59c84	14663512	blobs/sha256/98/982b48e7639cd9c43ec6ce290e6e85c4b0749967812ac853068618d9d6f59c84.html
docs/domains/orcaflex/pipeline/installation/floating/24in_pipeline/monolithic/postproc/24in_main_report.html	54db499169047c59523517c199c18dc57c09315155c19f36b59ba47c4556afc3	81313	blobs/sha256/54/54db499169047c59523517c199c18dc57c09315155c19f36b59ba47c4556afc3.html
docs/domains/orcaflex/pipeline/installation/floating/24in_pipeline/monolithic/postproc/2500kN_env_95NE_135deg.png	8ab32aded398221f0ab1687710196335b14036fe06dedbcbe055535beba2269c	39260	blobs/sha256/8a/8ab32aded398221f0ab1687710196335b14036fe06dedbcbe055535beba2269c.png
docs/domains/orcaflex/pipeline/installation/floating/24in_pipeline/monolithic/postproc/900kN_env_case_arclength_0deg.html	fa910bcf8dae333805a48c1364d43abffd619eb3a7e1ba8b8650c4ce3ba21947	11213560	blobs/sha256/fa/fa910bcf8dae333805a48c1364d43abffd619eb3a7e1ba8b8650c4ce3ba21947.html
docs/domains/orcaflex/pipeline/installation/floating/24in_pipeline/monolithic/postproc/900kN_env_case_arclength_50deg.html	7243bee72439a0b35107d36534387fb56f2ccffc65161c8cba54a1663864e9be	11108134	blobs/sha256/72/7243bee72439a0b35107d36534387fb56f2ccffc65161c8cba54a1663864e9be.html
docs/domains/orcaflex/pipeline/installation/floating/24in_pipeline/monolithic/postproc/900kN_env_case_arclength_A.html	5e8d2fa033db42d03e85f09ff222a50b1104ed944fb5086d81dbcc4778a98e5e	7444811	blobs/sha256/5e/5e8d2fa033db42d03e85f09ff222a50b1104ed944fb5086d81dbcc4778a98e5e.html
docs/domains/orcaflex/pipeline/installation/floating/24in_pipeline/monolithic/postproc/900kN_env_case_arclength_C.html	b6aca71602826ae5e06b98ac5a1c65d2a8513764d0f7e50cebbfdef044a015f8	7498439	blobs/sha256/b6/b6aca71602826ae5e06b98ac5a1c65d2a8513764d0f7e50cebbfdef044a015f8.html
docs/domains/orcaflex/pipeline/installation/floating/24in_pipeline/monolithic/postproc/900kN_env_case_arclength_D.html	324739000732b3c4f0ed87512fefd2ee387277f90ca37c3139f8a484ffa961e2	7455389	blobs/sha256/32/324739000732b3c4f0ed87512fefd2ee387277f90ca37c3139f8a484ffa961e2.html
docs/domains/orcaflex/pipeline/installation/floating/24in_pipeline/monolithic/postproc/900kN_env_case_report.html	8987cd69dc553b7055d94fe4111c518bb01dde1dea56ce79e06f065d7de112ac	53763	blobs/sha256/89/8987cd69dc553b7055d94fe4111c518bb01dde1dea56ce79e06f065d7de112ac.html
docs/domains/orcaflex/pipeline/installation/floating/24in_pipeline/monolithic/postproc/rangegraphs/1250kN_env_001yr_090deg_rangegraph.csv	560fcdbf29ac1cdef67c37fcaeaac345bc04ec9f7bc20f2ffc5a960952b47f3c	2401527	blobs/sha256/56/560fcdbf29ac1cdef67c37fcaeaac345bc04ec9f7bc20f2ffc5a960952b47f3c.csv
docs/domains/orcaflex/pipeline/installation/floating/24in_pipeline/monolithic/postproc/rangegraphs/1250kN_env_001yr_135deg_rangegraph.csv	6b48863a345ebb66e8161c71653843fd1d773dac3e82efeaa6e5a1444921df52	2421298	blobs/sha256/6b/6b48863a345ebb66e8161c71653843fd1d773dac3e82efeaa6e5a1444921df52.csv
docs/domains/orcaflex/pipeline/installation/floating/24in_pipeline/monolithic/postproc/rangegraphs/1250kN_env_95NE_090deg_rangegraph.csv	fcc523d41aa29ce53b04d7bb9edb37ef91392717a7c2ee54b525aa1765e8d81c	2403804	blobs/sha256/fc/fcc523d41aa29ce53b04d7bb9edb37ef91392717a7c2ee54b525aa1765e8d81c.csv
docs/domains/orcaflex/pipeline/installation/floating/24in_pipeline/monolithic/postproc/rangegraphs/1250kN_env_95NE_135deg_rangegraph.csv	ad636a6905ddc33de11f64edb0996019dcc15726d7730cb94d863a0e77c7f548	2392249	blobs/sha256/ad/ad636a6905ddc33de11f64edb0996019dcc15726d7730cb94d863a0e77c7f548.csv
docs/domains/orcaflex/pipeline/installation/floating/24in_pipeline/monolithic/postproc/rangegraphs/1500kN_env_001yr_090deg_rangegraph.csv	8df4d2bbfcd17d4325dbfe15e218d62b111a30e78681e8e63c7569b63442a80f	2392982	blobs/sha256/8d/8df4d2bbfcd17d4325dbfe15e218d62b111a30e78681e8e63c7569b63442a80f.csv
docs/domains/orcaflex/pipeline/installation/floating/24in_pipeline/monolithic/postproc/rangegraphs/1500kN_env_001yr_135deg_rangegraph.csv	3ad3762b964421f2f2956469469451c550adad8efb42debef60dc0a97fd597b1	2414370	blobs/sha256/3a/3ad3762b964421f2f2956469469451c550adad8efb42debef60dc0a97fd597b1.csv
docs/domains/orcaflex/pipeline/installation/floating/24in_pipeline/monolithic/postproc/rangegraphs/1500kN_env_95NE_090deg_rangegraph.csv	810bbf57f7ebf47227af14a3462d5a0eb82400defc6a8020035b03cad1295fb5	2397991	blobs/sha256/81/810bbf57f7ebf47227af14a3462d5a0eb82400defc6a8020035b03cad1295fb5.csv
docs/domains/orcaflex/pipeline/installation/floating/24in_pipeline/monolithic/postproc/rangegraphs/1500kN_env_95NE_135deg_rangegraph.csv	0163f26413bdf60c2e8cb18946e5354e929974c2d3361818d5fe60c703e17eb2	2386553	blobs/sha256/01/0163f26413bdf60c2e8cb18946e5354e929974c2d3361818d5fe60c703e17eb2.csv
docs/domains/orcaflex/pipeline/installation/floating/24in_pipeline/monolithic/postproc/rangegraphs/2000kN_env_001yr_090deg_rangegraph.csv	2163c057448e8649b5f74eb7df946a68a607c333af3f7e7b03bb32fb168221be	2378537	blobs/sha256/21/2163c057448e8649b5f74eb7df946a68a607c333af3f7e7b03bb32fb168221be.csv
docs/domains/orcaflex/pipeline/installation/floating/24in_pipeline/monolithic/postproc/rangegraphs/2000kN_env_001yr_135deg_rangegraph.csv	8f0a7e5ef2e70b67bb455f91662931a7a38eab1d15d38c88adca5c3406e830f4	2396326	blobs/sha256/8f/8f0a7e5ef2e70b67bb455f91662931a7a38eab1d15d38c88adca5c3406e830f4.csv
docs/domains/orcaflex/pipeline/installation/floating/24in_pipeline/monolithic/postproc/rangegraphs/2000kN_env_95NE_090deg_rangegraph.csv	3a0d3a51387be233dcda41e6e2a4c5206e4f4336d1124a53cd14b8d18caadce7	2381891	blobs/sha256/3a/3a0d3a51387be233dcda41e6e2a4c5206e4f4336d1124a53cd14b8d18caadce7.csv
docs/domains/orcaflex/pipeline/installation/floating/24in_pipeline/monolithic/postproc/rangegraphs/2000kN_env_95NE_135deg_rangegraph.csv	fb8c55de0cfd5a96d990384f6dd2eeb47e4a2d0d521dbf49db1061a3c28da167	2384908	blobs/sha256/fb/fb8c55de0cfd5a96d990384f6dd2eeb47e4a2d0d521dbf49db1061a3c28da167.csv
docs/domains/orcaflex/pipeline/installation/floating/24in_pipeline/monolithic/postproc/rangegraphs/2500kN_env_001yr_090deg_rangegraph.csv	e1eb920e69a25f7c8fd0539dc1356080148cb579bae360269befe372cc466537	2373180	blobs/sha256/e1/e1eb920e69a25f7c8fd0539dc1356080148cb579bae360269befe372cc466537.csv
docs/domains/orcaflex/pipeline/installation/floating/24in_pipeline/monolithic/postproc/rangegraphs/2500kN_env_001yr_135deg_rangegraph.csv	e2ea493ff93c397cfbe67ed5adfb9db33a608267182d2c5967a63a753aef35bd	2372062	blobs/sha256/e2/e2ea493ff93c397cfbe67ed5adfb9db33a608267182d2c5967a63a753aef35bd.csv
docs/domains/orcaflex/pipeline/installation/floating/24in_pipeline/monolithic/postproc/rangegraphs/2500kN_env_95NE_090deg_rangegraph.csv	6bfcea1445a09952930d61562efa4e4d752fe00e1051035bbb9f631b475eee41	2364951	blobs/sha256/6b/6bfcea1445a09952930d61562efa4e4d752fe00e1051035bbb9f631b475eee41.csv
docs/domains/orcaflex/pipeline/installation/floating/24in_pipeline/monolithic/postproc/rangegraphs/2500kN_env_95NE_135deg_rangegraph.csv	5b909507d73645574a1ad589172ed9bbc6764cb680c616ea858a79940460012e	2358381	blobs/sha256/5b/5b909507d73645574a1ad589172ed9bbc6764cb680c616ea858a79940460012e.csv
docs/domains/orcaflex/pipeline/installation/floating/24in_pipeline/monolithic/postproc/rangegraphs/900kN_env_001yr_090deg_rangegraph.csv	8106a1f1d90579fe8731b7e92c267134125f5fadad780a0fb35d7f242b399019	2418580	blobs/sha256/81/8106a1f1d90579fe8731b7e92c267134125f5fadad780a0fb35d7f242b399019.csv
docs/domains/orcaflex/pipeline/installation/floating/24in_pipeline/monolithic/postproc/rangegraphs/900kN_env_001yr_135deg_rangegraph.csv	ca7e9c2b8b49648cb8103df8b68eb4ac07abdbeae3e8b695bc5a5d32f58b5d72	2425017	blobs/sha256/ca/ca7e9c2b8b49648cb8103df8b68eb4ac07abdbeae3e8b695bc5a5d32f58b5d72.csv
docs/domains/orcaflex/pipeline/installation/floating/24in_pipeline/monolithic/postproc/rangegraphs/900kN_env_95NE_090deg_rangegraph.csv	59a227f0c1d6cf74d0aeff9cdc223a79f049d377a0e96f7b6d8bd134980c647e	2413801	blobs/sha256/59/59a227f0c1d6cf74d0aeff9cdc223a79f049d377a0e96f7b6d8bd134980c647e.csv
docs/domains/orcaflex/pipeline/installation/floating/24in_pipeline/monolithic/postproc/rangegraphs/900kN_env_95NE_135deg_rangegraph.csv	d7da1de79771088a53c2eb9e8d314830330e8d40d25f967141d01ea589563bcb	2401791	blobs/sha256/d7/d7da1de79771088a53c2eb9e8d314830330e8d40d25f967141d01ea589563bcb.csv
docs/domains/orcaflex/pipeline/installation/floating/24in_pipeline/monolithic/postproc/rangegraphs_env_case/900kN_env_case_A_0deg_rangegraph.csv	e7392d4640efba08e5e21a5b4046ba30eae3ca92a804be7cab3a19d414e376c0	2427123	blobs/sha256/e7/e7392d4640efba08e5e21a5b4046ba30eae3ca92a804be7cab3a19d414e376c0.csv
docs/domains/orcaflex/pipeline/installation/floating/24in_pipeline/monolithic/postproc/rangegraphs_env_case/900kN_env_case_A_50deg_rangegraph.csv	ec7baf199cc6d76f8dd23aae4e00fc4fc5f2663e050fafa58cbc71fa5804d155	2391658	blobs/sha256/ec/ec7baf199cc6d76f8dd23aae4e00fc4fc5f2663e050fafa58cbc71fa5804d155.csv
docs/domains/orcaflex/pipeline/installation/floating/24in_pipeline/monolithic/postproc/rangegraphs_env_case/900kN_env_case_C_0deg_rangegraph.csv	fefa1ee28380ee4830bf9c8f17e6945840bbdb8072ff06761703b8551ee6337f	2448106	blobs/sha256/fe/fefa1ee28380ee4830bf9c8f17e6945840bbdb8072ff06761703b8551ee6337f.csv
docs/domains/orcaflex/pipeline/installation/floating/24in_pipeline/monolithic/postproc/rangegraphs_env_case/900kN_env_case_C_50deg_rangegraph.csv	61b2fa119304e1db92b7602f12cb6c98898a144c36c51bdcf3982a616451513e	2422311	blobs/sha256/61/61b2fa119304e1db92b7602f12cb6c98898a144c36c51bdcf3982a616451513e.csv
docs/domains/orcaflex/pipeline/installation/floating/24in_pipeline/monolithic/postproc/rangegraphs_env_case/900kN_env_case_D_0deg_rangegraph.csv	e298a3fef761b8218a5c085c23ff475320fb97e5e453f8fa7a2e53c75a062160	2429167	blobs/sha256/e2/e298a3fef761b8218a5c085c23ff475320fb97e5e453f8fa7a2e53c75a062160.csv
docs/domains/orcaflex/pipeline/installation/floating/24in_pipeline/monolithic/postproc/rangegraphs_env_case/900kN_env_case_D_50deg_rangegraph.csv	a06d33397081a6c9b1abbfd6b89ed6a10273f5c809c0fdc54b8dfab185799984	2403097	blobs/sha256/a0/a06d33397081a6c9b1abbfd6b89ed6a10273f5c809c0fdc54b8dfab185799984.csv
docs/domains/orcaflex/pipeline/installation/floating/24in_pipeline/monolithic/postproc/vessel_end_winch_combined_report.html	49428a50266b7379429e3ec550d9c1d29a8bddbc7fb2e1451413c0894f4e527c	3359526	blobs/sha256/49/49428a50266b7379429e3ec550d9c1d29a8bddbc7fb2e1451413c0894f4e527c.html
docs/domains/orcaflex/pipeline/installation/floating/24in_pipeline/monolithic/postproc/vessel_end_winch_orcaflex_elevation.jpg	fbd48d079f65dd421196c8b5297a399831dac40491aa5590eac89826fdbff854	960054	blobs/sha256/fb/fbd48d079f65dd421196c8b5297a399831dac40491aa5590eac89826fdbff854.jpg
docs/domains/orcaflex/pipeline/installation/floating/24in_pipeline/monolithic/postproc/vessel_end_winch_orcaflex_plan.jpg	92af4ca0e047683e6684435e6098885100cf8c5015c4a315d7479415f3c792e1	960054	blobs/sha256/92/92af4ca0e047683e6684435e6098885100cf8c5015c4a315d7479415f3c792e1.jpg
docs/domains/orcaflex/pipeline/installation/s-lay/bigfoot1/WD_18m.dat	ca0e6e42e0d534b7a216b3f3b74a956a5ee537495ad090adf8aed3355cb3376c	204016	blobs/sha256/ca/ca0e6e42e0d534b7a216b3f3b74a956a5ee537495ad090adf8aed3355cb3376c.dat
docs/domains/orcaflex/pipeline/installation/s-lay/bigfoot1/WD_18m_2000KN.dat	44f31ba6310245630668d5883ea50520fea6b617dd6c3b10e1045cb20acaea8c	204018	blobs/sha256/44/44f31ba6310245630668d5883ea50520fea6b617dd6c3b10e1045cb20acaea8c.dat
docs/domains/orcaflex/pipeline/installation/s-lay/bigfoot1/WD_30m.dat	56adba3089aa4b687f06919112290c131d610ede135716eba770442528207b23	204015	blobs/sha256/56/56adba3089aa4b687f06919112290c131d610ede135716eba770442528207b23.dat
docs/domains/orcaflex/pipeline/installation/s-lay/bigfoot1/WD_30m_2000KN.dat	c139cc3f367e0a8ff4a3cfd50f402e847d371d361d16cf8f16c1f4e456c4ba7b	204015	blobs/sha256/c1/c139cc3f367e0a8ff4a3cfd50f402e847d371d361d16cf8f16c1f4e456c4ba7b.dat
docs/domains/orcaflex/pipeline/installation/s-lay/bigfoot1/WD_9.32m.dat	078ff18b805a7e0ebe665330347ae9bbcfafbf413812506a09e1abc8b0f73e16	203998	blobs/sha256/07/078ff18b805a7e0ebe665330347ae9bbcfafbf413812506a09e1abc8b0f73e16.dat
docs/domains/orcaflex/pipeline/installation/s-lay/bigfoot1/WD_9.32m_2000KN.dat	137447d3491b77f5c1501ebf8f4309d610a2c066703b5742086771970d9aa881	204002	blobs/sha256/13/137447d3491b77f5c1501ebf8f4309d610a2c066703b5742086771970d9aa881.dat
docs/domains/orcaflex/pipeline/spanning/Pipeline spanning (lay to rough seabed).dat	043f5f699be2b23b4ebec036d12c48362a234781bb1aac662822949e672c48f3	160783	blobs/sha256/04/043f5f699be2b23b4ebec036d12c48362a234781bb1aac662822949e672c48f3.dat
docs/domains/orcaflex/pipeline/spanning/pipeline_spanning.PNG	388901d1c9408c29e874c1a5eea602ef31eb6754c38296f3120586e67a0b03aa	240466	blobs/sha256/38/388901d1c9408c29e874c1a5eea602ef31eb6754c38296f3120586e67a0b03aa.png
docs/domains/orcaflex/reference/monolithic/feeding_mooring_line.yml	5091eac75839b332fac036c34fd33a828411cff44bddc13c30280642213c0c45	3081310	blobs/sha256/50/5091eac75839b332fac036c34fd33a828411cff44bddc13c30280642213c0c45.yml
docs/domains/orcaflex/reference/monolithic/v_LV108_1stEnd-Step01.yml	d0903013507ef98f89715dcac3863b530bad7f0b02ea5edd2a046c53b87ea429	1850926	blobs/sha256/d0/d0903013507ef98f89715dcac3863b530bad7f0b02ea5edd2a046c53b87ea429.yml
docs/domains/orcaflex/reference/monolithic/v_LV108_1stEnd-Step02.yml	5c6a21066f6fa6a78d3aa4c6597a4adf84ba0d63e0af8c5e936c3b9a345fa223	1849700	blobs/sha256/5c/5c6a21066f6fa6a78d3aa4c6597a4adf84ba0d63e0af8c5e936c3b9a345fa223.yml
docs/domains/orcaflex/reference/monolithic/v_LV108_1stEnd-Step03.yml	b9701f316a93274879d88d74ce43e376f55bb81f77e49b5d2be52831e09c2cfe	1849337	blobs/sha256/b9/b9701f316a93274879d88d74ce43e376f55bb81f77e49b5d2be52831e09c2cfe.yml
docs/domains/orcaflex/reference/monolithic/v_LV108_1stEnd-Step04.yml	13ccd982eff89900a3362e362d6baeafe76cc1d2f93ed938123dd773afe3e45b	1850358	blobs/sha256/13/13ccd982eff89900a3362e362d6baeafe76cc1d2f93ed938123dd773afe3e45b.yml
docs/domains/orcaflex/reference/monolithic/v_LV108_1stEnd-Step05.yml	873e6c425389aa268e2d658402e5eeb76ffa1761e20c8cf5826f11821f03417a	1849858	blobs/sha256/87/873e6c425389aa268e2d658402e5eeb76ffa1761e20c8cf5826f11821f03417a.yml
docs/domains/orcaflex/reference/monolithic/v_LV108_1stEnd-Step06.yml	5f585b28a99c6edd04e8a6d049dc822ff6c048c36909bac75846ddcf7949cd4f	1848853	blobs/sha256/5f/5f585b28a99c6edd04e8a6d049dc822ff6c048c36909bac75846ddcf7949cd4f.yml
docs/domains/orcaflex/reference/monolithic/v_LV108_1stEnd-Step07.yml	47d91a7073f307e4c51e151a5072a8bd300b454e9e4ecb9661a241846073261d	1850535	blobs/sha256/47/47d91a7073f307e4c51e151a5072a8bd300b454e9e4ecb9661a241846073261d.yml
docs/domains/orcaflex/reference/monolithic/v_LV108_1stEnd-Step08.yml	f1b96f006664fb4c073708a784978378b7e65e0864cf15375ff34eee9d1e0934	1850832	blobs/sha256/f1/f1b96f006664fb4c073708a784978378b7e65e0864cf15375ff34eee9d1e0934.yml
docs/domains/orcaflex/reference/monolithic/v_LV108_1stEnd-Step10.yml	31c1cde702e52e7d009d6cc3a44db104f5bc08fcda4fd2078250d9f296fc04af	2018892	blobs/sha256/31/31c1cde702e52e7d009d6cc3a44db104f5bc08fcda4fd2078250d9f296fc04af.yml
docs/domains/orcaflex/reference/monolithic/v_LV108_2ndEnd-Step01.yml	5204dedcbd31b4f81e6e52f32a799d8ec5d599c9df9ac7fa8ad995f8450f59d9	1861214	blobs/sha256/52/5204dedcbd31b4f81e6e52f32a799d8ec5d599c9df9ac7fa8ad995f8450f59d9.yml
docs/domains/orcaflex/reference/monolithic/v_LV108_2ndEnd-Step02.yml	ed653d836f8035dafcf1298fa8cea14ff235d4377ebc97bf91ccf75f40c24eff	1862920	blobs/sha256/ed/ed653d836f8035dafcf1298fa8cea14ff235d4377ebc97bf91ccf75f40c24eff.yml
docs/domains/orcaflex/reference/monolithic/v_LV108_2ndEnd-Step03.yml	ac8edfbeb6a4021d7cd3e9754b468adcd11fe3b18504632fcf7ea79d34c98cdb	1872284	blobs/sha256/ac/ac8edfbeb6a4021d7cd3e9754b468adcd11fe3b18504632fcf7ea79d34c98cdb.yml
docs/domains/orcaflex/reference/monolithic/v_LV108_2ndEnd-Step04.yml	4be58d98a44ff0eb370c28d5d090168569c501f6f09a8c115c3a6e1079d8bd7c	1867204	blobs/sha256/4b/4be58d98a44ff0eb370c28d5d090168569c501f6f09a8c115c3a6e1079d8bd7c.yml
docs/domains/orcaflex/reference/monolithic/v_LV108_2ndEnd-Step05.yml	9be5072367d88138aed2645ecdfa3e206c6a99060042d3be74f162fd69a81ba3	1873285	blobs/sha256/9b/9be5072367d88138aed2645ecdfa3e206c6a99060042d3be74f162fd69a81ba3.yml
docs/domains/orcaflex/reference/monolithic/v_LV108_2ndEnd-Step06.yml	4ee3d15e625356e7e76a7390716340b800ef81e677b141d3670cb49101b1b958	1897208	blobs/sha256/4e/4ee3d15e625356e7e76a7390716340b800ef81e677b141d3670cb49101b1b958.yml
docs/domains/orcaflex/reference/monolithic/v_LV108_2ndEnd-Step07.yml	789bbf039d3b9e7cc3c6e6ccea17945e3dce96cb5e769a1c2ef0d222c3bb9b16	1897893	blobs/sha256/78/789bbf039d3b9e7cc3c6e6ccea17945e3dce96cb5e769a1c2ef0d222c3bb9b16.yml
docs/domains/orcaflex/reference/monolithic/v_LV108_2ndEnd-Step08.yml	a57a34e1bdf8eaa6600fec9b706e685b1d6f575412b85db9970f43991bf2c190	1897053	blobs/sha256/a5/a57a34e1bdf8eaa6600fec9b706e685b1d6f575412b85db9970f43991bf2c190.yml
docs/domains/orcaflex/reference/monolithic/v_LV108_2ndEnd-Step09.yml	94468e9969cf665bbfe38c6264c2f13bf4f3ca482887beca8cd2ad704087ea8c	1897747	blobs/sha256/94/94468e9969cf665bbfe38c6264c2f13bf4f3ca482887beca8cd2ad704087ea8c.yml
docs/domains/orcaflex/reference/monolithic/v_LV108_2ndEnd-Step10.yml	e579a86d21694775f24a19800f7273cb54c05faa5b1967a967dcd8e8aa039aaf	1897365	blobs/sha256/e5/e579a86d21694775f24a19800f7273cb54c05faa5b1967a967dcd8e8aa039aaf.yml
docs/domains/orcaflex/reference/monolithic/v_LV108_2ndEnd-Step11.yml	b73abc5d67c1a46186119574c043246d02ebed791d99720f091b22e209fc1839	2000029	blobs/sha256/b7/b73abc5d67c1a46186119574c043246d02ebed791d99720f091b22e209fc1839.yml
docs/domains/orcaflex/risers/production/slwr-2/app_catenary_riser_SCR_12OD_PROD_SE0050_HE0100_TA12_15lbft3_SCR_FE_100yr Current, Deep Reversal_FE.yml	f4c4212ec592539930fd8204937cc849ed655688dd7113b0ec8bbe0a6fe2f143	2101132	blobs/sha256/f4/f4c4212ec592539930fd8204937cc849ed655688dd7113b0ec8bbe0a6fe2f143.yml
docs/domains/orcaflex/risers/production/slwr-2/app_catenary_riser_SLWR_06OD_GI_SE0050_HE0100_TA08_20lbft3_SLWR_FE_100yr Current, Deep Reversal.yml	98626a24ec2fe0392ca3fc5bb85216f2870f8979de2164c1d3933f265796849f	2101388	blobs/sha256/98/98626a24ec2fe0392ca3fc5bb85216f2870f8979de2164c1d3933f265796849f.yml
docs/domains/orcaflex/risers/production/slwr-2/app_catenary_riser_SLWR_12OD_PROD_SE0050_HE0100_TA10_15lbft3_SLWR_FE_100yr Current, Deep Reversal.yml	b5e9d65cc5e58cbe32baa00be674df45661969406c818bc16e84aafe309dcae2	2101331	blobs/sha256/b5/b5e9d65cc5e58cbe32baa00be674df45661969406c818bc16e84aafe309dcae2.yml
docs/domains/orcaflex/risers/production/slwr/BuoyancyFactor/SLWR_16OD_SE1200_HE1500_BF_2p0_GA2_Driving.yml	af66d0c0b756489f2eda00d214b6af240195b8e62be204060a71ae93a855d051	2101324	blobs/sha256/af/af66d0c0b756489f2eda00d214b6af240195b8e62be204060a71ae93a855d051.yml
docs/domains/orcaflex/risers/production/slwr/BuoyancyFactor/SLWR_16OD_SE1200_HE1500_BF_2p5_GA2_Driving.yml	9320ff90a3f517564552c86b19e572512a646342a4217793f8040cd2ecc98884	2101323	blobs/sha256/93/9320ff90a3f517564552c86b19e572512a646342a4217793f8040cd2ecc98884.yml
docs/domains/orcaflex/risers/production/slwr/BuoyancyFactor/SLWR_16OD_SE1200_HE1500_BF_3p0_GA2_Driving.yml	54ac80e377016231026532dac4231032f3dc85e880c15ee3aaf8b482d729fa4e	2101322	blobs/sha256/54/54ac80e377016231026532dac4231032f3dc85e880c15ee3aaf8b482d729fa4e.yml
docs/domains/orcaflex/risers/production/slwr/BuoyancyFactor/SLWR_16OD_SE1200_HE1500_BF_3p5_GA2_Driving.yml	62cad9ee86b3541c536260f9ab0ad6fea8751964b66d93a6eb27c000f4aab3a4	2101325	blobs/sha256/62/62cad9ee86b3541c536260f9ab0ad6fea8751964b66d93a6eb27c000f4aab3a4.yml
docs/domains/orcaflex/risers/production/slwr/ConfigurationSensitivity/SCR_16OD_SCR_100yr Wave, Far BeamSea PS.yml	08fb95aa7919fc402d92906bcce7bc00a8930b84f33809fa69d0191e3572e102	2099722	blobs/sha256/08/08fb95aa7919fc402d92906bcce7bc00a8930b84f33809fa69d0191e3572e102.yml
docs/domains/orcaflex/risers/production/slwr/ConfigurationSensitivity/SCR_16OD_SCR_No Load, No Offset.yml	cf3e819747dad8d348beb06f8cc1ef167347b0c82ea20154486bb61069ec4452	2099690	blobs/sha256/cf/cf3e819747dad8d348beb06f8cc1ef167347b0c82ea20154486bb61069ec4452.yml
docs/domains/orcaflex/risers/production/slwr/ConfigurationSensitivity/SLWR_16OD_SE0500_HE0800_100yr Wave, Far BeamSea PS.yml	e301d491ec5300ebd8e70068fde4fc5ce22819a2ee646defac05745f00789aea	2101264	blobs/sha256/e3/e301d491ec5300ebd8e70068fde4fc5ce22819a2ee646defac05745f00789aea.yml
docs/domains/orcaflex/risers/production/slwr/Declination_Angle/SLWR_16OD_SE1200_HE1500_Ang06_GA2_Driving.yml	47f417a1f09056ac81275fda808eba94580c945232a3cbd74b00a4fac5e30432	2101323	blobs/sha256/47/47f417a1f09056ac81275fda808eba94580c945232a3cbd74b00a4fac5e30432.yml
docs/domains/orcaflex/risers/production/slwr/Declination_Angle/SLWR_16OD_SE1200_HE1500_Ang10_GA2_Driving.yml	1ec662421ac9ed14323c5e211f66de58592e95acc895390e4bd08bff99d25aee	2101324	blobs/sha256/1e/1ec662421ac9ed14323c5e211f66de58592e95acc895390e4bd08bff99d25aee.yml
docs/domains/orcaflex/risers/production/slwr/Declination_Angle/SLWR_16OD_SE1200_HE1500_Ang12_GA2_Driving.yml	fab49deca0be3685947b770437775f8aaf5691cb2e2f39691fd50c7094dbf77c	2101325	blobs/sha256/fa/fab49deca0be3685947b770437775f8aaf5691cb2e2f39691fd50c7094dbf77c.yml
docs/domains/orcaflex/risers/production/slwr/Declination_Angle/SLWR_16OD_SE1200_HE1500_Ang14_GA2_Driving.yml	73f2fd8710fa73305df29888618e30dbb6a3d8357e632c19e57493ddb3cf308d	2101326	blobs/sha256/73/73f2fd8710fa73305df29888618e30dbb6a3d8357e632c19e57493ddb3cf308d.yml
docs/domains/orcaflex/risers/production/slwr/DesignPressure_8000Psi/SLWR_16OD_SE1200_HE1500_8000psi.yml	eb612a1c3d7688ebe0c7330f378cc49fb155b186009d9fc728b100b8f0b278b9	2103172	blobs/sha256/eb/eb612a1c3d7688ebe0c7330f378cc49fb155b186009d9fc728b100b8f0b278b9.yml
docs/domains/orcaflex/risers/production/slwr/DesignPressure_8000Psi/SLWR_16OD_SE1200_HE1500_8000psi_No Load, No Offset.yml	3696ef65f850e3296bcb0e8a684863d9a5583ee52e4d08769d5bc74627acba2e	2103170	blobs/sha256/36/3696ef65f850e3296bcb0e8a684863d9a5583ee52e4d08769d5bc74627acba2e.yml
docs/domains/orcaflex/risers/production/slwr/FlexJoint_Stiffness/SLWR_16OD_SE1200_HE1500_FJ_X1p5.yml	d88f0c38f8106dbdc6eed2d92d4c2cecca4630dfc8ef90bce2c80a8c190df8b5	2103203	blobs/sha256/d8/d88f0c38f8106dbdc6eed2d92d4c2cecca4630dfc8ef90bce2c80a8c190df8b5.yml
docs/domains/orcaflex/risers/production/slwr/Fluid_Sensitivity/SLWR_16OD_SE1200_HE1500_Int_Fluid_Max.yml	424d04e5b2cb0560cd7bb2e0088fe88134ba2bd893485d1eaed43d109b91600a	2103175	blobs/sha256/42/424d04e5b2cb0560cd7bb2e0088fe88134ba2bd893485d1eaed43d109b91600a.yml
docs/domains/orcaflex/risers/production/slwr/Fluid_Sensitivity/SLWR_16OD_SE1200_HE1500_Int_Fluid_Min.yml	384918d0a748851e817c8770fdb50ab4712af3f72c43f7ecb0bfa6046d5a27cb	2103176	blobs/sha256/38/384918d0a748851e817c8770fdb50ab4712af3f72c43f7ecb0bfa6046d5a27cb.yml
docs/domains/orcaflex/risers/production/slwr/MooringCondition/SLWR_16OD_SE1200_HE1500_8percent_Offset_GA2_Driving.yml	dc966403b050bc13b5e66994ce49a8b336cf17b86b7ca682e523fd8172bfb50b	2101325	blobs/sha256/dc/dc966403b050bc13b5e66994ce49a8b336cf17b86b7ca682e523fd8172bfb50b.yml
docs/domains/orcaflex/risers/production/slwr/PressureTest/SLWR_16OD_SE1200_HE1500_1yr_Wave_Test_pressure_No Load, No Offset.yml	11b6c0b79e646e0d4acaa98330a104981935a7620f95fdbe9c2a255bf053d8ec	2101253	blobs/sha256/11/11b6c0b79e646e0d4acaa98330a104981935a7620f95fdbe9c2a255bf053d8ec.yml
docs/domains/orcaflex/risers/production/slwr/PressureTest/SLWR_16OD_SE1200_HE1500_1yr_Wave_Test_pressure_Water_Filled.yml	c2fe2266cb65b9329c64c4e97c78f12e3438ea9e740a6d5fd7677360d754067a	2101349	blobs/sha256/c2/c2fe2266cb65b9329c64c4e97c78f12e3438ea9e740a6d5fd7677360d754067a.yml
docs/domains/orcaflex/risers/production/slwr/SLWR_Extreme/Seed1/GA-06_H_R_SubCase-3.yml	7a3950b4a1cf092d71f8aecf13cfe133ffe4ec934e5291a81cf6861b1b0f0eb0	2132853	blobs/sha256/7a/7a3950b4a1cf092d71f8aecf13cfe133ffe4ec934e5291a81cf6861b1b0f0eb0.yml
docs/domains/orcaflex/risers/production/slwr/SLWR_Extreme/Seed2/GA-08a_H_R_SubCase-2.yml	76a6b781d31bf9266ca60f3012f07a8067deab47ea4ed07298b91e327172f169	2133061	blobs/sha256/76/76a6b781d31bf9266ca60f3012f07a8067deab47ea4ed07298b91e327172f169.yml
docs/domains/orcaflex/risers/production/slwr/SLWR_Extreme/Seed3/GA-01_H_R_SubCase-1.yml	7b0fb08d2d397a43816c76836b940d4c18101cbffece68eab06d89709831e589	2133041	blobs/sha256/7b/7b0fb08d2d397a43816c76836b940d4c18101cbffece68eab06d89709831e589.yml
docs/domains/orcaflex/risers/production/slwr/SLWR_Extreme/Seed3/GA-05_H_R_SubCase-1.yml	5214d7db47fffe380e583f35a405b56dc5e0450873a05397d11a10b10e450f56	2133057	blobs/sha256/52/5214d7db47fffe380e583f35a405b56dc5e0450873a05397d11a10b10e450f56.yml
docs/domains/orcaflex/risers/production/slwr/SLWR_Extreme/Seed4/GA-03b_R_SubCase-3.yml	6034cd7a6c85c77af49b63df20f131dd3ed0a7cea154f1079edfc48998825437	2133046	blobs/sha256/60/6034cd7a6c85c77af49b63df20f131dd3ed0a7cea154f1079edfc48998825437.yml
docs/domains/orcaflex/risers/production/slwr/SLWR_Extreme/Seed4/GA-04a_R_SubCase-1.yml	02c9a3d03ab334b949ca79092bb215fbdd31f611bd1df28bf76e79f0df369c62	2133050	blobs/sha256/02/02c9a3d03ab334b949ca79092bb215fbdd31f611bd1df28bf76e79f0df369c62.yml
docs/domains/orcaflex/risers/production/slwr/SLWR_Extreme/Seed5/GA-02_R_SubCase-1.yml	0c0fc30ae0b840f8ca8b084a0a8aa77e26baddf1fa3ab253329ce43d8ff5d124	2133044	blobs/sha256/0c/0c0fc30ae0b840f8ca8b084a0a8aa77e26baddf1fa3ab253329ce43d8ff5d124.yml
docs/domains/orcaflex/risers/production/slwr/SLWR_Extreme/Seed5/GA-07b_H_SubCase-1.yml	7cbe01192c64adc1bf2b26a7ca9ad08cb772c56175baef44595ca7aa0e3420e7	2133055	blobs/sha256/7c/7cbe01192c64adc1bf2b26a7ca9ad08cb772c56175baef44595ca7aa0e3420e7.yml
docs/domains/orcaflex/risers/production/slwr/SLWR_Extreme/Static/SLWR_16OD_SE1200_HE1500_1LC_GA2_Driving.yml	1c7d041a3f8c8b737c01c50ecbeb207b26650416d97ad750ff7672668b58f952	2103180	blobs/sha256/1c/1c7d041a3f8c8b737c01c50ecbeb207b26650416d97ad750ff7672668b58f952.yml
docs/domains/orcaflex/risers/production/slwr/SLWR_Extreme/Static/SLWR_16OD_SE1200_HE1500_1LC_No Load, No Offset.yml	a410b77aa1fb5ba9f727c18c20461df96ac6c72a54ce14ba39a97495645a4bdb	2103066	blobs/sha256/a4/a410b77aa1fb5ba9f727c18c20461df96ac6c72a54ce14ba39a97495645a4bdb.yml
docs/domains/orcaflex/risers/production/slwr/TSJ_Extension/SLWR_16OD_SE1200_HE1500_TSJ2p0in_30ft_GA2_Driving.yml	baf788970bd5d9e5deff1e92a4bcda2ab597fd4e19ca295208fa0b17f0db9baf	2101324	blobs/sha256/ba/baf788970bd5d9e5deff1e92a4bcda2ab597fd4e19ca295208fa0b17f0db9baf.yml
docs/domains/orcaflex/risers/production/slwr/TSJ_Extension/SLWR_16OD_SE1200_HE1500_TSJ2p25in_30ft_GA2_Driving.yml	dda3908912770501fb67167c61705eadac0ed6d6c105596611cbc5aa7815acb6	2101313	blobs/sha256/dd/dda3908912770501fb67167c61705eadac0ed6d6c105596611cbc5aa7815acb6.yml
docs/domains/orcaflex/risers/production/slwr/TSJ_Extension/SLWR_16OD_SE1200_HE1500_TSJ2p5in_30ft_GA2_Driving.yml	5679a2697ba0bb6d43c8ccab46f646580811622d009d7b4d47646a0b0c15a32d	2101324	blobs/sha256/56/5679a2697ba0bb6d43c8ccab46f646580811622d009d7b4d47646a0b0c15a32d.yml
docs/domains/orcaflex/risers/production/slwr/TSJ_Extension/SLWR_16OD_SE1200_HE1500_TSJ3p0in_12ft_GA2_Driving.yml	a04893fc565522ca9c4d4cb0dcecae75061811a97568501b2ed2c19e30862a53	2101327	blobs/sha256/a0/a04893fc565522ca9c4d4cb0dcecae75061811a97568501b2ed2c19e30862a53.yml
docs/domains/orcaflex/risers/production/slwr/TSJ_Extension/SLWR_16OD_SE1200_HE1500_TSJ3p0in_20ft_GA2_Driving.yml	a7f1ad9e55c960e5d74c6e4781eafdc6a04e2e3333726845dd4ab82da4a938c7	2101324	blobs/sha256/a7/a7f1ad9e55c960e5d74c6e4781eafdc6a04e2e3333726845dd4ab82da4a938c7.yml
docs/domains/orcaflex/risers/production/slwr/TSJ_Extension/SLWR_16OD_SE1200_HE1500_TSJ3p0in_30ft_GA2_Driving.yml	af66d0c0b756489f2eda00d214b6af240195b8e62be204060a71ae93a855d051	2101324	blobs/sha256/af/af66d0c0b756489f2eda00d214b6af240195b8e62be204060a71ae93a855d051.yml
docs/domains/orcaflex/risers/production/slwr/TopTension_Sensitivity/SLWR_16OD_SE0500_HE0800_BF_2p5_GA2_Driving.yml	e2e58b62a0547cad73aad5d1b73dece6da604b77dfdf948ce55c3a16cff026e6	2101322	blobs/sha256/e2/e2e58b62a0547cad73aad5d1b73dece6da604b77dfdf948ce55c3a16cff026e6.yml
docs/domains/orcaflex/risers/production/slwr/TopTension_Sensitivity/SLWR_16OD_SE1200_HE1500_BF_2p5_GA2_Driving.yml	9320ff90a3f517564552c86b19e572512a646342a4217793f8040cd2ecc98884	2101323	blobs/sha256/93/9320ff90a3f517564552c86b19e572512a646342a4217793f8040cd2ecc98884.yml
docs/domains/orcaflex/risers/production/slwr/TopTension_Sensitivity/SLWR_16OD_SE2000_HE2300_BF_2p5_GA2_Driving.yml	10850e2628475789e7c9f6f915a08e63aad24e9501451d1c35d1e3d9032940c1	2101324	blobs/sha256/10/10850e2628475789e7c9f6f915a08e63aad24e9501451d1c35d1e3d9032940c1.yml
docs/domains/orcaflex/risers/production/slwr/WaveHeight/SLWR_16OD_SE1200_HE1500_HS_10_GA2_Driving.yml	f7ba9eef7ac1b6a9c87b0cb2fbe668efe544a4f37dc727a2a141fd485ce1e706	2101323	blobs/sha256/f7/f7ba9eef7ac1b6a9c87b0cb2fbe668efe544a4f37dc727a2a141fd485ce1e706.yml
docs/domains/orcaflex/risers/production/slwr/WaveHeight/SLWR_16OD_SE1200_HE1500_HS_12_GA2_Driving.yml	d44c67ef0cbf2acfb2320628a00620335f54ffd704daacabb786e3f504e18743	2101323	blobs/sha256/d4/d44c67ef0cbf2acfb2320628a00620335f54ffd704daacabb786e3f504e18743.yml
docs/domains/orcaflex/support/animations/response_1/H01 Chinese Lantern.dat	fd793e5f7c597d47b4f4af512610025c589961eacc37750649dc983f0ce885d0	489188	blobs/sha256/fd/fd793e5f7c597d47b4f4af512610025c589961eacc37750649dc983f0ce885d0.dat
docs/domains/orcaflex/support/animations/response_1/custom-replay-wiz_step1(general).png	073a8e7c8e44752e5d0faa6891aa0cb60b3f19167aedb381b231d3e14d9fcbc9	334008	blobs/sha256/07/073a8e7c8e44752e5d0faa6891aa0cb60b3f19167aedb381b231d3e14d9fcbc9.png
docs/domains/orcaflex/support/animations/response_1/custom-replay-wiz_step2(from-view).png	6bfb6111a9e21a88e194f3962237abe31184fcd085c3dae4daee94c8b4c23938	320867	blobs/sha256/6b/6bfb6111a9e21a88e194f3962237abe31184fcd085c3dae4daee94c8b4c23938.png
docs/domains/orcaflex/support/animations/response_1/custom-replay-wiz_step3(to-view).png	28e7e63f4ba6ebfbe1497b935c53a8eca2e5802e0e7d2a013f6ad86f8e990a93	315208	blobs/sha256/28/28e7e63f4ba6ebfbe1497b935c53a8eca2e5802e0e7d2a013f6ad86f8e990a93.png
docs/domains/orcaflex/support/animations/response_1/custom-replay-wiz_step4(view-mode&save).png	a0638cc06e9116c4d34830a698aa0661d785c9826ac363c9789c4e213ec26e6c	330722	blobs/sha256/a0/a0638cc06e9116c4d34830a698aa0661d785c9826ac363c9789c4e213ec26e6c.png
docs/domains/orcaflex/support/animations/response_1/how-to-find-custom-replay (1).png	caa1c16e7f451ba976eb79ea5b82d9b4a9dcf35add24bc0966fc5ed8c778e2d1	359128	blobs/sha256/ca/caa1c16e7f451ba976eb79ea5b82d9b4a9dcf35add24bc0966fc5ed8c778e2d1.png
docs/domains/orcaflex/support/animations/response_1/how-to-find-custom-replay.png	caa1c16e7f451ba976eb79ea5b82d9b4a9dcf35add24bc0966fc5ed8c778e2d1	359128	blobs/sha256/ca/caa1c16e7f451ba976eb79ea5b82d9b4a9dcf35add24bc0966fc5ed8c778e2d1.png
docs/domains/orcaflex/support/animations/response_2/Yokohama fender.dat	6d3a8ee378b3aa2009cf76c7f9393980322a1cc8d4bd38ddc27e85611f97c255	187578	blobs/sha256/6d/6d3a8ee378b3aa2009cf76c7f9393980322a1cc8d4bd38ddc27e85611f97c255.dat
docs/domains/orcaflex/support/end_loads/image-1.png	589665724f741c9e1f73e032e58212b1bdeb923692ea4b31ae3bc5a510aad976	590829	blobs/sha256/58/589665724f741c9e1f73e032e58212b1bdeb923692ea4b31ae3bc5a510aad976.png
docs/domains/orcaflex/support/end_loads/image.png	cf0554b3258c8b24b8ba113513b0d023264bf1acdfec942229ab8de5d98c4bf0	135577	blobs/sha256/cf/cf0554b3258c8b24b8ba113513b0d023264bf1acdfec942229ab8de5d98c4bf0.png
docs/domains/orcaflex/support/filepath/image.png	2a9f0bc94e35206acd8c5bd5bc4b7470e8542282b689c5beb350f8bb534eff90	4537	blobs/sha256/2a/2a9f0bc94e35206acd8c5bd5bc4b7470e8542282b689c5beb350f8bb534eff90.png
docs/domains/orcaflex/support/hardware/image-1.png	996b486aa13773c2f787648fca763a5c120acfd8a28c4bb763406ae04a4e8acb	63683	blobs/sha256/99/996b486aa13773c2f787648fca763a5c120acfd8a28c4bb763406ae04a4e8acb.png
docs/domains/orcaflex/support/hardware/image.png	df098f973432bd61f9b7e94f2ca631749f49ae9cdfe26eeceb0be4f5119690b2	62588	blobs/sha256/df/df098f973432bd61f9b7e94f2ca631749f49ae9cdfe26eeceb0be4f5119690b2.png
docs/domains/orcaflex/support/hardware/xeon_12core.png	602c5fde1ebb3de11e08497af21c1c06c0333f69b819b9d091cf8bd9c9697c99	65865	blobs/sha256/60/602c5fde1ebb3de11e08497af21c1c06c0333f69b819b9d091cf8bd9c9697c99.png
docs/domains/orcaflex/support/help_pages/OLE_error_80020101.png	d96b3e7d84fcf909b2bfd7fa2a527afa56c111147eb7f2bcb107b45dbf1c39f9	11745	blobs/sha256/d9/d96b3e7d84fcf909b2bfd7fa2a527afa56c111147eb7f2bcb107b45dbf1c39f9.png
docs/domains/orcaflex/support/input_current/image-1.png	8b92919c0566e5343eda6151b08eec16f0ced65127f113af60e6c5a2b2221aba	57764	blobs/sha256/8b/8b92919c0566e5343eda6151b08eec16f0ced65127f113af60e6c5a2b2221aba.png
docs/domains/orcaflex/support/input_current/image.png	33afd36e862b361fdeeca838e6e5454687fd59b460d7ebb55b0128400433deda	103104	blobs/sha256/33/33afd36e862b361fdeeca838e6e5454687fd59b460d7ebb55b0128400433deda.png
docs/domains/orcaflex/support/input_wave/image.png	3eee8170e3fc5bb4012902a4419e4310d379266ce06db8d55bcf5fd272cf9595	68698	blobs/sha256/3e/3eee8170e3fc5bb4012902a4419e4310d379266ce06db8d55bcf5fd272cf9595.png
docs/domains/orcaflex/support/optimization/Python-Automation-2018/1. Pre-processing YAML files/Basecase.dat	2ed45220f127afe1f6bd014339c2f4dfe40baf9a2c5f9c9010b2cef799f61986	170746	blobs/sha256/2e/2ed45220f127afe1f6bd014339c2f4dfe40baf9a2c5f9c9010b2cef799f61986.dat
docs/domains/orcaflex/support/optimization/Python-Automation-2018/1. Pre-processing YAML files/Vessel offset.dat	bedb8398bae0cee0b2c4f453ec4b620e232613d0723ae4c07b5a33d0d6fee999	226109	blobs/sha256/be/bedb8398bae0cee0b2c4f453ec4b620e232613d0723ae4c07b5a33d0d6fee999.dat
docs/domains/orcaflex/support/optimization/Python-Automation-2018/3. Post calculation actions/Case01.dat	58ef181bc68689909a2d0c6401d2a1520064a68163a697116d4193450c45673c	199168	blobs/sha256/58/58ef181bc68689909a2d0c6401d2a1520064a68163a697116d4193450c45673c.dat
docs/domains/orcaflex/support/optimization/Python-Automation-2018/3. Post calculation actions/Case02.dat	27b8aa68bd94ab0660860b8628fc13eed6bb79d257df15873cf5a1e8afa99d24	197398	blobs/sha256/27/27b8aa68bd94ab0660860b8628fc13eed6bb79d257df15873cf5a1e8afa99d24.dat
docs/domains/orcaflex/support/optimization/Python-Automation-2018/3. Post calculation actions/Case03.dat	0e8f4506059e031e89996804f8669ac4de20428eb93c7a6b42cd738ab73732a1	195886	blobs/sha256/0e/0e8f4506059e031e89996804f8669ac4de20428eb93c7a6b42cd738ab73732a1.dat
docs/domains/orcaflex/support/optimization/Python-Automation-2018/3. Post calculation actions/Case04.dat	5f206aae78263dda18cfc8f2b5ed0bce1a21938002983ac09b18d916d7f95bbc	192752	blobs/sha256/5f/5f206aae78263dda18cfc8f2b5ed0bce1a21938002983ac09b18d916d7f95bbc.dat
docs/domains/orcaflex/support/optimization/Python-Automation-2018/4. Stinger tip clearance/E01 Explicit Geometry Stinger.dat	168b6ed74f3aacaaca7ff4e14c0d2c164071e2cc301fc102bafbfe8fb100bff5	144543	blobs/sha256/16/168b6ed74f3aacaaca7ff4e14c0d2c164071e2cc301fc102bafbfe8fb100bff5.dat
docs/domains/orcaflex/support/optimization/Python-automation-2013/1. Pre-processing/Basecase.dat	ea28426a99dce2e0792b4d945127d22af1267fe8a17431b74aa056043594a9f9	178811	blobs/sha256/ea/ea28426a99dce2e0792b4d945127d22af1267fe8a17431b74aa056043594a9f9.dat
docs/domains/orcaflex/support/optimization/Python-automation-2013/2. Post-processing/Relative velocity.dat	1b48ce49e6ecb51b3304d5ea14e710206e462d5f20c66b8e8e4585c3fd60a30b	148904	blobs/sha256/1b/1b48ce49e6ecb51b3304d5ea14e710206e462d5f20c66b8e8e4585c3fd60a30b.dat
docs/domains/orcaflex/support/optimization/Python-automation-2013/3. Optimisation/Towed Fish.dat	5eb9009a4c9b427fa28d6884f7b9bf3d82b64dab3084093ba26ead628ec03e49	146020	blobs/sha256/5e/5eb9009a4c9b427fa28d6884f7b9bf3d82b64dab3084093ba26ead628ec03e49.dat
docs/domains/orcaflex/support/vessel_motions/image.png	b65a5c946e9c2f5170b09a56ec41d7ec0b990db6fb26859bdc5bfb2a67a0d006	72144	blobs/sha256/b6/b65a5c946e9c2f5170b09a56ec41d7ec0b990db6fb26859bdc5bfb2a67a0d006.png
docs/domains/orcaflex/training/hulls/monolithic/NeptuneBatchTestCase.yml	4991ffd9fce605cdfe9416f0711f42430ceb26d7bc15ef26ea6e23b40db594ea	1332630	blobs/sha256/49/4991ffd9fce605cdfe9416f0711f42430ceb26d7bc15ef26ea6e23b40db594ea.yml
docs/domains/orcawave/2026-05-27-issue-completeness-scorecard.html	0f5b75d200b9aa6a0e7a9de3d1cc0fbfcb3b726131410a41d8071ce48e9f2821	15531	blobs/sha256/0f/0f5b75d200b9aa6a0e7a9de3d1cc0fbfcb3b726131410a41d8071ce48e9f2821.html
docs/domains/orcawave/2026-05-29-pillar-a-session-review.html	01af3d8d330257eb9dfe0117d36d9a76245a836f440f33c790334e0c2f3ed307	17807	blobs/sha256/01/01af3d8d330257eb9dfe0117d36d9a76245a836f440f33c790334e0c2f3ed307.html
docs/domains/orcawave/DIFFRACTION_DOMAIN_ARCHITECTURE.html	ed7b0344eb6fb8831247017798955c10ede20487e1b2b101a7a74b0ae8d409b7	17337	blobs/sha256/ed/ed7b0344eb6fb8831247017798955c10ede20487e1b2b101a7a74b0ae8d409b7.html
docs/domains/orcawave/L00_validation_wamit/2.1/benchmark/benchmark_amplitude.html	bb332bb835c84d63acb148dd13be1726922a2041c3cd18e92336d2390d6f4e05	61113	blobs/sha256/bb/bb332bb835c84d63acb148dd13be1726922a2041c3cd18e92336d2390d6f4e05.html
docs/domains/orcawave/L00_validation_wamit/2.1/benchmark/benchmark_combined.html	084aaf5962f408d63c0481e3db288456d57b561a0fd06b0a1030de4ebc2c2552	104530	blobs/sha256/08/084aaf5962f408d63c0481e3db288456d57b561a0fd06b0a1030de4ebc2c2552.html
docs/domains/orcawave/L00_validation_wamit/2.1/benchmark/benchmark_heatmap.html	328fb9f1ed179d1f0f06addd43999ca5c6bd035fbfa8adba5b41d30696423305	8615	blobs/sha256/32/328fb9f1ed179d1f0f06addd43999ca5c6bd035fbfa8adba5b41d30696423305.html
docs/domains/orcawave/L00_validation_wamit/2.1/benchmark/benchmark_phase.html	88127ef062afb16afee5c9aee24b1508f9351704b5d3a94e7096f034a9608455	59381	blobs/sha256/88/88127ef062afb16afee5c9aee24b1508f9351704b5d3a94e7096f034a9608455.html
docs/domains/orcawave/L00_validation_wamit/2.1/benchmark/benchmark_report.html	d62d497a2b3d603366403d09d4ec1d63868065b31c0f0c68b34f334569e39e22	407708	blobs/sha256/d6/d62d497a2b3d603366403d09d4ec1d63868065b31c0f0c68b34f334569e39e22.html
docs/domains/orcawave/L00_validation_wamit/2.1/benchmark/spec_orcawave/Test01_cylinder_data.dat	88bc1ad83f80e35e9650a0d1b9bf181e309226a240e30a004c62009c24e26ffd	5754	blobs/sha256/88/88bc1ad83f80e35e9650a0d1b9bf181e309226a240e30a004c62009c24e26ffd.dat
docs/domains/orcawave/L00_validation_wamit/2.1/benchmark/spec_orcawave/Test01_cylinder_diffraction_report.html	e5336ab6f9a8dc80b62bd238956199e0d1dbe4db990a07c0d9dbd3b02aa59483	37134	blobs/sha256/e5/e5336ab6f9a8dc80b62bd238956199e0d1dbe4db990a07c0d9dbd3b02aa59483.html
docs/domains/orcawave/L00_validation_wamit/2.1/benchmark/test01_ground_truth_diffraction_report.html	39bc3496d3b419bb4709c03c0ddf47b1af110f0e28a30db465cefa821840947a	40668	blobs/sha256/39/39bc3496d3b419bb4709c03c0ddf47b1af110f0e28a30db465cefa821840947a.html
docs/domains/orcawave/L00_validation_wamit/2.2/benchmark/benchmark_amplitude.html	a4898ae20282ffc56cee0817cd901a756a25301503d24b0cccafc83652440d60	103376	blobs/sha256/a4/a4898ae20282ffc56cee0817cd901a756a25301503d24b0cccafc83652440d60.html
docs/domains/orcawave/L00_validation_wamit/2.2/benchmark/benchmark_combined.html	e01ebe9b00a59d807a9cad394122f2977eb7d4ab16730fe89986c237afd0b07e	186539	blobs/sha256/e0/e01ebe9b00a59d807a9cad394122f2977eb7d4ab16730fe89986c237afd0b07e.html
docs/domains/orcawave/L00_validation_wamit/2.2/benchmark/benchmark_heatmap.html	401b66296b7822d3e2056795af9e03f9b1106c592a9ed50215701230445b3105	8615	blobs/sha256/40/401b66296b7822d3e2056795af9e03f9b1106c592a9ed50215701230445b3105.html
docs/domains/orcawave/L00_validation_wamit/2.2/benchmark/benchmark_phase.html	404e2e8729175782b5d8105142297597bed5d0f717a4fb74a4a86716283ccc5e	99127	blobs/sha256/40/404e2e8729175782b5d8105142297597bed5d0f717a4fb74a4a86716283ccc5e.html
docs/domains/orcawave/L00_validation_wamit/2.2/benchmark/benchmark_report.html	e4ca2211b48d914cb757ba3ac8eaa296ab8c8f4325357fa0a7f5ecf26f2c4579	558502	blobs/sha256/e4/e4ca2211b48d914cb757ba3ac8eaa296ab8c8f4325357fa0a7f5ecf26f2c4579.html
docs/domains/orcawave/L00_validation_wamit/2.2/benchmark/spec_orcawave/Test01_cylinder_data.dat	8fbf829b766568d222bb44e06016c0a618f1cd80dcc19392ed16463baccf5b8a	6533	blobs/sha256/8f/8fbf829b766568d222bb44e06016c0a618f1cd80dcc19392ed16463baccf5b8a.dat
docs/domains/orcawave/L00_validation_wamit/2.2/benchmark/spec_orcawave/Test01_cylinder_diffraction_report.html	3e0f3078b94880150dffbe6dfcbd08e03d8daeedbed2c495da2d1d2fde297504	46605	blobs/sha256/3e/3e0f3078b94880150dffbe6dfcbd08e03d8daeedbed2c495da2d1d2fde297504.html
docs/domains/orcawave/L00_validation_wamit/2.2/benchmark/test02 with base mesh_ground_truth_diffraction_report.html	777159d2ef2a9da788941a173abaf856614abb00e3916fb39dbcef9a1a822f00	54941	blobs/sha256/77/777159d2ef2a9da788941a173abaf856614abb00e3916fb39dbcef9a1a822f00.html
docs/domains/orcawave/L00_validation_wamit/2.3/benchmark/benchmark_amplitude.html	5ae7e1746bb0638f9a19a91c9fd6146e9fe8de8562a4b2ff0d5691d1cef4da36	59772	blobs/sha256/5a/5ae7e1746bb0638f9a19a91c9fd6146e9fe8de8562a4b2ff0d5691d1cef4da36.html
docs/domains/orcawave/L00_validation_wamit/2.3/benchmark/benchmark_combined.html	5713435a1d4b553024b0024ea84005d6636e5f1b7a748ac391c7a07bd86765e7	103270	blobs/sha256/57/5713435a1d4b553024b0024ea84005d6636e5f1b7a748ac391c7a07bd86765e7.html
docs/domains/orcawave/L00_validation_wamit/2.3/benchmark/benchmark_heatmap.html	1972295e1a0d9a555a4e372064401e59aedd2afa85722a6d9aadb3361a10196a	8615	blobs/sha256/19/1972295e1a0d9a555a4e372064401e59aedd2afa85722a6d9aadb3361a10196a.html
docs/domains/orcawave/L00_validation_wamit/2.3/benchmark/benchmark_phase.html	0133861ce3a22c4fb3e781125aafcf9b90fc45ea5ec50fda96e0ef75f278d526	59402	blobs/sha256/01/0133861ce3a22c4fb3e781125aafcf9b90fc45ea5ec50fda96e0ef75f278d526.html
docs/domains/orcawave/L00_validation_wamit/2.3/benchmark/benchmark_report.html	e12144685986e35e98ac4d34b2db1974fe2f6043205224f7944342c727ce83ef	428132	blobs/sha256/e1/e12144685986e35e98ac4d34b2db1974fe2f6043205224f7944342c727ce83ef.html
docs/domains/orcawave/L00_validation_wamit/2.3/benchmark/spec_orcawave/Test01_cylinder_data.dat	c6ffc1520ce3319d4bdea84e7313a2e074d977cc67651115628c26e137d0d0f9	6133	blobs/sha256/c6/c6ffc1520ce3319d4bdea84e7313a2e074d977cc67651115628c26e137d0d0f9.dat
docs/domains/orcawave/L00_validation_wamit/2.3/benchmark/spec_orcawave/Test01_cylinder_diffraction_report.html	59f1536a330f89b4a56462610d3b411b184d73de05ca15c5026d96b483ebecff	40816	blobs/sha256/59/59f1536a330f89b4a56462610d3b411b184d73de05ca15c5026d96b483ebecff.html
docs/domains/orcawave/L00_validation_wamit/2.3/benchmark/test01a_ground_truth_diffraction_report.html	246c8066759347074763eca4f46fbc1a154aa32003569d36d82f41a6f1981421	45413	blobs/sha256/24/246c8066759347074763eca4f46fbc1a154aa32003569d36d82f41a6f1981421.html
docs/domains/orcawave/L00_validation_wamit/2.5c/benchmark/benchmark_amplitude.html	5773a28ea95472eb7b615cf5c7b1c7b499d622b85f28e1fb5ee4f45db3ced78c	33459	blobs/sha256/57/5773a28ea95472eb7b615cf5c7b1c7b499d622b85f28e1fb5ee4f45db3ced78c.html
docs/domains/orcawave/L00_validation_wamit/2.5c/benchmark/benchmark_combined.html	cca96f1bbd4c6fc664a058160b833fc28e99fe212a7cd40568ba52faeae78b71	51006	blobs/sha256/cc/cca96f1bbd4c6fc664a058160b833fc28e99fe212a7cd40568ba52faeae78b71.html
docs/domains/orcawave/L00_validation_wamit/2.5c/benchmark/benchmark_heatmap.html	74fede18ccc4a689158254a6a31d97f370960c5dcb5606c7e6f367f8f058495f	8585	blobs/sha256/74/74fede18ccc4a689158254a6a31d97f370960c5dcb5606c7e6f367f8f058495f.html
docs/domains/orcawave/L00_validation_wamit/2.5c/benchmark/benchmark_phase.html	802696f82855182452fedf1c64b168c21dae53f11485d5d856d7dbe3bbc427e1	31315	blobs/sha256/80/802696f82855182452fedf1c64b168c21dae53f11485d5d856d7dbe3bbc427e1.html
docs/domains/orcawave/L00_validation_wamit/2.5c/benchmark/benchmark_report.html	97c2cb979883a711f3a7aadcc6b95d4c5e919b040d699ff87c712a6eb2b35c42	309543	blobs/sha256/97/97c2cb979883a711f3a7aadcc6b95d4c5e919b040d699ff87c712a6eb2b35c42.html
docs/domains/orcawave/L00_validation_wamit/2.5c/benchmark/spec_orcawave/Body1_data.dat	a1f345fc9daeef6aa0feab4a6dd2df00328b8626dade649582f6951f9cd25f1f	6123	blobs/sha256/a1/a1f345fc9daeef6aa0feab4a6dd2df00328b8626dade649582f6951f9cd25f1f.dat
docs/domains/orcawave/L00_validation_wamit/2.5c/benchmark/spec_orcawave/Body1_diffraction_report.html	9185e6b67d48a7a716488ba90dd7739f88bde6d1230b023e142279a1a8b9a022	33217	blobs/sha256/91/9185e6b67d48a7a716488ba90dd7739f88bde6d1230b023e142279a1a8b9a022.html
docs/domains/orcawave/L00_validation_wamit/2.5c/benchmark/test06_ground_truth_diffraction_report.html	6e2438713f3037f7b363b7300777c169d536b355281915c7675b942e4cf6db0c	33131	blobs/sha256/6e/6e2438713f3037f7b363b7300777c169d536b355281915c7675b942e4cf6db0c.html
docs/domains/orcawave/L00_validation_wamit/2.5f/benchmark/benchmark_amplitude.html	9926e4aa160d24b752b9922497aa40fdf2d2b3ca938b4383afa8272d1056524e	33457	blobs/sha256/99/9926e4aa160d24b752b9922497aa40fdf2d2b3ca938b4383afa8272d1056524e.html
docs/domains/orcawave/L00_validation_wamit/2.5f/benchmark/benchmark_combined.html	29bf28a38717b0ba16d51b82a3ed9cbbedaf193f842c100ec1bb0a60a56a5576	51070	blobs/sha256/29/29bf28a38717b0ba16d51b82a3ed9cbbedaf193f842c100ec1bb0a60a56a5576.html
docs/domains/orcawave/L00_validation_wamit/2.5f/benchmark/benchmark_heatmap.html	09b59dc3f0c7e03d46a6270cae146e636a115092eb2c63222707dfcf4e55db22	8585	blobs/sha256/09/09b59dc3f0c7e03d46a6270cae146e636a115092eb2c63222707dfcf4e55db22.html
docs/domains/orcawave/L00_validation_wamit/2.5f/benchmark/benchmark_phase.html	0ee410f7619de8afc45474f8df7b6768805c27bed268aa86b452a05cf73bbed2	31379	blobs/sha256/0e/0ee410f7619de8afc45474f8df7b6768805c27bed268aa86b452a05cf73bbed2.html
docs/domains/orcawave/L00_validation_wamit/2.5f/benchmark/benchmark_report.html	deb420a576113d75692b3e172dcee90406f4e36765ba4fc6c0972c79bb896a85	598947	blobs/sha256/de/deb420a576113d75692b3e172dcee90406f4e36765ba4fc6c0972c79bb896a85.html
docs/domains/orcawave/L00_validation_wamit/2.5f/benchmark/spec_orcawave/Body1_data.dat	d3b8f8393bfdae20298fcbe602979b36a68a9d5ab42521d7633b718ae209b8fa	6121	blobs/sha256/d3/d3b8f8393bfdae20298fcbe602979b36a68a9d5ab42521d7633b718ae209b8fa.dat
docs/domains/orcawave/L00_validation_wamit/2.5f/benchmark/spec_orcawave/Body1_diffraction_report.html	41f0e170b51d0ebc906769eadb367c4ad7ee1d51e7cdac1a00ab32802f20e648	33210	blobs/sha256/41/41f0e170b51d0ebc906769eadb367c4ad7ee1d51e7cdac1a00ab32802f20e648.html
docs/domains/orcawave/L00_validation_wamit/2.5f/benchmark/test07_ground_truth_diffraction_report.html	f71db7c45f5cc8de2a93d5c6a40af562973b9f78549dc1ac50c62b6db6c3030c	33153	blobs/sha256/f7/f71db7c45f5cc8de2a93d5c6a40af562973b9f78549dc1ac50c62b6db6c3030c.html
docs/domains/orcawave/L00_validation_wamit/2.6/benchmark/body_0/benchmark_amplitude.html	79f1e9edd010c49d065295b0821f8dec3b7596834259a70b99104de34c997fea	24849	blobs/sha256/79/79f1e9edd010c49d065295b0821f8dec3b7596834259a70b99104de34c997fea.html
docs/domains/orcawave/L00_validation_wamit/2.6/benchmark/body_0/benchmark_combined.html	edb1b09bfda970ef8ae5a5a0d2b0953be640ab1acc81a419930f1c78414f3b46	35392	blobs/sha256/ed/edb1b09bfda970ef8ae5a5a0d2b0953be640ab1acc81a419930f1c78414f3b46.html
docs/domains/orcawave/L00_validation_wamit/2.6/benchmark/body_0/benchmark_heatmap.html	15994080aa41b503b99057897b771e1c4fdf8fa96b8af8925d30a096b79369b3	8585	blobs/sha256/15/15994080aa41b503b99057897b771e1c4fdf8fa96b8af8925d30a096b79369b3.html
docs/domains/orcawave/L00_validation_wamit/2.6/benchmark/body_0/benchmark_phase.html	e6a71f6eac48147b7b6de808a8e03684652111c31c157000c9fd4d9364f4172a	24303	blobs/sha256/e6/e6a71f6eac48147b7b6de808a8e03684652111c31c157000c9fd4d9364f4172a.html
docs/domains/orcawave/L00_validation_wamit/2.6/benchmark/body_0/benchmark_report.html	556c3caf9ce9f1df2b00c788c5964786dc82e9cbacb3fbec6dcc1fd08a48fac7	291389	blobs/sha256/55/556c3caf9ce9f1df2b00c788c5964786dc82e9cbacb3fbec6dcc1fd08a48fac7.html
docs/domains/orcawave/L00_validation_wamit/2.6/benchmark/body_1/benchmark_amplitude.html	0c549a39a4bd0c43bdb444f83828765a50be5c35d5250d24ce475226fad3203a	24699	blobs/sha256/0c/0c549a39a4bd0c43bdb444f83828765a50be5c35d5250d24ce475226fad3203a.html
docs/domains/orcawave/L00_validation_wamit/2.6/benchmark/body_1/benchmark_combined.html	0c4b3fbb9afce2aa12f3719405afd1f8bf33b6fb1bddfe3fec4f2e4d1e7bb5a2	35182	blobs/sha256/0c/0c4b3fbb9afce2aa12f3719405afd1f8bf33b6fb1bddfe3fec4f2e4d1e7bb5a2.html
docs/domains/orcawave/L00_validation_wamit/2.6/benchmark/body_1/benchmark_heatmap.html	a48413afb60282a378c4ab72ead039810df63570e44e1a02c66a3a269e145e38	8585	blobs/sha256/a4/a48413afb60282a378c4ab72ead039810df63570e44e1a02c66a3a269e145e38.html
docs/domains/orcawave/L00_validation_wamit/2.6/benchmark/body_1/benchmark_phase.html	ca27741728f6b4d6436d9d6c7ddf3dbf96c4a4cd44a887e0809f736fea8419a4	24227	blobs/sha256/ca/ca27741728f6b4d6436d9d6c7ddf3dbf96c4a4cd44a887e0809f736fea8419a4.html
docs/domains/orcawave/L00_validation_wamit/2.6/benchmark/body_1/benchmark_report.html	1414d2b701e4db64b69f9d0930f0f689e75f6acf6ff25f9e99a1d3d257df4250	290831	blobs/sha256/14/1414d2b701e4db64b69f9d0930f0f689e75f6acf6ff25f9e99a1d3d257df4250.html
docs/domains/orcawave/L00_validation_wamit/2.6/benchmark/coupling/coupling_test05_cylinder_test05_spheroid.html	8c6d081ff80c8750d2df61bd311efeea4f1674f301aeaffc1e5a8141c828a5e6	6732	blobs/sha256/8c/8c6d081ff80c8750d2df61bd311efeea4f1674f301aeaffc1e5a8141c828a5e6.html
docs/domains/orcawave/L00_validation_wamit/2.6/benchmark/coupling/coupling_test05_spheroid_test05_cylinder.html	f7e45a4f38392a4c2c10f5dc8e2e21c708e351473bcc5a5b67c9b81a67bff3b8	6732	blobs/sha256/f7/f7e45a4f38392a4c2c10f5dc8e2e21c708e351473bcc5a5b67c9b81a67bff3b8.html
docs/domains/orcawave/L00_validation_wamit/2.6/benchmark/index.html	f803d9e653f20ca46dfcc5d78ea31d25ef853a8552132b99d75949ab9fa6bd72	76738	blobs/sha256/f8/f803d9e653f20ca46dfcc5d78ea31d25ef853a8552132b99d75949ab9fa6bd72.html
docs/domains/orcawave/L00_validation_wamit/2.6/benchmark/panel_geometry.html	83dcc878873089070935d878b7a571f198e5740ea51818c693422fe28f272f77	60010	blobs/sha256/83/83dcc878873089070935d878b7a571f198e5740ea51818c693422fe28f272f77.html
docs/domains/orcawave/L00_validation_wamit/2.6/benchmark/spec_orcawave/OrcaWave WAMIT Validation_data.dat	9e10a47cf6e6877561de449eb88e3ecfc502b73d964206a36685cef98eee3316	7099	blobs/sha256/9e/9e10a47cf6e6877561de449eb88e3ecfc502b73d964206a36685cef98eee3316.dat
docs/domains/orcawave/L00_validation_wamit/2.6/benchmark/spec_orcawave/OrcaWave WAMIT Validation_diffraction_report.html	76be3affa50944343746e9989e59ce20f31ef44a4448c9fe7a7eb359acd9c805	29122	blobs/sha256/76/76be3affa50944343746e9989e59ce20f31ef44a4448c9fe7a7eb359acd9c805.html
docs/domains/orcawave/L00_validation_wamit/2.6/benchmark/test05a_ground_truth_diffraction_report.html	8b6113fdeccbddb68a105032e260876c2f84a8d93f14322d9e6f0a7a14e35f5f	29067	blobs/sha256/8b/8b6113fdeccbddb68a105032e260876c2f84a8d93f14322d9e6f0a7a14e35f5f.html
docs/domains/orcawave/L00_validation_wamit/2.7/benchmark/Pyramid_ground_truth_diffraction_report.html	cd8dbe31fc4fcdebf1d8f9da8a9e841dfe4639bc3aa844c3bf949debb7047013	115924	blobs/sha256/cd/cd8dbe31fc4fcdebf1d8f9da8a9e841dfe4639bc3aa844c3bf949debb7047013.html
docs/domains/orcawave/L00_validation_wamit/2.7/benchmark/benchmark_amplitude.html	d87021ae307449956e34599a3538f777079bcd9f345f40aaa0a18d0f5341ecc0	296843	blobs/sha256/d8/d87021ae307449956e34599a3538f777079bcd9f345f40aaa0a18d0f5341ecc0.html
docs/domains/orcawave/L00_validation_wamit/2.7/benchmark/benchmark_combined.html	cd3a928842f39a10e5c9f253773cf3375beeb14a1e13cff15066f2cafd0210b0	538998	blobs/sha256/cd/cd3a928842f39a10e5c9f253773cf3375beeb14a1e13cff15066f2cafd0210b0.html
docs/domains/orcawave/L00_validation_wamit/2.7/benchmark/benchmark_heatmap.html	131f066370934f2e844335d6bab9df38d1cc05fb80125169d66b70ede4373ad0	8585	blobs/sha256/13/131f066370934f2e844335d6bab9df38d1cc05fb80125169d66b70ede4373ad0.html
docs/domains/orcawave/L00_validation_wamit/2.7/benchmark/benchmark_phase.html	6c3126a3fdf185a8a1c7b356da1a7c97b2f578d81fbc0f3ee45174666e1424a9	293977	blobs/sha256/6c/6c3126a3fdf185a8a1c7b356da1a7c97b2f578d81fbc0f3ee45174666e1424a9.html
docs/domains/orcawave/L00_validation_wamit/2.7/benchmark/benchmark_report.html	adadbfca9188e30553b43cf6d2d095a5cec119744e2941c6436545c5babb9e39	1165266	blobs/sha256/ad/adadbfca9188e30553b43cf6d2d095a5cec119744e2941c6436545c5babb9e39.html
docs/domains/orcawave/L00_validation_wamit/2.7/benchmark/spec_orcawave/Pyramid_ZC08_data.dat	758b6c9fabc6a3b135f34b98ae8b9dbb86313d8c68d15378900c9d5331e5f8ee	5816	blobs/sha256/75/758b6c9fabc6a3b135f34b98ae8b9dbb86313d8c68d15378900c9d5331e5f8ee.dat
docs/domains/orcawave/L00_validation_wamit/2.7/benchmark/spec_orcawave/Pyramid_ZC08_diffraction_report.html	a07558cb22d7d04707e07db7ae435fb7ed02cd654da7ad73f52fde56f8e68213	115940	blobs/sha256/a0/a07558cb22d7d04707e07db7ae435fb7ed02cd654da7ad73f52fde56f8e68213.html
docs/domains/orcawave/L00_validation_wamit/2.8/benchmark/Ellipsoid_ground_truth_diffraction_report.html	36dc0ed26c7136fc68f6fd53043ab20eb75f61bb802964d79892dfd737d3d0f6	42041	blobs/sha256/36/36dc0ed26c7136fc68f6fd53043ab20eb75f61bb802964d79892dfd737d3d0f6.html
docs/domains/orcawave/L00_validation_wamit/2.8/benchmark/benchmark_amplitude.html	e2592822da9a9a3918c01b8a8509281ee64a8bab021e89e278ec86e21ea8f58f	41512	blobs/sha256/e2/e2592822da9a9a3918c01b8a8509281ee64a8bab021e89e278ec86e21ea8f58f.html
docs/domains/orcawave/L00_validation_wamit/2.8/benchmark/benchmark_combined.html	ea4b4f3da1b28fc2d9c0a352b216d25af6f02bf6d0b38eb6e5dd62c93330805a	27468	blobs/sha256/ea/ea4b4f3da1b28fc2d9c0a352b216d25af6f02bf6d0b38eb6e5dd62c93330805a.html
docs/domains/orcawave/L00_validation_wamit/2.8/benchmark/benchmark_heatmap.html	e712cde851a28cf645f9bbdc86ad7d5ac8014feed36bcf56ee737e0725295e37	8585	blobs/sha256/e7/e712cde851a28cf645f9bbdc86ad7d5ac8014feed36bcf56ee737e0725295e37.html
docs/domains/orcawave/L00_validation_wamit/2.8/benchmark/benchmark_phase.html	220da780f1afc99806c1db9a934b68313f4b498e80525f690629a2004bf024fe	38210	blobs/sha256/22/220da780f1afc99806c1db9a934b68313f4b498e80525f690629a2004bf024fe.html
docs/domains/orcawave/L00_validation_wamit/2.8/benchmark/benchmark_report.html	1944c16bc71caa9665e3a0ea213fd6ae1f58b2d67dc35564e7c392905663d34c	282182	blobs/sha256/19/1944c16bc71caa9665e3a0ea213fd6ae1f58b2d67dc35564e7c392905663d34c.html
docs/domains/orcawave/L00_validation_wamit/2.8/benchmark/spec_orcawave/Ellipsoid_96p_data.dat	2702ec9af3de98b930ac6e0ae1915cc7dd890355514b4521b9a6b1c987a6633f	5499	blobs/sha256/27/2702ec9af3de98b930ac6e0ae1915cc7dd890355514b4521b9a6b1c987a6633f.dat
docs/domains/orcawave/L00_validation_wamit/2.8/benchmark/spec_orcawave/Ellipsoid_96p_diffraction_report.html	5dcec20a23e42a86c15b35e08a355b4944b4e1bdc217335f5287fdb79b19185e	42054	blobs/sha256/5d/5dcec20a23e42a86c15b35e08a355b4944b4e1bdc217335f5287fdb79b19185e.html
docs/domains/orcawave/L00_validation_wamit/2.9/benchmark/Moonpool Body_ground_truth_diffraction_report.html	60cb1c6c5c6ed528ab91186017bce448bd7c263ff986f75bb857be98346f1c90	79745	blobs/sha256/60/60cb1c6c5c6ed528ab91186017bce448bd7c263ff986f75bb857be98346f1c90.html
docs/domains/orcawave/L00_validation_wamit/2.9/benchmark/benchmark_amplitude.html	2f91ee1194ef739ee5ee483495d7691e32ac01069a7ac0cfef94b1a0cd0d81aa	212670	blobs/sha256/2f/2f91ee1194ef739ee5ee483495d7691e32ac01069a7ac0cfef94b1a0cd0d81aa.html
docs/domains/orcawave/L00_validation_wamit/2.9/benchmark/benchmark_combined.html	30ee1c91790b1719c4d250e67370d8200cca11c90af3c59f3a3bae197cad4040	393587	blobs/sha256/30/30ee1c91790b1719c4d250e67370d8200cca11c90af3c59f3a3bae197cad4040.html
docs/domains/orcawave/L00_validation_wamit/2.9/benchmark/benchmark_heatmap.html	be3b7ae4120364c923dc1900d54c728f0816287a942b9f2c59d4d95625f29142	8615	blobs/sha256/be/be3b7ae4120364c923dc1900d54c728f0816287a942b9f2c59d4d95625f29142.html
docs/domains/orcawave/L00_validation_wamit/2.9/benchmark/benchmark_phase.html	83f65894f8bdd629b3272599519583684142b6ca26240ed81bef4d23ada7e888	205910	blobs/sha256/83/83f65894f8bdd629b3272599519583684142b6ca26240ed81bef4d23ada7e888.html
docs/domains/orcawave/L00_validation_wamit/2.9/benchmark/benchmark_report.html	b42fd3f885fe1dfe246ceeb727ef297335b26a1eb85e694545e219190ba9663c	859256	blobs/sha256/b4/b42fd3f885fe1dfe246ceeb727ef297335b26a1eb85e694545e219190ba9663c.html
docs/domains/orcawave/L00_validation_wamit/2.9/benchmark/spec_orcawave/cylinder with moonpool_data.dat	23d2a90ab2e99e705a9c42854bf42ffe3395629b3bd0deb2b9a9eddba46fc26e	6011	blobs/sha256/23/23d2a90ab2e99e705a9c42854bf42ffe3395629b3bd0deb2b9a9eddba46fc26e.dat
docs/domains/orcawave/L00_validation_wamit/2.9/benchmark/spec_orcawave/cylinder with moonpool_diffraction_report.html	87640525064324ececf2e926acefd3ecb0ed9325dda38073bfbabc66e8334a6c	60393	blobs/sha256/87/87640525064324ececf2e926acefd3ecb0ed9325dda38073bfbabc66e8334a6c.html
docs/domains/orcawave/L00_validation_wamit/3.1/QTF_plot.png	b688e109183e1d2951bf9cc03ee322b09fa6d494f62af4ca483d793246ffca10	120734	blobs/sha256/b6/b688e109183e1d2951bf9cc03ee322b09fa6d494f62af4ca483d793246ffca10.png
docs/domains/orcawave/L00_validation_wamit/3.1/benchmark/Bottom mounted cylinder_ground_truth_diffraction_report.html	f9f5939e63ea9aed62b9a8ff22aeb757acc5aae98e2e9317bab01d51108dd19b	24717	blobs/sha256/f9/f9f5939e63ea9aed62b9a8ff22aeb757acc5aae98e2e9317bab01d51108dd19b.html
docs/domains/orcawave/L00_validation_wamit/3.1/benchmark/benchmark_amplitude.html	57d7b004d5ab0ee74deee8992fb0b146c40ab0d77b0bd62d4e17505921bcf969	19765	blobs/sha256/57/57d7b004d5ab0ee74deee8992fb0b146c40ab0d77b0bd62d4e17505921bcf969.html
docs/domains/orcawave/L00_validation_wamit/3.1/benchmark/benchmark_combined.html	7422b397acf15a9bca8ae222c4a21c69905c49cb59ebb52b9c66ed94ad288afb	24745	blobs/sha256/74/7422b397acf15a9bca8ae222c4a21c69905c49cb59ebb52b9c66ed94ad288afb.html
docs/domains/orcawave/L00_validation_wamit/3.1/benchmark/benchmark_heatmap.html	9446ac235738f8a136e3ac61bcca53e4013b4b15a20bed94fc7de2ed0bfa5f66	8585	blobs/sha256/94/9446ac235738f8a136e3ac61bcca53e4013b4b15a20bed94fc7de2ed0bfa5f66.html
docs/domains/orcawave/L00_validation_wamit/3.1/benchmark/benchmark_phase.html	9202d899b975af581993ae62c73d10d0679190d43c36864cab15f5b23e66dd66	18637	blobs/sha256/92/9202d899b975af581993ae62c73d10d0679190d43c36864cab15f5b23e66dd66.html
docs/domains/orcawave/L00_validation_wamit/3.1/benchmark/benchmark_report.html	0120f383103cdeb13192d5f042d8ef19fa5a6821bfa158deeae5e5a309654f14	482468	blobs/sha256/01/0120f383103cdeb13192d5f042d8ef19fa5a6821bfa158deeae5e5a309654f14.html
docs/domains/orcawave/L00_validation_wamit/3.1/benchmark/qtf_sum_freq_surge.html	86caed5f989aab5f916cac84969bfb5adb8207e7b2b3e23bb90d83811196e343	3614977	blobs/sha256/86/86caed5f989aab5f916cac84969bfb5adb8207e7b2b3e23bb90d83811196e343.html
docs/domains/orcawave/L00_validation_wamit/3.1/benchmark/spec_orcawave/test101 bottom mounted cylinder_data.dat	70ce7534488b821b29a99e158d55cab99b9dc5a294708fd90cf73b2545ab9904	6184	blobs/sha256/70/70ce7534488b821b29a99e158d55cab99b9dc5a294708fd90cf73b2545ab9904.dat
docs/domains/orcawave/L00_validation_wamit/3.1/benchmark/spec_orcawave/test101 bottom mounted cylinder_diffraction_report.html	bdd71df54662ec3868175d8aa3cc2b62c7b862886d74f2d99f92ef4a87ac7a73	24745	blobs/sha256/bd/bdd71df54662ec3868175d8aa3cc2b62c7b862886d74f2d99f92ef4a87ac7a73.html
docs/domains/orcawave/L00_validation_wamit/3.2/benchmark/Sphere_ground_truth_diffraction_report.html	77c9a8d62267941af5708e8dad8d5e5dcf1db20b6bfcb4b9107772e75be3c709	25017	blobs/sha256/77/77c9a8d62267941af5708e8dad8d5e5dcf1db20b6bfcb4b9107772e75be3c709.html
docs/domains/orcawave/L00_validation_wamit/3.2/benchmark/benchmark_amplitude.html	8e86372f60c02a8755452c9a6fde245ffd0862abf36180411970488457d617b7	20169	blobs/sha256/8e/8e86372f60c02a8755452c9a6fde245ffd0862abf36180411970488457d617b7.html
docs/domains/orcawave/L00_validation_wamit/3.2/benchmark/benchmark_combined.html	fb9dd772f8fdbee7b8186f72139658644d0c2422ca59a90c9a296f17467caee0	25949	blobs/sha256/fb/fb9dd772f8fdbee7b8186f72139658644d0c2422ca59a90c9a296f17467caee0.html
docs/domains/orcawave/L00_validation_wamit/3.2/benchmark/benchmark_heatmap.html	3bb0af907868fa5137fbc6ec86911ec337c6dc17c045ddf98e1a7a1c972a4951	8615	blobs/sha256/3b/3bb0af907868fa5137fbc6ec86911ec337c6dc17c045ddf98e1a7a1c972a4951.html
docs/domains/orcawave/L00_validation_wamit/3.2/benchmark/benchmark_phase.html	18976712b1e840b938f79978a7a13215f65527158d4baaa8e2aab338b113bcf8	19504	blobs/sha256/18/18976712b1e840b938f79978a7a13215f65527158d4baaa8e2aab338b113bcf8.html
docs/domains/orcawave/L00_validation_wamit/3.2/benchmark/benchmark_report.html	240440c322226ff8fcaaab830145542ae28a2e6d0d1d578051f887ad76ad425d	343649	blobs/sha256/24/240440c322226ff8fcaaab830145542ae28a2e6d0d1d578051f887ad76ad425d.html
docs/domains/orcawave/L00_validation_wamit/3.2/benchmark/qtf_diff_freq_dw0p1_heave.html	f51a50852e7023c271f2d127db237aba6f537260f8e1acd48737102dc88a7ef1	3607866	blobs/sha256/f5/f51a50852e7023c271f2d127db237aba6f537260f8e1acd48737102dc88a7ef1.html
docs/domains/orcawave/L00_validation_wamit/3.2/benchmark/qtf_diff_freq_dw0p1_surge.html	c2c9edd6c7002cb05815d1c7a8a225e72a89fbaba6baa57c2cd682a1cfa3685c	3607872	blobs/sha256/c2/c2c9edd6c7002cb05815d1c7a8a225e72a89fbaba6baa57c2cd682a1cfa3685c.html
docs/domains/orcawave/L00_validation_wamit/3.2/benchmark/qtf_diff_freq_dw0p4_heave.html	93f2b3e72f601400cd94f992a843553c7f849b6eb5eabf006207a872e8c8d856	3607864	blobs/sha256/93/93f2b3e72f601400cd94f992a843553c7f849b6eb5eabf006207a872e8c8d856.html
docs/domains/orcawave/L00_validation_wamit/3.2/benchmark/qtf_diff_freq_dw0p4_surge.html	3846833d0b7e86e3236b4a02fd7a9c54dff858a0bedd559d13975d0bfab9e570	3607868	blobs/sha256/38/3846833d0b7e86e3236b4a02fd7a9c54dff858a0bedd559d13975d0bfab9e570.html
docs/domains/orcawave/L00_validation_wamit/3.2/benchmark/qtf_diff_freq_dw0p5_heave.html	df38e599b8acbf3929e4e8a3c627555ece9ae3729d03ea8b0881db74e2fff7bb	3609399	blobs/sha256/df/df38e599b8acbf3929e4e8a3c627555ece9ae3729d03ea8b0881db74e2fff7bb.html
docs/domains/orcawave/L00_validation_wamit/3.2/benchmark/qtf_diff_freq_dw0p5_surge.html	477572713edf7a74c8e8b9f08d1a37d7c48f9733cf6ac7dc8293d5c81d05f9d9	3609389	blobs/sha256/47/477572713edf7a74c8e8b9f08d1a37d7c48f9733cf6ac7dc8293d5c81d05f9d9.html
docs/domains/orcawave/L00_validation_wamit/3.2/benchmark/qtf_diff_freq_dw0p6_heave.html	dd67a1c224af3a01305993f1b0ae374f85175b6b784cc03969b39514843b4487	3607864	blobs/sha256/dd/dd67a1c224af3a01305993f1b0ae374f85175b6b784cc03969b39514843b4487.html
docs/domains/orcawave/L00_validation_wamit/3.2/benchmark/qtf_diff_freq_dw0p6_surge.html	0afec2ff989e68c35468e645c656125b03d0a3a97b5ee4a0dce47526db7fc60e	3607864	blobs/sha256/0a/0afec2ff989e68c35468e645c656125b03d0a3a97b5ee4a0dce47526db7fc60e.html
docs/domains/orcawave/L00_validation_wamit/3.2/benchmark/qtf_diff_freq_dw0p9_heave.html	8754927678e46a9a5e97445a892bd717331cd2b884b8b494aed8d50a5fec6b1d	3607868	blobs/sha256/87/8754927678e46a9a5e97445a892bd717331cd2b884b8b494aed8d50a5fec6b1d.html
docs/domains/orcawave/L00_validation_wamit/3.2/benchmark/qtf_diff_freq_dw0p9_surge.html	c05b5e4afe6b6ad97f55f4bd948a1436c1fe0bcfc5eb748164a726e831148067	3607865	blobs/sha256/c0/c05b5e4afe6b6ad97f55f4bd948a1436c1fe0bcfc5eb748164a726e831148067.html
docs/domains/orcawave/L00_validation_wamit/3.2/benchmark/qtf_diff_freq_dw1_heave.html	abd95a9315c40c23efb84d43cc17efae971e06b0ca3dedd893121c185ff75e57	3609176	blobs/sha256/ab/abd95a9315c40c23efb84d43cc17efae971e06b0ca3dedd893121c185ff75e57.html
docs/domains/orcawave/L00_validation_wamit/3.2/benchmark/qtf_diff_freq_dw1_surge.html	b34f1129e140810a0167b49fee5775d69ffd2ab8a45b4e6412abbcef5af99990	3609189	blobs/sha256/b3/b34f1129e140810a0167b49fee5775d69ffd2ab8a45b4e6412abbcef5af99990.html
docs/domains/orcawave/L00_validation_wamit/3.2/benchmark/qtf_diff_freq_dw1p1_heave.html	4e671b97dbc68704bb452c15d5ae392f2adc50028ebd04fb12b32ecb6ac4c443	3607860	blobs/sha256/4e/4e671b97dbc68704bb452c15d5ae392f2adc50028ebd04fb12b32ecb6ac4c443.html
docs/domains/orcawave/L00_validation_wamit/3.2/benchmark/qtf_diff_freq_dw1p1_surge.html	f3ac381be8b737c19db2915e017c398d4b240124c374a80b00fd3c7451f0df7b	3607862	blobs/sha256/f3/f3ac381be8b737c19db2915e017c398d4b240124c374a80b00fd3c7451f0df7b.html
docs/domains/orcawave/L00_validation_wamit/3.2/benchmark/qtf_diff_freq_dw1p4_heave.html	2fdaf055247929570e719a3fe8e412497a0d41da3fa7323dce088c51068b4053	3607867	blobs/sha256/2f/2fdaf055247929570e719a3fe8e412497a0d41da3fa7323dce088c51068b4053.html
docs/domains/orcawave/L00_validation_wamit/3.2/benchmark/qtf_diff_freq_dw1p4_surge.html	ef7ddbebd181644094ce00a27d4da0133dc7e671a1558e128536600dcf1df462	3607863	blobs/sha256/ef/ef7ddbebd181644094ce00a27d4da0133dc7e671a1558e128536600dcf1df462.html
docs/domains/orcawave/L00_validation_wamit/3.2/benchmark/qtf_diff_freq_dw1p5_heave.html	bdfa19a38cdbf5b03bffef709bb3838842c554495f0485609c445859f90cf9dd	3608987	blobs/sha256/bd/bdfa19a38cdbf5b03bffef709bb3838842c554495f0485609c445859f90cf9dd.html
docs/domains/orcawave/L00_validation_wamit/3.2/benchmark/qtf_diff_freq_dw1p5_surge.html	c8badfd51cc1b0b772a79147ce7676bdee742ff54839ff1b132c443cc19c248e	3608971	blobs/sha256/c8/c8badfd51cc1b0b772a79147ce7676bdee742ff54839ff1b132c443cc19c248e.html
docs/domains/orcawave/L00_validation_wamit/3.2/benchmark/qtf_diff_freq_dw1p6_heave.html	cea4f069eabafbbdaf0033e75355d17dcaaa69799a78a8895fff2ec4de355072	3607860	blobs/sha256/ce/cea4f069eabafbbdaf0033e75355d17dcaaa69799a78a8895fff2ec4de355072.html
docs/domains/orcawave/L00_validation_wamit/3.2/benchmark/qtf_diff_freq_dw1p6_surge.html	639e2ec7f9645bce9b893f086093b9fc7987186ae2aed80e7aa6befd053b3a9b	3607861	blobs/sha256/63/639e2ec7f9645bce9b893f086093b9fc7987186ae2aed80e7aa6befd053b3a9b.html
docs/domains/orcawave/L00_validation_wamit/3.2/benchmark/qtf_diff_freq_dw1p9_heave.html	cb980158bb04fb874b6bc883102a14d48528db358382f48202ef9b95d8fb38cb	3607867	blobs/sha256/cb/cb980158bb04fb874b6bc883102a14d48528db358382f48202ef9b95d8fb38cb.html
docs/domains/orcawave/L00_validation_wamit/3.2/benchmark/qtf_diff_freq_dw1p9_surge.html	198e289d815ef5ba6a2706b97915b681a44b5abaade72770aa7bd3102f0acade	3607863	blobs/sha256/19/198e289d815ef5ba6a2706b97915b681a44b5abaade72770aa7bd3102f0acade.html
docs/domains/orcawave/L00_validation_wamit/3.2/benchmark/qtf_diff_freq_dw2_heave.html	b30538910ac195e1b728e23952540d79cc512b9b3c9ee127f905ed7bd5262c3d	3608796	blobs/sha256/b3/b30538910ac195e1b728e23952540d79cc512b9b3c9ee127f905ed7bd5262c3d.html
docs/domains/orcawave/L00_validation_wamit/3.2/benchmark/qtf_diff_freq_dw2_surge.html	aead2db34a572bb27b704dfc3ab0e42fa28bb82c40b7f3c406f682fa72571ce6	3608772	blobs/sha256/ae/aead2db34a572bb27b704dfc3ab0e42fa28bb82c40b7f3c406f682fa72571ce6.html
docs/domains/orcawave/L00_validation_wamit/3.2/benchmark/qtf_diff_freq_dw2p1_heave.html	0571b8ecf5361977018b3bf87a1cb918a9f02aa13c2dc6fa4ff3804600b47362	3607862	blobs/sha256/05/0571b8ecf5361977018b3bf87a1cb918a9f02aa13c2dc6fa4ff3804600b47362.html
docs/domains/orcawave/L00_validation_wamit/3.2/benchmark/qtf_diff_freq_dw2p1_surge.html	3e605b78c772c250383967b97c34ace1a401d3da8d4b2b06d9145a85e4ba316e	3607863	blobs/sha256/3e/3e605b78c772c250383967b97c34ace1a401d3da8d4b2b06d9145a85e4ba316e.html
docs/domains/orcawave/L00_validation_wamit/3.2/benchmark/qtf_diff_freq_dw2p4_heave.html	aaf45ed753c8c3953c1bd14bc0057a2866f5046fb72c8dce85850f159e6f6f00	3607872	blobs/sha256/aa/aaf45ed753c8c3953c1bd14bc0057a2866f5046fb72c8dce85850f159e6f6f00.html
docs/domains/orcawave/L00_validation_wamit/3.2/benchmark/qtf_diff_freq_dw2p4_surge.html	2fe029b58291003cbca91b0abc6e391299a63e10fd3947ea10ea7f60e69e516d	3607864	blobs/sha256/2f/2fe029b58291003cbca91b0abc6e391299a63e10fd3947ea10ea7f60e69e516d.html
docs/domains/orcawave/L00_validation_wamit/3.2/benchmark/qtf_diff_freq_dw2p5_heave.html	1b40d820eeb6261ad624ce6d74842c1c2635fa3dc9208b2c862e2f406e476754	3608612	blobs/sha256/1b/1b40d820eeb6261ad624ce6d74842c1c2635fa3dc9208b2c862e2f406e476754.html
docs/domains/orcawave/L00_validation_wamit/3.2/benchmark/qtf_diff_freq_dw2p5_surge.html	3fae06eb04408b5b8d671f35b72f9203a5ba6009a6950d4ccde1af3db0317939	3608587	blobs/sha256/3f/3fae06eb04408b5b8d671f35b72f9203a5ba6009a6950d4ccde1af3db0317939.html
docs/domains/orcawave/L00_validation_wamit/3.2/benchmark/qtf_diff_freq_dw3_heave.html	01083074d89c484e9aa5a777c34a2f17aeeccc5e3f7fec2ae98ea8d5ea0a98a1	3608426	blobs/sha256/01/01083074d89c484e9aa5a777c34a2f17aeeccc5e3f7fec2ae98ea8d5ea0a98a1.html
docs/domains/orcawave/L00_validation_wamit/3.2/benchmark/qtf_diff_freq_dw3_surge.html	482519e0b0af7b512a110981aa83337d66fbc131c94c7c43eb8e95a1be042348	3608405	blobs/sha256/48/482519e0b0af7b512a110981aa83337d66fbc131c94c7c43eb8e95a1be042348.html
docs/domains/orcawave/L00_validation_wamit/3.2/benchmark/qtf_diff_freq_dw3p5_heave.html	b66609486dde6a44bbb79f745e154c3649d532d62c035bbc30cbb6d1444176a6	3608236	blobs/sha256/b6/b66609486dde6a44bbb79f745e154c3649d532d62c035bbc30cbb6d1444176a6.html
docs/domains/orcawave/L00_validation_wamit/3.2/benchmark/qtf_diff_freq_dw3p5_surge.html	a6e108d0cee9359b966c6f2510c8ac0cf910087e3d41e72addb9fffcedd25d69	3608224	blobs/sha256/a6/a6e108d0cee9359b966c6f2510c8ac0cf910087e3d41e72addb9fffcedd25d69.html
docs/domains/orcawave/L00_validation_wamit/3.2/benchmark/qtf_diff_freq_dw4_heave.html	aa79415b6b882e3ba4bdb215436cc9954cab6913cd541f93804a28a536909cb2	3608047	blobs/sha256/aa/aa79415b6b882e3ba4bdb215436cc9954cab6913cd541f93804a28a536909cb2.html
docs/domains/orcawave/L00_validation_wamit/3.2/benchmark/qtf_diff_freq_dw4_surge.html	ca6cfe84139fcd481496626e172d41a8ee19053dd99af0b6f70eaba00515f51b	3608042	blobs/sha256/ca/ca6cfe84139fcd481496626e172d41a8ee19053dd99af0b6f70eaba00515f51b.html
docs/domains/orcawave/L00_validation_wamit/3.2/benchmark/qtf_diff_freq_dw4p5_heave.html	49ccbe2e408c4af845cd5e0be4071a173bbb392af62406c1bd57fd141e5cfa7c	3607864	blobs/sha256/49/49ccbe2e408c4af845cd5e0be4071a173bbb392af62406c1bd57fd141e5cfa7c.html
docs/domains/orcawave/L00_validation_wamit/3.2/benchmark/qtf_diff_freq_dw4p5_surge.html	040addb3b24322f18954b66419b31d11e0dcfc13edc40f209e2d3a6de7ce4547	3607857	blobs/sha256/04/040addb3b24322f18954b66419b31d11e0dcfc13edc40f209e2d3a6de7ce4547.html
docs/domains/orcawave/L00_validation_wamit/3.2/benchmark/spec_orcawave/Sphere_R5_data.dat	04832a58eb013f0f34d96f802f32f20e81f7956364545d3668fce48cf5b7ced0	5797	blobs/sha256/04/04832a58eb013f0f34d96f802f32f20e81f7956364545d3668fce48cf5b7ced0.dat
docs/domains/orcawave/L00_validation_wamit/3.2/benchmark/spec_orcawave/Sphere_R5_diffraction_report.html	739c55e74b37136e56fb365bc21de795d5649df39b5a30b9a943e74ca489a22a	24937	blobs/sha256/73/739c55e74b37136e56fb365bc21de795d5649df39b5a30b9a943e74ca489a22a.html
docs/domains/orcawave/L00_validation_wamit/3.2/comparison_1.png	b01a6eb6e82fdfbd278d2bd4ddb695aef5f224b3d934f7a79e38ce3c8c166bb0	104841	blobs/sha256/b0/b01a6eb6e82fdfbd278d2bd4ddb695aef5f224b3d934f7a79e38ce3c8c166bb0.png
docs/domains/orcawave/L00_validation_wamit/3.2/comparison_2.png	a65e7312fe1c760d6bf6eb20d1eda128676286fd684c19e27c0e4e9ea1ce7975	110688	blobs/sha256/a6/a65e7312fe1c760d6bf6eb20d1eda128676286fd684c19e27c0e4e9ea1ce7975.png
docs/domains/orcawave/L00_validation_wamit/3.2/digitized/debug_subplot_boxes.png	86d10f79993212eb7aa050b30dd8fa482b8fc904b30deacb7bd5c4e089d122c2	98170	blobs/sha256/86/86d10f79993212eb7aa050b30dd8fa482b8fc904b30deacb7bd5c4e089d122c2.png
docs/domains/orcawave/L00_validation_wamit/3.3/Comparison_1.png	3ba5b0ce9371782f83cbb8820c230d8f52dfa49ec76b5b8c0b8163a3a46aa2e3	80914	blobs/sha256/3b/3ba5b0ce9371782f83cbb8820c230d8f52dfa49ec76b5b8c0b8163a3a46aa2e3.png
docs/domains/orcawave/L00_validation_wamit/3.3/benchmark/body_0/benchmark_amplitude.html	865ccf524650118c2498cc599c7dfcb66c034d97d8551b6dd6e2ec6e536429fd	52944	blobs/sha256/86/865ccf524650118c2498cc599c7dfcb66c034d97d8551b6dd6e2ec6e536429fd.html
docs/domains/orcawave/L00_validation_wamit/3.3/benchmark/body_0/benchmark_combined.html	8f6a24120b7ffc442b33e9f5c547cb54b215af3bdfa29f9024a03b7e020317bf	78623	blobs/sha256/8f/8f6a24120b7ffc442b33e9f5c547cb54b215af3bdfa29f9024a03b7e020317bf.html
docs/domains/orcawave/L00_validation_wamit/3.3/benchmark/body_0/benchmark_heatmap.html	a300a5cc5d4cb781953242f854b2caa5c761fcf20bcb4bcdecf211fa5eb29b6a	8585	blobs/sha256/a3/a300a5cc5d4cb781953242f854b2caa5c761fcf20bcb4bcdecf211fa5eb29b6a.html
docs/domains/orcawave/L00_validation_wamit/3.3/benchmark/body_0/benchmark_phase.html	f7c9033aad684c16b765a7c6d7aac85a9c9623222f821e129488bf71103cc5de	48615	blobs/sha256/f7/f7c9033aad684c16b765a7c6d7aac85a9c9623222f821e129488bf71103cc5de.html
docs/domains/orcawave/L00_validation_wamit/3.3/benchmark/body_0/benchmark_report.html	3fea08cd295b5cf713ce8e5bfba1a687d91c776de24255608c2b27f304367cb5	464165	blobs/sha256/3f/3fea08cd295b5cf713ce8e5bfba1a687d91c776de24255608c2b27f304367cb5.html
docs/domains/orcawave/L00_validation_wamit/3.3/benchmark/body_1/benchmark_amplitude.html	386ba43181aa26ce58c430cfc095eab1c7fe8aef6adc3c8d95add671e172499a	51078	blobs/sha256/38/386ba43181aa26ce58c430cfc095eab1c7fe8aef6adc3c8d95add671e172499a.html
docs/domains/orcawave/L00_validation_wamit/3.3/benchmark/body_1/benchmark_combined.html	4b5b477d31d9ba2ee4b0e0a315f4d2aeecf160220a2cb6eb429c534c73e2eebc	77953	blobs/sha256/4b/4b5b477d31d9ba2ee4b0e0a315f4d2aeecf160220a2cb6eb429c534c73e2eebc.html
docs/domains/orcawave/L00_validation_wamit/3.3/benchmark/body_1/benchmark_heatmap.html	e9235342420c2a265b2c761ea50efea268dfb0cfa3ed6ceceb1bf8f81ceebb82	8613	blobs/sha256/e9/e9235342420c2a265b2c761ea50efea268dfb0cfa3ed6ceceb1bf8f81ceebb82.html
docs/domains/orcawave/L00_validation_wamit/3.3/benchmark/body_1/benchmark_phase.html	67a8b6b9c9850046a3f5310cc7768322b13de2cacda755586dff5127ad00802e	49565	blobs/sha256/67/67a8b6b9c9850046a3f5310cc7768322b13de2cacda755586dff5127ad00802e.html
docs/domains/orcawave/L00_validation_wamit/3.3/benchmark/body_1/benchmark_report.html	a3ed63558698cc68e08882a204fc286da06f9c4b9602c7c4bd5fedcc701d543e	455967	blobs/sha256/a3/a3ed63558698cc68e08882a204fc286da06f9c4b9602c7c4bd5fedcc701d543e.html
docs/domains/orcawave/L00_validation_wamit/3.3/benchmark/coupling/coupling_cylinder_ellipsoid.html	134dc0256f4b26115dafdf444c4fe149348ee8715766695387da7ae0fab852e8	6720	blobs/sha256/13/134dc0256f4b26115dafdf444c4fe149348ee8715766695387da7ae0fab852e8.html
docs/domains/orcawave/L00_validation_wamit/3.3/benchmark/coupling/coupling_ellipsoid_cylinder.html	ff238b807c9ac6f5790ae5b556e4ad86e9154ba355b723033fd7a278e8205731	6726	blobs/sha256/ff/ff238b807c9ac6f5790ae5b556e4ad86e9154ba355b723033fd7a278e8205731.html
docs/domains/orcawave/L00_validation_wamit/3.3/benchmark/index.html	68aa0bcbd87681dba941963b6ee7b4797c292f74ef172b150b2391bb19275887	1029347	blobs/sha256/68/68aa0bcbd87681dba941963b6ee7b4797c292f74ef172b150b2391bb19275887.html
docs/domains/orcawave/L00_validation_wamit/3.3/benchmark/qtf_diff_freq_dw0p5_heave.html	93f910b9eef403c353f445c44075a0035e55474ea8a0d9a206efcc927b4880d7	3640394	blobs/sha256/93/93f910b9eef403c353f445c44075a0035e55474ea8a0d9a206efcc927b4880d7.html
docs/domains/orcawave/L00_validation_wamit/3.3/benchmark/qtf_diff_freq_dw0p5_pitch.html	1efb64eaf5031be3a77c0d110267647c117d7a48aa931661bd0efa21f89a0865	3639621	blobs/sha256/1e/1efb64eaf5031be3a77c0d110267647c117d7a48aa931661bd0efa21f89a0865.html
docs/domains/orcawave/L00_validation_wamit/3.3/benchmark/qtf_diff_freq_dw0p5_roll.html	96a18fb9c43044197c4a31e854cfaf607a2748644f41c0764906142536bb5445	3640010	blobs/sha256/96/96a18fb9c43044197c4a31e854cfaf607a2748644f41c0764906142536bb5445.html
docs/domains/orcawave/L00_validation_wamit/3.3/benchmark/qtf_diff_freq_dw0p5_surge.html	1a21878caac2d17b2bc7646fc2bbc4e51877de1eb873d25dcf3689e5dcd29aa8	3639639	blobs/sha256/1a/1a21878caac2d17b2bc7646fc2bbc4e51877de1eb873d25dcf3689e5dcd29aa8.html
docs/domains/orcawave/L00_validation_wamit/3.3/benchmark/qtf_diff_freq_dw0p5_sway.html	1cd2c197c23174fe3dea3c3fc7fe4bd8ee738753ca77632f29af490657593f63	3639570	blobs/sha256/1c/1cd2c197c23174fe3dea3c3fc7fe4bd8ee738753ca77632f29af490657593f63.html
docs/domains/orcawave/L00_validation_wamit/3.3/benchmark/qtf_diff_freq_dw0p5_yaw.html	3b5a1cfd30f01e5415ee321910ed8526e0e7b59233159df0b448f87fb59f1a6f	3643629	blobs/sha256/3b/3b5a1cfd30f01e5415ee321910ed8526e0e7b59233159df0b448f87fb59f1a6f.html
docs/domains/orcawave/L00_validation_wamit/3.3/benchmark/qtf_diff_freq_dw1_heave.html	ba825f6bdb0b53d82087e523997bc9e40af688b3027a338161927074bf662179	3636440	blobs/sha256/ba/ba825f6bdb0b53d82087e523997bc9e40af688b3027a338161927074bf662179.html
docs/domains/orcawave/L00_validation_wamit/3.3/benchmark/qtf_diff_freq_dw1_pitch.html	9855eaa5e2321b48edfc8c369b2f5ec8e58ed48f814e99da6755c2049d444de0	3635396	blobs/sha256/98/9855eaa5e2321b48edfc8c369b2f5ec8e58ed48f814e99da6755c2049d444de0.html
docs/domains/orcawave/L00_validation_wamit/3.3/benchmark/qtf_diff_freq_dw1_roll.html	4c8dbe4b2c50a76dc4c255deee7bb94fd02d3ef0935c38f132f331c0cfcd7f21	3635889	blobs/sha256/4c/4c8dbe4b2c50a76dc4c255deee7bb94fd02d3ef0935c38f132f331c0cfcd7f21.html
docs/domains/orcawave/L00_validation_wamit/3.3/benchmark/qtf_diff_freq_dw1_surge.html	f28f96a0a468715e06adce7029ce47c69c900f5176344e86f224aea933b5b732	3635507	blobs/sha256/f2/f28f96a0a468715e06adce7029ce47c69c900f5176344e86f224aea933b5b732.html
docs/domains/orcawave/L00_validation_wamit/3.3/benchmark/qtf_diff_freq_dw1_sway.html	9b20fe01c789ccc55e34cf861fcc4ed5c80be32b056ebf68a929dd6d4c35e02b	3635473	blobs/sha256/9b/9b20fe01c789ccc55e34cf861fcc4ed5c80be32b056ebf68a929dd6d4c35e02b.html
docs/domains/orcawave/L00_validation_wamit/3.3/benchmark/qtf_diff_freq_dw1_yaw.html	30e01033455e379d81da93d8f456d59d5f1e380be6b3677bf7dbeaa9745de768	3639528	blobs/sha256/30/30e01033455e379d81da93d8f456d59d5f1e380be6b3677bf7dbeaa9745de768.html
docs/domains/orcawave/L00_validation_wamit/3.3/benchmark/qtf_diff_freq_dw1p5_heave.html	8318f7477f591362a23bdf25d6ffb687f6d01f2afb29f25a5fbad5df2e917a8f	3632817	blobs/sha256/83/8318f7477f591362a23bdf25d6ffb687f6d01f2afb29f25a5fbad5df2e917a8f.html
docs/domains/orcawave/L00_validation_wamit/3.3/benchmark/qtf_diff_freq_dw1p5_pitch.html	15bbb91f9708170691b8267dea1900e1c11a8597289b0125fef5064d209bd07a	3631656	blobs/sha256/15/15bbb91f9708170691b8267dea1900e1c11a8597289b0125fef5064d209bd07a.html
docs/domains/orcawave/L00_validation_wamit/3.3/benchmark/qtf_diff_freq_dw1p5_roll.html	7d9e4004ed1b35e00507bae462e31b900db4bd10c34ad65e8e7e2eab7dad88ce	3632087	blobs/sha256/7d/7d9e4004ed1b35e00507bae462e31b900db4bd10c34ad65e8e7e2eab7dad88ce.html
docs/domains/orcawave/L00_validation_wamit/3.3/benchmark/qtf_diff_freq_dw1p5_surge.html	dcde38b268d2881f0bee8781544aac6ca59adc6d108be39691133c9e9a302464	3631777	blobs/sha256/dc/dcde38b268d2881f0bee8781544aac6ca59adc6d108be39691133c9e9a302464.html
docs/domains/orcawave/L00_validation_wamit/3.3/benchmark/qtf_diff_freq_dw1p5_sway.html	555efa77c36b8b6e4ca44b63dcf26a3019fe58f34247694e82d06e2f9901eabf	3631722	blobs/sha256/55/555efa77c36b8b6e4ca44b63dcf26a3019fe58f34247694e82d06e2f9901eabf.html
docs/domains/orcawave/L00_validation_wamit/3.3/benchmark/qtf_diff_freq_dw1p5_yaw.html	51f1930e33a6b13fa5f93dbc8e3b1817b5e9ae95addabb1fea50c78584cf9566	3635491	blobs/sha256/51/51f1930e33a6b13fa5f93dbc8e3b1817b5e9ae95addabb1fea50c78584cf9566.html
docs/domains/orcawave/L00_validation_wamit/3.3/benchmark/qtf_diff_freq_dw2_heave.html	d6eb471d288ef2c15a09a3f102eecccc57b1a8f6073cdf8b6dcff14830b0618a	3629327	blobs/sha256/d6/d6eb471d288ef2c15a09a3f102eecccc57b1a8f6073cdf8b6dcff14830b0618a.html
docs/domains/orcawave/L00_validation_wamit/3.3/benchmark/qtf_diff_freq_dw2_pitch.html	2f508c99ab51e57c1d5c45ff5086f9c539798b910cef55fff14f0e6d9f29955a	3628065	blobs/sha256/2f/2f508c99ab51e57c1d5c45ff5086f9c539798b910cef55fff14f0e6d9f29955a.html
docs/domains/orcawave/L00_validation_wamit/3.3/benchmark/qtf_diff_freq_dw2_roll.html	e86f969b3b80e495071f781685bdd77934bef87bdece7a7ad7e1c56d89b22dda	3628373	blobs/sha256/e8/e86f969b3b80e495071f781685bdd77934bef87bdece7a7ad7e1c56d89b22dda.html
docs/domains/orcawave/L00_validation_wamit/3.3/benchmark/qtf_diff_freq_dw2_surge.html	875a1ddc0c8dc19e6049ca21798d6c0a9b37b3872bb20d80b74a1e43c0afb055	3628208	blobs/sha256/87/875a1ddc0c8dc19e6049ca21798d6c0a9b37b3872bb20d80b74a1e43c0afb055.html
docs/domains/orcawave/L00_validation_wamit/3.3/benchmark/qtf_diff_freq_dw2_sway.html	68fd23ca994379687bbcca7942845bf6488e234e17252e2e78b85423aa58f958	3628057	blobs/sha256/68/68fd23ca994379687bbcca7942845bf6488e234e17252e2e78b85423aa58f958.html
docs/domains/orcawave/L00_validation_wamit/3.3/benchmark/qtf_diff_freq_dw2_yaw.html	865d437069329afe4cf59491d620fa25b7a84f7352aa53d401ab37fb31f281ad	3631469	blobs/sha256/86/865d437069329afe4cf59491d620fa25b7a84f7352aa53d401ab37fb31f281ad.html
docs/domains/orcawave/L00_validation_wamit/3.3/benchmark/qtf_diff_freq_dw2p5_heave.html	73bc53ebaa63e3b4edccfe3cde2d8ece9a513d55160f997cdb262b556e781e73	3625684	blobs/sha256/73/73bc53ebaa63e3b4edccfe3cde2d8ece9a513d55160f997cdb262b556e781e73.html
docs/domains/orcawave/L00_validation_wamit/3.3/benchmark/qtf_diff_freq_dw2p5_pitch.html	08e38696612cf3603ecee93cd66cba6d069d9a4594dd390f918900a2914e0111	3624554	blobs/sha256/08/08e38696612cf3603ecee93cd66cba6d069d9a4594dd390f918900a2914e0111.html
docs/domains/orcawave/L00_validation_wamit/3.3/benchmark/qtf_diff_freq_dw2p5_roll.html	7f27e0a11271e68a00dbca371b126fb72c2473558036112c5fdb8867b283ef44	3624779	blobs/sha256/7f/7f27e0a11271e68a00dbca371b126fb72c2473558036112c5fdb8867b283ef44.html
docs/domains/orcawave/L00_validation_wamit/3.3/benchmark/qtf_diff_freq_dw2p5_surge.html	45fc482db26cc39bbcc4f27c70c4be7c1f422deddbd6ddc23b36321c9f8fb870	3624678	blobs/sha256/45/45fc482db26cc39bbcc4f27c70c4be7c1f422deddbd6ddc23b36321c9f8fb870.html
docs/domains/orcawave/L00_validation_wamit/3.3/benchmark/qtf_diff_freq_dw2p5_sway.html	2c9484739c79673bb6c8b655ffba8b0616e5f8481894faf038aa9518a3ade559	3624508	blobs/sha256/2c/2c9484739c79673bb6c8b655ffba8b0616e5f8481894faf038aa9518a3ade559.html
docs/domains/orcawave/L00_validation_wamit/3.3/benchmark/qtf_diff_freq_dw2p5_yaw.html	f8b49a1985c21f3e42c42c890b69a3bc53faa420e89f0a9ad19b614fc222be00	3627494	blobs/sha256/f8/f8b49a1985c21f3e42c42c890b69a3bc53faa420e89f0a9ad19b614fc222be00.html
docs/domains/orcawave/L00_validation_wamit/3.3/benchmark/qtf_diff_freq_dw3_heave.html	8a4e401f4d2e92e153fd22ad1d7deb26537e9502ea7abf70dd88251db9ecc4d7	3621985	blobs/sha256/8a/8a4e401f4d2e92e153fd22ad1d7deb26537e9502ea7abf70dd88251db9ecc4d7.html
docs/domains/orcawave/L00_validation_wamit/3.3/benchmark/qtf_diff_freq_dw3_pitch.html	79c329c22cdc65569c62a1d25ab4f59201a48ad32d49c61db0c2da8d47dc887b	3621169	blobs/sha256/79/79c329c22cdc65569c62a1d25ab4f59201a48ad32d49c61db0c2da8d47dc887b.html
docs/domains/orcawave/L00_validation_wamit/3.3/benchmark/qtf_diff_freq_dw3_roll.html	ff14e04005c37736e43a6698b5c833bd184a3d6fc14ce0ae99b2cff1332e7a91	3621304	blobs/sha256/ff/ff14e04005c37736e43a6698b5c833bd184a3d6fc14ce0ae99b2cff1332e7a91.html
docs/domains/orcawave/L00_validation_wamit/3.3/benchmark/qtf_diff_freq_dw3_surge.html	d7711d0a810b0b831ca2ecacc4f561692078bd87310105a3df98c4a5c51739ea	3621238	blobs/sha256/d7/d7711d0a810b0b831ca2ecacc4f561692078bd87310105a3df98c4a5c51739ea.html
docs/domains/orcawave/L00_validation_wamit/3.3/benchmark/qtf_diff_freq_dw3_sway.html	29080899b1a0b1f99a008862bb31847c210de6aef9de4e077b0092834f468f8c	3621040	blobs/sha256/29/29080899b1a0b1f99a008862bb31847c210de6aef9de4e077b0092834f468f8c.html
docs/domains/orcawave/L00_validation_wamit/3.3/benchmark/qtf_diff_freq_dw3_yaw.html	3fd9e67a08d46faa6de96602431d16133868f42614f6a6a5f31140e92ca0e132	3623492	blobs/sha256/3f/3fd9e67a08d46faa6de96602431d16133868f42614f6a6a5f31140e92ca0e132.html
docs/domains/orcawave/L00_validation_wamit/3.3/benchmark/qtf_diff_freq_dw3p5_heave.html	5e35a953a4cdc5215007409cae12d42ed7b27b3eb14bc361ccf0aa1f63df2ccf	3618329	blobs/sha256/5e/5e35a953a4cdc5215007409cae12d42ed7b27b3eb14bc361ccf0aa1f63df2ccf.html
docs/domains/orcawave/L00_validation_wamit/3.3/benchmark/qtf_diff_freq_dw3p5_pitch.html	7f4a70b389f5fd3ef6240dc9d4317f54559e976bdbd271e691bcb71ffed1f759	3617779	blobs/sha256/7f/7f4a70b389f5fd3ef6240dc9d4317f54559e976bdbd271e691bcb71ffed1f759.html
docs/domains/orcawave/L00_validation_wamit/3.3/benchmark/qtf_diff_freq_dw3p5_roll.html	2024f0af5aaf51b704b8b04e05b37c938d4cf3641d57cc230a8d524de60ed57b	3617785	blobs/sha256/20/2024f0af5aaf51b704b8b04e05b37c938d4cf3641d57cc230a8d524de60ed57b.html
docs/domains/orcawave/L00_validation_wamit/3.3/benchmark/qtf_diff_freq_dw3p5_surge.html	da28a1e9c11196fed8da2f388278b8cc086d084562c0f9a4dba82a5a46393389	3617727	blobs/sha256/da/da28a1e9c11196fed8da2f388278b8cc086d084562c0f9a4dba82a5a46393389.html
docs/domains/orcawave/L00_validation_wamit/3.3/benchmark/qtf_diff_freq_dw3p5_sway.html	2dd2431293b654bbd8e901f189d2a582d5efbaf69233844ed565ad3d9e016533	3617567	blobs/sha256/2d/2dd2431293b654bbd8e901f189d2a582d5efbaf69233844ed565ad3d9e016533.html
docs/domains/orcawave/L00_validation_wamit/3.3/benchmark/qtf_diff_freq_dw3p5_yaw.html	583d41f3737b95ca8e1e70e937bdd8ebf2732da0dc345b769a6f005fa23aaf28	3619411	blobs/sha256/58/583d41f3737b95ca8e1e70e937bdd8ebf2732da0dc345b769a6f005fa23aaf28.html
docs/domains/orcawave/L00_validation_wamit/3.3/benchmark/qtf_diff_freq_dw4_heave.html	d7d9d91c026aae3b5a60a3255c5f2f400dc73f5785ddc0443577369ce0a7c71e	3614677	blobs/sha256/d7/d7d9d91c026aae3b5a60a3255c5f2f400dc73f5785ddc0443577369ce0a7c71e.html
docs/domains/orcawave/L00_validation_wamit/3.3/benchmark/qtf_diff_freq_dw4_pitch.html	a559f34908690f8c54e033ba1a63d70db3c880c4dcf500e11fc39609e8dd7481	3614310	blobs/sha256/a5/a559f34908690f8c54e033ba1a63d70db3c880c4dcf500e11fc39609e8dd7481.html
docs/domains/orcawave/L00_validation_wamit/3.3/benchmark/qtf_diff_freq_dw4_roll.html	b465f7e14cf0f29c08ec8133b2cc1e6a6f0c9bc06966158e1aa51d141d91f53e	3614298	blobs/sha256/b4/b465f7e14cf0f29c08ec8133b2cc1e6a6f0c9bc06966158e1aa51d141d91f53e.html
docs/domains/orcawave/L00_validation_wamit/3.3/benchmark/qtf_diff_freq_dw4_surge.html	a158af831bb5cb29ab3331bf3c6e0eb7e31818f92b4b001a5cfc58b8902f620d	3614222	blobs/sha256/a1/a158af831bb5cb29ab3331bf3c6e0eb7e31818f92b4b001a5cfc58b8902f620d.html
docs/domains/orcawave/L00_validation_wamit/3.3/benchmark/qtf_diff_freq_dw4_sway.html	4cc19b83fcb8cced6b4582082be5e75e15057d79d5b1215684091e39893badf9	3614150	blobs/sha256/4c/4cc19b83fcb8cced6b4582082be5e75e15057d79d5b1215684091e39893badf9.html
docs/domains/orcawave/L00_validation_wamit/3.3/benchmark/qtf_diff_freq_dw4_yaw.html	495f5bfeda5029fdfc3a94629d4557fb6c5e9c834d025127635b0a37bae52829	3615378	blobs/sha256/49/495f5bfeda5029fdfc3a94629d4557fb6c5e9c834d025127635b0a37bae52829.html
docs/domains/orcawave/L00_validation_wamit/3.3/benchmark/qtf_diff_freq_dw4p5_heave.html	354436f1b917323d0896bc0e964e91136f4001b965b41318af210e06e5a26584	3610976	blobs/sha256/35/354436f1b917323d0896bc0e964e91136f4001b965b41318af210e06e5a26584.html
docs/domains/orcawave/L00_validation_wamit/3.3/benchmark/qtf_diff_freq_dw4p5_pitch.html	3b9cf54bf8130970301da1631935286501cbfd20829f4a476b5483d5cf24e432	3610802	blobs/sha256/3b/3b9cf54bf8130970301da1631935286501cbfd20829f4a476b5483d5cf24e432.html
docs/domains/orcawave/L00_validation_wamit/3.3/benchmark/qtf_diff_freq_dw4p5_roll.html	b8611f6644c7552ba36830b5587f306aa269785c68faf10415322a8eca66fdf2	3610802	blobs/sha256/b8/b8611f6644c7552ba36830b5587f306aa269785c68faf10415322a8eca66fdf2.html
docs/domains/orcawave/L00_validation_wamit/3.3/benchmark/qtf_diff_freq_dw4p5_surge.html	5864cf235178ae90180289f5762d6839a1c62ed22b1e47477e0f5f19503357bc	3610709	blobs/sha256/58/5864cf235178ae90180289f5762d6839a1c62ed22b1e47477e0f5f19503357bc.html
docs/domains/orcawave/L00_validation_wamit/3.3/benchmark/qtf_diff_freq_dw4p5_sway.html	185b8a35f05c86b794ad7f6c2af1c3e70887354d9969b4b5789aefd0b60e3858	3610689	blobs/sha256/18/185b8a35f05c86b794ad7f6c2af1c3e70887354d9969b4b5789aefd0b60e3858.html
docs/domains/orcawave/L00_validation_wamit/3.3/benchmark/qtf_diff_freq_dw4p5_yaw.html	1cb7efb5e66f3f4b9d5dbc8939f37c9ca4a1620678bf61085d5a72136e7c4817	3611311	blobs/sha256/1c/1cb7efb5e66f3f4b9d5dbc8939f37c9ca4a1620678bf61085d5a72136e7c4817.html
docs/domains/orcawave/L00_validation_wamit/3.3/benchmark/qtf_potential_indirect_dw0p5.html	c1710182905cf40eb955b216f226aa4540a49ce85715377306452f5ab092efe9	3676140	blobs/sha256/c1/c1710182905cf40eb955b216f226aa4540a49ce85715377306452f5ab092efe9.html
docs/domains/orcawave/L00_validation_wamit/3.3/benchmark/qtf_potential_indirect_dw1.html	78bb696d296bcb20acb7f53623306c1af53380a1f5c48cd8951de5506c28cd8a	3667701	blobs/sha256/78/78bb696d296bcb20acb7f53623306c1af53380a1f5c48cd8951de5506c28cd8a.html
docs/domains/orcawave/L00_validation_wamit/3.3/benchmark/qtf_potential_indirect_dw1p5.html	13471442a3abf7f77614a338065042874147b4c7d702f6ce5e9776c1d5f5fe72	3660053	blobs/sha256/13/13471442a3abf7f77614a338065042874147b4c7d702f6ce5e9776c1d5f5fe72.html
docs/domains/orcawave/L00_validation_wamit/3.3/benchmark/qtf_potential_indirect_dw2.html	5b568c4322f2be50cc019841f1defeac5d16e6008b2c54458647777e792ce39a	3652645	blobs/sha256/5b/5b568c4322f2be50cc019841f1defeac5d16e6008b2c54458647777e792ce39a.html
docs/domains/orcawave/L00_validation_wamit/3.3/benchmark/qtf_potential_indirect_dw2p5.html	a3c1d5851f65ebb516443371b6b61f814083c9f130a257d7e392960a708ca6b2	3645330	blobs/sha256/a3/a3c1d5851f65ebb516443371b6b61f814083c9f130a257d7e392960a708ca6b2.html
docs/domains/orcawave/L00_validation_wamit/3.3/benchmark/qtf_potential_indirect_dw3.html	4a009f1146762b88ebc2647be2ce8700f1643a9ff88890b93c0656aac9760b5e	3638171	blobs/sha256/4a/4a009f1146762b88ebc2647be2ce8700f1643a9ff88890b93c0656aac9760b5e.html
docs/domains/orcawave/L00_validation_wamit/3.3/benchmark/qtf_potential_indirect_dw3p5.html	63c6eec9a45b8956d35c0ff07be61207e737f765886e0f951fef33544e93f1c9	3630988	blobs/sha256/63/63c6eec9a45b8956d35c0ff07be61207e737f765886e0f951fef33544e93f1c9.html
docs/domains/orcawave/L00_validation_wamit/3.3/benchmark/qtf_potential_indirect_dw4.html	a17da33af6c42a7c29de4be1b85382740e71a67bc3609e5976762dd1bb6b48ff	3623800	blobs/sha256/a1/a17da33af6c42a7c29de4be1b85382740e71a67bc3609e5976762dd1bb6b48ff.html
docs/domains/orcawave/L00_validation_wamit/3.3/benchmark/qtf_potential_indirect_dw4p5.html	210a413d72730db0afc76bb283a20649030e20e98d420a2417d3ba6fe9d33551	3616588	blobs/sha256/21/210a413d72730db0afc76bb283a20649030e20e98d420a2417d3ba6fe9d33551.html
docs/domains/orcawave/L00_validation_wamit/3.3/benchmark/qtf_quadratic_pi_dw0p5.html	04f98f875863993f28a15a864b7ca6c96f74f07320454e264d92f5fc34b913f7	3675117	blobs/sha256/04/04f98f875863993f28a15a864b7ca6c96f74f07320454e264d92f5fc34b913f7.html
docs/domains/orcawave/L00_validation_wamit/3.3/benchmark/qtf_quadratic_pi_dw1.html	ebd46729dc4b72a769123e078ca640d0a466359cb7557d220645b1a35b491630	3667493	blobs/sha256/eb/ebd46729dc4b72a769123e078ca640d0a466359cb7557d220645b1a35b491630.html
docs/domains/orcawave/L00_validation_wamit/3.3/benchmark/qtf_quadratic_pi_dw1p5.html	8af355b3d6137dad7c30685fc4b3981706069f529058de3af3fe9ec0d04448fb	3660031	blobs/sha256/8a/8af355b3d6137dad7c30685fc4b3981706069f529058de3af3fe9ec0d04448fb.html
docs/domains/orcawave/L00_validation_wamit/3.3/benchmark/qtf_quadratic_pi_dw2.html	0ed8c1ae74d2c3f9abdc22c2d989596c7326c4217d55fa481243d315845b57bc	3652834	blobs/sha256/0e/0ed8c1ae74d2c3f9abdc22c2d989596c7326c4217d55fa481243d315845b57bc.html
docs/domains/orcawave/L00_validation_wamit/3.3/benchmark/qtf_quadratic_pi_dw2p5.html	8e55d7e8fba93277a4a0cae20e94110c38edac35b3d9df4ae6b8519955216595	3645635	blobs/sha256/8e/8e55d7e8fba93277a4a0cae20e94110c38edac35b3d9df4ae6b8519955216595.html
docs/domains/orcawave/L00_validation_wamit/3.3/benchmark/qtf_quadratic_pi_dw3.html	3139693756d8d948a377362ee3bbac98090fce9d0cdb480a66a1b823f32fdf69	3638452	blobs/sha256/31/3139693756d8d948a377362ee3bbac98090fce9d0cdb480a66a1b823f32fdf69.html
docs/domains/orcawave/L00_validation_wamit/3.3/benchmark/qtf_quadratic_pi_dw3p5.html	8e39ec491c342a5349ed0ac6cad00b42cc29ba7a897eeea23804c3fcc78e20da	3631213	blobs/sha256/8e/8e39ec491c342a5349ed0ac6cad00b42cc29ba7a897eeea23804c3fcc78e20da.html
docs/domains/orcawave/L00_validation_wamit/3.3/benchmark/qtf_quadratic_pi_dw4.html	981d1ff756cf99f7271d57aa42f871711186d86d80b5d7d8300da9eb74e4a8a2	3624023	blobs/sha256/98/981d1ff756cf99f7271d57aa42f871711186d86d80b5d7d8300da9eb74e4a8a2.html
docs/domains/orcawave/L00_validation_wamit/3.3/benchmark/qtf_quadratic_pi_dw4p5.html	575519f07531960f1aeec31ef0812b020403973b2e4520d81faa4331bb52af74	3616705	blobs/sha256/57/575519f07531960f1aeec31ef0812b020403973b2e4520d81faa4331bb52af74.html
docs/domains/orcawave/L00_validation_wamit/3.3/benchmark/spec_orcawave/OrcaWave WAMIT Validation_data.dat	de26efe33385aaea0a1bc69480752915ff4bc06a1ff46b47e0e0389d9b05028f	6937	blobs/sha256/de/de26efe33385aaea0a1bc69480752915ff4bc06a1ff46b47e0e0389d9b05028f.dat
docs/domains/orcawave/L00_validation_wamit/3.3/benchmark/spec_orcawave/OrcaWave WAMIT Validation_diffraction_report.html	80e151840a9c4fc8ea0e6fa3fa02a596b9525042aac9ba80a0396b0ec46fbafa	29241	blobs/sha256/80/80e151840a9c4fc8ea0e6fa3fa02a596b9525042aac9ba80a0396b0ec46fbafa.html
docs/domains/orcawave/L00_validation_wamit/3.3/benchmark/test_ground_truth_diffraction_report.html	7ad6fb2ceb3a3b4355009bbad8d1bfb7c7347b7ef308e07c046c806a592e4c0e	29173	blobs/sha256/7a/7ad6fb2ceb3a3b4355009bbad8d1bfb7c7347b7ef308e07c046c806a592e4c0e.html
docs/domains/orcawave/L00_validation_wamit/3.3/digitized/debug_subplot_boxes.png	c94e2fb3392f8b5ff048a2ea851b0765c061fee9c39189aaf3eb6278fcd9614d	74397	blobs/sha256/c9/c94e2fb3392f8b5ff048a2ea851b0765c061fee9c39189aaf3eb6278fcd9614d.png
docs/domains/orcawave/L00_validation_wamit/validation_summary.html	232c96300e0a5e23fdbf4e4084588a4c034830595ab1332bdbb04df1ca219cd4	29605	blobs/sha256/23/232c96300e0a5e23fdbf4e4084588a4c034830595ab1332bdbb04df1ca219cd4.html
docs/domains/orcawave/L01_aqwa_benchmark/001_SHIP_RAOS_REV2.LIS	82d52e312cfe1d4dddac470645bc2aa9a9f7703ac6d718832251a10a9c48c729	3391338	blobs/sha256/82/82d52e312cfe1d4dddac470645bc2aa9a9f7703ac6d718832251a10a9c48c729.lis
docs/domains/orcawave/L01_aqwa_benchmark/AQWA vs OrcaWave input files.docx	9c11560248c848ee683b5044194cec2af0a90bbecdd65b1cd7f378abe587e630	16632	blobs/sha256/9c/9c11560248c848ee683b5044194cec2af0a90bbecdd65b1cd7f378abe587e630.docx
docs/domains/orcawave/L01_aqwa_benchmark/aqwa_001_ship_raos_rev2.dat	90c36097327bc48a041323b2c3cd0233c2420540e82bc8258efefd8d4b608f54	848971	blobs/sha256/90/90c36097327bc48a041323b2c3cd0233c2420540e82bc8258efefd8d4b608f54.dat
docs/domains/orcawave/L01_aqwa_benchmark/aqwa_raos.png	963d983edc2e3f6fc8337365ed891ef83b08848f0220137aec8a8487eac3891e	53310	blobs/sha256/96/963d983edc2e3f6fc8337365ed891ef83b08848f0220137aec8a8487eac3891e.png
docs/domains/orcawave/L01_aqwa_benchmark/aqwa_raos_max_15s.png	12c189225000d3a126253505907fcbb085d7138fc5b4d11b3512f3aa3246b208	52668	blobs/sha256/12/12c189225000d3a126253505907fcbb085d7138fc5b4d11b3512f3aa3246b208.png
docs/domains/orcawave/L01_aqwa_benchmark/aqwa_raos_max_22s.png	9377c027a17d3eb03a2d2130dd66151a0d5d326b872f1161888f4df48f628626	56236	blobs/sha256/93/9377c027a17d3eb03a2d2130dd66151a0d5d326b872f1161888f4df48f628626.png
docs/domains/orcawave/L01_aqwa_benchmark/benchmark_results/aqwa/WRK-031_3WAY_BENCHMARK.LIS	c7e3b833983726b4cf0b58e7e99eaa9338e24ceddfc78f23111e6d6ab585e06d	307	blobs/sha256/c7/c7e3b833983726b4cf0b58e7e99eaa9338e24ceddfc78f23111e6d6ab585e06d.lis
docs/domains/orcawave/L01_aqwa_benchmark/benchmark_results/aqwa/WRK-031_3way_benchmark.dat	9a09b060d97e386787c42013094fcbd9c01a43148fa3caf1eff88eb76ee2e5b4	4288	blobs/sha256/9a/9a09b060d97e386787c42013094fcbd9c01a43148fa3caf1eff88eb76ee2e5b4.dat
docs/domains/orcawave/L01_aqwa_benchmark/benchmark_results/bemrosetta/Hydrostatics.dat	85c972c63e552b169468ccbed62060b62ee3d0d410308ee1cc8685661d251c7b	112	blobs/sha256/85/85c972c63e552b169468ccbed62060b62ee3d0d410308ee1cc8685661d251c7b.dat
docs/domains/orcawave/L01_aqwa_benchmark/benchmark_results/bemrosetta/mesh_nemoh.dat	c1762f84ec14ba9b13d9beb87929192bd83c8158ec390085d5d5c90b47f5db33	841	blobs/sha256/c1/c1762f84ec14ba9b13d9beb87929192bd83c8158ec390085d5d5c90b47f5db33.dat
docs/domains/orcawave/L01_aqwa_benchmark/benchmark_results/benchmark_amplitude.html	3bd125f1fca53a6e0795e0ea592ac66c89457d83318e61df6054dd22e1da9ef7	26703	blobs/sha256/3b/3bd125f1fca53a6e0795e0ea592ac66c89457d83318e61df6054dd22e1da9ef7.html
docs/domains/orcawave/L01_aqwa_benchmark/benchmark_results/benchmark_combined.html	eabfb827590b2eab06a0a4fe421f2eedba59f3b4d59a76026a77ab63950a1ee1	44864	blobs/sha256/ea/eabfb827590b2eab06a0a4fe421f2eedba59f3b4d59a76026a77ab63950a1ee1.html
docs/domains/orcawave/L01_aqwa_benchmark/benchmark_results/benchmark_difference.html	d45b323c1c42a90e9ad50743b057479a31369930b8ccf8a48005da9e252d4ded	18763	blobs/sha256/d4/d45b323c1c42a90e9ad50743b057479a31369930b8ccf8a48005da9e252d4ded.html
docs/domains/orcawave/L01_aqwa_benchmark/benchmark_results/benchmark_heatmap.html	e628ec57139cb235983119bb08466409dea85d683c89e2c8d26887a6b90d4a22	8542	blobs/sha256/e6/e628ec57139cb235983119bb08466409dea85d683c89e2c8d26887a6b90d4a22.html
docs/domains/orcawave/L01_aqwa_benchmark/benchmark_results/benchmark_phase.html	c2795debfeb780a39a224c4921fa395a67ffa67dd2de913db54bb59f7fe81c51	26122	blobs/sha256/c2/c2795debfeb780a39a224c4921fa395a67ffa67dd2de913db54bb59f7fe81c51.html
docs/domains/orcawave/L01_aqwa_benchmark/benchmark_results/benchmark_report.html	18d5b6b615b59e2df89c145a1e0648c580e74b9087c069e75154dabef40154f2	2208	blobs/sha256/18/18d5b6b615b59e2df89c145a1e0648c580e74b9087c069e75154dabef40154f2.html
docs/domains/orcawave/L01_aqwa_benchmark/benchmark_results/orcawave/UnitBox_Benchmark_data.dat	e94bd023393a3cc8bdb6824885ca6256d7195c6a8811fcb9f8e1a530c3d0a34a	6592	blobs/sha256/e9/e94bd023393a3cc8bdb6824885ca6256d7195c6a8811fcb9f8e1a530c3d0a34a.dat
docs/domains/orcawave/L01_aqwa_benchmark/comparison_results/comparison_report_20260105_105626.html	90da11ab7cd26fc325fe3f91279ead70884497bd3285a8bc5177a3cf21bbc92a	5450	blobs/sha256/90/90da11ab7cd26fc325fe3f91279ead70884497bd3285a8bc5177a3cf21bbc92a.html
docs/domains/orcawave/L01_aqwa_benchmark/comparison_results/final_comparison_20260105_224840.html	dd4a14576499f68c803f399b1f035f989c6d4326f0d43443dc6cc6e43b99f7fe	31836	blobs/sha256/dd/dd4a14576499f68c803f399b1f035f989c6d4326f0d43443dc6cc6e43b99f7fe.html
docs/domains/orcawave/L01_aqwa_benchmark/comparison_results/final_comparison_20260105_224902.html	b21b32e95c539ad1b32a18c611e1c3bcb4ae52c3f010a5ac1a29de03d903028d	31836	blobs/sha256/b2/b21b32e95c539ad1b32a18c611e1c3bcb4ae52c3f010a5ac1a29de03d903028d.html
docs/domains/orcawave/L01_aqwa_benchmark/comparison_results/final_comparison_20260105_225719.html	06bd562cd9fd73d61c1e324c32ac31781bf4a97641b7e5b62749da78f3ea9eb4	31208	blobs/sha256/06/06bd562cd9fd73d61c1e324c32ac31781bf4a97641b7e5b62749da78f3ea9eb4.html
docs/domains/orcawave/L01_aqwa_benchmark/comparison_results/final_comparison_20260105_230224.html	a331a9a7f950adc99ab474607b06bbaec698e29c22634b1a8225f6323df9354f	31208	blobs/sha256/a3/a331a9a7f950adc99ab474607b06bbaec698e29c22634b1a8225f6323df9354f.html
docs/domains/orcawave/L01_aqwa_benchmark/comparison_results/final_comparison_20260105_230313.html	751017a745dc2697687f3a54dd0a0cf5779dfb98c0124cd5c702608c00ecb5e7	31208	blobs/sha256/75/751017a745dc2697687f3a54dd0a0cf5779dfb98c0124cd5c702608c00ecb5e7.html
docs/domains/orcawave/L01_aqwa_benchmark/comparison_results/final_comparison_20260105_230610.html	73aebda739ae408ab3959c60b6414dee64fcae1c581bc9c6222c1843eae9091d	31208	blobs/sha256/73/73aebda739ae408ab3959c60b6414dee64fcae1c581bc9c6222c1843eae9091d.html
docs/domains/orcawave/L01_aqwa_benchmark/comparison_results/final_comparison_20260105_234114.html	f1054ba6999284afce1f2b2a5f1033b1b0b8958102cf4614b56db4354973afca	31208	blobs/sha256/f1/f1054ba6999284afce1f2b2a5f1033b1b0b8958102cf4614b56db4354973afca.html
docs/domains/orcawave/L01_aqwa_benchmark/comparison_results/final_comparison_20260106_001219.html	a5cd70a37ed5a14027bc21d718ef1da2668241de12e0ebe4113fc4bd36f43d2d	31185	blobs/sha256/a5/a5cd70a37ed5a14027bc21d718ef1da2668241de12e0ebe4113fc4bd36f43d2d.html
docs/domains/orcawave/L01_aqwa_benchmark/comparison_results/final_comparison_20260106_002621.html	ffc3ad81b6dbbfdcfab0982c85f91cd51432ff9943c7705f39fed6fe90f32510	31188	blobs/sha256/ff/ffc3ad81b6dbbfdcfab0982c85f91cd51432ff9943c7705f39fed6fe90f32510.html
docs/domains/orcawave/L01_aqwa_benchmark/comparison_results/final_comparison_20260106_022627.html	dff494bd662bb33cc7d5c54f78e09666aa76c0bca9bc1a6d620e8cd5f6481f48	31188	blobs/sha256/df/dff494bd662bb33cc7d5c54f78e09666aa76c0bca9bc1a6d620e8cd5f6481f48.html
docs/domains/orcawave/L01_aqwa_benchmark/comparison_results/final_comparison_20260108_202127.html	5b31f062fe0f772df60c5c1b8596b0b6f59b1cb070ded686f511626f57da379d	31188	blobs/sha256/5b/5b31f062fe0f772df60c5c1b8596b0b6f59b1cb070ded686f511626f57da379d.html
docs/domains/orcawave/L01_aqwa_benchmark/comparison_results/final_comparison_20260110_015509.html	b5740ab82a251adcd4793a9bd2b4ed93a336281ab4467c1b9fff40d15538129c	31163	blobs/sha256/b5/b5740ab82a251adcd4793a9bd2b4ed93a336281ab4467c1b9fff40d15538129c.html
docs/domains/orcawave/L01_aqwa_benchmark/comparison_results/final_comparison_20260110_020119.html	6ba1e5cc7c1a3458f17eceb9281d558a3dbef7c6f09368cef25a72d665e68439	31184	blobs/sha256/6b/6ba1e5cc7c1a3458f17eceb9281d558a3dbef7c6f09368cef25a72d665e68439.html
docs/domains/orcawave/L01_aqwa_benchmark/comparison_results/final_comparison_20260110_020335.html	13223c1b678c86fe8cf5723f4751cb19a7769ddeaf85930de6fd9389b23777ec	30923	blobs/sha256/13/13223c1b678c86fe8cf5723f4751cb19a7769ddeaf85930de6fd9389b23777ec.html
docs/domains/orcawave/L01_aqwa_benchmark/comparison_results/final_comparison_20260110_020413.html	a2fd223731619552d1cee3ba87fb2ac78dfafc48b332813b84867cadfafac493	30923	blobs/sha256/a2/a2fd223731619552d1cee3ba87fb2ac78dfafc48b332813b84867cadfafac493.html
docs/domains/orcawave/L01_aqwa_benchmark/comparison_results/final_comparison_20260110_020623.html	eaf5217916aa764bac9b37cfbc3301cbe75fe257ac98e5023c46110cc67a70ed	21429	blobs/sha256/ea/eaf5217916aa764bac9b37cfbc3301cbe75fe257ac98e5023c46110cc67a70ed.html
docs/domains/orcawave/L01_aqwa_benchmark/comparison_results/final_comparison_20260110_020653.html	37dcf2181e284957a8e30c10abdd8aada1caced4fd924ec26bed45ed0ef62938	21429	blobs/sha256/37/37dcf2181e284957a8e30c10abdd8aada1caced4fd924ec26bed45ed0ef62938.html
docs/domains/orcawave/L01_aqwa_benchmark/comparison_results/final_comparison_20260114_033754.html	0d7f9ab09eaff6631df0bf5b27a5764973f9204aa2a1b341afa73773db2a05b7	21429	blobs/sha256/0d/0d7f9ab09eaff6631df0bf5b27a5764973f9204aa2a1b341afa73773db2a05b7.html
docs/domains/orcawave/L01_aqwa_benchmark/comparison_results/heading_specific_20260105_224311.html	bd2cd3dbf065c6ae30bcf3d9d9c6e3b681c28fee0a2ff17f0c269b131de0df7f	52725	blobs/sha256/bd/bd2cd3dbf065c6ae30bcf3d9d9c6e3b681c28fee0a2ff17f0c269b131de0df7f.html
docs/domains/orcawave/L01_aqwa_benchmark/comparison_results/interpolated_comparison_20260105_222615.html	3f18ee7a92a2f27720ad8aa4b48f3707fa2f9fd5a543e5aa5ff3ef1a0b6700b1	8947	blobs/sha256/3f/3f18ee7a92a2f27720ad8aa4b48f3707fa2f9fd5a543e5aa5ff3ef1a0b6700b1.html
docs/domains/orcawave/L01_aqwa_benchmark/comparison_results/peak_comparison_20260105_110019.html	f9dfd5615f283d479e88955467795d1bad65a7358d9a8784e77fa7a7b71f251f	6841	blobs/sha256/f9/f9dfd5615f283d479e88955467795d1bad65a7358d9a8784e77fa7a7b71f251f.html
docs/domains/orcawave/L01_aqwa_benchmark/comparison_results/peak_comparison_20260105_220432.html	0d69d2192838901b3dba508629b10146ed9e836302c6cbce0fba1b9a6678ad9e	6841	blobs/sha256/0d/0d69d2192838901b3dba508629b10146ed9e836302c6cbce0fba1b9a6678ad9e.html
docs/domains/orcawave/L01_aqwa_benchmark/comparison_results/peak_comparison_20260105_220533.html	a4f23a88703d6cc92afb7ea7d4c732909239fa061b9f20f75d55e1c55470e739	6841	blobs/sha256/a4/a4f23a88703d6cc92afb7ea7d4c732909239fa061b9f20f75d55e1c55470e739.html
docs/domains/orcawave/L01_aqwa_benchmark/interactive_rao_comparison.html	da3ed7092ad44d16d092b89c32e10ee254db2e8095dae21f039b7b9484868c75	74934	blobs/sha256/da/da3ed7092ad44d16d092b89c32e10ee254db2e8095dae21f039b7b9484868c75.html
docs/domains/orcawave/L01_aqwa_benchmark/orcawave_001_ship_raos_rev2_disp_raos_0deg.png	6d43c1407cb9ed88b7e851a1518f29ae59411336810e62f962c268ce264de414	56620	blobs/sha256/6d/6d43c1407cb9ed88b7e851a1518f29ae59411336810e62f962c268ce264de414.png
docs/domains/orcawave/L01_aqwa_benchmark/orcawave_in_orcaflex_raos.png	fe76ba0385495d2a0c30d72127b7caed31a399c220aeb611b55741136c75ec0e	55372	blobs/sha256/fe/fe76ba0385495d2a0c30d72127b7caed31a399c220aeb611b55741136c75ec0e.png
docs/domains/orcawave/L01_aqwa_benchmark/orcawave_in_orcaflex_raos_wt_corrected.png	86849016dbffbdd7737f1b23c6f08e382869c596713eea7ba0291b2963d67b81	55706	blobs/sha256/86/86849016dbffbdd7737f1b23c6f08e382869c596713eea7ba0291b2963d67b81.png
docs/domains/orcawave/L01_aqwa_benchmark/orcawave_in_orcaflex_raos_wt_corrected_135deg.png	32804a182c591080ffeab07e77b67c7d6d1beb85580461c18acc2524e396dd82	61336	blobs/sha256/32/32804a182c591080ffeab07e77b67c7d6d1beb85580461c18acc2524e396dd82.png
docs/domains/orcawave/L01_aqwa_benchmark/orcawave_in_orcawave_raos.png	e841c8160b7e621288ed0a9bda24cc5e41ab2fda7179f6d56aae63ce845bc03a	61985	blobs/sha256/e8/e841c8160b7e621288ed0a9bda24cc5e41ab2fda7179f6d56aae63ce845bc03a.png
docs/domains/orcawave/L02_barge_benchmark/benchmark_results/benchmark_amplitude.html	7278aa8a39c18efb55bb1b8403bd46ca9bd8c25f25a72234f2aff5fd081508f0	59898	blobs/sha256/72/7278aa8a39c18efb55bb1b8403bd46ca9bd8c25f25a72234f2aff5fd081508f0.html
docs/domains/orcawave/L02_barge_benchmark/benchmark_results/benchmark_combined.html	cfe1ceb9c55635c5cbd350bd3fef0519a575cdca72605b42262dd58fc5eb9764	97070	blobs/sha256/cf/cfe1ceb9c55635c5cbd350bd3fef0519a575cdca72605b42262dd58fc5eb9764.html
docs/domains/orcawave/L02_barge_benchmark/benchmark_results/benchmark_heatmap.html	565b7fce4e8c0337409328a5f0ece34528b19536efe5509c6faa01c141c3e656	8575	blobs/sha256/56/565b7fce4e8c0337409328a5f0ece34528b19536efe5509c6faa01c141c3e656.html
docs/domains/orcawave/L02_barge_benchmark/benchmark_results/benchmark_phase.html	3156ae47b2a528bb460ba73b5bc841663c803738b0f3abb695d2ffa3625d8181	58491	blobs/sha256/31/3156ae47b2a528bb460ba73b5bc841663c803738b0f3abb695d2ffa3625d8181.html
docs/domains/orcawave/L02_barge_benchmark/benchmark_results/benchmark_report.html	731a0d480f838734e37de9eca95bb96f3b295a757ab46a4900708f71e20dd87f	740976	blobs/sha256/73/731a0d480f838734e37de9eca95bb96f3b295a757ab46a4900708f71e20dd87f.html
docs/domains/orcawave/L02_barge_benchmark/source_data/aqwa/WRK-031_3WAY_BENCHMARK.LIS	338f9a2ac7330f4bb6523e224ed4a33cef2246b018fa72af4af509957f3111f7	842523	blobs/sha256/33/338f9a2ac7330f4bb6523e224ed4a33cef2246b018fa72af4af509957f3111f7.lis
docs/domains/orcawave/L02_barge_benchmark/source_data/aqwa/WRK-031_3way_benchmark.dat	181dc184e8e03abbc1386507c8bd0bf1d6460623ac191fe7c8b94becc5370551	93502	blobs/sha256/18/181dc184e8e03abbc1386507c8bd0bf1d6460623ac191fe7c8b94becc5370551.dat
docs/domains/orcawave/L02_barge_benchmark/source_data/orcawave/Barge_Benchmark_data.dat	6d820379a6b295c26919e334357bf45d2538ba1407da9e9c9d681cc9f03e268a	6591	blobs/sha256/6d/6d820379a6b295c26919e334357bf45d2538ba1407da9e9c9d681cc9f03e268a.dat
docs/domains/orcawave/L03_ship_benchmark/benchmark_results/benchmark_amplitude.html	22ff871fb0058209ae4280beffa439fc4d6a80d66bd932d6d8522b6b033ebd71	46983	blobs/sha256/22/22ff871fb0058209ae4280beffa439fc4d6a80d66bd932d6d8522b6b033ebd71.html
docs/domains/orcawave/L03_ship_benchmark/benchmark_results/benchmark_combined.html	e3cb128d55adbcae83f2b4507772a8d4427191357b1880d4ce6e7b713883a5b0	71022	blobs/sha256/e3/e3cb128d55adbcae83f2b4507772a8d4427191357b1880d4ce6e7b713883a5b0.html
docs/domains/orcawave/L03_ship_benchmark/benchmark_results/benchmark_heatmap.html	1d703a4c4407a8e9926fc62311d4b4ec7ec4751ab5c9fa011916780092ef03ca	8573	blobs/sha256/1d/1d703a4c4407a8e9926fc62311d4b4ec7ec4751ab5c9fa011916780092ef03ca.html
docs/domains/orcawave/L03_ship_benchmark/benchmark_results/benchmark_phase.html	de1cda247f763409024f79a82b58f46c1e46a443c9b62bfda83033018671036a	45546	blobs/sha256/de/de1cda247f763409024f79a82b58f46c1e46a443c9b62bfda83033018671036a.html
docs/domains/orcawave/L03_ship_benchmark/benchmark_results/benchmark_report.html	2428769f68f887cb2d1837ef1481779b378cf0c692f95aa66a6f8ed6593e1d74	3127886	blobs/sha256/24/2428769f68f887cb2d1837ef1481779b378cf0c692f95aa66a6f8ed6593e1d74.html
docs/domains/orcawave/L03_ship_benchmark/source_data/aqwa/001_SHIP_RAOS_REV2.LIS	82d52e312cfe1d4dddac470645bc2aa9a9f7703ac6d718832251a10a9c48c729	3391338	blobs/sha256/82/82d52e312cfe1d4dddac470645bc2aa9a9f7703ac6d718832251a10a9c48c729.lis
docs/domains/orcawave/L03_ship_benchmark/source_data/aqwa/aqwa_001_ship_raos_rev2.dat	90c36097327bc48a041323b2c3cd0233c2420540e82bc8258efefd8d4b608f54	848971	blobs/sha256/90/90c36097327bc48a041323b2c3cd0233c2420540e82bc8258efefd8d4b608f54.dat
docs/domains/orcawave/L04_spar_benchmark/benchmark_results/benchmark_amplitude.html	b1e7f4cc9d470dd33b5ef2d4f22bfe37ce541dafee2a27d018c1cf9c3f7a5347	33615	blobs/sha256/b1/b1e7f4cc9d470dd33b5ef2d4f22bfe37ce541dafee2a27d018c1cf9c3f7a5347.html
docs/domains/orcawave/L04_spar_benchmark/benchmark_results/benchmark_combined.html	678035848f10081c65045a204c74efa7db5df715bac712bbd9ea661bf30d606b	44692	blobs/sha256/67/678035848f10081c65045a204c74efa7db5df715bac712bbd9ea661bf30d606b.html
docs/domains/orcawave/L04_spar_benchmark/benchmark_results/benchmark_heatmap.html	80f52c1d3a81ed010d52a8c705f774977214ef531ed132e2508ed0f3707fb900	8545	blobs/sha256/80/80f52c1d3a81ed010d52a8c705f774977214ef531ed132e2508ed0f3707fb900.html
docs/domains/orcawave/L04_spar_benchmark/benchmark_results/benchmark_phase.html	a75c84b9c9c07ab1622c10695fdf0c61a3c42d41c535dbc4df61a68daee0acdb	32430	blobs/sha256/a7/a75c84b9c9c07ab1622c10695fdf0c61a3c42d41c535dbc4df61a68daee0acdb.html
docs/domains/orcawave/L04_spar_benchmark/benchmark_results/benchmark_report.html	4ba83e22bf7e6c4151270f008669693b0533cac1c73510d1c40fb6c66a350f40	4885333	blobs/sha256/4b/4ba83e22bf7e6c4151270f008669693b0533cac1c73510d1c40fb6c66a350f40.html
docs/domains/orcawave/L04_spar_benchmark/source_data/aqwa/SIMPLE.LIS	8b0c0cee51d1066b8ada1acdaf7765437b664ff34c5f492b32c61a05fb93163b	3749736	blobs/sha256/8b/8b0c0cee51d1066b8ada1acdaf7765437b664ff34c5f492b32c61a05fb93163b.lis
docs/domains/orcawave/L04_spar_benchmark/source_data/aqwa/simple.dat	01c7571dcc91800f6c7f1616c55c027b7753d79fd8136e7ec0f40c633f6896b5	1387981	blobs/sha256/01/01c7571dcc91800f6c7f1616c55c027b7753d79fd8136e7ec0f40c633f6896b5.dat
docs/domains/orcawave/L04_spar_benchmark/source_data/orcawave/spar_benchmark_data.dat	7d2a03f6ba8830c6350fe94f2ca78c1cbece99795b438028041e8c7aafe31897	6589	blobs/sha256/7d/7d2a03f6ba8830c6350fe94f2ca78c1cbece99795b438028041e8c7aafe31897.dat
docs/domains/orcawave/examples/L01_default_vessel/L01_license_test_data.dat	95125dfd29a61c38b85ae92587f747708cae7320f1d03ebf69314d751e7af39a	6481	blobs/sha256/95/95125dfd29a61c38b85ae92587f747708cae7320f1d03ebf69314d751e7af39a.dat
docs/domains/orcawave/hull_forms/NeptuneBatchTestCase.yml	a9ef1cb67b4b29d3cc4c34f6bd905aa26a62801e3502a070f0be58b85276c453	1331959	blobs/sha256/a9/a9ef1cb67b4b29d3cc4c34f6bd905aa26a62801e3502a070f0be58b85276c453.yml
docs/domains/orcawave/notes/post/image-1.png	2cdca34470bc33e0e392be0c2ffe76b23afdd5373fa4cea5c5053e1c07e06604	60793	blobs/sha256/2c/2cdca34470bc33e0e392be0c2ffe76b23afdd5373fa4cea5c5053e1c07e06604.png
docs/domains/orcawave/notes/post/image-2.png	22c33a62ceff18a45323a0ed4424fb0c41c1098b7677be36bce3c28be5ff4ae3	59522	blobs/sha256/22/22c33a62ceff18a45323a0ed4424fb0c41c1098b7677be36bce3c28be5ff4ae3.png
docs/domains/orcawave/notes/post/image.png	fee17227977df76445b866712a229e329c0359e41a9d14fb734826239d7cfb06	53669	blobs/sha256/fe/fee17227977df76445b866712a229e329c0359e41a9d14fb734826239d7cfb06.png
docs/domains/orcawave/notes/pre_modular/modular_analysis_basefile.png	919e30ce7d986997e22d252e7f37834683005387041c5a3e51046d5caaa4f799	326459	blobs/sha256/91/919e30ce7d986997e22d252e7f37834683005387041c5a3e51046d5caaa4f799.png
docs/domains/orcawave/spar_benchmark/simple.dat	21bfbadf1008802ec325d788a954f49604dc679d56f5ed8a8ca2652d860c9df7	1387977	blobs/sha256/21/21bfbadf1008802ec325d788a954f49604dc679d56f5ed8a8ca2652d860c9df7.dat
docs/domains/orcawave/support/scripts/image-1.png	6d02b27b5161f0112d5c67fcaae1bc39198f5669a4681899698a9e5c58bfe5bf	46932	blobs/sha256/6d/6d02b27b5161f0112d5c67fcaae1bc39198f5669a4681899698a9e5c58bfe5bf.png
docs/domains/orcawave/support/scripts/image.png	051453bb59e565f1b1d35eee7c6fa6b128d1fa0d61bcb64f1ac41caa3bc7e666	41123	blobs/sha256/05/051453bb59e565f1b1d35eee7c6fa6b128d1fa0d61bcb64f1ac41caa3bc7e666.png
docs/domains/pipe/image.png	c50061525c42822d8027c491dbceb06a4fed1c7e86965358b26e26f42c38b4c8	257582	blobs/sha256/c5/c50061525c42822d8027c491dbceb06a4fed1c7e86965358b26e26f42c38b4c8.png
docs/domains/pipe/induction_bending.jpeg	f60c9cdfb741ea4bb072b471d4387264a5a9c5d76d28aaa7be02d870668d4ea3	57198	blobs/sha256/f6/f60c9cdfb741ea4bb072b471d4387264a5a9c5d76d28aaa7be02d870668d4ea3.jpeg
docs/domains/pipe/vm_stress_schematic.jpeg	e263d44d1bf17a8cc1a16daa0ba6cce0f09bfebf07829be3245d320dda2e96e4	102478	blobs/sha256/e2/e263d44d1bf17a8cc1a16daa0ba6cce0f09bfebf07829be3245d320dda2e96e4.jpeg
docs/domains/pipecapacity/SCF_stepped_shaft.jpg	f41c1b88ddb032079245c54d1e8a9b19e0f605cafabbe83a524392a4e3dd5231	80413	blobs/sha256/f4/f41c1b88ddb032079245c54d1e8a9b19e0f605cafabbe83a524392a4e3dd5231.jpg
docs/domains/pipecapacity/capacity_curves.jpeg	9e6ea02166cf5973e62903f507cfbbfec85c7c71e4668d138d0522e9b0d3266d	99511	blobs/sha256/9e/9e6ea02166cf5973e62903f507cfbbfec85c7c71e4668d138d0522e9b0d3266d.jpeg
docs/domains/pipecapacity/mean_stress_equations.jpg	5713692eb1ed25e48c3e2118b4900ddfdce4e7aee011e81175229833b1c63936	193841	blobs/sha256/57/5713692eb1ed25e48c3e2118b4900ddfdce4e7aee011e81175229833b1c63936.jpg
docs/domains/pipecapacity/pipe_failure.jpg	8a74a5acf50f7596d691990b98253775897b74f87c54d41d2ccc2e3892fd7b2c	27858	blobs/sha256/8a/8a74a5acf50f7596d691990b98253775897b74f87c54d41d2ccc2e3892fd7b2c.jpg
docs/domains/pipecapacity/pipe_stress.jfif	b01a6248412ced1cfa624b069e0b5e8db9a801b912715c04d2dff76da91e0345	201580	blobs/sha256/b0/b01a6248412ced1cfa624b069e0b5e8db9a801b912715c04d2dff76da91e0345.jfif
docs/domains/pipelines/API-1111_pressure_definitions.png	312dc09de575aefd453973b8fd438640ecded0e56bfb29944e52d2ee6660819f	88142	blobs/sha256/31/312dc09de575aefd453973b8fd438640ecded0e56bfb29944e52d2ee6660819f.png
docs/domains/pipelines/DNV-Rp-F101_pressure_definitions.png	79280176ad3ea838f7775aa124075c98ce287fdb622123f885ea53269f151ece	251168	blobs/sha256/79/79280176ad3ea838f7775aa124075c98ce287fdb622123f885ea53269f151ece.png
docs/domains/pipelines/buckling/pipe_upheaval.jpeg	1981f062c19bf86e84f0a255113fb094d30d2a295c0e9d68c630ce81d9cd4662	9124	blobs/sha256/19/1981f062c19bf86e84f0a255113fb094d30d2a295c0e9d68c630ce81d9cd4662.jpeg
docs/domains/pipelines/freespan/image.png	3c1846b3b3ce3781680b1fd4258b1268678fd4ac9d250ed0b469870b906e7ee2	341051	blobs/sha256/3c/3c1846b3b3ce3781680b1fd4258b1268678fd4ac9d250ed0b469870b906e7ee2.png
docs/domains/pipelines/image-1.png	9cb7929332ac2302e76ae514afb73cf9855c5f1b0398e2bb8e0e438703b71347	91830	blobs/sha256/9c/9cb7929332ac2302e76ae514afb73cf9855c5f1b0398e2bb8e0e438703b71347.png
docs/domains/pipelines/image-2.png	d00e68b3963c7ee87cd6c55d60308f2195df3199aa83c8eb350a93f221bb4696	122919	blobs/sha256/d0/d00e68b3963c7ee87cd6c55d60308f2195df3199aa83c8eb350a93f221bb4696.png
docs/domains/pipelines/image.png	6002509f9e614dfb7cccd0494a6f9355fae654882da2d4a7a3716b7c31c8ee05	53378	blobs/sha256/60/6002509f9e614dfb7cccd0494a6f9355fae654882da2d4a7a3716b7c31c8ee05.png
docs/domains/pipelines/plem/image-1.png	3adfc9664a96c284a373df65b9d15977039546d302f1d2b5818510a62c2f5636	307885	blobs/sha256/3a/3adfc9664a96c284a373df65b9d15977039546d302f1d2b5818510a62c2f5636.png
docs/domains/pipelines/plem/image.png	c33a313c6d78a83e86a1088abcfb287390c11e06cc864edae9fc5092c443b3f1	1285082	blobs/sha256/c3/c33a313c6d78a83e86a1088abcfb287390c11e06cc864edae9fc5092c443b3f1.png
docs/domains/pipelines/pressure_loss/0114-REP-0001-01 (Flow Rate for Choke Line ID).docx	e780392a6961b2ead01973e15464e0ef1b68e8eec9102b4b2720c16a8e33d7f0	185336	blobs/sha256/e7/e780392a6961b2ead01973e15464e0ef1b68e8eec9102b4b2720c16a8e33d7f0.docx
docs/domains/plate-buckling/plate-buckling.png	36c23d8e5f9958bb4085cf4e0c826781f6c66849e067195ced63b2bf230b61a2	16906	blobs/sha256/36/36c23d8e5f9958bb4085cf4e0c826781f6c66849e067195ced63b2bf230b61a2.png
docs/domains/plate-buckling/plate-buckling.svg	e757fe604a5bc83afb2f3142ea2bd50b335ec53ced88d7e23b2d8ee44557963a	7066	blobs/sha256/e7/e757fe604a5bc83afb2f3142ea2bd50b335ec53ced88d7e23b2d8ee44557963a.svg
docs/domains/production/decline_curve_analysis.jpg	054ad26bcd82c086e8340f46014a1b2e367da02ae744b5f2cacb4325a64c08e4	75583	blobs/sha256/05/054ad26bcd82c086e8340f46014a1b2e367da02ae744b5f2cacb4325a64c08e4.jpg
docs/domains/production/ipr_vlp.jpeg	1901a7dfb05f977bde988aee575ad25edd8bb20daa3ee25a7636ed15d04c6d58	28116	blobs/sha256/19/1901a7dfb05f977bde988aee575ad25edd8bb20daa3ee25a7636ed15d04c6d58.jpeg
docs/domains/project-docs/test_performance_dashboard.html	3151bff5b221fbb245e6de413153f5755454750ea530bd310bea25ece6da1a12	17125	blobs/sha256/31/3151bff5b221fbb245e6de413153f5755454750ea530bd310bea25ece6da1a12.html
docs/domains/pyintegrity/ffs_methodology_general_metal.svg	d897ee19503e1a3a0d895a23e169af83b99319496410b59b37b4a8b2c052769e	13746	blobs/sha256/d8/d897ee19503e1a3a0d895a23e169af83b99319496410b59b37b4a8b2c052769e.svg
docs/domains/pyintegrity/ffs_methodology_local_metal.svg	0cf17c1852371ad16bcc02b6d661a29c512d384ff4cb4d1cc748672cb3de44f8	15184	blobs/sha256/0c/0cf17c1852371ad16bcc02b6d661a29c512d384ff4cb4d1cc748672cb3de44f8.svg
docs/domains/pyintegrity/ffs_scope.svg	5ed2a593a897efc2814c56a56dbf92413ed17dd3cb2f6c215161cbcff6db7932	14414	blobs/sha256/5e/5ed2a593a897efc2814c56a56dbf92413ed17dd3cb2f6c215161cbcff6db7932.svg
docs/domains/qgis/data/image-1.png	ac0d3024a4514438a7704c31bada4300f0051613d4ace0d258cde91417b9c50c	164869	blobs/sha256/ac/ac0d3024a4514438a7704c31bada4300f0051613d4ace0d258cde91417b9c50c.png
docs/domains/qgis/data/image.png	0084abddea102ac28a29515c3364f45dc9c74424f5c5e2d9df2f88d23950b6ff	690294	blobs/sha256/00/0084abddea102ac28a29515c3364f45dc9c74424f5c5e2d9df2f88d23950b6ff.png
docs/domains/qgis/dxf/image-1.png	9fccf0f07e817e146b81651e83f148f44520c4949bc98b15606beb07b9973aa7	84508	blobs/sha256/9f/9fccf0f07e817e146b81651e83f148f44520c4949bc98b15606beb07b9973aa7.png
docs/domains/qgis/dxf/image.png	85f42505706bbf090f5590c5db1245af23b46c6bdb6fe6f8c9fa52e08e076c62	30604	blobs/sha256/85/85f42505706bbf090f5590c5db1245af23b46c6bdb6fe6f8c9fa52e08e076c62.png
docs/domains/qgis/image-1.png	533e85ddfcadaa8a29d1193e8840acf4cc1a8986d24aa9102e7afa48459b72a0	45139	blobs/sha256/53/533e85ddfcadaa8a29d1193e8840acf4cc1a8986d24aa9102e7afa48459b72a0.png
docs/domains/qgis/image-2.png	cf9556aac6d0041a93e789aba95a86d3fa9b92cf0dded6a3d8eb933b90a48f1d	31707	blobs/sha256/cf/cf9556aac6d0041a93e789aba95a86d3fa9b92cf0dded6a3d8eb933b90a48f1d.png
docs/domains/qgis/image-3.png	951d4b5979a4d407c60800fe4c7cf779a5babd4e9511d99171212e9a80ff558e	169469	blobs/sha256/95/951d4b5979a4d407c60800fe4c7cf779a5babd4e9511d99171212e9a80ff558e.png
docs/domains/qgis/image-4.png	0218e9b19b0150d6add8647fddfc21fd7ca597fcfb9c32ba95508994553b07fa	69426	blobs/sha256/02/0218e9b19b0150d6add8647fddfc21fd7ca597fcfb9c32ba95508994553b07fa.png
docs/domains/qgis/image.png	766e6d1a40b2c2296aee2d1442694b615277d1296957861abd22f5098dcae7f1	63090	blobs/sha256/76/766e6d1a40b2c2296aee2d1442694b615277d1296957861abd22f5098dcae7f1.png
docs/domains/qgis/interpolation/image.png	b563000d473c74b032ff5b651770d8ce06e44adca2256aa375065641d585f0e3	98260	blobs/sha256/b5/b563000d473c74b032ff5b651770d8ce06e44adca2256aa375065641d585f0e3.png
docs/domains/qgis/profile/generate_profile.png	429726a44c732848e67efb34e7dd656c92c0513eedb4bd0dc1c3901792488880	49751	blobs/sha256/42/429726a44c732848e67efb34e7dd656c92c0513eedb4bd0dc1c3901792488880.png
docs/domains/qgis/profile/generate_profile.svg	a7f775c50a3da99927b6a3d804c655b7983ecb1e7975572bd566af24dbd22f38	14184	blobs/sha256/a7/a7f775c50a3da99927b6a3d804c655b7983ecb1e7975572bd566af24dbd22f38.svg
docs/domains/qgis/project1/intermediate/DEM_m.tif	4af4b9ab2cf5c5d8986c209f5b165c1a8823024fe54f27137a17dd1e224fa49f	9972391	blobs/sha256/4a/4af4b9ab2cf5c5d8986c209f5b165c1a8823024fe54f27137a17dd1e224fa49f.tif
docs/domains/rao_analysis/image.png	c29255c6fd0ecae2fcc9db55093efd8c420444d7add625f3fa650ac84118df1e	159357	blobs/sha256/c2/c29255c6fd0ecae2fcc9db55093efd8c420444d7add625f3fa650ac84118df1e.png
docs/domains/references/engineering_driven_analytics_keywords.PNG	ac8dbe0beba070aaf7e22875e23c1acd1d8857418d90044fb7a0964f8df3a070	63688	blobs/sha256/ac/ac8dbe0beba070aaf7e22875e23c1acd1d8857418d90044fb7a0964f8df3a070.png
docs/domains/references/field_development/development-value-drivers.jpg	92d5edc8e6997519dc4892476ac50c132f2463a718f0a47068c4c4cdcfe06576	582865	blobs/sha256/92/92d5edc8e6997519dc4892476ac50c132f2463a718f0a47068c4c4cdcfe06576.jpg
docs/domains/references/field_development/feed.png	b006346c55e186ca1b986747ee50d2a759b4ba7f2f309624ec472473b5eaefd9	43865	blobs/sha256/b0/b006346c55e186ca1b986747ee50d2a759b4ba7f2f309624ec472473b5eaefd9.png
docs/domains/references/field_development/feed.svg	06de2a4e6916f7fcad3b2d828f5088a18786b7fe99bca91e01164dd218ba01d5	14844	blobs/sha256/06/06de2a4e6916f7fcad3b2d828f5088a18786b7fe99bca91e01164dd218ba01d5.svg
docs/domains/references/misc/REF-FIN-Startup_Funding.jpg	e0687a49a4fa2ac284bc6b239999ca5093fe1a6d48248a33e307aa53436d8874	89924	blobs/sha256/e0/e0687a49a4fa2ac284bc6b239999ca5093fe1a6d48248a33e307aa53436d8874.jpg
docs/domains/references/misc/REF-SDEV-Key Performance Indicators.jpg	0cd7939344c8ad1a814b2efcb2d10583841fb52f921f58b158567b0200c5b0e1	142235	blobs/sha256/0c/0cd7939344c8ad1a814b2efcb2d10583841fb52f921f58b158567b0200c5b0e1.jpg
docs/domains/reservoir/bourdet_derivative.jpg	b7fc5bc1bd0ce001343ad2972fc7ca8c996495727a49473c303561dd957789bf	63343	blobs/sha256/b7/b7fc5bc1bd0ce001343ad2972fc7ca8c996495727a49473c303561dd957789bf.jpg
docs/domains/reservoir/petroleum_economics.jpg	66ac2343ad485f4b4e18feb6b3efd8f18102389d77d2d8d9974c5955f50d4cdd	36402	blobs/sha256/66/66ac2343ad485f4b4e18feb6b3efd8f18102389d77d2d8d9974c5955f50d4cdd.jpg
docs/domains/rigging/flat_endless_single_ply_slings.jpg	e122f6017438b459d9acb7b8b7529b580d0526d722db4389be7a8bdd8231a3e0	89527	blobs/sha256/e1/e122f6017438b459d9acb7b8b7529b580d0526d722db4389be7a8bdd8231a3e0.jpg
docs/domains/riser_analysis/stackup_schematic/Rev2/testData/Riser Stack-up_3000ft.png	e21a1baf5665612c0a7777bb6bb12edb4c6bcc7a6e05a04a654dac55f982df55	4607	blobs/sha256/e2/e21a1baf5665612c0a7777bb6bb12edb4c6bcc7a6e05a04a654dac55f982df55.png
docs/domains/risers/image.png	d6d3625c152f037ac3c0a9baee2d99aa2645d0cc91e9be7c70e0e1d8e249d9fd	408410	blobs/sha256/d6/d6d3625c152f037ac3c0a9baee2d99aa2645d0cc91e9be7c70e0e1d8e249d9fd.png
docs/domains/risk/image.png	d5972fdf26667ead2c138b4a88e70c5c1652e2a4510b5c6a2c52efd7cd3df69c	660592	blobs/sha256/d5/d5972fdf26667ead2c138b4a88e70c5c1652e2a4510b5c6a2c52efd7cd3df69c.png
docs/domains/ship-design/LNGC_tank_interior.jfif	f99fc1c87731fcf86c24ede01b3540a3ff40875f0bf606281ee918c390881562	161717	blobs/sha256/f9/f99fc1c87731fcf86c24ede01b3540a3ff40875f0bf606281ee918c390881562.jfif
docs/domains/ship-design/Paper 4.2 Ultimate Limit State Assessment.PDF	2bd475155c4ddb3e8597982025009fbf2451b7b11deea795307794104c3fa035	1723467	blobs/sha256/2b/2bd475155c4ddb3e8597982025009fbf2451b7b11deea795307794104c3fa035.pdf
docs/domains/ship-design/coefficients/transformations/model_test/from_port_to_starboard/coefficient_data_for_starboard_from_port.pptx	bac725f0ad75994fc235911713840769945ce70aaca660d6048b5d727861e01e	256083	blobs/sha256/ba/bac725f0ad75994fc235911713840769945ce70aaca660d6048b5d727861e01e.pptx
docs/domains/ship-design/coefficients/transformations/model_test/from_port_to_starboard/image.png	ccd744db7292a744e62a700074ae6116cfdf89ec5f3afaed4580b3bbba624818	273186	blobs/sha256/cc/ccd744db7292a744e62a700074ae6116cfdf89ec5f3afaed4580b3bbba624818.png
docs/domains/ship-design/fatigue/fatigue_methodology.png	a884866e492f57dd33474969f579b012f24cf7adb70291b7ec8668ab079da904	180742	blobs/sha256/a8/a884866e492f57dd33474969f579b012f24cf7adb70291b7ec8668ab079da904.png
docs/domains/ship-design/fatigue/low_cycle_fatigue_workflow.png	fa4e0fc9492755fb3fa256bcb9d91efe52e8ced4e56466472d42f7579580d172	204969	blobs/sha256/fa/fa4e0fc9492755fb3fa256bcb9d91efe52e8ced4e56466472d42f7579580d172.png
docs/domains/ship-design/fst_ghs_vs_fem.png	f3db9dfd2c9b17621d5588161bd135656701999032e2e3fe221c2925abcab241	79904	blobs/sha256/f3/f3db9dfd2c9b17621d5588161bd135656701999032e2e3fe221c2925abcab241.png
docs/domains/ship-design/global_motion/global_analysis_methodology.png	441be65c6f54ee99600b0256fb0f663058267749d314c20ab848fe005b28611c	148725	blobs/sha256/44/441be65c6f54ee99600b0256fb0f663058267749d314c20ab848fe005b28611c.png
docs/domains/ship-design/global_motion/global_analysis_methodology.svg	9ed5e585e4a54273370148b985bfe333af4033ff8dccbcdfa9255b68334cd76a	13345	blobs/sha256/9e/9ed5e585e4a54273370148b985bfe333af4033ff8dccbcdfa9255b68334cd76a.svg
docs/domains/ship-design/lng/moss_tanks1.jpeg	405d747cb47a48932ba655068f946e5180b8c02b80b8861827368b811504798d	157856	blobs/sha256/40/405d747cb47a48932ba655068f946e5180b8c02b80b8861827368b811504798d.jpeg
docs/domains/ship-design/lng/moss_tanks2.jpeg	e43e4872a54493ac068fdc66da53f800262fc9457d2866ffb0edaec04ae77033	98180	blobs/sha256/e4/e43e4872a54493ac068fdc66da53f800262fc9457d2866ffb0edaec04ae77033.jpeg
docs/domains/ship-design/ship_anatomy.jpeg	95b6a40674247266afc2b7eff5c18124bf93345aa543a8a0510ec6d75e997363	66586	blobs/sha256/95/95b6a40674247266afc2b7eff5c18124bf93345aa543a8a0510ec6d75e997363.jpeg
docs/domains/ship-design/ship_seas_directions.png	1868cb5df004561051c3d25c4af11600d6c24b6f72e7365615ce07d7ad1a0e77	131720	blobs/sha256/18/1868cb5df004561051c3d25c4af11600d6c24b6f72e7365615ce07d7ad1a0e77.png
docs/domains/ship-design/ship_stresses.jpeg	fce21f2ead7efe2b6215a430c429e89bbed24f3398a535a1a4a2c08b54d3228a	37614	blobs/sha256/fc/fce21f2ead7efe2b6215a430c429e89bbed24f3398a535a1a4a2c08b54d3228a.jpeg
docs/domains/ship-design/sloshing.gif	3615ca8d67aeb14222fbd90fe8103e3eba9e7004b36e8ae9d49d6a6b3e491625	2862592	blobs/sha256/36/3615ca8d67aeb14222fbd90fe8103e3eba9e7004b36e8ae9d49d6a6b3e491625.gif
docs/domains/ship-design/software/aqwa_to_orcaflex.docx	6ba9fd7fba7f3e91fecdba971e4540973c66d4881ba208b11ea0a0433eec90bf	80274	blobs/sha256/6b/6ba9fd7fba7f3e91fecdba971e4540973c66d4881ba208b11ea0a0433eec90bf.docx
docs/domains/ship-design/software_footprint.png	50f392c1c7c0e232e48e0757a04434d8619673c936e401246e201a6c4a0ebfb9	78271	blobs/sha256/50/50f392c1c7c0e232e48e0757a04434d8619673c936e401246e201a6c4a0ebfb9.png
docs/domains/ship-design/software_options.png	44d035e629cba3df38c0b5bb94a3102b8d8bfc49c84fdfd674d4e83afcf559de	58038	blobs/sha256/44/44d035e629cba3df38c0b5bb94a3102b8d8bfc49c84fdfd674d4e83afcf559de.png
docs/domains/ship-design/strength/strength_methodology_workflows.png	14f704f8fd58e32393519db9bda7dffb9b593a6d8afc30ad779269dcd5b04819	75753	blobs/sha256/14/14f704f8fd58e32393519db9bda7dffb9b593a6d8afc30ad779269dcd5b04819.png
docs/domains/ship-design/strength/strength_workflow.png	448bb98f0ce7673c04a8db7df37aacc798f1baf9b4431ae93256a57ae074151e	126714	blobs/sha256/44/448bb98f0ce7673c04a8db7df37aacc798f1baf9b4431ae93256a57ae074151e.png
docs/domains/ship-design/types_of_cargo_ships.jpg	1082c5eaef3780cd104996023f7877a02d4285d9628c4eb4288ef7a9a3d54e91	183828	blobs/sha256/10/1082c5eaef3780cd104996023f7877a02d4285d9628c4eb4288ef7a9a3d54e91.jpg
docs/domains/solidworks/export_to_easm.PNG	ef0a4398b7be8d260ed4b4ddfb27bc13f4c4d10bb3574fe8f484802a834dab48	63188	blobs/sha256/ef/ef0a4398b7be8d260ed4b4ddfb27bc13f4c4d10bb3574fe8f484802a834dab48.png
docs/domains/solidworks/image-1.png	f78414c06b132193cffdf3b85a96dffad710dda65fd9bb7a16cfb6573b74d5ac	29576	blobs/sha256/f7/f78414c06b132193cffdf3b85a96dffad710dda65fd9bb7a16cfb6573b74d5ac.png
docs/domains/solidworks/image.png	9db0c259fd3f8c6877e2629bb17ac0e79975a6d0bc7bf675ee4690c555676810	84299	blobs/sha256/9d/9db0c259fd3f8c6877e2629bb17ac0e79975a6d0bc7bf675ee4690c555676810.png
docs/domains/spm/spm_schematic.jpg	bd2ee61895454314d6da331abe7dc6318d049fc778d1660559c1fc80493a772b	183302	blobs/sha256/bd/bd2ee61895454314d6da331abe7dc6318d049fc778d1660559c1fc80493a772b.jpg
docs/domains/standards/API5L-45th-Edition-Specification-for-Line-Pipe-for-website.docx	a65d26fddf320e399e808a7da702c0caa556d188faaf155c53db9e1e48672337	28911	blobs/sha256/a6/a65d26fddf320e399e808a7da702c0caa556d188faaf155c53db9e1e48672337.docx
docs/domains/structural/beam_checks/1676937697698.jfif	a740b58734ef18af21472c6cf731730c40cf41de5b33b03ddac0cb20149ae738	158414	blobs/sha256/a7/a740b58734ef18af21472c6cf731730c40cf41de5b33b03ddac0cb20149ae738.jfif
docs/domains/structural/beam_checks/1676937697855.jfif	1e41826cf53091edf369139d9f3931821371379401252bdfae081279f320a2ed	156166	blobs/sha256/1e/1e41826cf53091edf369139d9f3931821371379401252bdfae081279f320a2ed.jfif
docs/domains/structural/beam_checks/span_stiffiness.jpg	69c20fa8421fe9e950515553905c8b9ca16424e02251badcc64616c3e5c3460b	44115	blobs/sha256/69/69c20fa8421fe9e950515553905c8b9ca16424e02251badcc64616c3e5c3460b.jpg
docs/domains/structural/lug.jpg	51fd59a6d98b37885c93569cda9e71d6ce82343d243147351d5cf30d1cee24fc	372335	blobs/sha256/51/51fd59a6d98b37885c93569cda9e71d6ce82343d243147351d5cf30d1cee24fc.jpg
docs/domains/structural/materials/elastic_properties_of_materials.jpg	089f03af0b4ddb9d2903a61ad79a4560fd82fad863910d0179c1ff4f09aa33a8	108302	blobs/sha256/08/089f03af0b4ddb9d2903a61ad79a4560fd82fad863910d0179c1ff4f09aa33a8.jpg
docs/domains/structural/references/REF-FFS-E18110-01 APC Gunnison Piping FFS Assessment (Draft1) - VS PE Comments.docx	a5bd9ffa331fbf45e4ffb984198a8385eab1ad8e0b7949c7de0a453fcbc14535	9895506	blobs/sha256/a5/a5bd9ffa331fbf45e4ffb984198a8385eab1ad8e0b7949c7de0a453fcbc14535.docx
docs/domains/structural/references/REF-FFS-E18XXX-01 Local Metal Loss Assessment (Draft1).docx	a892cf1ce24f3a7d453571e58222908666f81559047252ec76a1aa33297515be	10036490	blobs/sha256/a8/a892cf1ce24f3a7d453571e58222908666f81559047252ec76a1aa33297515be.docx
docs/domains/subsea/connectors/elastomer_seal_initial_step.PNG	ecb7e38c37d81b2bee1c32ce484f1869817d88964ea03f354dc29e3ab1d7037f	759313	blobs/sha256/ec/ecb7e38c37d81b2bee1c32ce484f1869817d88964ea03f354dc29e3ab1d7037f.png
docs/domains/subsea/connectors/elastomer_seal_pressureized.PNG	7eec4de95f779b69f229ecaf2fb007854e4de3f8c3e2438434251d576a368d3c	1000663	blobs/sha256/7e/7eec4de95f779b69f229ecaf2fb007854e4de3f8c3e2438434251d576a368d3c.png
docs/domains/subsea/connectors/elastomer_seal_start.PNG	7753e0d1d32e321888184100a28d178e65c9da2e36383af41f9c7a11d161afd5	913451	blobs/sha256/77/7753e0d1d32e321888184100a28d178e65c9da2e36383af41f9c7a11d161afd5.png
docs/domains/subsea/subsea_control_distribution_system.jpg	ec3fe3b5c225a0e3b5d48e44375887af656dcada342a3b1023d73f202dad8877	46734	blobs/sha256/ec/ec3fe3b5c225a0e3b5d48e44375887af656dcada342a3b1023d73f202dad8877.jpg
docs/domains/subsea/subsea_tree_cap_details.jpg	cd9d4f7bb207bee1e96475c535ed0c04d3cffd453c987bea42491ccf5ff2b7d9	67354	blobs/sha256/cd/cd9d4f7bb207bee1e96475c535ed0c04d3cffd453c987bea42491ccf5ff2b7d9.jpg
docs/domains/umbilical/bsr_and_buoyancy_modules.jpg	bf51238b55d293827a00031f9645aa083d98a15121681d4298bdfbfd401ba0e1	92227	blobs/sha256/bf/bf51238b55d293827a00031f9645aa083d98a15121681d4298bdfbfd401ba0e1.jpg
docs/domains/umbilical/installation_1.jpg	7c4152215c66856433bc35ea6fd9430cfc63dbaf330069a07ca4df0d1acf5657	38696	blobs/sha256/7c/7c4152215c66856433bc35ea6fd9430cfc63dbaf330069a07ca4df0d1acf5657.jpg
docs/domains/umbilical/installation_2.jpg	f75bdf3ebbe8ec2a24ea527847dd1796a12d2c236f67508a02adf046b94445d7	47018	blobs/sha256/f7/f75bdf3ebbe8ec2a24ea527847dd1796a12d2c236f67508a02adf046b94445d7.jpg
docs/domains/umbilical/installation_3.jpg	d79967a906cb059ce688c80e95276ec04ce262ca44d5dbc09771d5c183b50ba9	21670	blobs/sha256/d7/d79967a906cb059ce688c80e95276ec04ce262ca44d5dbc09771d5c183b50ba9.jpg
docs/domains/umbilical/power_cable_installation_chute_placement.jfif	9107d671d87a74d70eb1ca7a5aca57b6b95d0eba29cab2fcf627486ba117ddeb	509447	blobs/sha256/91/9107d671d87a74d70eb1ca7a5aca57b6b95d0eba29cab2fcf627486ba117ddeb.jfif
docs/domains/umbilical/scanned_plot.PNG	e0ceaeec8492f1a7eb2afc95043006959a32950966c12313a9318d46b628c53a	109363	blobs/sha256/e0/e0ceaeec8492f1a7eb2afc95043006959a32950966c12313a9318d46b628c53a.png
docs/domains/umbilical/umbilical_chute.jpg	0e9385c93193ffcefa041602271302cf16dab9c86f7d0cbc9085b732c47c266e	287787	blobs/sha256/0e/0e9385c93193ffcefa041602271302cf16dab9c86f7d0cbc9085b732c47c266e.jpg
docs/domains/viv/bending_frequencies.png	d605d459a6bb965ade151b87689985e620af8e302734f5d133d1c5ebf61c8886	40856	blobs/sha256/d6/d605d459a6bb965ade151b87689985e620af8e302734f5d133d1c5ebf61c8886.png
docs/domains/welding/400mm_plate/1732289069972.jfif	877a4810dfb3f1b10171ece29cfc6804cdafb79271795cab3a5cb73b85e846bb	180069	blobs/sha256/87/877a4810dfb3f1b10171ece29cfc6804cdafb79271795cab3a5cb73b85e846bb.jfif
docs/domains/welding/400mm_plate/1732289071146.jfif	59d9bc0487d862c6bbc91876de04ec531491974bccd106c957b3b39da01c208d	356543	blobs/sha256/59/59d9bc0487d862c6bbc91876de04ec531491974bccd106c957b3b39da01c208d.jfif
docs/domains/welding/400mm_plate/1732289071799.jfif	04aff3882ab715f01bb080aec8431b465ccfb51b67512b64baede378eaa685f3	394946	blobs/sha256/04/04aff3882ab715f01bb080aec8431b465ccfb51b67512b64baede378eaa685f3.jfif
docs/domains/welding/400mm_plate/1732289072576.jfif	feead3193c9f9f0ddbb2294b84e47f4ed02f036f590d314903fcdac83efb74cf	287099	blobs/sha256/fe/feead3193c9f9f0ddbb2294b84e47f4ed02f036f590d314903fcdac83efb74cf.jfif
docs/domains/welding/references/REF-ENG-ZapLok Pipe Joining Technique.pptx	db666be326fb9135b835a21a0df6f20547ac699302372bd591ab9cb523ca9d10	4340219	blobs/sha256/db/db666be326fb9135b835a21a0df6f20547ac699302372bd591ab9cb523ca9d10.pptx
docs/domains/wind/Piling_Vessels.jpg	74cdc7bd07ecdba8cba0971dd6b24bf8b7d315e1824f2c7213c40c1cd3e6385f	90064	blobs/sha256/74/74cdc7bd07ecdba8cba0971dd6b24bf8b7d315e1824f2c7213c40c1cd3e6385f.jpg
docs/domains/wind/contractor_vessel_days.jpg	d3161cfe7cb3eced2bc38e7dfd4a75bfa8c314b9ac7d07e1ef544858b76f17e9	148655	blobs/sha256/d3/d3161cfe7cb3eced2bc38e7dfd4a75bfa8c314b9ac7d07e1ef544858b76f17e9.jpg
docs/domains/wind/image-1.png	cedb7ed3442eabe8adab163a82ce40b5c46f27c63d6c46a4807f5e34f053cd0c	287020	blobs/sha256/ce/cedb7ed3442eabe8adab163a82ce40b5c46f27c63d6c46a4807f5e34f053cd0c.png
docs/domains/wind/image.png	b985a62096677111335e24b2d18302dff13be123ad84449db6e8569ccc1c2a9d	700207	blobs/sha256/b9/b985a62096677111335e24b2d18302dff13be123ad84449db6e8569ccc1c2a9d.png
docs/domains/wind/taiwan_wind_foundation_piles.jfif	e7649686bae9a67058d315b5537e84b23e925a15dd8a4db5c4a882ffb53bdc1f	415490	blobs/sha256/e7/e7649686bae9a67058d315b5537e84b23e925a15dd8a4db5c4a882ffb53bdc1f.jfif
docs/domains/wind/wind_turbine_design_considerations.jfif	220a63d217dca840456e7080efc4c892e3aa51f21f285f4d15bb8e383b1ad4fb	86263	blobs/sha256/22/220a63d217dca840456e7080efc4c892e3aa51f21f285f4d15bb8e383b1ad4fb.jfif
docs/domains/wind/wind_turbine_field_wake_solution.jfif	b6632e9c9169f6d2f01743d0b16bbee8e88e642eb8cf66025e7448a90ff35cdc	48394	blobs/sha256/b6/b6632e9c9169f6d2f01743d0b16bbee8e88e642eb8cf66025e7448a90ff35cdc.jfif
docs/domains/wind/wind_turbine_foudations.jpg	43923338edb314e48d7200d10dd415a0c3075eb8cbf9c00bdab32db76c817984	227659	blobs/sha256/43/43923338edb314e48d7200d10dd415a0c3075eb8cbf9c00bdab32db76c817984.jpg
docs/plans/2026-07-16-issue-1602-riser-hf-analysis-design.html	dcf7678a4b88ae58426f312c8804b69922f9e7274fc76017a17d18c74a70bd5d	24256	blobs/sha256/dc/dcf7678a4b88ae58426f312c8804b69922f9e7274fc76017a17d18c74a70bd5d.html
docs/plans/2026-08-05-issue-1631-licensed-lane-result-audit.html	bb803aca229e5caa0710eb4ee7830c39d6c5a0888ddf8dca367f60c0a4983d15	9102	blobs/sha256/bb/bb803aca229e5caa0710eb4ee7830c39d6c5a0888ddf8dca367f60c0a4983d15.html
docs/plans/2026-08-05-issue-1977-norecursedirs-bare-basenames.html	282c2398b01ecdc87d440def0d1a73306443b70db5fc3bd593ca4b2813dae500	35075	blobs/sha256/28/282c2398b01ecdc87d440def0d1a73306443b70db5fc3bd593ca4b2813dae500.html
docs/plans/2026-09-10-issue-2082-orcaflex-smoke.html	f6602eb6ed4af642a4694fd317f4710503d98af54bdf61d07ed7841e8bd4c5ce	14786	blobs/sha256/f6/f6602eb6ed4af642a4694fd317f4710503d98af54bdf61d07ed7841e8bd4c5ce.html
docs/plans/2026-09-11-issue-2089-ghs-canary.html	d6df8030bef6faa885ff1dd36e049bbe3e7c4884d5781affa59ae5b3daa29710	29959	blobs/sha256/d6/d6df8030bef6faa885ff1dd36e049bbe3e7c4884d5781affa59ae5b3daa29710.html
docs/plans/2026-09-11-issue-2089-windows-containment.html	e6012c55c29abcab65955f28d91a4d2074c383bf42cb3443a347d35048224e97	19622	blobs/sha256/e6/e6012c55c29abcab65955f28d91a4d2074c383bf42cb3443a347d35048224e97.html
docs/plans/2026-09-12-issue-1633-physical-zero-addendum.html	501f4af7f02ef6a909dfaf9e05f349a8fab54a669cab66b3e11e49ab2982a338	4431	blobs/sha256/50/501f4af7f02ef6a909dfaf9e05f349a8fab54a669cab66b3e11e49ab2982a338.html
docs/plans/2026-09-12-issue-2094-padeye-load-model-addendum.html	36cfa1390490e373f0ebea001112c862b08383f47bedcdacb3574f3b1ac125b2	18690	blobs/sha256/36/36cfa1390490e373f0ebea001112c862b08383f47bedcdacb3574f3b1ac125b2.html
docs/plans/2026-09-13-issue-2094-padeye-response-proposal.html	c4cab1ec175b9947941bf26f0d753edd725a01288ed903777e9dcae2427c952d	27080	blobs/sha256/c4/c4cab1ec175b9947941bf26f0d753edd725a01288ed903777e9dcae2427c952d.html
docs/plans/2026-09-13-issue-2117-padeye-parametric.html	17f6d2c9bf1f2d2afb8bbcda453bf9c2d7c5d65f2ab7910795311dcc8fe93e19	11105	blobs/sha256/17/17f6d2c9bf1f2d2afb8bbcda453bf9c2d7c5d65f2ab7910795311dcc8fe93e19.html
docs/plans/2026-09-13-issue-2119-ansys-analysis-lifecycle.html	3ad0710a146a464703a71c906c5f93a0e28e396d05e487cb6c00848fc2dd31e5	19101	blobs/sha256/3a/3ad0710a146a464703a71c906c5f93a0e28e396d05e487cb6c00848fc2dd31e5.html
docs/plans/2026-09-13-issue-2121-ansys-cylinder-campaign.html	bc08cee28154cf3c211313f3fc08d4bc65f534ad8df36617192956e0ec5b542f	35381	blobs/sha256/bc/bc08cee28154cf3c211313f3fc08d4bc65f534ad8df36617192956e0ec5b542f.html
docs/plans/2026-09-14-issue-2121-native-bindings.html	5aa0740fc133ddab55b35d3fa22b53b72bef37a5fe919d3718b1295bc505670e	9373	blobs/sha256/5a/5aa0740fc133ddab55b35d3fa22b53b72bef37a5fe919d3718b1295bc505670e.html
docs/plans/2026-09-14-issue-2121-numerical-replay-intake.html	5fcac734afa636fd6555e45998726abeccf098d89df0e0e5091a9f6c2c6c51d6	15830	blobs/sha256/5f/5fcac734afa636fd6555e45998726abeccf098d89df0e0e5091a9f6c2c6c51d6.html
docs/plans/2026-09-14-issue-2121-observed-native-intake.html	1b9e04a23ad08560aa83d034a7d441f85e5d7ab3612dda48412994b964f87375	11351	blobs/sha256/1b/1b9e04a23ad08560aa83d034a7d441f85e5d7ab3612dda48412994b964f87375.html
docs/plans/2026-09-14-issue-2121-result-matrix-integration.html	ed0174b8e9503ed8d4605369b7581343b19fa07c488c08bc2ba5f515615d0271	16411	blobs/sha256/ed/ed0174b8e9503ed8d4605369b7581343b19fa07c488c08bc2ba5f515615d0271.html
docs/plans/2026-09-14-issue-2121-zero-diagnostic-amendment.html	f1a17407bd06cbacb408faea6e9673fd1a32627a64f4c034991af60d44a597d5	17110	blobs/sha256/f1/f1a17407bd06cbacb408faea6e9673fd1a32627a64f4c034991af60d44a597d5.html
docs/plans/2026-09-29-issue-2261-multi-component-risers.html	5d61b3cab3ec9ce2896242feeba1ef0245eaf65d236caf9b70ca9e33a1928a38	14738	blobs/sha256/5d/5d61b3cab3ec9ce2896242feeba1ef0245eaf65d236caf9b70ca9e33a1928a38.html
docs/plans/2026-09-29-issue-2263-riser-base-phases.html	764912b5ad4ba13cd6376ed25fb562464b0be223dcca6b130264e16c9989f841	14939	blobs/sha256/76/764912b5ad4ba13cd6376ed25fb562464b0be223dcca6b130264e16c9989f841.html
docs/plans/2026-09-29-issue-2264-evidence-application.html	0b5e90dfe2127bbfcf6169f6cf4156d781c5ecc3984755bba3579b552b4e692e	2169	blobs/sha256/0b/0b5e90dfe2127bbfcf6169f6cf4156d781c5ecc3984755bba3579b552b4e692e.html
docs/plans/2026-10-05-installation-review-corrections.html	e7cc00e90982acdd38a170d408d02847af43bbad5829615e1bebf2368d505db5	2750	blobs/sha256/e7/e7cc00e90982acdd38a170d408d02847af43bbad5829615e1bebf2368d505db5.html
docs/plans/2026-10-06-issue-2281-cp-benchmark-evidence-research.html	a703619ecc4b13bd823d9932bc4fc33023aa0b7af0341f5cb6709a9a153362c5	4443	blobs/sha256/a7/a703619ecc4b13bd823d9932bc4fc33023aa0b7af0341f5cb6709a9a153362c5.html
docs/plans/assets/2026-09-25-issue-1057-owner-decisions.html	56e0f25563ddaf92566018018e100cfa23d0ef01ad1cc61f72cb02fdc34287b0	29002	blobs/sha256/56/56e0f25563ddaf92566018018e100cfa23d0ef01ad1cc61f72cb02fdc34287b0.html
docs/plans/assets/2026-09-26-issue-1057-approval-gate.html	4bfdac34501ff23986e409d0888c33b2ee1dac8583739e9f6e5a16a157236084	27612	blobs/sha256/4b/4bfdac34501ff23986e409d0888c33b2ee1dac8583739e9f6e5a16a157236084.html
docs/plans/evidence/2026-09-12-issue-2094-acceptance-assessment.html	dae78abe870bfa5d8ba99ff8f200b5599cd8a10e8d31b834d228eb0be97d3dce	7626	blobs/sha256/da/dae78abe870bfa5d8ba99ff8f200b5599cd8a10e8d31b834d228eb0be97d3dce.html
docs/plans/evidence/2026-09-12-issue-2094-executed-bytes.html	6d6457948e9a8a001693f4c9a8c91fba7559b15f1615ed6047ab9822fd677d49	2287	blobs/sha256/6d/6d6457948e9a8a001693f4c9a8c91fba7559b15f1615ed6047ab9822fd677d49.html
docs/plans/evidence/2026-09-12-issue-2094-native-continuation.html	7edd2001596584a30be680f247c0c33a871e3b7c8eae848852c34c7796ca14aa	6098	blobs/sha256/7e/7edd2001596584a30be680f247c0c33a871e3b7c8eae848852c34c7796ca14aa.html
docs/plans/evidence/2026-09-12-issue-2094-padeye-capture-criteria.html	a4e4908084fc5dd59d2785298b4b30e299fcd81c43f676d5ade494a2e4eff791	4357	blobs/sha256/a4/a4e4908084fc5dd59d2785298b4b30e299fcd81c43f676d5ade494a2e4eff791.html
docs/plans/evidence/2026-09-12-solver-continuation.html	4232e1f15c42a89f7543b708d9a27ce15c210b000358cf5764a2dc4cd3b4233d	6776	blobs/sha256/42/4232e1f15c42a89f7543b708d9a27ce15c210b000358cf5764a2dc4cd3b4233d.html
docs/plans/installation-replay.html	4f0a5c39519340cf4b3a48e69d9d7c1f1a9d39d96479cd9a0cf4beda2084e5ab	1737	blobs/sha256/4f/4f0a5c39519340cf4b3a48e69d9d7c1f1a9d39d96479cd9a0cf4beda2084e5ab.html
docs/plans/issue-2121-active-population-accounting.html	535b18774b8b618c35fffa2cc5930d31747000a8983bb0a1ab4b3ad681f06290	11709	blobs/sha256/53/535b18774b8b618c35fffa2cc5930d31747000a8983bb0a1ab4b3ad681f06290.html
docs/plans/issue-2121-active-process-name-resolution.html	cf7e1554ed76ea8c712d02517817359f1459073f554f8e2d394a65f8ff740956	10445	blobs/sha256/cf/cf7e1554ed76ea8c712d02517817359f1459073f554f8e2d394a65f8ff740956.html
docs/plans/issue-2121-controller-argument-identity.html	6ba940f869d9ee751f5238c69882e28642d0fea6faed500c16a213d101b08eb8	5698	blobs/sha256/6b/6ba940f869d9ee751f5238c69882e28642d0fea6faed500c16a213d101b08eb8.html
docs/plans/issue-2121-intermediate-cylinder-execution.html	3adbf5cd07658629a756f6b7cbd3cce5ca89b6bb10390414f3ac3fd0acb65566	14982	blobs/sha256/3a/3adbf5cd07658629a756f6b7cbd3cce5ca89b6bb10390414f3ac3fd0acb65566.html
docs/plans/issue-2121-n4-matrix-supplement.html	21780e157fa797524b709432449267fa83c05ccd04fac1912cbd3be42aef2462	8624	blobs/sha256/21/21780e157fa797524b709432449267fa83c05ccd04fac1912cbd3be42aef2462.html
docs/plans/issue-2121-n4-recovery-summary.html	3be3c316a0bea263619676da9ce9fa2b795556aa0fa1a3e4a9eb8dd4a9fb68dd	5320	blobs/sha256/3b/3be3c316a0bea263619676da9ce9fa2b795556aa0fa1a3e4a9eb8dd4a9fb68dd.html
docs/plans/issue-2121-n8-predecessor-replay.html	2b24a344f1112bd0249b979d1cdd73dfde555b33f16c5c2bcadc972cc29e952e	9752	blobs/sha256/2b/2b24a344f1112bd0249b979d1cdd73dfde555b33f16c5c2bcadc972cc29e952e.html
docs/plans/issue-2121-parent-change-identity-capture.html	086b4ca02504102080b35ebf9814bb11989a6e7a90ffecd8a033f86442985508	7553	blobs/sha256/08/086b4ca02504102080b35ebf9814bb11989a6e7a90ffecd8a033f86442985508.html
docs/plans/issue-2121-parent-map-refusal-evidence.html	723b559d0550f4d5aceeb41a53ab259d099bd266bf7724f88d57d3ae4c87c2f1	4932	blobs/sha256/72/723b559d0550f4d5aceeb41a53ab259d099bd266bf7724f88d57d3ae4c87c2f1.html
docs/plans/issue-2121-preclaim-resource-remediation.html	10c5650a828c4b999b697ad700a006dba7728bc7c6c7bfaa8b6722f5fd450640	12727	blobs/sha256/10/10c5650a828c4b999b697ad700a006dba7728bc7c6c7bfaa8b6722f5fd450640.html
docs/plans/issue-2121-pressure-continuation-r9.html	2a8f6d8db598d4832b056628622d4c98005a964d79129dc64bc960d0df45e940	26879	blobs/sha256/2a/2a8f6d8db598d4832b056628622d4c98005a964d79129dc64bc960d0df45e940.html
docs/plans/issue-2121-pressure-parent-console-r8.html	5c72bc4ea97a559bd8c4d508537ba7f5eed084c6125daf4ba4b5eb5436283a1d	7599	blobs/sha256/5c/5c72bc4ea97a559bd8c4d508537ba7f5eed084c6125daf4ba4b5eb5436283a1d.html
docs/plans/issue-2121-pressure-process-evidence-r7.html	6de0fbf6e5bca36cf55a7cee0962511ac93012a0ffd3ce9d93164ee44248b910	7262	blobs/sha256/6d/6de0fbf6e5bca36cf55a7cee0962511ac93012a0ffd3ce9d93164ee44248b910.html
docs/plans/issue-2121-pressure-resource-absence.html	e0fdb4cc2aa054d9320495c36e9d9839d1c5915e1d2651a047e8cf7bdca2a537	13759	blobs/sha256/e0/e0fdb4cc2aa054d9320495c36e9d9839d1c5915e1d2651a047e8cf7bdca2a537.html
docs/plans/issue-2121-sfelist-native-pressure.html	6bfecb6dadd9472fba40839d52f90fcf3a3b74267b9aa2fee1d5f74ba7f1b8d8	5037	blobs/sha256/6b/6bfecb6dadd9472fba40839d52f90fcf3a3b74267b9aa2fee1d5f74ba7f1b8d8.html
docs/plans/issue-714-aqwa-mesh-preparation-r2.html	bceea0653e063d666357d088275b79f161ec26720b1689fa9875cac0e90ebfe0	11055	blobs/sha256/bc/bceea0653e063d666357d088275b79f161ec26720b1689fa9875cac0e90ebfe0.html
docs/plans/issue-714-aqwa-offline-scope-addendum.html	3f1addd6193a26979ae7446646743eabce4808a3f28775793e706ff9e1638036	5655	blobs/sha256/3f/3f1addd6193a26979ae7446646743eabce4808a3f28775793e706ff9e1638036.html
docs/reports/2026-09-12-padeye-pressure-preparation.html	65ed164a50740e20ae03cd8e1447fbdc52fcacd04a1f8628fa2f375c61f2e332	13326	blobs/sha256/65/65ed164a50740e20ae03cd8e1447fbdc52fcacd04a1f8628fa2f375c61f2e332.html
docs/reports/2026-09-12-solver-automation-technical-report.html	40cc41268f33b7453a6b116f7999f7ddf9d3f5b4de3c4bb4633a9016c7c3383b	21206	blobs/sha256/40/40cc41268f33b7453a6b116f7999f7ddf9d3f5b4de3c4bb4633a9016c7c3383b.html
docs/reports/2026-09-13-ansys-evidence-stage-a.html	d9077c920bed7784687bf9ab8318269cd4b18b4be3c5200b97ebedcfc25eeebb	6653	blobs/sha256/d9/d9077c920bed7784687bf9ab8318269cd4b18b4be3c5200b97ebedcfc25eeebb.html
docs/reports/2026-09-14-ansys-cylinder-zero-native-checkpoint.html	f2102bd4817ff54715bc17d24c94d13acefe2d12930e792e8b717039380ae835	12231	blobs/sha256/f2/f2102bd4817ff54715bc17d24c94d13acefe2d12930e792e8b717039380ae835.html
docs/reports/2026-09-14-issue-2121-b1-preparation.html	32a20aae5326988fde99780be97f72419ceb8e5356ac853c1ea960321cf66e78	13733	blobs/sha256/32/32a20aae5326988fde99780be97f72419ceb8e5356ac853c1ea960321cf66e78.html
docs/reports/assets/2026-09-12-padeye-pressure-native-mesh.svg	7b86e647b49b8dfe23ba280a48f92e643d2db02caae2ade91c08be05d40619d1	256480	blobs/sha256/7b/7b86e647b49b8dfe23ba280a48f92e643d2db02caae2ade91c08be05d40619d1.svg
docs/reports/issue-1528-outlet-vent/confirmation-shipped-default/liquidVolume.baseline_full_height_outlet.dat	9212c28576effed86b594088a1f4bb8b32c73db749b2f3aaa1e85f29adc9103f	28120	blobs/sha256/92/9212c28576effed86b594088a1f4bb8b32c73db749b2f3aaa1e85f29adc9103f.dat
docs/reports/issue-1528-outlet-vent/confirmation-shipped-default/liquidVolume.vent_top.dat	bc3a561eebc08127943c5e6be9ae4a03528e3b1aaedff8d6d57a17cee7221b42	28120	blobs/sha256/bc/bc3a561eebc08127943c5e6be9ae4a03528e3b1aaedff8d6d57a17cee7221b42.dat
docs/reports/issue-1528-outlet-vent/liquidVolume.baseline_full_height_outlet.dat	f79418f3d0cb1828adbad04df339c26cb3a079968ed1d4639560ebaaff22e009	28120	blobs/sha256/f7/f79418f3d0cb1828adbad04df339c26cb3a079968ed1d4639560ebaaff22e009.dat
docs/reports/issue-1528-outlet-vent/liquidVolume.vent_top.dat	bc3a561eebc08127943c5e6be9ae4a03528e3b1aaedff8d6d57a17cee7221b42	28120	blobs/sha256/bc/bc3a561eebc08127943c5e6be9ae4a03528e3b1aaedff8d6d57a17cee7221b42.dat
docs/reports/orcaflex-batch-reliability.html	f7795ed321fd373855dbc82e2b6034bf0fe485bd1db72c1da75e4e7844304988	6638	blobs/sha256/f7/f7795ed321fd373855dbc82e2b6034bf0fe485bd1db72c1da75e4e7844304988.html
docs/reports/orcaflex-mooring-2093.html	23b56843c4bb0d993ac6c5288f6cd46fb50c9440f9c2c27963cef25a68b013ac	6332	blobs/sha256/23/23b56843c4bb0d993ac6c5288f6cd46fb50c9440f9c2c27963cef25a68b013ac.html
docs/reports/orcaflex-smoke-proof-2082.html	7a1152d09c1dc7b2f92f36dd7539df7cf0e5b49d8cd093ded6efa9a749a173b9	6218	blobs/sha256/7a/7a1152d09c1dc7b2f92f36dd7539df7cf0e5b49d8cd093ded6efa9a749a173b9.html
docs/reports/orcaflex-validator-716.html	eec63e3dbc2d31f5e15831d348ec5f9a8dc43249bafb99ad549ded823c9983e4	6213	blobs/sha256/ee/eec63e3dbc2d31f5e15831d348ec5f9a8dc43249bafb99ad549ded823c9983e4.html
docs/reports/viv-parametric-screening/index.html	0d0444140efd9ff69b024e77cde1761ea65920fda8f9def5a5f1574d7bc3945f	3124	blobs/sha256/0d/0d0444140efd9ff69b024e77cde1761ea65920fda8f9def5a5f1574d7bc3945f.html
docs/session-handoffs/2026-09-12-ansys-acceptance-continuation.html	796ffe9be5e8e4d36795c2e7dee45978e309ee3a460f08db96d87ccf242604a2	3816	blobs/sha256/79/796ffe9be5e8e4d36795c2e7dee45978e309ee3a460f08db96d87ccf242604a2.html
docs/session-handoffs/2026-09-12-padeye-plan-report.html	9e9d8c0f3ad2330a302eeccce794b9f26efe68fca3fdd28d3eebbf75b7d27d46	3299	blobs/sha256/9e/9e9d8c0f3ad2330a302eeccce794b9f26efe68fca3fdd28d3eebbf75b7d27d46.html
docs/session-handoffs/2026-09-12-padeye-pressure-preparation.html	f4f570a9bd6598944bd0ef81c1545fcfd839fdae0cc8001a9ae28d2df7789b1c	3796	blobs/sha256/f4/f4f570a9bd6598944bd0ef81c1545fcfd839fdae0cc8001a9ae28d2df7789b1c.html
docs/session-handoffs/2026-09-12-solver-native-continuation.html	4647d2efc01bd1a16f89fa1117a04f793662afaccb2aea934a64a587f674b774	3453	blobs/sha256/46/4647d2efc01bd1a16f89fa1117a04f793662afaccb2aea934a64a587f674b774.html
docs/session-handoffs/2026-09-13-padeye-parametric-plan.html	b4b4ca9112401e7786e1a9081ec9f3fd004b97bfcceea5f5f75745247d36d846	1564	blobs/sha256/b4/b4b4ca9112401e7786e1a9081ec9f3fd004b97bfcceea5f5f75745247d36d846.html
docs/session-handoffs/2026-09-13-padeye-response-plan.html	27800b3dea19cae0806f7ab1578867d902c575be2b6f13f51390c9b8547515a5	3148	blobs/sha256/27/27800b3dea19cae0806f7ab1578867d902c575be2b6f13f51390c9b8547515a5.html
docs/session-handoffs/2026-10-05-cp-2281-recovery.html	59d76984be7403f9f0e7c752a1cb7e1480d36ffc14c8cec923ce58aa6676d769	7692	blobs/sha256/59/59d76984be7403f9f0e7c752a1cb7e1480d36ffc14c8cec923ce58aa6676d769.html
docs/session-handoffs/installation-review-corrections-2026-10-05.html	6a68f7754be1681e0c6513865fa04b1873c7a2cbeb42c83faa7e2bc770b3c519	3577	blobs/sha256/6a/6a68f7754be1681e0c6513865fa04b1873c7a2cbeb42c83faa7e2bc770b3c519.html
docs/small_operator/_wordmark.svg	2d0828ac84f033233bdeddfdd8c8b836e36a4b549f0a9651cab936597b25de0e	14576	blobs/sha256/2d/2d0828ac84f033233bdeddfdd8c8b836e36a4b549f0a9651cab936597b25de0e.svg
docs/small_operator/brochure.html	7f2bf6fd5f0c5a52afd63078df3e164bdb01fa1dd847f454e09ae92d4cf8f22d	39753	blobs/sha256/7f/7f2bf6fd5f0c5a52afd63078df3e164bdb01fa1dd847f454e09ae92d4cf8f22d.html
docs/small_operator/pdf/AceEngineer-small-operator-field-note.pdf	fc61fade2080a8f20a8578eaf85585e783e5ac269b5cc42ad7ccbdfeedaea2ba	192994	blobs/sha256/fc/fc61fade2080a8f20a8578eaf85585e783e5ac269b5cc42ad7ccbdfeedaea2ba.pdf
docs/spikes/2026-05-20-plotly-polar-arrow-technique/rendered.html	fba172492986666871ef24f99f5cb93255596ad4e112d41664f98f8a784ed40d	8551	blobs/sha256/fb/fba172492986666871ef24f99f5cb93255596ad4e112d41664f98f8a784ed40d.html
docs/spikes/2026-09-25-hullprod-curvature-screening/results/plots/L02_oc4_semisub_curvature_classes.png	fd7fbaaa14e188238ac31e21bae3b97fb6bee9dde41bf0fb6dc36307aa8002f5	222407	blobs/sha256/fd/fd7fbaaa14e188238ac31e21bae3b97fb6bee9dde41bf0fb6dc36307aa8002f5.png
docs/spikes/2026-09-25-hullprod-curvature-screening/results/plots/client_drillship_a_curvature_classes.png	813662b6a483e0ef24b372c5f8bec2f9435b6fd1dbe84ec036e6884525390cab	131671	blobs/sha256/81/813662b6a483e0ef24b372c5f8bec2f9435b6fd1dbe84ec036e6884525390cab.png
docs/spikes/2026-09-25-hullprod-curvature-screening/results/plots/client_drillship_a_developability_density.png	94cca68de4dfd3acd64ae120bc445ed966565eba7a2bf16cc29f75f6ff95344a	177428	blobs/sha256/94/94cca68de4dfd3acd64ae120bc445ed966565eba7a2bf16cc29f75f6ff95344a.png
docs/spikes/2026-09-25-hullprod-curvature-screening/results/plots/dm_ship_8000_unif_curvature_classes.png	b0c3700e998f7cc30944fdf6fb66eddad489edd23b4d74814789101ffec2c1e3	147574	blobs/sha256/b0/b0c3700e998f7cc30944fdf6fb66eddad489edd23b4d74814789101ffec2c1e3.png
docs/spikes/2026-09-25-hullprod-curvature-screening/results/plots/fpso_curvature_classes.png	79321b8c0ca15c5f81cd50383a32aaecfca2be6f9b9711d67e078bfb9023664e	121929	blobs/sha256/79/79321b8c0ca15c5f81cd50383a32aaecfca2be6f9b9711d67e078bfb9023664e.png
docs/standards/engineering-analysis-workflow.html	10c4962998b9310f389cc219dd7d7f593e7d1fac867b3ea247cc7f9ff88dc753	8460	blobs/sha256/10/10c4962998b9310f389cc219dd7d7f593e7d1fac867b3ea247cc7f9ff88dc753.html
examples/demos/gtm/docs/GTM_PARAMETRIC_PROGRESS.html	861142cdd8d735fa049a608a63c59dea8a15f188918d532ab9aa0cabe67da765	32518	blobs/sha256/86/861142cdd8d735fa049a608a63c59dea8a15f188918d532ab9aa0cabe67da765.html
examples/demos/gtm/media/demo_01_freespan.gif	f559670e3317b2c27d835c7f11c0c3a88719ea005186afdb8bec79bfbe2c3bef	874790	blobs/sha256/f5/f559670e3317b2c27d835c7f11c0c3a88719ea005186afdb8bec79bfbe2c3bef.gif
examples/demos/gtm/media/demo_01_freespan_workflow.gif	ac094363c856c136e91cf5784379b0061cce6460a0ff6a681ad4d6012ea7c1e8	3900147	blobs/sha256/ac/ac094363c856c136e91cf5784379b0061cce6460a0ff6a681ad4d6012ea7c1e8.gif
examples/demos/gtm/media/demo_02_wall_thickness.gif	e8cc0ab3eb841feb4de4533b03bab770118618eaadf677c63eef864818f7cc16	820470	blobs/sha256/e8/e8cc0ab3eb841feb4de4533b03bab770118618eaadf677c63eef864818f7cc16.gif
examples/demos/gtm/media/demo_02_wall_thickness_workflow.gif	efee1310dfb62986b8e1f881a391cba5a275c94cdda42bcf24365a1205369056	4197862	blobs/sha256/ef/efee1310dfb62986b8e1f881a391cba5a275c94cdda42bcf24365a1205369056.gif
examples/demos/gtm/media/demo_03_mudmat_installation.gif	93be907c7e02ed60480ef254878d8299aedf39889e528883bf8d72310de360d2	788030	blobs/sha256/93/93be907c7e02ed60480ef254878d8299aedf39889e528883bf8d72310de360d2.gif
examples/demos/gtm/media/demo_03_mudmat_installation_workflow.gif	391c4548fc3abd674f8444be2de120715c93cd081d5dd6d93326cfed614159c8	4571715	blobs/sha256/39/391c4548fc3abd674f8444be2de120715c93cd081d5dd6d93326cfed614159c8.gif
examples/demos/gtm/media/demo_04_shallow_pipelay.gif	2397e2a8a89a8c8fb3dd4f5ac7c960c1a9286a48d4f545b56bc67e0c54ecb873	873312	blobs/sha256/23/2397e2a8a89a8c8fb3dd4f5ac7c960c1a9286a48d4f545b56bc67e0c54ecb873.gif
examples/demos/gtm/media/demo_04_shallow_pipelay_workflow.gif	6ddd63c442065739f75496374e56a9448597939beafa7eb979122c36cd08a17f	3670836	blobs/sha256/6d/6ddd63c442065739f75496374e56a9448597939beafa7eb979122c36cd08a17f.gif
examples/demos/gtm/media/demo_05_jumper_installation.gif	e9ef8f0a543dbfed5908f62facfb2b4f1f1d0968f7b9b47ca686ffb5138ea6b8	877418	blobs/sha256/e9/e9ef8f0a543dbfed5908f62facfb2b4f1f1d0968f7b9b47ca686ffb5138ea6b8.gif
examples/demos/gtm/media/demo_05_jumper_installation_workflow.gif	ef85b0ab77a82051e7bec43d0ce6afb8b5a430fc43fdecc43b221683175881e3	2873535	blobs/sha256/ef/ef85b0ab77a82051e7bec43d0ce6afb8b5a430fc43fdecc43b221683175881e3.gif
examples/demos/gtm/media/demo_comparison_matrix.gif	52ce93d03ee1476735f12b7de840ab90f15bbd7213d25b8ca837d7cf4e890924	1546223	blobs/sha256/52/52ce93d03ee1476735f12b7de840ab90f15bbd7213d25b8ca837d7cf4e890924.gif
examples/demos/gtm/output/client_pdf_pack_2026-05-07/00_vessel_capability_gtm_pdf_pack_index.html	5ef331c8a5a9f1ad0e5cb14eb092d0e4c14843974ca8a47fb1d4799c5caa4c09	5149	blobs/sha256/5e/5ef331c8a5a9f1ad0e5cb14eb092d0e4c14843974ca8a47fb1d4799c5caa4c09.html
examples/demos/gtm/output/client_pdf_pack_2026-05-07/00_vessel_capability_gtm_pdf_pack_index.pdf	a10e45d2439ae4f0a15907d7bee4df44c02c0e6ff4cbb5f46d81492bc4bd2cbd	55668	blobs/sha256/a1/a10e45d2439ae4f0a15907d7bee4df44c02c0e6ff4cbb5f46d81492bc4bd2cbd.pdf
examples/demos/gtm/output/client_pdf_pack_2026-05-07/03_mudmat_installation_vessel_capability_digitalmodel.html	9cca175a4c8e012d4f960974aae522b71f7c3d066d6ffe2be8190380d28a321d	76385	blobs/sha256/9c/9cca175a4c8e012d4f960974aae522b71f7c3d066d6ffe2be8190380d28a321d.html
examples/demos/gtm/output/client_pdf_pack_2026-05-07/03_mudmat_installation_vessel_capability_digitalmodel.pdf	d4b968234a14c1ae19983303433ef542d10696f6862fc5606dce6f8df5335e4d	605809	blobs/sha256/d4/d4b968234a14c1ae19983303433ef542d10696f6862fc5606dce6f8df5335e4d.pdf
examples/demos/gtm/output/client_pdf_pack_2026-05-07/04_shallow_pipelay_vessel_capability_digitalmodel.html	aab0eae9c93d2bf268b4f1f638a5195b13e5473cb38e61e171c72ba7b887aef9	90103	blobs/sha256/aa/aab0eae9c93d2bf268b4f1f638a5195b13e5473cb38e61e171c72ba7b887aef9.html
examples/demos/gtm/output/client_pdf_pack_2026-05-07/04_shallow_pipelay_vessel_capability_digitalmodel.pdf	9690f740a6d06552736d5ad49b990d64f7648206445297d3a313ac9a2ade5243	783420	blobs/sha256/96/9690f740a6d06552736d5ad49b990d64f7648206445297d3a313ac9a2ade5243.pdf
examples/demos/gtm/output/client_pdf_pack_2026-05-07/05_rigid_jumper_installation_vessel_capability_digitalmodel.html	a7c3e7dd3abb0345138e1a44e47b20657c428878abf80b990ba8c9bc5a7b7a82	70756	blobs/sha256/a7/a7c3e7dd3abb0345138e1a44e47b20657c428878abf80b990ba8c9bc5a7b7a82.html
examples/demos/gtm/output/client_pdf_pack_2026-05-07/05_rigid_jumper_installation_vessel_capability_digitalmodel.pdf	e7fd14bbeb70a8c5d6241396e97b0c150a9c55c09ded774286c8721ae27e63b7	630437	blobs/sha256/e7/e7fd14bbeb70a8c5d6241396e97b0c150a9c55c09ded774286c8721ae27e63b7.pdf
examples/demos/gtm/output/client_pdf_pack_2026-05-07/digitalmodel_vessel_capability_gtm_pdf_pack_2026-05-07/00_vessel_capability_gtm_pdf_pack_index.pdf	a10e45d2439ae4f0a15907d7bee4df44c02c0e6ff4cbb5f46d81492bc4bd2cbd	55668	blobs/sha256/a1/a10e45d2439ae4f0a15907d7bee4df44c02c0e6ff4cbb5f46d81492bc4bd2cbd.pdf
examples/demos/gtm/output/client_pdf_pack_2026-05-07/digitalmodel_vessel_capability_gtm_pdf_pack_2026-05-07/03_mudmat_installation_vessel_capability_digitalmodel.pdf	d4b968234a14c1ae19983303433ef542d10696f6862fc5606dce6f8df5335e4d	605809	blobs/sha256/d4/d4b968234a14c1ae19983303433ef542d10696f6862fc5606dce6f8df5335e4d.pdf
examples/demos/gtm/output/client_pdf_pack_2026-05-07/digitalmodel_vessel_capability_gtm_pdf_pack_2026-05-07/04_shallow_pipelay_vessel_capability_digitalmodel.pdf	9690f740a6d06552736d5ad49b990d64f7648206445297d3a313ac9a2ade5243	783420	blobs/sha256/96/9690f740a6d06552736d5ad49b990d64f7648206445297d3a313ac9a2ade5243.pdf
examples/demos/gtm/output/client_pdf_pack_2026-05-07/digitalmodel_vessel_capability_gtm_pdf_pack_2026-05-07/05_rigid_jumper_installation_vessel_capability_digitalmodel.pdf	e7fd14bbeb70a8c5d6241396e97b0c150a9c55c09ded774286c8721ae27e63b7	630437	blobs/sha256/e7/e7fd14bbeb70a8c5d6241396e97b0c150a9c55c09ded774286c8721ae27e63b7.pdf
examples/demos/gtm/output/demo_01_freespan_report.html	65f20e44ffbc0d80b2b13015092db48b3905eb3251b8c43aca59b8c03c71e8e4	118328	blobs/sha256/65/65f20e44ffbc0d80b2b13015092db48b3905eb3251b8c43aca59b8c03c71e8e4.html
examples/demos/gtm/output/demo_02_wall_thickness_report.html	203c13a50cbd37fa0ca14889408fb8060c232d917771e1e41ab5bf6c1934f588	85444	blobs/sha256/20/203c13a50cbd37fa0ca14889408fb8060c232d917771e1e41ab5bf6c1934f588.html
examples/demos/gtm/output/demo_03_mudmat_installation_report.html	fa8b9c34575dac932de1fb5fb0191e95b3c0c8075fb9718c39ba6f92dcbbb763	73132	blobs/sha256/fa/fa8b9c34575dac932de1fb5fb0191e95b3c0c8075fb9718c39ba6f92dcbbb763.html
examples/demos/gtm/output/demo_04_shallow_pipelay_report.html	1ea5daf518689e9b79ba0a8f014d7a45433c5d17dc96397e0c315a0d8ce17a64	85887	blobs/sha256/1e/1ea5daf518689e9b79ba0a8f014d7a45433c5d17dc96397e0c315a0d8ce17a64.html
examples/demos/gtm/output/demo_05_jumper_installation_report.html	e2acc557b97e58c7870a054a8f147b987b097aa2768e30f29f673bc8b08e66ed	70098	blobs/sha256/e2/e2acc557b97e58c7870a054a8f147b987b097aa2768e30f29f673bc8b08e66ed.html
examples/demos/gtm/output/demo_06_marine_structure_cp_report.html	148d81e2ca017db622dfd5b6bccb90e9aa6800e86b4a6f77e18719a5af2b5649	53596	blobs/sha256/14/148d81e2ca017db622dfd5b6bccb90e9aa6800e86b4a6f77e18719a5af2b5649.html
examples/demos/gtm/output/demo_07_pipeline_cp_report.html	640c16e212a39a4ebac40363cf9b4fa9182d431800be38c4fed216b686f77d0c	113188	blobs/sha256/64/640c16e212a39a4ebac40363cf9b4fa9182d431800be38c4fed216b686f77d0c.html
examples/demos/gtm/output/demo_08_iccp_design_report.html	a0215e81deb667c71386be4a8056024c8e019e39d4b6553547456a4ea57e2e7e	110029	blobs/sha256/a0/a0215e81deb667c71386be4a8056024c8e019e39d4b6553547456a4ea57e2e7e.html
examples/demos/gtm/output/demo_09_cp_retrofit_remaining_life_report.html	82ba8bd62296c6e4a68bc8d478cd34fe3a1a00ea19509250e88803c255cef18c	56744	blobs/sha256/82/82ba8bd62296c6e4a68bc8d478cd34fe3a1a00ea19509250e88803c255cef18c.html
examples/demos/gtm/output/demo_10_cad_plate_buckling_verification_report.html	0008a4ac5d30d885764a50994f25535c7b03181523cd84a39dcd20deb90fc5d0	56477	blobs/sha256/00/0008a4ac5d30d885764a50994f25535c7b03181523cd84a39dcd20deb90fc5d0.html
examples/demos/gtm/output/demo_10_geometry_render.png	902a59d75584ef9ed01c0add0da3e3bb7643c58ffd64d0f5f25c4eae12569325	184830	blobs/sha256/90/902a59d75584ef9ed01c0add0da3e3bb7643c58ffd64d0f5f25c4eae12569325.png
examples/demos/gtm/output/pipeline_company_pack_2026-05-07/00_pipeline_company_gtm_pack_index.html	694ad3ea7c7f0333ad10fb37484ca6852da8bfc8ec0e26f5c14ef3d5e2f0af9f	4766	blobs/sha256/69/694ad3ea7c7f0333ad10fb37484ca6852da8bfc8ec0e26f5c14ef3d5e2f0af9f.html
examples/demos/gtm/output/pipeline_company_pack_2026-05-07/00_pipeline_company_gtm_pack_index.pdf	55121b8ea729a6f30d1db108a442ed6aacf0bb85e9c89c0db4a6c8d8c5b8169a	65877	blobs/sha256/55/55121b8ea729a6f30d1db108a442ed6aacf0bb85e9c89c0db4a6c8d8c5b8169a.pdf
examples/demos/gtm/output/pipeline_company_pack_2026-05-07/01_pipeline_wall_thickness_gtm_brochure_digitalmodel.html	4d1ea78a0493bc4af9b353f16bc90dabe8955c5e33f5be5d02dde097c9295d75	17374	blobs/sha256/4d/4d1ea78a0493bc4af9b353f16bc90dabe8955c5e33f5be5d02dde097c9295d75.html
examples/demos/gtm/output/pipeline_company_pack_2026-05-07/01_pipeline_wall_thickness_gtm_brochure_digitalmodel.pdf	6f3016c23bf8ed1a5f83dcbb2f54b4020b6e854317d950d6549520c37fb7d1d5	153823	blobs/sha256/6f/6f3016c23bf8ed1a5f83dcbb2f54b4020b6e854317d950d6549520c37fb7d1d5.pdf
examples/demos/gtm/output/pipeline_company_pack_2026-05-07/02_rigid_jumper_viv_gtm_brochure_digitalmodel.html	286676895a5902f1348068c8f22c42e3022640fbe6226a0884cb7abf4aaf4819	22070	blobs/sha256/28/286676895a5902f1348068c8f22c42e3022640fbe6226a0884cb7abf4aaf4819.html
examples/demos/gtm/output/pipeline_company_pack_2026-05-07/02_rigid_jumper_viv_gtm_brochure_digitalmodel.pdf	973414c788d409f746af47c1a21d14f11f33956a2a91793b9dd3cb5480ef07ae	570888	blobs/sha256/97/973414c788d409f746af47c1a21d14f11f33956a2a91793b9dd3cb5480ef07ae.pdf
examples/demos/gtm/output/pipeline_company_pack_2026-05-07/03_rigid_jumper_installation_vessel_capability_existing_digitalmodel.pdf	e7fd14bbeb70a8c5d6241396e97b0c150a9c55c09ded774286c8721ae27e63b7	630437	blobs/sha256/e7/e7fd14bbeb70a8c5d6241396e97b0c150a9c55c09ded774286c8721ae27e63b7.pdf
examples/demos/structural/output/ship_panel_buckling_brief.pdf	3fadc618a8d704cebec663d9f4cad8918baa7956b9fc39b2e5f981b78018716e	46503	blobs/sha256/3f/3fadc618a8d704cebec663d9f4cad8918baa7956b9fc39b2e5f981b78018716e.pdf
examples/demos/structural/output/ship_panel_buckling_report.html	2792903c97308c614386718daeb8d935cc29edfa49e838ed836bc1c97c2d009d	60253	blobs/sha256/27/2792903c97308c614386718daeb8d935cc29edfa49e838ed836bc1c97c2d009d.html
examples/demos/structural/output/ship_plate_buckling_report.html	952dd432ee26e4eb4220f197c0caf345a443e5b50729c0de01d7f19b765ee05f	56703	blobs/sha256/95/952dd432ee26e4eb4220f197c0caf345a443e5b50729c0de01d7f19b765ee05f.html
examples/domains/artificial_lift/dynacard_comprehensive_report.html	3868416a63f9835614d76fad1114e49319e6038936ed4c2ba57c777ccb0a432f	3648097	blobs/sha256/38/3868416a63f9835614d76fad1114e49319e6038936ed4c2ba57c777ccb0a432f.html
examples/domains/artificial_lift/dynacard_failure_modes.html	0752d5693fc5fcab1561af629a1a62cfa7b07ffbda186a0f7c763327be3be676	3636822	blobs/sha256/07/0752d5693fc5fcab1561af629a1a62cfa7b07ffbda186a0f7c763327be3be676.html
examples/domains/artificial_lift/dynacard_report.html	f5d357e04818377eb69553f31def366ba4f06db1bfd2bb5b1dab259c7f36b61a	3612876	blobs/sha256/f5/f5d357e04818377eb69553f31def366ba4f06db1bfd2bb5b1dab259c7f36b61a.html
examples/domains/artificial_lift/field_health_dashboard.html	c4e67974aab663d7f88b8a8438e11318b2d4f9bbe2c9a12057c7c51e10a3d0ea	3656009	blobs/sha256/c4/c4e67974aab663d7f88b8a8438e11318b2d4f9bbe2c9a12057c7c51e10a3d0ea.html
examples/domains/fatigue/advanced_examples/test_outputs/test_comparison.png	4fb4982cf30721cc5b9ffcf84d8c3c461dc207b636fc72f862467f4434a564c4	429142	blobs/sha256/4f/4fb4982cf30721cc5b9ffcf84d8c3c461dc207b636fc72f862467f4434a564c4.png
examples/domains/fatigue/advanced_examples/test_outputs/test_comparison_fixed.png	db467c98fa3c6692ab1635d6f185759a4cc14aeb3c36ae8c435b26c589c416b1	562615	blobs/sha256/db/db467c98fa3c6692ab1635d6f185759a4cc14aeb3c36ae8c435b26c589c416b1.png
examples/domains/fatigue/advanced_examples/test_outputs/test_plot_fixed.png	69d1a24f472a28a896bf7a884f9aae924ab12f4521ea4d1a0d733a19f1cab3ff	379250	blobs/sha256/69/69d1a24f472a28a896bf7a884f9aae924ab12f4521ea4d1a0d733a19f1cab3ff.png
examples/domains/fea/riser_profiles/SCR_app_catenary_riser_SLWR_12OD_WI_64lbft3.png	e6bc235d306a28f67a1582130930e064bb8d643c9d5ec57aa07958ad9a7d2071	367925	blobs/sha256/e6/e6bc235d306a28f67a1582130930e064bb8d643c9d5ec57aa07958ad9a7d2071.png
examples/domains/fea/riser_profiles/SLWR_app_catenary_riser_SLWR_12OD_WI_64lbft3.png	57b3f8b8c61b864ccbd58d9d29f9bf1e24835acf61764257ce3573ed449193ec	426502	blobs/sha256/57/57b3f8b8c61b864ccbd58d9d29f9bf1e24835acf61764257ce3573ed449193ec.png
examples/domains/structural_analysis/legacy_ffs_dashboard.html	c6b3efca0ac8c46696545bfd244ac8aa48326b810017d2be00b01ff87e238100	24037	blobs/sha256/c6/c6b3efca0ac8c46696545bfd244ac8aa48326b810017d2be00b01ff87e238100.html
examples/manufacturing/weld_fatigue_result.html	4682f144fd80d40a424158a8140191af8fa8e68e63ce3c46373a29c32bfccb0e	1944	blobs/sha256/46/4682f144fd80d40a424158a8140191af8fa8e68e63ce3c46373a29c32bfccb0e.html
examples/marine_ops/mooring_resilience/foundation_vs_soil.png	9cd7e56cf018c86e0aa7c300cfbf1cbbbd7c4d3cba8bfd5cb86acb3d7e0aa7d2	75423	blobs/sha256/9c/9cd7e56cf018c86e0aa7c300cfbf1cbbbd7c4d3cba8bfd5cb86acb3d7e0aa7d2.png
examples/marine_ops/mooring_resilience/resilience_map_Hs_depth.png	d17cde8928adfa32bd739e26fd4eaf77246b5332d31a37dc7b13510bc9cf3b2e	39370	blobs/sha256/d1/d17cde8928adfa32bd739e26fd4eaf77246b5332d31a37dc7b13510bc9cf3b2e.png
examples/marine_ops/mooring_resilience/resilience_vs_Hs.png	8161df428d3dbd95a7431cc092e3104cf9d7aab67af208d8d282872599358f5b	66739	blobs/sha256/81/8161df428d3dbd95a7431cc092e3104cf9d7aab67af208d8d282872599358f5b.png
examples/marine_ops/mooring_resilience/util_intact_vs_damaged.png	f4557f82b1ad2e2e65f642fa941bc79bafbb926885881eb73196f1c642b46e6e	54846	blobs/sha256/f4/f4557f82b1ad2e2e65f642fa941bc79bafbb926885881eb73196f1c642b46e6e.png
examples/reporting/assets/wrk-1341/deformed-shape.png	2504dca5e76c1996fac903291f9c60f0a44fb99abb2f8699026e607df2a53af3	77117	blobs/sha256/25/2504dca5e76c1996fac903291f9c60f0a44fb99abb2f8699026e607df2a53af3.png
examples/reporting/assets/wrk-1341/model-setup.png	475e6ecbf15db5c4ab697e586359e08261d348c982aba2484b47c97e95555a59	61412	blobs/sha256/47/475e6ecbf15db5c4ab697e586359e08261d348c982aba2484b47c97e95555a59.png
examples/reporting/assets/wrk-1341/side-view-deflection.png	15c312d05e07d100a2bfd4c79da2448d38c2fcb31fc222d4a45535a13772a30a	26144	blobs/sha256/15/15c312d05e07d100a2bfd4c79da2448d38c2fcb31fc222d4a45535a13772a30a.png
examples/reporting/assets/wrk-1341/von-mises-stress.png	8fe3431433a97277a460bdd841aa99bb35f53ca86aa25caa2300a59dd540c46d	57230	blobs/sha256/8f/8fe3431433a97277a460bdd841aa99bb35f53ca86aa25caa2300a59dd540c46d.png
examples/reporting/calculix-beam-validation-wrk-1341.html	a8c4da84fe3bc4a260d6f134f6ffd41c3759032c80dcc3cd18790b43917252d9	331443	blobs/sha256/a8/a8c4da84fe3bc4a260d6f134f6ffd41c3759032c80dcc3cd18790b43917252d9.html
examples/reporting/fatigue-pipeline-girth-weld.html	302d4918b5ad0e8080f85853bf929ca1b5aaa72bb08ca1458c0b583b980ce62a	14819	blobs/sha256/30/302d4918b5ad0e8080f85853bf929ca1b5aaa72bb08ca1458c0b583b980ce62a.html
examples/reporting/fatigue-scr-touchdown.html	85df58997737b8ece275c7c0e6ff4dd1013cf8aaecd6d5c23055c391116d3965	13079	blobs/sha256/85/85df58997737b8ece275c7c0e6ff4dd1013cf8aaecd6d5c23055c391116d3965.html
examples/reporting/fatigue-sn-curve-dnv-rp-c203.html	7de9d16b0e13839d4662cf3418fe788c33a3ec83ddc8f9275f31d2f30b7850c5	15106	blobs/sha256/7d/7de9d16b0e13839d4662cf3418fe788c33a3ec83ddc8f9275f31d2f30b7850c5.html
examples/reporting/fem-3d-beam-analysis-dual-chute-wrk-1364.html	766e6263dbb0476688b05e63c58a137b6431904b7ef22ed6ceba70f920aa68f3	35843	blobs/sha256/76/766e6263dbb0476688b05e63c58a137b6431904b7ef22ed6ceba70f920aa68f3.html
examples/reporting/fem-3d-beam-analysis-single-chute-wrk-1364.html	4faa1e20d5c078abe600ca0a7f0cd6ddd794ddf902aa5f315a05c69d46842e1b	36204	blobs/sha256/4f/4faa1e20d5c078abe600ca0a7f0cd6ddd794ddf902aa5f315a05c69d46842e1b.html
examples/reporting/fem-3d-beam-analysis-wrk-1364.html	d3ee2d9499c7ecf3399877ddcb3bda0e83e53b1bb52a447fb0641b2479db1699	41093	blobs/sha256/d3/d3ee2d9499c7ecf3399877ddcb3bda0e83e53b1bb52a447fb0641b2479db1699.html
examples/reporting/geotechnical-anchor-capacity.html	e457323927ff73dc0262d973af41e3d031b7e5c1a864bf401592ee891517a010	10266	blobs/sha256/e4/e457323927ff73dc0262d973af41e3d031b7e5c1a864bf401592ee891517a010.html
examples/reporting/geotechnical-pile-axial-capacity.html	259c5fe3d434d9c2b01b7a7d8a5219f9f5d71a6b04e9bc428d61dc6deae32a0e	12032	blobs/sha256/25/259c5fe3d434d9c2b01b7a7d8a5219f9f5d71a6b04e9bc428d61dc6deae32a0e.html
examples/reporting/geotechnical-scour-assessment.html	50053709a6894483798840a3112059218c7af3ee049f4f54336f725ecf66b69c	10054	blobs/sha256/50/50053709a6894483798840a3112059218c7af3ee049f4f54336f725ecf66b69c.html
examples/reporting/on-bottom-stability-dnv-rp-f109.html	24c8c644b36b38b02c731c8999692aa1d139465b04baf5116aaa131bc1a00701	12838	blobs/sha256/24/24c8c644b36b38b02c731c8999692aa1d139465b04baf5116aaa131bc1a00701.html
examples/reporting/on-bottom-stability-pipeline.html	63a64f0fa4bc2c3103e816a5f115743b949341b616783f8b925c0b2c0f679f9b	11623	blobs/sha256/63/63a64f0fa4bc2c3103e816a5f115743b949341b616783f8b925c0b2c0f679f9b.html
examples/reporting/parachute-drag-chute-assessment-wrk-1362.html	a9d43c3a92cccbf1761bdb659d297bd5ec7b445784c51402342deb7d3c673c27	34177	blobs/sha256/a9/a9d43c3a92cccbf1761bdb659d297bd5ec7b445784c51402342deb7d3c673c27.html
examples/reporting/pipeline-stability-dnv-rp-f109.html	258f76200056a20bc28b7162e2eb961a8f2bbffd14b6fc5e88b793660bd3bde5	13686	blobs/sha256/25/258f76200056a20bc28b7162e2eb961a8f2bbffd14b6fc5e88b793660bd3bde5.html
examples/reporting/portfolio-beta-energy-benchmark.html	55af2dc48c94faeaf8cd610697abf1508551148fa750b62b84b31e1b8b5a7ee3	9088	blobs/sha256/55/55af2dc48c94faeaf8cd610697abf1508551148fa750b62b84b31e1b8b5a7ee3.html
examples/reporting/resource-estimation-monte-carlo.html	06506db6702785b3a2975cc489c87ed58e69ea9bc91724708aa4641059a2b829	14791	blobs/sha256/06/06506db6702785b3a2975cc489c87ed58e69ea9bc91724708aa4641059a2b829.html
examples/reporting/sepd-decline-unconventional.html	f917af36d8f8487f8ff079634ad5eca8f8fbb284fb45e8c94b6eded889d21b82	13419	blobs/sha256/f9/f917af36d8f8487f8ff079634ad5eca8f8fbb284fb45e8c94b6eded889d21b82.html
examples/reporting/spectral-fatigue-dnv-rp-c203.html	20d35ed783600352a236907b5bf729a6e8227bb6b043d036c75ffe40ec735922	17933	blobs/sha256/20/20d35ed783600352a236907b5bf729a6e8227bb6b043d036c75ffe40ec735922.html
examples/reporting/type-curve-matching-fetkovich.html	bb7c97f65be7120e5c4b6b7dd2b19ee5bc2eaab788c6cb2694e39bd5dd380bea	14635	blobs/sha256/bb/bb7c97f65be7120e5c4b6b7dd2b19ee5bc2eaab788c6cb2694e39bd5dd380bea.html
examples/structural/offshore_container_utilization/util_envelope_LW.png	3fc931e9d489633985ecb9f220dfcf691ffc26fa9a35b9e2078372decc51a69f	45173	blobs/sha256/3f/3fc931e9d489633985ecb9f220dfcf691ffc26fa9a35b9e2078372decc51a69f.png
examples/structural/offshore_container_utilization/util_vs_aspect_ratio.png	162280a5bc0e536e54254d5926955a9c2e095a20cdc2f394786b2f8930fc5623	66917	blobs/sha256/16/162280a5bc0e536e54254d5926955a9c2e095a20cdc2f394786b2f8930fc5623.png
examples/structural/offshore_container_utilization/util_vs_rating.png	3dd42f21f6625ce5991c37f5176533ab094ab64d868e6335304c66d6e77ce213	76366	blobs/sha256/3d/3dd42f21f6625ce5991c37f5176533ab094ab64d868e6335304c66d6e77ce213.png
examples/structural/offshore_container_utilization/util_vs_sling_angle.png	08f63aa7b4bf8e80c892af5ee950a50fda39611562c1a7c7256706ca2ac99374	57293	blobs/sha256/08/08f63aa7b4bf8e80c892af5ee950a50fda39611562c1a7c7256706ca2ac99374.png
references/vessel-suitability/ctv-operability-kincardine-print-redline.html	91e182ba126ae3a3261800fdc4d5895e2fc9f89a042419aa29daadfd1e896c24	17242	blobs/sha256/91/91e182ba126ae3a3261800fdc4d5895e2fc9f89a042419aa29daadfd1e896c24.html
references/vessel-suitability/ctv-operability-kincardine-print-redline.pdf	06035cdcd2d1cfa4af2d16e31a593f4651f3a51f8aaeab856a6ccdd6f6c51c13	63105	blobs/sha256/06/06035cdcd2d1cfa4af2d16e31a593f4651f3a51f8aaeab856a6ccdd6f6c51c13.pdf
references/vessel-suitability/ctv-operability-kincardine-print-redline.png	51c75cf5677bfa9b9a5012d5bc39c5def965ad50c6c71746c6b7c508d0613ec9	139534	blobs/sha256/51/51c75cf5677bfa9b9a5012d5bc39c5def965ad50c6c71746c6b7c508d0613ec9.png
references/vessel-suitability/ctv-operability-kincardine-print-redline.svg	5bb7759f08f57f08a5d9b8c65bc120827a84750b20e5d86ae9b59cf86a49fa56	16842	blobs/sha256/5b/5bb7759f08f57f08a5d9b8c65bc120827a84750b20e5d86ae9b59cf86a49fa56.svg
scripts/integrations/output/sectionproperties_composite_meshes.png	c3e08e6693103cf19250f69b9e5bff957596035d6950a13a52280219a8b2a9ff	798980	blobs/sha256/c3/c3e08e6693103cf19250f69b9e5bff957596035d6950a13a52280219a8b2a9ff.png
scripts/integrations/output/sectionproperties_poc_meshes.png	3292220a1459e614661fbeb9670b03c4291fad6d07eca9777a689403b4cd6ad9	366408	blobs/sha256/32/3292220a1459e614661fbeb9670b03c4291fad6d07eca9777a689403b4cd6ad9.png
