# digitalmodel weldolet_crack CINT table
# units: length=mm force=N stress=MPa K=MPa*sqrt(mm) J=N/mm
# mesh_level     1.
# front_nodes     128.
# contours   6.
# columns: node contour x y z K1 K2 K3 J
      1.   1.   0.1470500000E+02   0.0000000000E+00   0.8415000000E+02   0.3666146665E+02   0.1155024843E+02  -0.1581521386E-08   0.1028676564E-01
      1.   2.   0.1470500000E+02   0.0000000000E+00   0.8415000000E+02   0.4230199151E+02   0.1329414649E+02   0.1307009355E-08   0.1026653743E-01
      1.   3.   0.1470500000E+02   0.0000000000E+00   0.8415000000E+02   0.4238249816E+02   0.1361038791E+02   0.7820439535E-09   0.1027266859E-01
      1.   4.   0.1470500000E+02   0.0000000000E+00   0.8415000000E+02   0.4238447607E+02   0.1363478334E+02   0.9995313554E-09   0.1027356077E-01
      1.   5.   0.1470500000E+02   0.0000000000E+00   0.8415000000E+02   0.4238536120E+02   0.1365983713E+02   0.1081696982E-08   0.1027378689E-01
      1.   6.   0.1470500000E+02   0.0000000000E+00   0.8415000000E+02   0.4238550375E+02   0.1366183056E+02   0.6378717261E-09   0.1027386227E-01
      2.   1.   0.1468728718E+02   0.7215401500E+00   0.8414690654E+02   0.3657699198E+02   0.1155383217E+02   0.5064711735E-01   0.1024492303E-01
      2.   2.   0.1468728718E+02   0.7215401500E+00   0.8414690654E+02   0.4220370481E+02   0.1329891785E+02   0.6019426122E-01   0.1022477934E-01
      2.   3.   0.1468728718E+02   0.7215401500E+00   0.8414690654E+02   0.4228394869E+02   0.1361516764E+02   0.5861070494E-01   0.1023088428E-01
      2.   4.   0.1468728718E+02   0.7215401500E+00   0.8414690654E+02   0.4228592433E+02   0.1363956338E+02   0.5870714040E-01   0.1023177237E-01
      2.   5.   0.1468728718E+02   0.7215401500E+00   0.8414690654E+02   0.4228681060E+02   0.1366461754E+02   0.5854906552E-01   0.1023199717E-01
      2.   6.   0.1468728718E+02   0.7215401500E+00   0.8414690654E+02   0.4228695276E+02   0.1366659170E+02   0.5871315724E-01   0.1023207177E-01
      3.   1.   0.1463419141E+02   0.1441342050E+01   0.8413765526E+02   0.3632425665E+02   0.1156460582E+02   0.1002881538E+00   0.1012032735E-01
      3.   2.   0.1463419141E+02   0.1441342050E+01   0.8413765526E+02   0.4190964125E+02   0.1331328482E+02   0.1192012836E+00   0.1010043642E-01
      3.   3.   0.1463419141E+02   0.1441342050E+01   0.8413765526E+02   0.4198910491E+02   0.1362956618E+02   0.1160444764E+00   0.1010646321E-01
      3.   4.   0.1463419141E+02   0.1441342050E+01   0.8413765526E+02   0.4199107385E+02   0.1365396324E+02   0.1162300203E+00   0.1010733915E-01
      3.   5.   0.1463419141E+02   0.1441342050E+01   0.8413765526E+02   0.4199196355E+02   0.1367901885E+02   0.1159092821E+00   0.1010756002E-01
      3.   6.   0.1463419141E+02   0.1441342050E+01   0.8413765526E+02   0.4199210451E+02   0.1368093535E+02   0.1162301053E+00   0.1010763230E-01
      4.   1.   0.1454584058E+02   0.2157671630E+01   0.8412233326E+02   0.3590536295E+02   0.1158264981E+02   0.1479484317E+00   0.9915756880E-02
      4.   2.   0.1454584058E+02   0.2157671630E+01   0.8412233326E+02   0.4142219492E+02   0.1333740557E+02   0.1758700456E+00   0.9896280353E-02
      4.   3.   0.1454584058E+02   0.2157671630E+01   0.8412233326E+02   0.4150038485E+02   0.1365375842E+02   0.1711605099E+00   0.9902178853E-02
      4.   4.   0.1454584058E+02   0.2157671630E+01   0.8412233326E+02   0.4150234264E+02   0.1367815886E+02   0.1714208734E+00   0.9903034884E-02
      4.   5.   0.1454584058E+02   0.2157671630E+01   0.8412233326E+02   0.4150323806E+02   0.1370321799E+02   0.1709286029E+00   0.9903249282E-02
      4.   6.   0.1454584058E+02   0.2157671630E+01   0.8412233326E+02   0.4150337703E+02   0.1370503997E+02   0.1713917068E+00   0.9903317693E-02
      5.   1.   0.1442244755E+02   0.2868803190E+01   0.8410108482E+02   0.3532379639E+02   0.1160811333E+02   0.1927198064E+00   0.9635758540E-02
      5.   2.   0.1442244755E+02   0.2868803190E+01   0.8410108482E+02   0.4074534784E+02   0.1337154618E+02   0.2291282807E+00   0.9616848898E-02
      5.   3.   0.1442244755E+02   0.2868803190E+01   0.8410108482E+02   0.4082180713E+02   0.1368803482E+02   0.2228974116E+00   0.9622571978E-02
      5.   4.   0.1442244755E+02   0.2868803190E+01   0.8410108482E+02   0.4082374954E+02   0.1371244209E+02   0.2232119047E+00   0.9623400729E-02
      5.   5.   0.1442244755E+02   0.2868803190E+01   0.8410108482E+02   0.4082465293E+02   0.1373750834E+02   0.2225353248E+00   0.9623606243E-02
      5.   6.   0.1442244755E+02   0.2868803190E+01   0.8410108482E+02   0.4082478914E+02   0.1373920140E+02   0.2231196952E+00   0.9623669315E-02
      6.   1.   0.1426430958E+02   0.3573023550E+01   0.8407411018E+02   0.3458442668E+02   0.1164118208E+02   0.2337852738E+00   0.9286531271E-02
      6.   2.   0.1426430958E+02   0.3573023550E+01   0.8407411018E+02   0.3988466491E+02   0.1341607937E+02   0.2780118281E+00   0.9268327395E-02
      6.   3.   0.1426430958E+02   0.3573023550E+01   0.8407411018E+02   0.3995898395E+02   0.1373279643E+02   0.2703019300E+00   0.9273831898E-02
      6.   4.   0.1426430958E+02   0.3573023550E+01   0.8407411018E+02   0.3996090689E+02   0.1375721599E+02   0.2706443299E+00   0.9274626689E-02
      6.   5.   0.1426430958E+02   0.3573023550E+01   0.8407411018E+02   0.3996182054E+02   0.1378229531E+02   0.2697676411E+00   0.9274821054E-02
      6.   6.   0.1426430958E+02   0.3573023550E+01   0.8407411018E+02   0.3996195316E+02   0.1378382841E+02   0.2704465417E+00   0.9274877369E-02
      7.   1.   0.1407180764E+02   0.4268636180E+01   0.8404166375E+02   0.3404938679E+02   0.1168211719E+02   0.2704473525E+00   0.8875757625E-02
      7.   2.   0.1407180764E+02   0.4268636180E+01   0.8404166375E+02   0.3941218315E+02   0.1347149012E+02   0.3216963489E+00   0.8858382744E-02
      7.   3.   0.1407180764E+02   0.4268636180E+01   0.8404166375E+02   0.3948400358E+02   0.1378856025E+02   0.3125618522E+00   0.8863630581E-02
      7.   4.   0.1407180764E+02   0.4268636180E+01   0.8404166375E+02   0.3948615893E+02   0.1382439766E+02   0.3063180339E+00   0.8864385403E-02
      7.   5.   0.1407180764E+02   0.4268636180E+01   0.8404166375E+02   0.3948676647E+02   0.1383796812E+02   0.3048032614E+00   0.8864566608E-02
      7.   6.   0.1407180764E+02   0.4268636180E+01   0.8404166375E+02   0.3948689474E+02   0.1383931403E+02   0.3055450219E+00   0.8864614815E-02
      8.   1.   0.1384540548E+02   0.4953965290E+01   0.8400405185E+02   0.3301448273E+02   0.1173119849E+02   0.3021350858E+00   0.8412400375E-02
      8.   2.   0.1384540548E+02   0.4953965290E+01   0.8400405185E+02   0.3821276892E+02   0.1368267786E+02   0.3514403186E+00   0.8395958437E-02
      8.   3.   0.1384540548E+02   0.4953965290E+01   0.8400405185E+02   0.3827580361E+02   0.1385562453E+02   0.3407169553E+00   0.8400917223E-02
      8.   4.   0.1384540548E+02   0.4953965290E+01   0.8400405185E+02   0.3827795470E+02   0.1389155751E+02   0.3343255738E+00   0.8401626978E-02
      8.   5.   0.1384540548E+02   0.4953965290E+01   0.8400405185E+02   0.3827855285E+02   0.1390505433E+02   0.3327306032E+00   0.8401793242E-02
      8.   6.   0.1384540548E+02   0.4953965290E+01   0.8400405185E+02   0.3827867598E+02   0.1390619028E+02   0.3334997270E+00   0.8401832080E-02
      9.   1.   0.1358564853E+02   0.5627359870E+01   0.8396163005E+02   0.3184908439E+02   0.1177010872E+02   0.3252081625E+00   0.7906455735E-02
      9.   2.   0.1358564853E+02   0.5627359870E+01   0.8396163005E+02   0.3684995619E+02   0.1376285146E+02   0.3716711610E+00   0.7891030707E-02
      9.   3.   0.1358564853E+02   0.5627359870E+01   0.8396163005E+02   0.3690985843E+02   0.1393529980E+02   0.3606167697E+00   0.7895674501E-02
      9.   4.   0.1358564853E+02   0.5627359870E+01   0.8396163005E+02   0.3691200348E+02   0.1397136304E+02   0.3540589893E+00   0.7896335074E-02
      9.   5.   0.1358564853E+02   0.5627359870E+01   0.8396163005E+02   0.3691259315E+02   0.1398478520E+02   0.3523539296E+00   0.7896484883E-02
      9.   6.   0.1358564853E+02   0.5627359870E+01   0.8396163005E+02   0.3691271035E+02   0.1398569389E+02   0.3531127915E+00   0.7896513209E-02
     10.   1.   0.1329316256E+02   0.6287197650E+01   0.8391479992E+02   0.3055788923E+02   0.1181910300E+02   0.3516246321E+00   0.7368679184E-02
     10.   2.   0.1329316256E+02   0.6287197650E+01   0.8391479992E+02   0.3534555206E+02   0.1400391290E+02   0.3962941375E+00   0.7354332887E-02
     10.   3.   0.1329316256E+02   0.6287197650E+01   0.8391479992E+02   0.3539715534E+02   0.1404043775E+02   0.4017594825E+00   0.7358642543E-02
     10.   4.   0.1329316256E+02   0.6287197650E+01   0.8391479992E+02   0.3539897258E+02   0.1406477906E+02   0.3914680603E+00   0.7359250850E-02
     10.   5.   0.1329316256E+02   0.6287197650E+01   0.8391479992E+02   0.3539955470E+02   0.1407813010E+02   0.3896232717E+00   0.7359383000E-02
     10.   6.   0.1329316256E+02   0.6287197650E+01   0.8391479992E+02   0.3539966521E+02   0.1407879971E+02   0.3903333216E+00   0.7359399818E-02
     11.   1.   0.1296865219E+02   0.6931889020E+01   0.8386400548E+02   0.2914726561E+02   0.1189927299E+02   0.3666383543E+00   0.6810284831E-02
     11.   2.   0.1296865219E+02   0.6931889020E+01   0.8386400548E+02   0.3370317668E+02   0.1411204670E+02   0.4124975557E+00   0.6797055470E-02
     11.   3.   0.1296865219E+02   0.6931889020E+01   0.8386400548E+02   0.3375131170E+02   0.1414680001E+02   0.4184897329E+00   0.6801018917E-02
     11.   4.   0.1296865219E+02   0.6931889020E+01   0.8386400548E+02   0.3375330269E+02   0.1418398922E+02   0.4116770843E+00   0.6801572957E-02
     11.   5.   0.1296865219E+02   0.6931889020E+01   0.8386400548E+02   0.3375365824E+02   0.1418508236E+02   0.4128870795E+00   0.6801686581E-02
     11.   6.   0.1296865219E+02   0.6931889020E+01   0.8386400548E+02   0.3375376128E+02   0.1418550684E+02   0.4135104546E+00   0.6801691034E-02
     12.   1.   0.1261289921E+02   0.7559880850E+01   0.8380972916E+02   0.2778082599E+02   0.1198863088E+02   0.3807610534E+00   0.6242626691E-02
     12.   2.   0.1261289921E+02   0.7559880850E+01   0.8380972916E+02   0.3194205235E+02   0.1423484244E+02   0.4222249792E+00   0.6230529811E-02
     12.   3.   0.1261289921E+02   0.7559880850E+01   0.8380972916E+02   0.3198661060E+02   0.1426768779E+02   0.4287204239E+00   0.6234142187E-02
     12.   4.   0.1261289921E+02   0.7559880850E+01   0.8380972916E+02   0.3198858121E+02   0.1430514272E+02   0.4216313789E+00   0.6234641034E-02
     12.   5.   0.1261289921E+02   0.7559880850E+01   0.8380972916E+02   0.3198891469E+02   0.1430600454E+02   0.4227693477E+00   0.6234735588E-02
     12.   6.   0.1261289921E+02   0.7559880850E+01   0.8380972916E+02   0.3198900951E+02   0.1430618317E+02   0.4232698221E+00   0.6234726953E-02
     13.   1.   0.1222676065E+02   0.8169660280E+01   0.8375248743E+02   0.2617749509E+02   0.1228475774E+02   0.3791834836E+00   0.5676876915E-02
     13.   2.   0.1222676065E+02   0.8169660280E+01   0.8375248743E+02   0.3007782885E+02   0.1437231652E+02   0.4192015836E+00   0.5665905020E-02
     13.   3.   0.1222676065E+02   0.8169660280E+01   0.8375248743E+02   0.3011891716E+02   0.1441560430E+02   0.4242685186E+00   0.5669168377E-02
     13.   4.   0.1222676065E+02   0.8169660280E+01   0.8375248743E+02   0.3012071144E+02   0.1444130323E+02   0.4235348721E+00   0.5669612209E-02
     13.   5.   0.1222676065E+02   0.8169660280E+01   0.8375248743E+02   0.3012102123E+02   0.1444193705E+02   0.4245645177E+00   0.5669687451E-02
     13.   6.   0.1222676065E+02   0.8169660280E+01   0.8375248743E+02   0.3012110712E+02   0.1444187502E+02   0.4249097958E+00   0.5669665184E-02
     14.   1.   0.1181116675E+02   0.8759758270E+01   0.8369282607E+02   0.2449954436E+02   0.1259619289E+02   0.3651226178E+00   0.5123702414E-02
     14.   2.   0.1181116675E+02   0.8759758270E+01   0.8369282607E+02   0.2812731806E+02   0.1452602554E+02   0.4221135205E+00   0.5113826753E-02
     14.   3.   0.1181116675E+02   0.8759758270E+01   0.8369282607E+02   0.2816481296E+02   0.1456717842E+02   0.4275483915E+00   0.5116749883E-02
     14.   4.   0.1181116675E+02   0.8759758270E+01   0.8369282607E+02   0.2816656634E+02   0.1459302802E+02   0.4265774082E+00   0.5117139871E-02
     14.   5.   0.1181116675E+02   0.8759758270E+01   0.8369282607E+02   0.2816685099E+02   0.1459344196E+02   0.4274665060E+00   0.5117195850E-02
     14.   6.   0.1181116675E+02   0.8759758270E+01   0.8369282607E+02   0.2816692725E+02   0.1459314974E+02   0.4276292428E+00   0.5117159580E-02
     15.   1.   0.1136711872E+02   0.9328753240E+01   0.8363131509E+02   0.2275627476E+02   0.1273365379E+02   0.3575864015E+00   0.4592957861E-02
     15.   2.   0.1136711872E+02   0.9328753240E+01   0.8363131509E+02   0.2610821602E+02   0.1469522633E+02   0.4132592126E+00   0.4584130264E-02
     15.   3.   0.1136711872E+02   0.9328753240E+01   0.8363131509E+02   0.2614220845E+02   0.1473387226E+02   0.4190697075E+00   0.4586727952E-02
     15.   4.   0.1136711872E+02   0.9328753240E+01   0.8363131509E+02   0.2614392026E+02   0.1475990560E+02   0.4178502641E+00   0.4587066199E-02
     15.   5.   0.1136711872E+02   0.9328753240E+01   0.8363131509E+02   0.2614417848E+02   0.1476011274E+02   0.4185727904E+00   0.4587103328E-02
     15.   6.   0.1136711872E+02   0.9328753240E+01   0.8363131509E+02   0.2614424445E+02   0.1475960521E+02   0.4185313483E+00   0.4587052815E-02
     16.   1.   0.1089568630E+02   0.9875274430E+01   0.8356854345E+02   0.2097063352E+02   0.1288219261E+02   0.3456388731E+00   0.4093404219E-02
     16.   2.   0.1089568630E+02   0.9875274430E+01   0.8356854345E+02   0.2403914707E+02   0.1488033106E+02   0.3992210800E+00   0.4085558327E-02
     16.   3.   0.1089568630E+02   0.9875274430E+01   0.8356854345E+02   0.2407023390E+02   0.1492828294E+02   0.4012494257E+00   0.4087850853E-02
     16.   4.   0.1089568630E+02   0.9875274430E+01   0.8356854345E+02   0.2407146559E+02   0.1494195514E+02   0.4000129159E+00   0.4088140338E-02
     16.   5.   0.1089568630E+02   0.9875274430E+01   0.8356854345E+02   0.2407169629E+02   0.1494197204E+02   0.4005486061E+00   0.4088159245E-02
     16.   6.   0.1089568630E+02   0.9875274430E+01   0.8356854345E+02   0.2407175135E+02   0.1494126837E+02   0.4002885712E+00   0.4088094410E-02
     17.   1.   0.1039800522E+02   0.1039800522E+02   0.8350511354E+02   0.1919443421E+02   0.1305986002E+02   0.3302734796E+00   0.3632460921E-02
     17.   2.   0.1039800522E+02   0.1039800522E+02   0.8350511354E+02   0.2193936558E+02   0.1508121990E+02   0.3807395812E+00   0.3625515724E-02
     17.   3.   0.1039800522E+02   0.1039800522E+02   0.8350511354E+02   0.2196751852E+02   0.1512543896E+02   0.3832454436E+00   0.3627527993E-02
     17.   4.   0.1039800522E+02   0.1039800522E+02   0.8350511354E+02   0.2196867763E+02   0.1513914306E+02   0.3817650957E+00   0.3627772344E-02
     17.   5.   0.1039800522E+02   0.1039800522E+02   0.8350511354E+02   0.2196887992E+02   0.1513898960E+02   0.3821010246E+00   0.3627773896E-02
     17.   6.   0.1039800522E+02   0.1039800522E+02   0.8350511354E+02   0.2196892355E+02   0.1513811275E+02   0.3816166490E+00   0.3627694839E-02
     18.   1.   0.9875274430E+01   0.1089568630E+02   0.8344163541E+02   0.1739538659E+02   0.1324051639E+02   0.3115804781E+00   0.3216004754E-02
     18.   2.   0.9875274430E+01   0.1089568630E+02   0.8344163541E+02   0.1982902087E+02   0.1530976919E+02   0.3574191760E+00   0.3209867486E-02
     18.   3.   0.9875274430E+01   0.1089568630E+02   0.8344163541E+02   0.1985447320E+02   0.1533616686E+02   0.3586945949E+00   0.3211628050E-02
     18.   4.   0.9875274430E+01   0.1089568630E+02   0.8344163541E+02   0.1985556024E+02   0.1534993247E+02   0.3569709662E+00   0.3211831518E-02
     18.   5.   0.9875274430E+01   0.1089568630E+02   0.8344163541E+02   0.1985573349E+02   0.1534963098E+02   0.3571017660E+00   0.3211816762E-02
     18.   6.   0.9875274430E+01   0.1089568630E+02   0.8344163541E+02   0.1985576523E+02   0.1534860610E+02   0.3563951041E+00   0.3211723680E-02
     19.   1.   0.9328753240E+01   0.1136711872E+02   0.8337872098E+02   0.1558604399E+02   0.1342041312E+02   0.2889563745E+00   0.2848223040E-02
     19.   2.   0.9328753240E+01   0.1136711872E+02   0.8337872098E+02   0.1772754783E+02   0.1554059306E+02   0.3303106426E+00   0.2842792265E-02
     19.   3.   0.9328753240E+01   0.1136711872E+02   0.8337872098E+02   0.1775196453E+02   0.1557282619E+02   0.3334972396E+00   0.2844332331E-02
     19.   4.   0.9328753240E+01   0.1136711872E+02   0.8337872098E+02   0.1775265690E+02   0.1557338795E+02   0.3342166208E+00   0.2844499540E-02
     19.   5.   0.9328753240E+01   0.1136711872E+02   0.8337872098E+02   0.1775280075E+02   0.1557296233E+02   0.3341447219E+00   0.2844469664E-02
     19.   6.   0.9328753240E+01   0.1136711872E+02   0.8337872098E+02   0.1775282022E+02   0.1557181617E+02   0.3332265366E+00   0.2844362866E-02
     20.   1.   0.8759758270E+01   0.1181116675E+02   0.8331697810E+02   0.1380346045E+02   0.1360720277E+02   0.2666176864E+00   0.2531529184E-02
     20.   2.   0.8759758270E+01   0.1181116675E+02   0.8331697810E+02   0.1565501490E+02   0.1579921431E+02   0.3015852737E+00   0.2526698601E-02
     20.   3.   0.8759758270E+01   0.1181116675E+02   0.8331697810E+02   0.1567971052E+02   0.1580632483E+02   0.3102165386E+00   0.2528050795E-02
     20.   4.   0.8759758270E+01   0.1181116675E+02   0.8331697810E+02   0.1568029988E+02   0.1580677696E+02   0.3107102100E+00   0.2528186642E-02
     20.   5.   0.8759758270E+01   0.1181116675E+02   0.8331697810E+02   0.1568041422E+02   0.1580625200E+02   0.3104459464E+00   0.2528142935E-02
     20.   6.   0.8759758270E+01   0.1181116675E+02   0.8331697810E+02   0.1568042120E+02   0.1580501205E+02   0.3093356796E+00   0.2528022841E-02
     21.   1.   0.8169660280E+01   0.1222676065E+02   0.8325700465E+02   0.1206540142E+02   0.1380194849E+02   0.2420406496E+00   0.2266544366E-02
     21.   2.   0.8169660280E+01   0.1222676065E+02   0.8325700465E+02   0.1363115743E+02   0.1606305242E+02   0.2707326838E+00   0.2262206708E-02
     21.   3.   0.8169660280E+01   0.1222676065E+02   0.8325700465E+02   0.1365882602E+02   0.1604691492E+02   0.2812108947E+00   0.2263404045E-02
     21.   4.   0.8169660280E+01   0.1222676065E+02   0.8325700465E+02   0.1365931407E+02   0.1604728433E+02   0.2814906270E+00   0.2263513466E-02
     21.   5.   0.8169660280E+01   0.1222676065E+02   0.8325700465E+02   0.1365939914E+02   0.1604668490E+02   0.2810520899E+00   0.2263457289E-02
     21.   6.   0.8169660280E+01   0.1222676065E+02   0.8325700465E+02   0.1365939352E+02   0.1604537839E+02   0.2797773894E+00   0.2263324415E-02
     22.   1.   0.7559880850E+01   0.1261289921E+02   0.8319938265E+02   0.1028662053E+02   0.1412098684E+02   0.2212360507E+00   0.2052152073E-02
     22.   2.   0.7559880850E+01   0.1261289921E+02   0.8319938265E+02   0.1169556391E+02   0.1635369714E+02   0.2371812706E+00   0.2048202234E-02
     22.   3.   0.7559880850E+01   0.1261289921E+02   0.8319938265E+02   0.1170948825E+02   0.1629136634E+02   0.2512738602E+00   0.2049277059E-02
     22.   4.   0.7559880850E+01   0.1261289921E+02   0.8319938265E+02   0.1170987774E+02   0.1629167901E+02   0.2513589599E+00   0.2049364905E-02
     22.   5.   0.7559880850E+01   0.1261289921E+02   0.8319938265E+02   0.1170993408E+02   0.1629102879E+02   0.2507707000E+00   0.2049297613E-02
     22.   6.   0.7559880850E+01   0.1261289921E+02   0.8319938265E+02   0.1170991592E+02   0.1628968144E+02   0.2493661547E+00   0.2049152526E-02
     23.   1.   0.6931889020E+01   0.1296865219E+02   0.8314467247E+02   0.8656058581E+01   0.1435370799E+02   0.1941947534E+00   0.1885620441E-02
     23.   2.   0.6931889020E+01   0.1296865219E+02   0.8314467247E+02   0.9843985203E+01   0.1646870055E+02   0.2363168356E+00   0.1881959345E-02
     23.   3.   0.6931889020E+01   0.1296865219E+02   0.8314467247E+02   0.9849661252E+01   0.1653782815E+02   0.2357079257E+00   0.1882942161E-02
     23.   4.   0.6931889020E+01   0.1296865219E+02   0.8314467247E+02   0.9849956017E+01   0.1653810833E+02   0.2356244519E+00   0.1883013066E-02
     23.   5.   0.6931889020E+01   0.1296865219E+02   0.8314467247E+02   0.9849984532E+01   0.1653742907E+02   0.2349164960E+00   0.1882935970E-02
     23.   6.   0.6931889020E+01   0.1296865219E+02   0.8314467247E+02   0.9849954039E+01   0.1653606429E+02   0.2334227418E+00   0.1882779302E-02
     24.   1.   0.6287197650E+01   0.1329316256E+02   0.8309340726E+02   0.7121355028E+01   0.1458319456E+02   0.1729480953E+00   0.1762794577E-02
     24.   2.   0.6287197650E+01   0.1329316256E+02   0.8309340726E+02   0.8066079300E+01   0.1679174353E+02   0.2026253770E+00   0.1759332002E-02
     24.   3.   0.6287197650E+01   0.1329316256E+02   0.8309340726E+02   0.8102187842E+01   0.1677950288E+02   0.1960042476E+00   0.1760250593E-02
     24.   4.   0.6287197650E+01   0.1329316256E+02   0.8309340726E+02   0.8102392821E+01   0.1677977177E+02   0.1957830542E+00   0.1760308765E-02
     24.   5.   0.6287197650E+01   0.1329316256E+02   0.8309340726E+02   0.8102394752E+01   0.1677908302E+02   0.1949906437E+00   0.1760223172E-02
     24.   6.   0.6287197650E+01   0.1329316256E+02   0.8309340726E+02   0.8102352326E+01   0.1677772113E+02   0.1934528076E+00   0.1760055602E-02
     25.   1.   0.5627359870E+01   0.1358564853E+02   0.8304608753E+02   0.5715651358E+01   0.1479023579E+02   0.1482439844E+00   0.1678350642E-02
     25.   2.   0.5627359870E+01   0.1358564853E+02   0.8304608753E+02   0.6469983492E+01   0.1701944608E+02   0.1720067508E+00   0.1675008029E-02
     25.   3.   0.5627359870E+01   0.1358564853E+02   0.8304608753E+02   0.6483669847E+01   0.1701293922E+02   0.1681138573E+00   0.1675886583E-02
     25.   4.   0.5627359870E+01   0.1358564853E+02   0.8304608753E+02   0.6483790995E+01   0.1701321484E+02   0.1677898198E+00   0.1675935777E-02
     25.   5.   0.5627359870E+01   0.1358564853E+02   0.8304608753E+02   0.6483767947E+01   0.1701253267E+02   0.1669507869E+00   0.1675842886E-02
     25.   6.   0.5627359870E+01   0.1358564853E+02   0.8304608753E+02   0.6483714167E+01   0.1701119035E+02   0.1654172266E+00   0.1675665184E-02
     26.   1.   0.4953965290E+01   0.1384540548E+02   0.8300317613E+02   0.4437122836E+01   0.1498460804E+02   0.1248022961E+00   0.1626103740E-02
     26.   2.   0.4953965290E+01   0.1384540548E+02   0.8300317613E+02   0.5003570304E+01   0.1723244115E+02   0.1439631514E+00   0.1622816205E-02
     26.   3.   0.4953965290E+01   0.1384540548E+02   0.8300317613E+02   0.5011368330E+01   0.1723347902E+02   0.1415226897E+00   0.1623674807E-02
     26.   4.   0.4953965290E+01   0.1384540548E+02   0.8300317613E+02   0.5011412671E+01   0.1723377520E+02   0.1411325531E+00   0.1623718172E-02
     26.   5.   0.4953965290E+01   0.1384540548E+02   0.8300317613E+02   0.5011366599E+01   0.1723311205E+02   0.1402863259E+00   0.1623619093E-02
     26.   6.   0.4953965290E+01   0.1384540548E+02   0.8300317613E+02   0.5011302236E+01   0.1723180171E+02   0.1388065237E+00   0.1623432094E-02
     27.   1.   0.4268636180E+01   0.1407180764E+02   0.8296509344E+02   0.3294660089E+01   0.1517251674E+02   0.1019961795E+00   0.1599354701E-02
     27.   2.   0.4268636180E+01   0.1407180764E+02   0.8296509344E+02   0.3695632728E+01   0.1743074335E+02   0.1166515663E+00   0.1596072473E-02
     27.   3.   0.4268636180E+01   0.1407180764E+02   0.8296509344E+02   0.3700989906E+01   0.1743642658E+02   0.1150977977E+00   0.1596926642E-02
     27.   4.   0.4268636180E+01   0.1407180764E+02   0.8296509344E+02   0.3700965443E+01   0.1743675257E+02   0.1146782595E+00   0.1596966659E-02
     27.   5.   0.4268636180E+01   0.1407180764E+02   0.8296509344E+02   0.3700898628E+01   0.1743611697E+02   0.1138641936E+00   0.1596862430E-02
     27.   6.   0.4268636180E+01   0.1407180764E+02   0.8296509344E+02   0.3700824650E+01   0.1743484659E+02   0.1124869599E+00   0.1596667061E-02
     28.   1.   0.3573023550E+01   0.1426430958E+02   0.8293221312E+02   0.2305232604E+01   0.1534033418E+02   0.8269973734E-01   0.1591263687E-02
     28.   2.   0.3573023550E+01   0.1426430958E+02   0.8293221312E+02   0.2562732645E+01   0.1760880215E+02   0.9455366901E-01   0.1587952409E-02
     28.   3.   0.3573023550E+01   0.1426430958E+02   0.8293221312E+02   0.2566725124E+01   0.1761715770E+02   0.9358363462E-01   0.1588812952E-02
     28.   4.   0.3573023550E+01   0.1426430958E+02   0.8293221312E+02   0.2566640754E+01   0.1761751855E+02   0.9317044974E-01   0.1588851502E-02
     28.   5.   0.3573023550E+01   0.1426430958E+02   0.8293221312E+02   0.2566555799E+01   0.1761691493E+02   0.9242605406E-01   0.1588743066E-02
     28.   6.   0.3573023550E+01   0.1426430958E+02   0.8293221312E+02   0.2566473331E+01   0.1761568794E+02   0.9119765724E-01   0.1588540359E-02
     29.   1.   0.2868803190E+01   0.1442244755E+02   0.8290485816E+02   0.1484072981E+01   0.1547543699E+02   0.6388483772E-01   0.1595229239E-02
     29.   2.   0.2868803190E+01   0.1442244755E+02   0.8290485816E+02   0.1617893443E+01   0.1776173393E+02   0.7284773585E-01   0.1591869622E-02
     29.   3.   0.2868803190E+01   0.1442244755E+02   0.8290485816E+02   0.1621019220E+01   0.1777152174E+02   0.7227020430E-01   0.1592742790E-02
     29.   4.   0.2868803190E+01   0.1442244755E+02   0.8290485816E+02   0.1620884648E+01   0.1777191831E+02   0.7189617337E-01   0.1592781165E-02
     29.   5.   0.2868803190E+01   0.1442244755E+02   0.8290485816E+02   0.1620784429E+01   0.1777134714E+02   0.7125540472E-01   0.1592669377E-02
     29.   6.   0.2868803190E+01   0.1442244755E+02   0.8290485816E+02   0.1620694772E+01   0.1777016263E+02   0.7021759946E-01   0.1592460471E-02
     30.   1.   0.2157671630E+01   0.1454584058E+02   0.8288329760E+02   0.8357725714E+00   0.1558387856E+02   0.4650110120E-01   0.1605257021E-02
     30.   2.   0.2157671630E+01   0.1454584058E+02   0.8288329760E+02   0.8717424293E+00   0.1788532642E+02   0.5290913392E-01   0.1601843556E-02
     30.   3.   0.2157671630E+01   0.1454584058E+02   0.8288329760E+02   0.8743070783E+00   0.1789578116E+02   0.5258994008E-01   0.1602731433E-02
     30.   4.   0.2157671630E+01   0.1454584058E+02   0.8288329760E+02   0.8741327028E+00   0.1789621005E+02   0.5228301953E-01   0.1602770300E-02
     30.   5.   0.2157671630E+01   0.1454584058E+02   0.8288329760E+02   0.8740203508E+00   0.1789566831E+02   0.5177514399E-01   0.1602655978E-02
     30.   6.   0.2157671630E+01   0.1454584058E+02   0.8288329760E+02   0.8739249496E+00   0.1789452141E+02   0.5096358285E-01   0.1602442113E-02
     31.   1.   0.1441342050E+01   0.1463419141E+02   0.8286774368E+02   0.3674857533E+00   0.1566319204E+02   0.3029637762E-01   0.1616293374E-02
     31.   2.   0.1441342050E+01   0.1463419141E+02   0.8286774368E+02   0.3326722296E+00   0.1797616886E+02   0.3441355837E-01   0.1612832482E-02
     31.   3.   0.1441342050E+01   0.1463419141E+02   0.8286774368E+02   0.3348915360E+00   0.1798685822E+02   0.3425566248E-01   0.1613733631E-02
     31.   4.   0.1441342050E+01   0.1463419141E+02   0.8286774368E+02   0.3346883301E+00   0.1798731265E+02   0.3403807681E-01   0.1613773189E-02
     31.   5.   0.1441342050E+01   0.1463419141E+02   0.8286774368E+02   0.3345671636E+00   0.1798679415E+02   0.3368611830E-01   0.1613657069E-02
     31.   6.   0.1441342050E+01   0.1463419141E+02   0.8286774368E+02   0.3344675641E+00   0.1798567660E+02   0.3312885956E-01   0.1613439575E-02
     32.   1.   0.7215401500E+00   0.1468728718E+02   0.8285834958E+02   0.8441341824E-01   0.1571153982E+02   0.1493045179E-01   0.1624509674E-02
     32.   2.   0.7215401500E+00   0.1468728718E+02   0.8285834958E+02   0.6768538533E-02   0.1803172301E+02   0.1694135848E-01   0.1621016576E-02
     32.   3.   0.7215401500E+00   0.1468728718E+02   0.8285834958E+02   0.8802564752E-02   0.1804245251E+02   0.1687913371E-01   0.1621926773E-02
     32.   4.   0.7215401500E+00   0.1468728718E+02   0.8285834958E+02   0.8581865186E-02   0.1804292359E+02   0.1676641870E-01   0.1621966944E-02
     32.   5.   0.7215401500E+00   0.1468728718E+02   0.8285834958E+02   0.8455356178E-02   0.1804242000E+02   0.1658634042E-01   0.1621849756E-02
     32.   6.   0.7215401500E+00   0.1468728718E+02   0.8285834958E+02   0.8353207133E-02   0.1804132106E+02   0.1630274580E-01   0.1621630039E-02
     33.   1.   0.0000000000E+00   0.1470500000E+02   0.8285520789E+02  -0.1029585567E-01   0.1572778374E+02   0.3300123568E-07   0.1627518730E-02
     33.   2.   0.0000000000E+00   0.1470500000E+02   0.8285520789E+02  -0.1022792459E+00   0.1805041812E+02   0.3779972078E-07   0.1624014233E-02
     33.   3.   0.0000000000E+00   0.1470500000E+02   0.8285520789E+02  -0.1003027951E+00   0.1806114377E+02   0.3753899006E-07   0.1624927613E-02
     33.   4.   0.0000000000E+00   0.1470500000E+02   0.8285520789E+02  -0.1005293487E+00   0.1806162059E+02   0.3733768765E-07   0.1624968017E-02
     33.   5.   0.0000000000E+00   0.1470500000E+02   0.8285520789E+02  -0.1006576556E+00   0.1806112216E+02   0.3732332645E-07   0.1624850482E-02
     33.   6.   0.0000000000E+00   0.1470500000E+02   0.8285520789E+02  -0.1007606575E+00   0.1806002966E+02   0.3781243403E-07   0.1624630029E-02
     34.   1.  -0.7215401500E+00   0.1468728718E+02   0.8285834958E+02   0.8441342181E-01   0.1571153982E+02  -0.1493038642E-01   0.1624509674E-02
     34.   2.  -0.7215401500E+00   0.1468728718E+02   0.8285834958E+02   0.6768542658E-02   0.1803172301E+02  -0.1694128324E-01   0.1621016576E-02
     34.   3.  -0.7215401500E+00   0.1468728718E+02   0.8285834958E+02   0.8802568962E-02   0.1804245251E+02  -0.1687905843E-01   0.1621926773E-02
     34.   4.  -0.7215401500E+00   0.1468728718E+02   0.8285834958E+02   0.8581869171E-02   0.1804292359E+02  -0.1676634340E-01   0.1621966944E-02
     34.   5.  -0.7215401500E+00   0.1468728718E+02   0.8285834958E+02   0.8455360128E-02   0.1804241999E+02  -0.1658626509E-01   0.1621849756E-02
     34.   6.  -0.7215401500E+00   0.1468728718E+02   0.8285834958E+02   0.8353211035E-02   0.1804132106E+02  -0.1630267044E-01   0.1621630039E-02
     35.   1.  -0.1441342050E+01   0.1463419141E+02   0.8286774368E+02   0.3674857587E+00   0.1566319204E+02  -0.3029631234E-01   0.1616293374E-02
     35.   2.  -0.1441342050E+01   0.1463419141E+02   0.8286774368E+02   0.3326722373E+00   0.1797616886E+02  -0.3441348350E-01   0.1612832481E-02
     35.   3.  -0.1441342050E+01   0.1463419141E+02   0.8286774368E+02   0.3348915439E+00   0.1798685822E+02  -0.3425558759E-01   0.1613733630E-02
     35.   4.  -0.1441342050E+01   0.1463419141E+02   0.8286774368E+02   0.3346883379E+00   0.1798731264E+02  -0.3403800187E-01   0.1613773188E-02
     35.   5.  -0.1441342050E+01   0.1463419141E+02   0.8286774368E+02   0.3345671714E+00   0.1798679415E+02  -0.3368604336E-01   0.1613657068E-02
     35.   6.  -0.1441342050E+01   0.1463419141E+02   0.8286774368E+02   0.3344675717E+00   0.1798567660E+02  -0.3312878457E-01   0.1613439574E-02
     36.   1.  -0.2157671630E+01   0.1454584058E+02   0.8288329760E+02   0.8357725813E+00   0.1558387856E+02  -0.4650103635E-01   0.1605257021E-02
     36.   2.  -0.2157671630E+01   0.1454584058E+02   0.8288329760E+02   0.8717424405E+00   0.1788532642E+02  -0.5290905956E-01   0.1601843556E-02
     36.   3.  -0.2157671630E+01   0.1454584058E+02   0.8288329760E+02   0.8743070897E+00   0.1789578116E+02  -0.5258986563E-01   0.1602731433E-02
     36.   4.  -0.2157671630E+01   0.1454584058E+02   0.8288329760E+02   0.8741327142E+00   0.1789621004E+02  -0.5228294509E-01   0.1602770300E-02
     36.   5.  -0.2157671630E+01   0.1454584058E+02   0.8288329760E+02   0.8740203622E+00   0.1789566831E+02  -0.5177506950E-01   0.1602655978E-02
     36.   6.  -0.2157671630E+01   0.1454584058E+02   0.8288329760E+02   0.8739249610E+00   0.1789452140E+02  -0.5096350840E-01   0.1602442113E-02
     37.   1.  -0.2868803190E+01   0.1442244755E+02   0.8290485816E+02   0.1484072994E+01   0.1547543699E+02  -0.6388477324E-01   0.1595229239E-02
     37.   2.  -0.2868803190E+01   0.1442244755E+02   0.8290485816E+02   0.1617893458E+01   0.1776173393E+02  -0.7284766189E-01   0.1591869621E-02
     37.   3.  -0.2868803190E+01   0.1442244755E+02   0.8290485816E+02   0.1621019236E+01   0.1777152174E+02  -0.7227013027E-01   0.1592742790E-02
     37.   4.  -0.2868803190E+01   0.1442244755E+02   0.8290485816E+02   0.1620884663E+01   0.1777191831E+02  -0.7189609934E-01   0.1592781165E-02
     37.   5.  -0.2868803190E+01   0.1442244755E+02   0.8290485816E+02   0.1620784444E+01   0.1777134714E+02  -0.7125533068E-01   0.1592669377E-02
     37.   6.  -0.2868803190E+01   0.1442244755E+02   0.8290485816E+02   0.1620694787E+01   0.1777016263E+02  -0.7021752540E-01   0.1592460471E-02
     38.   1.  -0.3573023550E+01   0.1426430958E+02   0.8293221312E+02   0.2305232620E+01   0.1534033418E+02  -0.8269967356E-01   0.1591263687E-02
     38.   2.  -0.3573023550E+01   0.1426430958E+02   0.8293221312E+02   0.2562732663E+01   0.1760880215E+02  -0.9455359568E-01   0.1587952409E-02
     38.   3.  -0.3573023550E+01   0.1426430958E+02   0.8293221312E+02   0.2566725143E+01   0.1761715770E+02  -0.9358356125E-01   0.1588812952E-02
     38.   4.  -0.3573023550E+01   0.1426430958E+02   0.8293221312E+02   0.2566640772E+01   0.1761751855E+02  -0.9317037636E-01   0.1588851502E-02
     38.   5.  -0.3573023550E+01   0.1426430958E+02   0.8293221312E+02   0.2566555817E+01   0.1761691493E+02  -0.9242598067E-01   0.1588743066E-02
     38.   6.  -0.3573023550E+01   0.1426430958E+02   0.8293221312E+02   0.2566473350E+01   0.1761568794E+02  -0.9119758385E-01   0.1588540359E-02
     39.   1.  -0.4268636180E+01   0.1407180764E+02   0.8296509344E+02   0.3294660107E+01   0.1517251674E+02  -0.1019961164E+00   0.1599354701E-02
     39.   2.  -0.4268636180E+01   0.1407180764E+02   0.8296509344E+02   0.3695632750E+01   0.1743074334E+02  -0.1166514938E+00   0.1596072473E-02
     39.   3.  -0.4268636180E+01   0.1407180764E+02   0.8296509344E+02   0.3700989928E+01   0.1743642657E+02  -0.1150977253E+00   0.1596926642E-02
     39.   4.  -0.4268636180E+01   0.1407180764E+02   0.8296509344E+02   0.3700965466E+01   0.1743675256E+02  -0.1146781871E+00   0.1596966659E-02
     39.   5.  -0.4268636180E+01   0.1407180764E+02   0.8296509344E+02   0.3700898651E+01   0.1743611697E+02  -0.1138641211E+00   0.1596862430E-02
     39.   6.  -0.4268636180E+01   0.1407180764E+02   0.8296509344E+02   0.3700824672E+01   0.1743484659E+02  -0.1124868874E+00   0.1596667062E-02
     40.   1.  -0.4953965290E+01   0.1384540548E+02   0.8300317613E+02   0.4437122859E+01   0.1498460804E+02  -0.1248022339E+00   0.1626103741E-02
     40.   2.  -0.4953965290E+01   0.1384540548E+02   0.8300317613E+02   0.5003570330E+01   0.1723244115E+02  -0.1439630798E+00   0.1622816206E-02
     40.   3.  -0.4953965290E+01   0.1384540548E+02   0.8300317613E+02   0.5011368357E+01   0.1723347902E+02  -0.1415226181E+00   0.1623674808E-02
     40.   4.  -0.4953965290E+01   0.1384540548E+02   0.8300317613E+02   0.5011412697E+01   0.1723377520E+02  -0.1411324815E+00   0.1623718174E-02
     40.   5.  -0.4953965290E+01   0.1384540548E+02   0.8300317613E+02   0.5011366625E+01   0.1723311204E+02  -0.1402862542E+00   0.1623619095E-02
     40.   6.  -0.4953965290E+01   0.1384540548E+02   0.8300317613E+02   0.5011302262E+01   0.1723180171E+02  -0.1388064520E+00   0.1623432096E-02
     41.   1.  -0.5627359870E+01   0.1358564853E+02   0.8304608753E+02   0.5715651384E+01   0.1479023579E+02  -0.1482439230E+00   0.1678350644E-02
     41.   2.  -0.5627359870E+01   0.1358564853E+02   0.8304608753E+02   0.6469983522E+01   0.1701944608E+02  -0.1720066802E+00   0.1675008030E-02
     41.   3.  -0.5627359870E+01   0.1358564853E+02   0.8304608753E+02   0.6483669876E+01   0.1701293921E+02  -0.1681137866E+00   0.1675886584E-02
     41.   4.  -0.5627359870E+01   0.1358564853E+02   0.8304608753E+02   0.6483791025E+01   0.1701321484E+02  -0.1677897490E+00   0.1675935779E-02
     41.   5.  -0.5627359870E+01   0.1358564853E+02   0.8304608753E+02   0.6483767976E+01   0.1701253267E+02  -0.1669507161E+00   0.1675842887E-02
     41.   6.  -0.5627359870E+01   0.1358564853E+02   0.8304608753E+02   0.6483714197E+01   0.1701119035E+02  -0.1654171558E+00   0.1675665186E-02
     42.   1.  -0.6287197650E+01   0.1329316256E+02   0.8309340726E+02   0.7121355056E+01   0.1458319456E+02  -0.1729480350E+00   0.1762794579E-02
     42.   2.  -0.6287197650E+01   0.1329316256E+02   0.8309340726E+02   0.8066079333E+01   0.1679174353E+02  -0.2026253076E+00   0.1759332004E-02
     42.   3.  -0.6287197650E+01   0.1329316256E+02   0.8309340726E+02   0.8102187875E+01   0.1677950287E+02  -0.1960041782E+00   0.1760250595E-02
     42.   4.  -0.6287197650E+01   0.1329316256E+02   0.8309340726E+02   0.8102392854E+01   0.1677977177E+02  -0.1957829847E+00   0.1760308766E-02
     42.   5.  -0.6287197650E+01   0.1329316256E+02   0.8309340726E+02   0.8102394785E+01   0.1677908302E+02  -0.1949905743E+00   0.1760223174E-02
     42.   6.  -0.6287197650E+01   0.1329316256E+02   0.8309340726E+02   0.8102352359E+01   0.1677772113E+02  -0.1934527381E+00   0.1760055604E-02
     43.   1.  -0.6931889020E+01   0.1296865219E+02   0.8314467247E+02   0.8656058611E+01   0.1435370799E+02  -0.1941946942E+00   0.1885620444E-02
     43.   2.  -0.6931889020E+01   0.1296865219E+02   0.8314467247E+02   0.9843985239E+01   0.1646870054E+02  -0.2363167677E+00   0.1881959348E-02
     43.   3.  -0.6931889020E+01   0.1296865219E+02   0.8314467247E+02   0.9849661288E+01   0.1653782814E+02  -0.2357078577E+00   0.1882942164E-02
     43.   4.  -0.6931889020E+01   0.1296865219E+02   0.8314467247E+02   0.9849956053E+01   0.1653810833E+02  -0.2356243839E+00   0.1883013069E-02
     43.   5.  -0.6931889020E+01   0.1296865219E+02   0.8314467247E+02   0.9849984568E+01   0.1653742906E+02  -0.2349164279E+00   0.1882935972E-02
     43.   6.  -0.6931889020E+01   0.1296865219E+02   0.8314467247E+02   0.9849954075E+01   0.1653606429E+02  -0.2334226738E+00   0.1882779305E-02
     44.   1.  -0.7559880850E+01   0.1261289921E+02   0.8319938265E+02   0.1028662056E+02   0.1412098684E+02  -0.2212359934E+00   0.2052152077E-02
     44.   2.  -0.7559880850E+01   0.1261289921E+02   0.8319938265E+02   0.1169556395E+02   0.1635369713E+02  -0.2371812046E+00   0.2048202237E-02
     44.   3.  -0.7559880850E+01   0.1261289921E+02   0.8319938265E+02   0.1170948829E+02   0.1629136634E+02  -0.2512737938E+00   0.2049277062E-02
     44.   4.  -0.7559880850E+01   0.1261289921E+02   0.8319938265E+02   0.1170987778E+02   0.1629167901E+02  -0.2513588935E+00   0.2049364908E-02
     44.   5.  -0.7559880850E+01   0.1261289921E+02   0.8319938265E+02   0.1170993412E+02   0.1629102879E+02  -0.2507706336E+00   0.2049297617E-02
     44.   6.  -0.7559880850E+01   0.1261289921E+02   0.8319938265E+02   0.1170991596E+02   0.1628968144E+02  -0.2493660883E+00   0.2049152530E-02
     45.   1.  -0.8169660280E+01   0.1222676065E+02   0.8325700465E+02   0.1206540146E+02   0.1380194849E+02  -0.2420405941E+00   0.2266544371E-02
     45.   2.  -0.8169660280E+01   0.1222676065E+02   0.8325700465E+02   0.1363115748E+02   0.1606305242E+02  -0.2707326194E+00   0.2262206713E-02
     45.   3.  -0.8169660280E+01   0.1222676065E+02   0.8325700465E+02   0.1365882607E+02   0.1604691492E+02  -0.2812108303E+00   0.2263404050E-02
     45.   4.  -0.8169660280E+01   0.1222676065E+02   0.8325700465E+02   0.1365931411E+02   0.1604728433E+02  -0.2814905625E+00   0.2263513471E-02
     45.   5.  -0.8169660280E+01   0.1222676065E+02   0.8325700465E+02   0.1365939918E+02   0.1604668490E+02  -0.2810520254E+00   0.2263457294E-02
     45.   6.  -0.8169660280E+01   0.1222676065E+02   0.8325700465E+02   0.1365939357E+02   0.1604537838E+02  -0.2797773249E+00   0.2263324421E-02
     46.   1.  -0.8759758270E+01   0.1181116675E+02   0.8331697810E+02   0.1380346049E+02   0.1360720277E+02  -0.2666176326E+00   0.2531529191E-02
     46.   2.  -0.8759758270E+01   0.1181116675E+02   0.8331697810E+02   0.1565501495E+02   0.1579921431E+02  -0.3015852112E+00   0.2526698608E-02
     46.   3.  -0.8759758270E+01   0.1181116675E+02   0.8331697810E+02   0.1567971056E+02   0.1580632483E+02  -0.3102164760E+00   0.2528050802E-02
     46.   4.  -0.8759758270E+01   0.1181116675E+02   0.8331697810E+02   0.1568029993E+02   0.1580677695E+02  -0.3107101473E+00   0.2528186648E-02
     46.   5.  -0.8759758270E+01   0.1181116675E+02   0.8331697810E+02   0.1568041427E+02   0.1580625200E+02  -0.3104458837E+00   0.2528142941E-02
     46.   6.  -0.8759758270E+01   0.1181116675E+02   0.8331697810E+02   0.1568042125E+02   0.1580501205E+02  -0.3093356169E+00   0.2528022847E-02
     47.   1.  -0.9328753240E+01   0.1136711872E+02   0.8337872098E+02   0.1558604404E+02   0.1342041312E+02  -0.2889563226E+00   0.2848223048E-02
     47.   2.  -0.9328753240E+01   0.1136711872E+02   0.8337872098E+02   0.1772754788E+02   0.1554059306E+02  -0.3303105822E+00   0.2842792273E-02
     47.   3.  -0.9328753240E+01   0.1136711872E+02   0.8337872098E+02   0.1775196458E+02   0.1557282618E+02  -0.3334971791E+00   0.2844332339E-02
     47.   4.  -0.9328753240E+01   0.1136711872E+02   0.8337872098E+02   0.1775265695E+02   0.1557338794E+02  -0.3342165603E+00   0.2844499547E-02
     47.   5.  -0.9328753240E+01   0.1136711872E+02   0.8337872098E+02   0.1775280079E+02   0.1557296233E+02  -0.3341446613E+00   0.2844469672E-02
     47.   6.  -0.9328753240E+01   0.1136711872E+02   0.8337872098E+02   0.1775282027E+02   0.1557181617E+02  -0.3332264759E+00   0.2844362874E-02
     48.   1.  -0.9875274430E+01   0.1089568630E+02   0.8344163541E+02   0.1739538663E+02   0.1324051639E+02  -0.3115804280E+00   0.3216004763E-02
     48.   2.  -0.9875274430E+01   0.1089568630E+02   0.8344163541E+02   0.1982902092E+02   0.1530976919E+02  -0.3574191177E+00   0.3209867495E-02
     48.   3.  -0.9875274430E+01   0.1089568630E+02   0.8344163541E+02   0.1985447325E+02   0.1533616686E+02  -0.3586945365E+00   0.3211628060E-02
     48.   4.  -0.9875274430E+01   0.1089568630E+02   0.8344163541E+02   0.1985556029E+02   0.1534993247E+02  -0.3569709078E+00   0.3211831527E-02
     48.   5.  -0.9875274430E+01   0.1089568630E+02   0.8344163541E+02   0.1985573355E+02   0.1534963098E+02  -0.3571017076E+00   0.3211816772E-02
     48.   6.  -0.9875274430E+01   0.1089568630E+02   0.8344163541E+02   0.1985576528E+02   0.1534860610E+02  -0.3563950457E+00   0.3211723690E-02
     49.   1.  -0.1039800522E+02   0.1039800522E+02   0.8350511354E+02   0.1919443426E+02   0.1305986002E+02  -0.3302734316E+00   0.3632460932E-02
     49.   2.  -0.1039800522E+02   0.1039800522E+02   0.8350511354E+02   0.2193936563E+02   0.1508121989E+02  -0.3807395255E+00   0.3625515735E-02
     49.   3.  -0.1039800522E+02   0.1039800522E+02   0.8350511354E+02   0.2196751858E+02   0.1512543896E+02  -0.3832453876E+00   0.3627528004E-02
     49.   4.  -0.1039800522E+02   0.1039800522E+02   0.8350511354E+02   0.2196867768E+02   0.1513914306E+02  -0.3817650397E+00   0.3627772355E-02
     49.   5.  -0.1039800522E+02   0.1039800522E+02   0.8350511354E+02   0.2196887998E+02   0.1513898960E+02  -0.3821009686E+00   0.3627773907E-02
     49.   6.  -0.1039800522E+02   0.1039800522E+02   0.8350511354E+02   0.2196892360E+02   0.1513811275E+02  -0.3816165930E+00   0.3627694850E-02
     50.   1.  -0.1089568630E+02   0.9875274430E+01   0.8356854345E+02   0.2097063356E+02   0.1288219261E+02  -0.3456388278E+00   0.4093404232E-02
     50.   2.  -0.1089568630E+02   0.9875274430E+01   0.8356854345E+02   0.2403914712E+02   0.1488033105E+02  -0.3992210267E+00   0.4085558340E-02
     50.   3.  -0.1089568630E+02   0.9875274430E+01   0.8356854345E+02   0.2407023396E+02   0.1492828294E+02  -0.4012493721E+00   0.4087850867E-02
     50.   4.  -0.1089568630E+02   0.9875274430E+01   0.8356854345E+02   0.2407146565E+02   0.1494195514E+02  -0.4000128623E+00   0.4088140351E-02
     50.   5.  -0.1089568630E+02   0.9875274430E+01   0.8356854345E+02   0.2407169634E+02   0.1494197204E+02  -0.4005485525E+00   0.4088159259E-02
     50.   6.  -0.1089568630E+02   0.9875274430E+01   0.8356854345E+02   0.2407175141E+02   0.1494126837E+02  -0.4002885176E+00   0.4088094424E-02
     51.   1.  -0.1136711872E+02   0.9328753240E+01   0.8363131509E+02   0.2275627481E+02   0.1273365379E+02  -0.3575863577E+00   0.4592957875E-02
     51.   2.  -0.1136711872E+02   0.9328753240E+01   0.8363131509E+02   0.2610821607E+02   0.1469522633E+02  -0.4132591617E+00   0.4584130279E-02
     51.   3.  -0.1136711872E+02   0.9328753240E+01   0.8363131509E+02   0.2614220851E+02   0.1473387226E+02  -0.4190696565E+00   0.4586727967E-02
     51.   4.  -0.1136711872E+02   0.9328753240E+01   0.8363131509E+02   0.2614392032E+02   0.1475990560E+02  -0.4178502130E+00   0.4587066213E-02
     51.   5.  -0.1136711872E+02   0.9328753240E+01   0.8363131509E+02   0.2614417854E+02   0.1476011274E+02  -0.4185727393E+00   0.4587103343E-02
     51.   6.  -0.1136711872E+02   0.9328753240E+01   0.8363131509E+02   0.2614424450E+02   0.1475960521E+02  -0.4185312972E+00   0.4587052830E-02
     52.   1.  -0.1181116675E+02   0.8759758270E+01   0.8369282607E+02   0.2449954441E+02   0.1259619289E+02  -0.3651225762E+00   0.5123702430E-02
     52.   2.  -0.1181116675E+02   0.8759758270E+01   0.8369282607E+02   0.2812731812E+02   0.1452602554E+02  -0.4221134724E+00   0.5113826769E-02
     52.   3.  -0.1181116675E+02   0.8759758270E+01   0.8369282607E+02   0.2816481302E+02   0.1456717842E+02  -0.4275483433E+00   0.5116749899E-02
     52.   4.  -0.1181116675E+02   0.8759758270E+01   0.8369282607E+02   0.2816656640E+02   0.1459302802E+02  -0.4265773599E+00   0.5117139888E-02
     52.   5.  -0.1181116675E+02   0.8759758270E+01   0.8369282607E+02   0.2816685105E+02   0.1459344196E+02  -0.4274664577E+00   0.5117195867E-02
     52.   6.  -0.1181116675E+02   0.8759758270E+01   0.8369282607E+02   0.2816692731E+02   0.1459314974E+02  -0.4276291945E+00   0.5117159597E-02
     53.   1.  -0.1222676065E+02   0.8169660280E+01   0.8375248743E+02   0.2617749514E+02   0.1228475774E+02  -0.3791834448E+00   0.5676876933E-02
     53.   2.  -0.1222676065E+02   0.8169660280E+01   0.8375248743E+02   0.3007782891E+02   0.1437231652E+02  -0.4192015384E+00   0.5665905038E-02
     53.   3.  -0.1222676065E+02   0.8169660280E+01   0.8375248743E+02   0.3011891722E+02   0.1441560430E+02  -0.4242684733E+00   0.5669168395E-02
     53.   4.  -0.1222676065E+02   0.8169660280E+01   0.8375248743E+02   0.3012071150E+02   0.1444130323E+02  -0.4235348268E+00   0.5669612227E-02
     53.   5.  -0.1222676065E+02   0.8169660280E+01   0.8375248743E+02   0.3012102129E+02   0.1444193704E+02  -0.4245644724E+00   0.5669687469E-02
     53.   6.  -0.1222676065E+02   0.8169660280E+01   0.8375248743E+02   0.3012110718E+02   0.1444187502E+02  -0.4249097506E+00   0.5669665202E-02
     54.   1.  -0.1261289921E+02   0.7559880850E+01   0.8380972916E+02   0.2778082604E+02   0.1198863088E+02  -0.3807610177E+00   0.6242626711E-02
     54.   2.  -0.1261289921E+02   0.7559880850E+01   0.8380972916E+02   0.3194205242E+02   0.1423484244E+02  -0.4222249373E+00   0.6230529831E-02
     54.   3.  -0.1261289921E+02   0.7559880850E+01   0.8380972916E+02   0.3198661066E+02   0.1426768779E+02  -0.4287203819E+00   0.6234142207E-02
     54.   4.  -0.1261289921E+02   0.7559880850E+01   0.8380972916E+02   0.3198858127E+02   0.1430514272E+02  -0.4216313367E+00   0.6234641054E-02
     54.   5.  -0.1261289921E+02   0.7559880850E+01   0.8380972916E+02   0.3198891475E+02   0.1430600454E+02  -0.4227693056E+00   0.6234735608E-02
     54.   6.  -0.1261289921E+02   0.7559880850E+01   0.8380972916E+02   0.3198900958E+02   0.1430618317E+02  -0.4232697800E+00   0.6234726973E-02
     55.   1.  -0.1296865219E+02   0.6931889020E+01   0.8386400548E+02   0.2914726566E+02   0.1189927299E+02  -0.3666383218E+00   0.6810284853E-02
     55.   2.  -0.1296865219E+02   0.6931889020E+01   0.8386400548E+02   0.3370317675E+02   0.1411204670E+02  -0.4124975168E+00   0.6797055491E-02
     55.   3.  -0.1296865219E+02   0.6931889020E+01   0.8386400548E+02   0.3375131176E+02   0.1414680001E+02  -0.4184896940E+00   0.6801018938E-02
     55.   4.  -0.1296865219E+02   0.6931889020E+01   0.8386400548E+02   0.3375330276E+02   0.1418398922E+02  -0.4116770454E+00   0.6801572978E-02
     55.   5.  -0.1296865219E+02   0.6931889020E+01   0.8386400548E+02   0.3375365831E+02   0.1418508236E+02  -0.4128870405E+00   0.6801686602E-02
     55.   6.  -0.1296865219E+02   0.6931889020E+01   0.8386400548E+02   0.3375376135E+02   0.1418550684E+02  -0.4135104157E+00   0.6801691055E-02
     56.   1.  -0.1329316256E+02   0.6287197650E+01   0.8391479992E+02   0.3055788929E+02   0.1181910300E+02  -0.3516246025E+00   0.7368679206E-02
     56.   2.  -0.1329316256E+02   0.6287197650E+01   0.8391479992E+02   0.3534555213E+02   0.1400391290E+02  -0.3962941022E+00   0.7354332909E-02
     56.   3.  -0.1329316256E+02   0.6287197650E+01   0.8391479992E+02   0.3539715541E+02   0.1404043775E+02  -0.4017594470E+00   0.7358642566E-02
     56.   4.  -0.1329316256E+02   0.6287197650E+01   0.8391479992E+02   0.3539897264E+02   0.1406477906E+02  -0.3914680248E+00   0.7359250872E-02
     56.   5.  -0.1329316256E+02   0.6287197650E+01   0.8391479992E+02   0.3539955477E+02   0.1407813010E+02  -0.3896232361E+00   0.7359383023E-02
     56.   6.  -0.1329316256E+02   0.6287197650E+01   0.8391479992E+02   0.3539966527E+02   0.1407879971E+02  -0.3903332860E+00   0.7359399841E-02
     57.   1.  -0.1358564853E+02   0.5627359870E+01   0.8396163005E+02   0.3184908445E+02   0.1177010872E+02  -0.3252081353E+00   0.7906455760E-02
     57.   2.  -0.1358564853E+02   0.5627359870E+01   0.8396163005E+02   0.3684995626E+02   0.1376285146E+02  -0.3716711294E+00   0.7891030732E-02
     57.   3.  -0.1358564853E+02   0.5627359870E+01   0.8396163005E+02   0.3690985849E+02   0.1393529980E+02  -0.3606167379E+00   0.7895674526E-02
     57.   4.  -0.1358564853E+02   0.5627359870E+01   0.8396163005E+02   0.3691200355E+02   0.1397136304E+02  -0.3540589574E+00   0.7896335099E-02
     57.   5.  -0.1358564853E+02   0.5627359870E+01   0.8396163005E+02   0.3691259321E+02   0.1398478520E+02  -0.3523538977E+00   0.7896484907E-02
     57.   6.  -0.1358564853E+02   0.5627359870E+01   0.8396163005E+02   0.3691271042E+02   0.1398569389E+02  -0.3531127596E+00   0.7896513234E-02
     58.   1.  -0.1384540548E+02   0.4953965290E+01   0.8400405185E+02   0.3301448278E+02   0.1173119850E+02  -0.3021350622E+00   0.8412400401E-02
     58.   2.  -0.1384540548E+02   0.4953965290E+01   0.8400405185E+02   0.3821276899E+02   0.1368267786E+02  -0.3514402906E+00   0.8395958463E-02
     58.   3.  -0.1384540548E+02   0.4953965290E+01   0.8400405185E+02   0.3827580367E+02   0.1385562453E+02  -0.3407169271E+00   0.8400917249E-02
     58.   4.  -0.1384540548E+02   0.4953965290E+01   0.8400405185E+02   0.3827795477E+02   0.1389155751E+02  -0.3343255455E+00   0.8401627004E-02
     58.   5.  -0.1384540548E+02   0.4953965290E+01   0.8400405185E+02   0.3827855292E+02   0.1390505434E+02  -0.3327305748E+00   0.8401793268E-02
     58.   6.  -0.1384540548E+02   0.4953965290E+01   0.8400405185E+02   0.3827867605E+02   0.1390619028E+02  -0.3334996987E+00   0.8401832105E-02
     59.   1.  -0.1407180764E+02   0.4268636180E+01   0.8404166375E+02   0.3404938685E+02   0.1168211719E+02  -0.2704473320E+00   0.8875757652E-02
     59.   2.  -0.1407180764E+02   0.4268636180E+01   0.8404166375E+02   0.3941218322E+02   0.1347149012E+02  -0.3216963248E+00   0.8858382771E-02
     59.   3.  -0.1407180764E+02   0.4268636180E+01   0.8404166375E+02   0.3948400365E+02   0.1378856026E+02  -0.3125618278E+00   0.8863630607E-02
     59.   4.  -0.1407180764E+02   0.4268636180E+01   0.8404166375E+02   0.3948615900E+02   0.1382439766E+02  -0.3063180094E+00   0.8864385429E-02
     59.   5.  -0.1407180764E+02   0.4268636180E+01   0.8404166375E+02   0.3948676653E+02   0.1383796812E+02  -0.3048032369E+00   0.8864566634E-02
     59.   6.  -0.1407180764E+02   0.4268636180E+01   0.8404166375E+02   0.3948689481E+02   0.1383931403E+02  -0.3055449973E+00   0.8864614842E-02
     60.   1.  -0.1426430958E+02   0.3573023550E+01   0.8407411018E+02   0.3458442674E+02   0.1164118208E+02  -0.2337852562E+00   0.9286531298E-02
     60.   2.  -0.1426430958E+02   0.3573023550E+01   0.8407411018E+02   0.3988466498E+02   0.1341607938E+02  -0.2780118075E+00   0.9268327423E-02
     60.   3.  -0.1426430958E+02   0.3573023550E+01   0.8407411018E+02   0.3995898401E+02   0.1373279644E+02  -0.2703019091E+00   0.9273831926E-02
     60.   4.  -0.1426430958E+02   0.3573023550E+01   0.8407411018E+02   0.3996090695E+02   0.1375721599E+02  -0.2706443090E+00   0.9274626717E-02
     60.   5.  -0.1426430958E+02   0.3573023550E+01   0.8407411018E+02   0.3996182060E+02   0.1378229531E+02  -0.2697676202E+00   0.9274821082E-02
     60.   6.  -0.1426430958E+02   0.3573023550E+01   0.8407411018E+02   0.3996195323E+02   0.1378382841E+02  -0.2704465208E+00   0.9274877397E-02
     61.   1.  -0.1442244755E+02   0.2868803190E+01   0.8410108482E+02   0.3532379644E+02   0.1160811333E+02  -0.1927197921E+00   0.9635758568E-02
     61.   2.  -0.1442244755E+02   0.2868803190E+01   0.8410108482E+02   0.4074534791E+02   0.1337154619E+02  -0.2291282637E+00   0.9616848927E-02
     61.   3.  -0.1442244755E+02   0.2868803190E+01   0.8410108482E+02   0.4082180720E+02   0.1368803482E+02  -0.2228973944E+00   0.9622572006E-02
     61.   4.  -0.1442244755E+02   0.2868803190E+01   0.8410108482E+02   0.4082374960E+02   0.1371244209E+02  -0.2232118874E+00   0.9623400757E-02
     61.   5.  -0.1442244755E+02   0.2868803190E+01   0.8410108482E+02   0.4082465300E+02   0.1373750835E+02  -0.2225353075E+00   0.9623606271E-02
     61.   6.  -0.1442244755E+02   0.2868803190E+01   0.8410108482E+02   0.4082478920E+02   0.1373920140E+02  -0.2231196779E+00   0.9623669343E-02
     62.   1.  -0.1454584058E+02   0.2157671630E+01   0.8412233326E+02   0.3590536301E+02   0.1158264981E+02  -0.1479484206E+00   0.9915756909E-02
     62.   2.  -0.1454584058E+02   0.2157671630E+01   0.8412233326E+02   0.4142219499E+02   0.1333740558E+02  -0.1758700325E+00   0.9896280382E-02
     62.   3.  -0.1454584058E+02   0.2157671630E+01   0.8412233326E+02   0.4150038492E+02   0.1365375843E+02  -0.1711604966E+00   0.9902178882E-02
     62.   4.  -0.1454584058E+02   0.2157671630E+01   0.8412233326E+02   0.4150234271E+02   0.1367815886E+02  -0.1714208601E+00   0.9903034913E-02
     62.   5.  -0.1454584058E+02   0.2157671630E+01   0.8412233326E+02   0.4150323812E+02   0.1370321799E+02  -0.1709285896E+00   0.9903249311E-02
     62.   6.  -0.1454584058E+02   0.2157671630E+01   0.8412233326E+02   0.4150337710E+02   0.1370503997E+02  -0.1713916935E+00   0.9903317722E-02
     63.   1.  -0.1463419141E+02   0.1441342050E+01   0.8413765526E+02   0.3632425671E+02   0.1156460582E+02  -0.1002881459E+00   0.1012032738E-01
     63.   2.  -0.1463419141E+02   0.1441342050E+01   0.8413765526E+02   0.4190964132E+02   0.1331328482E+02  -0.1192012744E+00   0.1010043645E-01
     63.   3.  -0.1463419141E+02   0.1441342050E+01   0.8413765526E+02   0.4198910497E+02   0.1362956619E+02  -0.1160444670E+00   0.1010646324E-01
     63.   4.  -0.1463419141E+02   0.1441342050E+01   0.8413765526E+02   0.4199107392E+02   0.1365396324E+02  -0.1162300110E+00   0.1010733918E-01
     63.   5.  -0.1463419141E+02   0.1441342050E+01   0.8413765526E+02   0.4199196361E+02   0.1367901885E+02  -0.1159092727E+00   0.1010756005E-01
     63.   6.  -0.1463419141E+02   0.1441342050E+01   0.8413765526E+02   0.4199210458E+02   0.1368093535E+02  -0.1162300960E+00   0.1010763233E-01
     64.   1.  -0.1468728718E+02   0.7215401500E+00   0.8414690654E+02   0.3657699204E+02   0.1155383217E+02  -0.5064711279E-01   0.1024492306E-01
     64.   2.  -0.1468728718E+02   0.7215401500E+00   0.8414690654E+02   0.4220370488E+02   0.1329891785E+02  -0.6019425585E-01   0.1022477937E-01
     64.   3.  -0.1468728718E+02   0.7215401500E+00   0.8414690654E+02   0.4228394876E+02   0.1361516764E+02  -0.5861069954E-01   0.1023088430E-01
     64.   4.  -0.1468728718E+02   0.7215401500E+00   0.8414690654E+02   0.4228592440E+02   0.1363956339E+02  -0.5870713498E-01   0.1023177240E-01
     64.   5.  -0.1468728718E+02   0.7215401500E+00   0.8414690654E+02   0.4228681067E+02   0.1366461754E+02  -0.5854906009E-01   0.1023199720E-01
     64.   6.  -0.1468728718E+02   0.7215401500E+00   0.8414690654E+02   0.4228695282E+02   0.1366659171E+02  -0.5871315182E-01   0.1023207180E-01
     65.   1.  -0.1470500000E+02   0.0000000000E+00   0.8415000000E+02   0.3666146671E+02   0.1155024843E+02   0.3990929115E-08   0.1028676566E-01
     65.   2.  -0.1470500000E+02   0.0000000000E+00   0.8415000000E+02   0.4230199157E+02   0.1329414649E+02   0.1305781063E-08   0.1026653746E-01
     65.   3.  -0.1470500000E+02   0.0000000000E+00   0.8415000000E+02   0.4238249822E+02   0.1361038792E+02   0.6279860258E-09   0.1027266862E-01
     65.   4.  -0.1470500000E+02   0.0000000000E+00   0.8415000000E+02   0.4238447613E+02   0.1363478334E+02   0.6495131522E-09   0.1027356080E-01
     65.   5.  -0.1470500000E+02   0.0000000000E+00   0.8415000000E+02   0.4238536127E+02   0.1365983713E+02   0.9315775446E-09   0.1027378692E-01
     65.   6.  -0.1470500000E+02   0.0000000000E+00   0.8415000000E+02   0.4238550381E+02   0.1366183056E+02   0.8679182670E-09   0.1027386230E-01
     66.   1.  -0.1468728718E+02  -0.7215401500E+00   0.8414690654E+02   0.3657699204E+02   0.1155383217E+02   0.5064711412E-01   0.1024492306E-01
     66.   2.  -0.1468728718E+02  -0.7215401500E+00   0.8414690654E+02   0.4220370488E+02   0.1329891785E+02   0.6019425786E-01   0.1022477937E-01
     66.   3.  -0.1468728718E+02  -0.7215401500E+00   0.8414690654E+02   0.4228394876E+02   0.1361516764E+02   0.5861070153E-01   0.1023088430E-01
     66.   4.  -0.1468728718E+02  -0.7215401500E+00   0.8414690654E+02   0.4228592440E+02   0.1363956339E+02   0.5870713701E-01   0.1023177240E-01
     66.   5.  -0.1468728718E+02  -0.7215401500E+00   0.8414690654E+02   0.4228681067E+02   0.1366461754E+02   0.5854906212E-01   0.1023199720E-01
     66.   6.  -0.1468728718E+02  -0.7215401500E+00   0.8414690654E+02   0.4228695282E+02   0.1366659171E+02   0.5871315385E-01   0.1023207180E-01
     67.   1.  -0.1463419141E+02  -0.1441342050E+01   0.8413765526E+02   0.3632425671E+02   0.1156460582E+02   0.1002881476E+00   0.1012032738E-01
     67.   2.  -0.1463419141E+02  -0.1441342050E+01   0.8413765526E+02   0.4190964132E+02   0.1331328482E+02   0.1192012762E+00   0.1010043645E-01
     67.   3.  -0.1463419141E+02  -0.1441342050E+01   0.8413765526E+02   0.4198910497E+02   0.1362956619E+02   0.1160444689E+00   0.1010646324E-01
     67.   4.  -0.1463419141E+02  -0.1441342050E+01   0.8413765526E+02   0.4199107391E+02   0.1365396324E+02   0.1162300129E+00   0.1010733918E-01
     67.   5.  -0.1463419141E+02  -0.1441342050E+01   0.8413765526E+02   0.4199196361E+02   0.1367901885E+02   0.1159092746E+00   0.1010756005E-01
     67.   6.  -0.1463419141E+02  -0.1441342050E+01   0.8413765526E+02   0.4199210458E+02   0.1368093535E+02   0.1162300979E+00   0.1010763232E-01
     68.   1.  -0.1454584058E+02  -0.2157671630E+01   0.8412233326E+02   0.3590536301E+02   0.1158264981E+02   0.1479484221E+00   0.9915756908E-02
     68.   2.  -0.1454584058E+02  -0.2157671630E+01   0.8412233326E+02   0.4142219499E+02   0.1333740558E+02   0.1758700342E+00   0.9896280381E-02
     68.   3.  -0.1454584058E+02  -0.2157671630E+01   0.8412233326E+02   0.4150038492E+02   0.1365375843E+02   0.1711604983E+00   0.9902178881E-02
     68.   4.  -0.1454584058E+02  -0.2157671630E+01   0.8412233326E+02   0.4150234271E+02   0.1367815886E+02   0.1714208619E+00   0.9903034912E-02
     68.   5.  -0.1454584058E+02  -0.2157671630E+01   0.8412233326E+02   0.4150323812E+02   0.1370321799E+02   0.1709285913E+00   0.9903249311E-02
     68.   6.  -0.1454584058E+02  -0.2157671630E+01   0.8412233326E+02   0.4150337709E+02   0.1370503997E+02   0.1713916953E+00   0.9903317721E-02
     69.   1.  -0.1442244755E+02  -0.2868803190E+01   0.8410108482E+02   0.3532379644E+02   0.1160811333E+02   0.1927197935E+00   0.9635758567E-02
     69.   2.  -0.1442244755E+02  -0.2868803190E+01   0.8410108482E+02   0.4074534791E+02   0.1337154619E+02   0.2291282654E+00   0.9616848926E-02
     69.   3.  -0.1442244755E+02  -0.2868803190E+01   0.8410108482E+02   0.4082180720E+02   0.1368803482E+02   0.2228973961E+00   0.9622572005E-02
     69.   4.  -0.1442244755E+02  -0.2868803190E+01   0.8410108482E+02   0.4082374960E+02   0.1371244209E+02   0.2232118891E+00   0.9623400757E-02
     69.   5.  -0.1442244755E+02  -0.2868803190E+01   0.8410108482E+02   0.4082465300E+02   0.1373750835E+02   0.2225353093E+00   0.9623606270E-02
     69.   6.  -0.1442244755E+02  -0.2868803190E+01   0.8410108482E+02   0.4082478920E+02   0.1373920140E+02   0.2231196796E+00   0.9623669343E-02
     70.   1.  -0.1426430958E+02  -0.3573023550E+01   0.8407411018E+02   0.3458442673E+02   0.1164118208E+02   0.2337852576E+00   0.9286531297E-02
     70.   2.  -0.1426430958E+02  -0.3573023550E+01   0.8407411018E+02   0.3988466498E+02   0.1341607938E+02   0.2780118092E+00   0.9268327422E-02
     70.   3.  -0.1426430958E+02  -0.3573023550E+01   0.8407411018E+02   0.3995898401E+02   0.1373279644E+02   0.2703019108E+00   0.9273831925E-02
     70.   4.  -0.1426430958E+02  -0.3573023550E+01   0.8407411018E+02   0.3996090695E+02   0.1375721599E+02   0.2706443107E+00   0.9274626716E-02
     70.   5.  -0.1426430958E+02  -0.3573023550E+01   0.8407411018E+02   0.3996182060E+02   0.1378229531E+02   0.2697676219E+00   0.9274821082E-02
     70.   6.  -0.1426430958E+02  -0.3573023550E+01   0.8407411018E+02   0.3996195323E+02   0.1378382841E+02   0.2704465224E+00   0.9274877396E-02
     71.   1.  -0.1407180764E+02  -0.4268636180E+01   0.8404166375E+02   0.3404938685E+02   0.1168211719E+02   0.2704473332E+00   0.8875757651E-02
     71.   2.  -0.1407180764E+02  -0.4268636180E+01   0.8404166375E+02   0.3941218321E+02   0.1347149012E+02   0.3216963264E+00   0.8858382770E-02
     71.   3.  -0.1407180764E+02  -0.4268636180E+01   0.8404166375E+02   0.3948400364E+02   0.1378856026E+02   0.3125618294E+00   0.8863630606E-02
     71.   4.  -0.1407180764E+02  -0.4268636180E+01   0.8404166375E+02   0.3948615900E+02   0.1382439766E+02   0.3063180110E+00   0.8864385428E-02
     71.   5.  -0.1407180764E+02  -0.4268636180E+01   0.8404166375E+02   0.3948676653E+02   0.1383796812E+02   0.3048032385E+00   0.8864566633E-02
     71.   6.  -0.1407180764E+02  -0.4268636180E+01   0.8404166375E+02   0.3948689481E+02   0.1383931403E+02   0.3055449989E+00   0.8864614841E-02
     72.   1.  -0.1384540548E+02  -0.4953965290E+01   0.8400405185E+02   0.3301448278E+02   0.1173119850E+02   0.3021350636E+00   0.8412400400E-02
     72.   2.  -0.1384540548E+02  -0.4953965290E+01   0.8400405185E+02   0.3821276899E+02   0.1368267786E+02   0.3514402921E+00   0.8395958461E-02
     72.   3.  -0.1384540548E+02  -0.4953965290E+01   0.8400405185E+02   0.3827580367E+02   0.1385562453E+02   0.3407169287E+00   0.8400917248E-02
     72.   4.  -0.1384540548E+02  -0.4953965290E+01   0.8400405185E+02   0.3827795477E+02   0.1389155751E+02   0.3343255470E+00   0.8401627003E-02
     72.   5.  -0.1384540548E+02  -0.4953965290E+01   0.8400405185E+02   0.3827855292E+02   0.1390505434E+02   0.3327305764E+00   0.8401793266E-02
     72.   6.  -0.1384540548E+02  -0.4953965290E+01   0.8400405185E+02   0.3827867605E+02   0.1390619028E+02   0.3334997003E+00   0.8401832104E-02
     73.   1.  -0.1358564853E+02  -0.5627359870E+01   0.8396163005E+02   0.3184908444E+02   0.1177010872E+02   0.3252081369E+00   0.7906455758E-02
     73.   2.  -0.1358564853E+02  -0.5627359870E+01   0.8396163005E+02   0.3684995625E+02   0.1376285146E+02   0.3716711309E+00   0.7891030730E-02
     73.   3.  -0.1358564853E+02  -0.5627359870E+01   0.8396163005E+02   0.3690985849E+02   0.1393529980E+02   0.3606167394E+00   0.7895674524E-02
     73.   4.  -0.1358564853E+02  -0.5627359870E+01   0.8396163005E+02   0.3691200354E+02   0.1397136304E+02   0.3540589589E+00   0.7896335098E-02
     73.   5.  -0.1358564853E+02  -0.5627359870E+01   0.8396163005E+02   0.3691259321E+02   0.1398478520E+02   0.3523538993E+00   0.7896484906E-02
     73.   6.  -0.1358564853E+02  -0.5627359870E+01   0.8396163005E+02   0.3691271041E+02   0.1398569389E+02   0.3531127611E+00   0.7896513233E-02
     74.   1.  -0.1329316256E+02  -0.6287197650E+01   0.8391479992E+02   0.3055788928E+02   0.1181910300E+02   0.3516246036E+00   0.7368679206E-02
     74.   2.  -0.1329316256E+02  -0.6287197650E+01   0.8391479992E+02   0.3534555212E+02   0.1400391290E+02   0.3962941037E+00   0.7354332908E-02
     74.   3.  -0.1329316256E+02  -0.6287197650E+01   0.8391479992E+02   0.3539715541E+02   0.1404043775E+02   0.4017594486E+00   0.7358642565E-02
     74.   4.  -0.1329316256E+02  -0.6287197650E+01   0.8391479992E+02   0.3539897264E+02   0.1406477906E+02   0.3914680264E+00   0.7359250871E-02
     74.   5.  -0.1329316256E+02  -0.6287197650E+01   0.8391479992E+02   0.3539955477E+02   0.1407813010E+02   0.3896232377E+00   0.7359383022E-02
     74.   6.  -0.1329316256E+02  -0.6287197650E+01   0.8391479992E+02   0.3539966527E+02   0.1407879971E+02   0.3903332876E+00   0.7359399839E-02
     75.   1.  -0.1296865219E+02  -0.6931889020E+01   0.8386400548E+02   0.2914726566E+02   0.1189927299E+02   0.3666383230E+00   0.6810284851E-02
     75.   2.  -0.1296865219E+02  -0.6931889020E+01   0.8386400548E+02   0.3370317674E+02   0.1411204670E+02   0.4124975183E+00   0.6797055490E-02
     75.   3.  -0.1296865219E+02  -0.6931889020E+01   0.8386400548E+02   0.3375131176E+02   0.1414680001E+02   0.4184896955E+00   0.6801018937E-02
     75.   4.  -0.1296865219E+02  -0.6931889020E+01   0.8386400548E+02   0.3375330275E+02   0.1418398922E+02   0.4116770469E+00   0.6801572977E-02
     75.   5.  -0.1296865219E+02  -0.6931889020E+01   0.8386400548E+02   0.3375365830E+02   0.1418508236E+02   0.4128870421E+00   0.6801686601E-02
     75.   6.  -0.1296865219E+02  -0.6931889020E+01   0.8386400548E+02   0.3375376134E+02   0.1418550684E+02   0.4135104173E+00   0.6801691054E-02
     76.   1.  -0.1261289921E+02  -0.7559880850E+01   0.8380972916E+02   0.2778082604E+02   0.1198863088E+02   0.3807610190E+00   0.6242626710E-02
     76.   2.  -0.1261289921E+02  -0.7559880850E+01   0.8380972916E+02   0.3194205241E+02   0.1423484244E+02   0.4222249388E+00   0.6230529830E-02
     76.   3.  -0.1261289921E+02  -0.7559880850E+01   0.8380972916E+02   0.3198661065E+02   0.1426768779E+02   0.4287203833E+00   0.6234142206E-02
     76.   4.  -0.1261289921E+02  -0.7559880850E+01   0.8380972916E+02   0.3198858127E+02   0.1430514272E+02   0.4216313382E+00   0.6234641053E-02
     76.   5.  -0.1261289921E+02  -0.7559880850E+01   0.8380972916E+02   0.3198891474E+02   0.1430600454E+02   0.4227693071E+00   0.6234735607E-02
     76.   6.  -0.1261289921E+02  -0.7559880850E+01   0.8380972916E+02   0.3198900957E+02   0.1430618317E+02   0.4232697814E+00   0.6234726972E-02
     77.   1.  -0.1222676065E+02  -0.8169660280E+01   0.8375248743E+02   0.2617749514E+02   0.1228475774E+02   0.3791834464E+00   0.5676876932E-02
     77.   2.  -0.1222676065E+02  -0.8169660280E+01   0.8375248743E+02   0.3007782890E+02   0.1437231652E+02   0.4192015399E+00   0.5665905037E-02
     77.   3.  -0.1222676065E+02  -0.8169660280E+01   0.8375248743E+02   0.3011891721E+02   0.1441560430E+02   0.4242684746E+00   0.5669168394E-02
     77.   4.  -0.1222676065E+02  -0.8169660280E+01   0.8375248743E+02   0.3012071150E+02   0.1444130323E+02   0.4235348281E+00   0.5669612226E-02
     77.   5.  -0.1222676065E+02  -0.8169660280E+01   0.8375248743E+02   0.3012102129E+02   0.1444193704E+02   0.4245644737E+00   0.5669687468E-02
     77.   6.  -0.1222676065E+02  -0.8169660280E+01   0.8375248743E+02   0.3012110717E+02   0.1444187502E+02   0.4249097519E+00   0.5669665201E-02
     78.   1.  -0.1181116675E+02  -0.8759758270E+01   0.8369282607E+02   0.2449954441E+02   0.1259619289E+02   0.3651225771E+00   0.5123702429E-02
     78.   2.  -0.1181116675E+02  -0.8759758270E+01   0.8369282607E+02   0.2812731811E+02   0.1452602554E+02   0.4221134736E+00   0.5113826768E-02
     78.   3.  -0.1181116675E+02  -0.8759758270E+01   0.8369282607E+02   0.2816481301E+02   0.1456717842E+02   0.4275483446E+00   0.5116749898E-02
     78.   4.  -0.1181116675E+02  -0.8759758270E+01   0.8369282607E+02   0.2816656640E+02   0.1459302802E+02   0.4265773611E+00   0.5117139886E-02
     78.   5.  -0.1181116675E+02  -0.8759758270E+01   0.8369282607E+02   0.2816685105E+02   0.1459344196E+02   0.4274664590E+00   0.5117195866E-02
     78.   6.  -0.1181116675E+02  -0.8759758270E+01   0.8369282607E+02   0.2816692730E+02   0.1459314974E+02   0.4276291957E+00   0.5117159595E-02
     79.   1.  -0.1136711872E+02  -0.9328753240E+01   0.8363131509E+02   0.2275627480E+02   0.1273365379E+02   0.3575863585E+00   0.4592957874E-02
     79.   2.  -0.1136711872E+02  -0.9328753240E+01   0.8363131509E+02   0.2610821607E+02   0.1469522633E+02   0.4132591628E+00   0.4584130278E-02
     79.   3.  -0.1136711872E+02  -0.9328753240E+01   0.8363131509E+02   0.2614220850E+02   0.1473387226E+02   0.4190696575E+00   0.4586727966E-02
     79.   4.  -0.1136711872E+02  -0.9328753240E+01   0.8363131509E+02   0.2614392031E+02   0.1475990560E+02   0.4178502141E+00   0.4587066212E-02
     79.   5.  -0.1136711872E+02  -0.9328753240E+01   0.8363131509E+02   0.2614417854E+02   0.1476011274E+02   0.4185727404E+00   0.4587103342E-02
     79.   6.  -0.1136711872E+02  -0.9328753240E+01   0.8363131509E+02   0.2614424450E+02   0.1475960521E+02   0.4185312982E+00   0.4587052829E-02
     80.   1.  -0.1089568630E+02  -0.9875274430E+01   0.8356854345E+02   0.2097063356E+02   0.1288219261E+02   0.3456388280E+00   0.4093404231E-02
     80.   2.  -0.1089568630E+02  -0.9875274430E+01   0.8356854345E+02   0.2403914712E+02   0.1488033105E+02   0.3992210276E+00   0.4085558339E-02
     80.   3.  -0.1089568630E+02  -0.9875274430E+01   0.8356854345E+02   0.2407023396E+02   0.1492828294E+02   0.4012493731E+00   0.4087850866E-02
     80.   4.  -0.1089568630E+02  -0.9875274430E+01   0.8356854345E+02   0.2407146564E+02   0.1494195514E+02   0.4000128633E+00   0.4088140351E-02
     80.   5.  -0.1089568630E+02  -0.9875274430E+01   0.8356854345E+02   0.2407169634E+02   0.1494197204E+02   0.4005485535E+00   0.4088159258E-02
     80.   6.  -0.1089568630E+02  -0.9875274430E+01   0.8356854345E+02   0.2407175141E+02   0.1494126837E+02   0.4002885186E+00   0.4088094423E-02
     81.   1.  -0.1039800522E+02  -0.1039800522E+02   0.8350511354E+02   0.1919443425E+02   0.1305986002E+02   0.3302734325E+00   0.3632460931E-02
     81.   2.  -0.1039800522E+02  -0.1039800522E+02   0.8350511354E+02   0.2193936563E+02   0.1508121989E+02   0.3807395263E+00   0.3625515734E-02
     81.   3.  -0.1039800522E+02  -0.1039800522E+02   0.8350511354E+02   0.2196751857E+02   0.1512543896E+02   0.3832453885E+00   0.3627528003E-02
     81.   4.  -0.1039800522E+02  -0.1039800522E+02   0.8350511354E+02   0.2196867768E+02   0.1513914306E+02   0.3817650405E+00   0.3627772354E-02
     81.   5.  -0.1039800522E+02  -0.1039800522E+02   0.8350511354E+02   0.2196887997E+02   0.1513898960E+02   0.3821009694E+00   0.3627773906E-02
     81.   6.  -0.1039800522E+02  -0.1039800522E+02   0.8350511354E+02   0.2196892359E+02   0.1513811275E+02   0.3816165938E+00   0.3627694849E-02
     82.   1.  -0.9875274430E+01  -0.1089568630E+02   0.8344163541E+02   0.1739538662E+02   0.1324051639E+02   0.3115804282E+00   0.3216004763E-02
     82.   2.  -0.9875274430E+01  -0.1089568630E+02   0.8344163541E+02   0.1982902091E+02   0.1530976919E+02   0.3574191185E+00   0.3209867494E-02
     82.   3.  -0.9875274430E+01  -0.1089568630E+02   0.8344163541E+02   0.1985447325E+02   0.1533616686E+02   0.3586945373E+00   0.3211628059E-02
     82.   4.  -0.9875274430E+01  -0.1089568630E+02   0.8344163541E+02   0.1985556029E+02   0.1534993247E+02   0.3569709086E+00   0.3211831526E-02
     82.   5.  -0.9875274430E+01  -0.1089568630E+02   0.8344163541E+02   0.1985573354E+02   0.1534963098E+02   0.3571017084E+00   0.3211816771E-02
     82.   6.  -0.9875274430E+01  -0.1089568630E+02   0.8344163541E+02   0.1985576527E+02   0.1534860610E+02   0.3563950465E+00   0.3211723689E-02
     83.   1.  -0.9328753240E+01  -0.1136711872E+02   0.8337872098E+02   0.1558604403E+02   0.1342041312E+02   0.2889563231E+00   0.2848223047E-02
     83.   2.  -0.9328753240E+01  -0.1136711872E+02   0.8337872098E+02   0.1772754788E+02   0.1554059306E+02   0.3303105828E+00   0.2842792272E-02
     83.   3.  -0.9328753240E+01  -0.1136711872E+02   0.8337872098E+02   0.1775196457E+02   0.1557282618E+02   0.3334971797E+00   0.2844332338E-02
     83.   4.  -0.9328753240E+01  -0.1136711872E+02   0.8337872098E+02   0.1775265694E+02   0.1557338794E+02   0.3342165609E+00   0.2844499547E-02
     83.   5.  -0.9328753240E+01  -0.1136711872E+02   0.8337872098E+02   0.1775280079E+02   0.1557296233E+02   0.3341446619E+00   0.2844469671E-02
     83.   6.  -0.9328753240E+01  -0.1136711872E+02   0.8337872098E+02   0.1775282027E+02   0.1557181617E+02   0.3332264766E+00   0.2844362873E-02
     84.   1.  -0.8759758270E+01  -0.1181116675E+02   0.8331697810E+02   0.1380346049E+02   0.1360720277E+02   0.2666176330E+00   0.2531529190E-02
     84.   2.  -0.8759758270E+01  -0.1181116675E+02   0.8331697810E+02   0.1565501494E+02   0.1579921431E+02   0.3015852117E+00   0.2526698607E-02
     84.   3.  -0.8759758270E+01  -0.1181116675E+02   0.8331697810E+02   0.1567971056E+02   0.1580632483E+02   0.3102164765E+00   0.2528050801E-02
     84.   4.  -0.8759758270E+01  -0.1181116675E+02   0.8331697810E+02   0.1568029992E+02   0.1580677695E+02   0.3107101478E+00   0.2528186648E-02
     84.   5.  -0.8759758270E+01  -0.1181116675E+02   0.8331697810E+02   0.1568041426E+02   0.1580625200E+02   0.3104458842E+00   0.2528142941E-02
     84.   6.  -0.8759758270E+01  -0.1181116675E+02   0.8331697810E+02   0.1568042124E+02   0.1580501205E+02   0.3093356174E+00   0.2528022847E-02
     85.   1.  -0.8169660280E+01  -0.1222676065E+02   0.8325700465E+02   0.1206540146E+02   0.1380194849E+02   0.2420405942E+00   0.2266544370E-02
     85.   2.  -0.8169660280E+01  -0.1222676065E+02   0.8325700465E+02   0.1363115747E+02   0.1606305242E+02   0.2707326197E+00   0.2262206712E-02
     85.   3.  -0.8169660280E+01  -0.1222676065E+02   0.8325700465E+02   0.1365882606E+02   0.1604691492E+02   0.2812108306E+00   0.2263404050E-02
     85.   4.  -0.8169660280E+01  -0.1222676065E+02   0.8325700465E+02   0.1365931411E+02   0.1604728433E+02   0.2814905629E+00   0.2263513471E-02
     85.   5.  -0.8169660280E+01  -0.1222676065E+02   0.8325700465E+02   0.1365939918E+02   0.1604668490E+02   0.2810520258E+00   0.2263457294E-02
     85.   6.  -0.8169660280E+01  -0.1222676065E+02   0.8325700465E+02   0.1365939356E+02   0.1604537839E+02   0.2797773252E+00   0.2263324420E-02
     86.   1.  -0.7559880850E+01  -0.1261289921E+02   0.8319938265E+02   0.1028662056E+02   0.1412098684E+02   0.2212359934E+00   0.2052152077E-02
     86.   2.  -0.7559880850E+01  -0.1261289921E+02   0.8319938265E+02   0.1169556395E+02   0.1635369713E+02   0.2371812048E+00   0.2048202237E-02
     86.   3.  -0.7559880850E+01  -0.1261289921E+02   0.8319938265E+02   0.1170948829E+02   0.1629136634E+02   0.2512737941E+00   0.2049277062E-02
     86.   4.  -0.7559880850E+01  -0.1261289921E+02   0.8319938265E+02   0.1170987778E+02   0.1629167901E+02   0.2513588939E+00   0.2049364908E-02
     86.   5.  -0.7559880850E+01  -0.1261289921E+02   0.8319938265E+02   0.1170993412E+02   0.1629102879E+02   0.2507706340E+00   0.2049297617E-02
     86.   6.  -0.7559880850E+01  -0.1261289921E+02   0.8319938265E+02   0.1170991596E+02   0.1628968144E+02   0.2493660886E+00   0.2049152530E-02
     87.   1.  -0.6931889020E+01  -0.1296865219E+02   0.8314467247E+02   0.8656058609E+01   0.1435370799E+02   0.1941946948E+00   0.1885620444E-02
     87.   2.  -0.6931889020E+01  -0.1296865219E+02   0.8314467247E+02   0.9843985236E+01   0.1646870054E+02   0.2363167680E+00   0.1881959348E-02
     87.   3.  -0.6931889020E+01  -0.1296865219E+02   0.8314467247E+02   0.9849661285E+01   0.1653782814E+02   0.2357078580E+00   0.1882942164E-02
     87.   4.  -0.6931889020E+01  -0.1296865219E+02   0.8314467247E+02   0.9849956050E+01   0.1653810833E+02   0.2356243841E+00   0.1883013068E-02
     87.   5.  -0.6931889020E+01  -0.1296865219E+02   0.8314467247E+02   0.9849984564E+01   0.1653742906E+02   0.2349164282E+00   0.1882935972E-02
     87.   6.  -0.6931889020E+01  -0.1296865219E+02   0.8314467247E+02   0.9849954072E+01   0.1653606429E+02   0.2334226741E+00   0.1882779304E-02
     88.   1.  -0.6287197650E+01  -0.1329316256E+02   0.8309340726E+02   0.7121355053E+01   0.1458319456E+02   0.1729480350E+00   0.1762794579E-02
     88.   2.  -0.6287197650E+01  -0.1329316256E+02   0.8309340726E+02   0.8066079330E+01   0.1679174353E+02   0.2026253076E+00   0.1759332004E-02
     88.   3.  -0.6287197650E+01  -0.1329316256E+02   0.8309340726E+02   0.8102187872E+01   0.1677950287E+02   0.1960041783E+00   0.1760250595E-02
     88.   4.  -0.6287197650E+01  -0.1329316256E+02   0.8309340726E+02   0.8102392851E+01   0.1677977177E+02   0.1957829848E+00   0.1760308766E-02
     88.   5.  -0.6287197650E+01  -0.1329316256E+02   0.8309340726E+02   0.8102394782E+01   0.1677908302E+02   0.1949905743E+00   0.1760223174E-02
     88.   6.  -0.6287197650E+01  -0.1329316256E+02   0.8309340726E+02   0.8102352356E+01   0.1677772113E+02   0.1934527382E+00   0.1760055604E-02
     89.   1.  -0.5627359870E+01  -0.1358564853E+02   0.8304608753E+02   0.5715651382E+01   0.1479023579E+02   0.1482439226E+00   0.1678350644E-02
     89.   2.  -0.5627359870E+01  -0.1358564853E+02   0.8304608753E+02   0.6469983519E+01   0.1701944608E+02   0.1720066801E+00   0.1675008030E-02
     89.   3.  -0.5627359870E+01  -0.1358564853E+02   0.8304608753E+02   0.6483669873E+01   0.1701293921E+02   0.1681137866E+00   0.1675886584E-02
     89.   4.  -0.5627359870E+01  -0.1358564853E+02   0.8304608753E+02   0.6483791022E+01   0.1701321484E+02   0.1677897490E+00   0.1675935779E-02
     89.   5.  -0.5627359870E+01  -0.1358564853E+02   0.8304608753E+02   0.6483767974E+01   0.1701253267E+02   0.1669507162E+00   0.1675842887E-02
     89.   6.  -0.5627359870E+01  -0.1358564853E+02   0.8304608753E+02   0.6483714194E+01   0.1701119035E+02   0.1654171558E+00   0.1675665186E-02
     90.   1.  -0.4953965290E+01  -0.1384540548E+02   0.8300317613E+02   0.4437122858E+01   0.1498460804E+02   0.1248022338E+00   0.1626103741E-02
     90.   2.  -0.4953965290E+01  -0.1384540548E+02   0.8300317613E+02   0.5003570328E+01   0.1723244115E+02   0.1439630797E+00   0.1622816206E-02
     90.   3.  -0.4953965290E+01  -0.1384540548E+02   0.8300317613E+02   0.5011368355E+01   0.1723347902E+02   0.1415226181E+00   0.1623674808E-02
     90.   4.  -0.4953965290E+01  -0.1384540548E+02   0.8300317613E+02   0.5011412695E+01   0.1723377520E+02   0.1411324814E+00   0.1623718174E-02
     90.   5.  -0.4953965290E+01  -0.1384540548E+02   0.8300317613E+02   0.5011366623E+01   0.1723311204E+02   0.1402862541E+00   0.1623619095E-02
     90.   6.  -0.4953965290E+01  -0.1384540548E+02   0.8300317613E+02   0.5011302260E+01   0.1723180171E+02   0.1388064519E+00   0.1623432096E-02
     91.   1.  -0.4268636180E+01  -0.1407180764E+02   0.8296509344E+02   0.3294660107E+01   0.1517251674E+02   0.1019961162E+00   0.1599354701E-02
     91.   2.  -0.4268636180E+01  -0.1407180764E+02   0.8296509344E+02   0.3695632749E+01   0.1743074334E+02   0.1166514937E+00   0.1596072473E-02
     91.   3.  -0.4268636180E+01  -0.1407180764E+02   0.8296509344E+02   0.3700989926E+01   0.1743642658E+02   0.1150977251E+00   0.1596926642E-02
     91.   4.  -0.4268636180E+01  -0.1407180764E+02   0.8296509344E+02   0.3700965464E+01   0.1743675256E+02   0.1146781868E+00   0.1596966660E-02
     91.   5.  -0.4268636180E+01  -0.1407180764E+02   0.8296509344E+02   0.3700898649E+01   0.1743611697E+02   0.1138641209E+00   0.1596862430E-02
     91.   6.  -0.4268636180E+01  -0.1407180764E+02   0.8296509344E+02   0.3700824671E+01   0.1743484659E+02   0.1124868872E+00   0.1596667062E-02
     92.   1.  -0.3573023550E+01  -0.1426430958E+02   0.8293221312E+02   0.2305232619E+01   0.1534033418E+02   0.8269967331E-01   0.1591263687E-02
     92.   2.  -0.3573023550E+01  -0.1426430958E+02   0.8293221312E+02   0.2562732662E+01   0.1760880215E+02   0.9455359540E-01   0.1587952409E-02
     92.   3.  -0.3573023550E+01  -0.1426430958E+02   0.8293221312E+02   0.2566725142E+01   0.1761715770E+02   0.9358356090E-01   0.1588812952E-02
     92.   4.  -0.3573023550E+01  -0.1426430958E+02   0.8293221312E+02   0.2566640771E+01   0.1761751855E+02   0.9317037601E-01   0.1588851502E-02
     92.   5.  -0.3573023550E+01  -0.1426430958E+02   0.8293221312E+02   0.2566555816E+01   0.1761691493E+02   0.9242598034E-01   0.1588743066E-02
     92.   6.  -0.3573023550E+01  -0.1426430958E+02   0.8293221312E+02   0.2566473348E+01   0.1761568794E+02   0.9119758355E-01   0.1588540359E-02
     93.   1.  -0.2868803190E+01  -0.1442244755E+02   0.8290485816E+02   0.1484072993E+01   0.1547543699E+02   0.6388477278E-01   0.1595229239E-02
     93.   2.  -0.2868803190E+01  -0.1442244755E+02   0.8290485816E+02   0.1617893457E+01   0.1776173393E+02   0.7284766137E-01   0.1591869622E-02
     93.   3.  -0.2868803190E+01  -0.1442244755E+02   0.8290485816E+02   0.1621019235E+01   0.1777152174E+02   0.7227012982E-01   0.1592742790E-02
     93.   4.  -0.2868803190E+01  -0.1442244755E+02   0.8290485816E+02   0.1620884663E+01   0.1777191831E+02   0.7189609889E-01   0.1592781165E-02
     93.   5.  -0.2868803190E+01  -0.1442244755E+02   0.8290485816E+02   0.1620784443E+01   0.1777134714E+02   0.7125533025E-01   0.1592669378E-02
     93.   6.  -0.2868803190E+01  -0.1442244755E+02   0.8290485816E+02   0.1620694786E+01   0.1777016263E+02   0.7021752498E-01   0.1592460471E-02
     94.   1.  -0.2157671630E+01  -0.1454584058E+02   0.8288329760E+02   0.8357725813E+00   0.1558387856E+02   0.4650103571E-01   0.1605257021E-02
     94.   2.  -0.2157671630E+01  -0.1454584058E+02   0.8288329760E+02   0.8717424406E+00   0.1788532642E+02   0.5290905891E-01   0.1601843556E-02
     94.   3.  -0.2157671630E+01  -0.1454584058E+02   0.8288329760E+02   0.8743070895E+00   0.1789578116E+02   0.5258986499E-01   0.1602731433E-02
     94.   4.  -0.2157671630E+01  -0.1454584058E+02   0.8288329760E+02   0.8741327140E+00   0.1789621005E+02   0.5228294445E-01   0.1602770300E-02
     94.   5.  -0.2157671630E+01  -0.1454584058E+02   0.8288329760E+02   0.8740203620E+00   0.1789566831E+02   0.5177506890E-01   0.1602655978E-02
     94.   6.  -0.2157671630E+01  -0.1454584058E+02   0.8288329760E+02   0.8739249608E+00   0.1789452140E+02   0.5096350778E-01   0.1602442113E-02
     95.   1.  -0.1441342050E+01  -0.1463419141E+02   0.8286774368E+02   0.3674857600E+00   0.1566319204E+02   0.3029631198E-01   0.1616293374E-02
     95.   2.  -0.1441342050E+01  -0.1463419141E+02   0.8286774368E+02   0.3326722377E+00   0.1797616886E+02   0.3441348295E-01   0.1612832482E-02
     95.   3.  -0.1441342050E+01  -0.1463419141E+02   0.8286774368E+02   0.3348915442E+00   0.1798685822E+02   0.3425558701E-01   0.1613733631E-02
     95.   4.  -0.1441342050E+01  -0.1463419141E+02   0.8286774368E+02   0.3346883384E+00   0.1798731265E+02   0.3403800134E-01   0.1613773189E-02
     95.   5.  -0.1441342050E+01  -0.1463419141E+02   0.8286774368E+02   0.3345671719E+00   0.1798679415E+02   0.3368604284E-01   0.1613657069E-02
     95.   6.  -0.1441342050E+01  -0.1463419141E+02   0.8286774368E+02   0.3344675722E+00   0.1798567660E+02   0.3312878407E-01   0.1613439575E-02
     96.   1.  -0.7215401500E+00  -0.1468728718E+02   0.8285834958E+02   0.8441342245E-01   0.1571153982E+02   0.1493038569E-01   0.1624509674E-02
     96.   2.  -0.7215401500E+00  -0.1468728718E+02   0.8285834958E+02   0.6768543415E-02   0.1803172301E+02   0.1694128277E-01   0.1621016576E-02
     96.   3.  -0.7215401500E+00  -0.1468728718E+02   0.8285834958E+02   0.8802569727E-02   0.1804245251E+02   0.1687905791E-01   0.1621926773E-02
     96.   4.  -0.7215401500E+00  -0.1468728718E+02   0.8285834958E+02   0.8581869971E-02   0.1804292359E+02   0.1676634287E-01   0.1621966943E-02
     96.   5.  -0.7215401500E+00  -0.1468728718E+02   0.8285834958E+02   0.8455361033E-02   0.1804242000E+02   0.1658626457E-01   0.1621849756E-02
     96.   6.  -0.7215401500E+00  -0.1468728718E+02   0.8285834958E+02   0.8353211968E-02   0.1804132106E+02   0.1630266993E-01   0.1621630039E-02
     97.   1.   0.0000000000E+00  -0.1470500000E+02   0.8285520789E+02  -0.1029585344E-01   0.1572778374E+02  -0.3332311554E-07   0.1627518729E-02
     97.   2.   0.0000000000E+00  -0.1470500000E+02   0.8285520789E+02  -0.1022792437E+00   0.1805041812E+02  -0.3830253252E-07   0.1624014233E-02
     97.   3.   0.0000000000E+00  -0.1470500000E+02   0.8285520789E+02  -0.1003027923E+00   0.1806114377E+02  -0.3865749469E-07   0.1624927613E-02
     97.   4.   0.0000000000E+00  -0.1470500000E+02   0.8285520789E+02  -0.1005293460E+00   0.1806162059E+02  -0.3883736484E-07   0.1624968017E-02
     97.   5.   0.0000000000E+00  -0.1470500000E+02   0.8285520789E+02  -0.1006576532E+00   0.1806112216E+02  -0.3883072441E-07   0.1624850482E-02
     97.   6.   0.0000000000E+00  -0.1470500000E+02   0.8285520789E+02  -0.1007606557E+00   0.1806002966E+02  -0.3833714339E-07   0.1624630029E-02
     98.   1.   0.7215401500E+00  -0.1468728718E+02   0.8285834958E+02   0.8441342077E-01   0.1571153982E+02  -0.1493045302E-01   0.1624509674E-02
     98.   2.   0.7215401500E+00  -0.1468728718E+02   0.8285834958E+02   0.6768541286E-02   0.1803172301E+02  -0.1694135950E-01   0.1621016576E-02
     98.   3.   0.7215401500E+00  -0.1468728718E+02   0.8285834958E+02   0.8802567376E-02   0.1804245251E+02  -0.1687913471E-01   0.1621926774E-02
     98.   4.   0.7215401500E+00  -0.1468728718E+02   0.8285834958E+02   0.8581867688E-02   0.1804292359E+02  -0.1676641967E-01   0.1621966944E-02
     98.   5.   0.7215401500E+00  -0.1468728718E+02   0.8285834958E+02   0.8455358737E-02   0.1804242000E+02  -0.1658634136E-01   0.1621849756E-02
     98.   6.   0.7215401500E+00  -0.1468728718E+02   0.8285834958E+02   0.8353209700E-02   0.1804132106E+02  -0.1630274674E-01   0.1621630039E-02
     99.   1.   0.1441342050E+01  -0.1463419141E+02   0.8286774368E+02   0.3674857552E+00   0.1566319204E+02  -0.3029637852E-01   0.1616293374E-02
     99.   2.   0.1441342050E+01  -0.1463419141E+02   0.8286774368E+02   0.3326722326E+00   0.1797616886E+02  -0.3441355942E-01   0.1612832482E-02
     99.   3.   0.1441342050E+01  -0.1463419141E+02   0.8286774368E+02   0.3348915392E+00   0.1798685822E+02  -0.3425566345E-01   0.1613733631E-02
     99.   4.   0.1441342050E+01  -0.1463419141E+02   0.8286774368E+02   0.3346883333E+00   0.1798731265E+02  -0.3403807776E-01   0.1613773189E-02
     99.   5.   0.1441342050E+01  -0.1463419141E+02   0.8286774368E+02   0.3345671669E+00   0.1798679415E+02  -0.3368611924E-01   0.1613657069E-02
     99.   6.   0.1441342050E+01  -0.1463419141E+02   0.8286774368E+02   0.3344675672E+00   0.1798567660E+02  -0.3312886051E-01   0.1613439575E-02
    100.   1.   0.2157671630E+01  -0.1454584058E+02   0.8288329760E+02   0.8357725746E+00   0.1558387856E+02  -0.4650110212E-01   0.1605257021E-02
    100.   2.   0.2157671630E+01  -0.1454584058E+02   0.8288329760E+02   0.8717424329E+00   0.1788532642E+02  -0.5290913489E-01   0.1601843556E-02
    100.   3.   0.2157671630E+01  -0.1454584058E+02   0.8288329760E+02   0.8743070820E+00   0.1789578116E+02  -0.5258994104E-01   0.1602731433E-02
    100.   4.   0.2157671630E+01  -0.1454584058E+02   0.8288329760E+02   0.8741327065E+00   0.1789621005E+02  -0.5228302055E-01   0.1602770300E-02
    100.   5.   0.2157671630E+01  -0.1454584058E+02   0.8288329760E+02   0.8740203544E+00   0.1789566831E+02  -0.5177514501E-01   0.1602655978E-02
    100.   6.   0.2157671630E+01  -0.1454584058E+02   0.8288329760E+02   0.8739249532E+00   0.1789452141E+02  -0.5096358390E-01   0.1602442114E-02
    101.   1.   0.2868803190E+01  -0.1442244755E+02   0.8290485816E+02   0.1484072984E+01   0.1547543699E+02  -0.6388483858E-01   0.1595229239E-02
    101.   2.   0.2868803190E+01  -0.1442244755E+02   0.8290485816E+02   0.1617893447E+01   0.1776173393E+02  -0.7284773688E-01   0.1591869622E-02
    101.   3.   0.2868803190E+01  -0.1442244755E+02   0.8290485816E+02   0.1621019225E+01   0.1777152174E+02  -0.7227020531E-01   0.1592742790E-02
    101.   4.   0.2868803190E+01  -0.1442244755E+02   0.8290485816E+02   0.1620884652E+01   0.1777191831E+02  -0.7189617441E-01   0.1592781165E-02
    101.   5.   0.2868803190E+01  -0.1442244755E+02   0.8290485816E+02   0.1620784433E+01   0.1777134714E+02  -0.7125540577E-01   0.1592669378E-02
    101.   6.   0.2868803190E+01  -0.1442244755E+02   0.8290485816E+02   0.1620694776E+01   0.1777016263E+02  -0.7021760052E-01   0.1592460471E-02
    102.   1.   0.3573023550E+01  -0.1426430958E+02   0.8293221312E+02   0.2305232608E+01   0.1534033418E+02  -0.8269973850E-01   0.1591263687E-02
    102.   2.   0.3573023550E+01  -0.1426430958E+02   0.8293221312E+02   0.2562732649E+01   0.1760880215E+02  -0.9455367012E-01   0.1587952409E-02
    102.   3.   0.3573023550E+01  -0.1426430958E+02   0.8293221312E+02   0.2566725129E+01   0.1761715770E+02  -0.9358363573E-01   0.1588812952E-02
    102.   4.   0.3573023550E+01  -0.1426430958E+02   0.8293221312E+02   0.2566640758E+01   0.1761751855E+02  -0.9317045085E-01   0.1588851502E-02
    102.   5.   0.3573023550E+01  -0.1426430958E+02   0.8293221312E+02   0.2566555803E+01   0.1761691493E+02  -0.9242605516E-01   0.1588743066E-02
    102.   6.   0.3573023550E+01  -0.1426430958E+02   0.8293221312E+02   0.2566473336E+01   0.1761568794E+02  -0.9119765837E-01   0.1588540359E-02
    103.   1.   0.4268636180E+01  -0.1407180764E+02   0.8296509344E+02   0.3294660093E+01   0.1517251674E+02  -0.1019961805E+00   0.1599354701E-02
    103.   2.   0.4268636180E+01  -0.1407180764E+02   0.8296509344E+02   0.3695632733E+01   0.1743074335E+02  -0.1166515676E+00   0.1596072473E-02
    103.   3.   0.4268636180E+01  -0.1407180764E+02   0.8296509344E+02   0.3700989911E+01   0.1743642658E+02  -0.1150977990E+00   0.1596926642E-02
    103.   4.   0.4268636180E+01  -0.1407180764E+02   0.8296509344E+02   0.3700965449E+01   0.1743675257E+02  -0.1146782608E+00   0.1596966659E-02
    103.   5.   0.4268636180E+01  -0.1407180764E+02   0.8296509344E+02   0.3700898633E+01   0.1743611697E+02  -0.1138641949E+00   0.1596862430E-02
    103.   6.   0.4268636180E+01  -0.1407180764E+02   0.8296509344E+02   0.3700824655E+01   0.1743484659E+02  -0.1124869612E+00   0.1596667061E-02
    104.   1.   0.4953965290E+01  -0.1384540548E+02   0.8300317613E+02   0.4437122842E+01   0.1498460804E+02  -0.1248022973E+00   0.1626103741E-02
    104.   2.   0.4953965290E+01  -0.1384540548E+02   0.8300317613E+02   0.5003570310E+01   0.1723244115E+02  -0.1439631525E+00   0.1622816206E-02
    104.   3.   0.4953965290E+01  -0.1384540548E+02   0.8300317613E+02   0.5011368336E+01   0.1723347902E+02  -0.1415226908E+00   0.1623674808E-02
    104.   4.   0.4953965290E+01  -0.1384540548E+02   0.8300317613E+02   0.5011412677E+01   0.1723377520E+02  -0.1411325542E+00   0.1623718174E-02
    104.   5.   0.4953965290E+01  -0.1384540548E+02   0.8300317613E+02   0.5011366605E+01   0.1723311205E+02  -0.1402863270E+00   0.1623619095E-02
    104.   6.   0.4953965290E+01  -0.1384540548E+02   0.8300317613E+02   0.5011302242E+01   0.1723180171E+02  -0.1388065248E+00   0.1623432095E-02
    105.   1.   0.5627359870E+01  -0.1358564853E+02   0.8304608753E+02   0.5715651365E+01   0.1479023579E+02  -0.1482439853E+00   0.1678350643E-02
    105.   2.   0.5627359870E+01  -0.1358564853E+02   0.8304608753E+02   0.6469983499E+01   0.1701944608E+02  -0.1720067519E+00   0.1675008029E-02
    105.   3.   0.5627359870E+01  -0.1358564853E+02   0.8304608753E+02   0.6483669853E+01   0.1701293921E+02  -0.1681138583E+00   0.1675886583E-02
    105.   4.   0.5627359870E+01  -0.1358564853E+02   0.8304608753E+02   0.6483791001E+01   0.1701321484E+02  -0.1677898207E+00   0.1675935777E-02
    105.   5.   0.5627359870E+01  -0.1358564853E+02   0.8304608753E+02   0.6483767953E+01   0.1701253267E+02  -0.1669507879E+00   0.1675842886E-02
    105.   6.   0.5627359870E+01  -0.1358564853E+02   0.8304608753E+02   0.6483714173E+01   0.1701119035E+02  -0.1654172275E+00   0.1675665184E-02
    106.   1.   0.6287197650E+01  -0.1329316256E+02   0.8309340726E+02   0.7121355033E+01   0.1458319456E+02  -0.1729480964E+00   0.1762794577E-02
    106.   2.   0.6287197650E+01  -0.1329316256E+02   0.8309340726E+02   0.8066079307E+01   0.1679174353E+02  -0.2026253781E+00   0.1759332003E-02
    106.   3.   0.6287197650E+01  -0.1329316256E+02   0.8309340726E+02   0.8102187849E+01   0.1677950288E+02  -0.1960042488E+00   0.1760250594E-02
    106.   4.   0.6287197650E+01  -0.1329316256E+02   0.8309340726E+02   0.8102392828E+01   0.1677977177E+02  -0.1957830553E+00   0.1760308765E-02
    106.   5.   0.6287197650E+01  -0.1329316256E+02   0.8309340726E+02   0.8102394759E+01   0.1677908302E+02  -0.1949906449E+00   0.1760223172E-02
    106.   6.   0.6287197650E+01  -0.1329316256E+02   0.8309340726E+02   0.8102352333E+01   0.1677772113E+02  -0.1934528087E+00   0.1760055603E-02
    107.   1.   0.6931889020E+01  -0.1296865219E+02   0.8314467247E+02   0.8656058587E+01   0.1435370799E+02  -0.1941947542E+00   0.1885620442E-02
    107.   2.   0.6931889020E+01  -0.1296865219E+02   0.8314467247E+02   0.9843985210E+01   0.1646870055E+02  -0.2363168366E+00   0.1881959346E-02
    107.   3.   0.6931889020E+01  -0.1296865219E+02   0.8314467247E+02   0.9849661259E+01   0.1653782815E+02  -0.2357079268E+00   0.1882942162E-02
    107.   4.   0.6931889020E+01  -0.1296865219E+02   0.8314467247E+02   0.9849956024E+01   0.1653810833E+02  -0.2356244530E+00   0.1883013067E-02
    107.   5.   0.6931889020E+01  -0.1296865219E+02   0.8314467247E+02   0.9849984539E+01   0.1653742907E+02  -0.2349164971E+00   0.1882935970E-02
    107.   6.   0.6931889020E+01  -0.1296865219E+02   0.8314467247E+02   0.9849954046E+01   0.1653606429E+02  -0.2334227429E+00   0.1882779303E-02
    108.   1.   0.7559880850E+01  -0.1261289921E+02   0.8319938265E+02   0.1028662053E+02   0.1412098684E+02  -0.2212360516E+00   0.2052152074E-02
    108.   2.   0.7559880850E+01  -0.1261289921E+02   0.8319938265E+02   0.1169556392E+02   0.1635369714E+02  -0.2371812716E+00   0.2048202235E-02
    108.   3.   0.7559880850E+01  -0.1261289921E+02   0.8319938265E+02   0.1170948826E+02   0.1629136634E+02  -0.2512738611E+00   0.2049277060E-02
    108.   4.   0.7559880850E+01  -0.1261289921E+02   0.8319938265E+02   0.1170987775E+02   0.1629167901E+02  -0.2513589609E+00   0.2049364905E-02
    108.   5.   0.7559880850E+01  -0.1261289921E+02   0.8319938265E+02   0.1170993409E+02   0.1629102879E+02  -0.2507707010E+00   0.2049297614E-02
    108.   6.   0.7559880850E+01  -0.1261289921E+02   0.8319938265E+02   0.1170991593E+02   0.1628968144E+02  -0.2493661556E+00   0.2049152527E-02
    109.   1.   0.8169660280E+01  -0.1222676065E+02   0.8325700465E+02   0.1206540143E+02   0.1380194849E+02  -0.2420406502E+00   0.2266544367E-02
    109.   2.   0.8169660280E+01  -0.1222676065E+02   0.8325700465E+02   0.1363115744E+02   0.1606305242E+02  -0.2707326847E+00   0.2262206709E-02
    109.   3.   0.8169660280E+01  -0.1222676065E+02   0.8325700465E+02   0.1365882603E+02   0.1604691492E+02  -0.2812108957E+00   0.2263404046E-02
    109.   4.   0.8169660280E+01  -0.1222676065E+02   0.8325700465E+02   0.1365931408E+02   0.1604728433E+02  -0.2814906280E+00   0.2263513467E-02
    109.   5.   0.8169660280E+01  -0.1222676065E+02   0.8325700465E+02   0.1365939915E+02   0.1604668490E+02  -0.2810520909E+00   0.2263457290E-02
    109.   6.   0.8169660280E+01  -0.1222676065E+02   0.8325700465E+02   0.1365939353E+02   0.1604537839E+02  -0.2797773903E+00   0.2263324417E-02
    110.   1.   0.8759758270E+01  -0.1181116675E+02   0.8331697810E+02   0.1380346046E+02   0.1360720277E+02  -0.2666176871E+00   0.2531529185E-02
    110.   2.   0.8759758270E+01  -0.1181116675E+02   0.8331697810E+02   0.1565501491E+02   0.1579921431E+02  -0.3015852746E+00   0.2526698602E-02
    110.   3.   0.8759758270E+01  -0.1181116675E+02   0.8331697810E+02   0.1567971053E+02   0.1580632483E+02  -0.3102165395E+00   0.2528050797E-02
    110.   4.   0.8759758270E+01  -0.1181116675E+02   0.8331697810E+02   0.1568029989E+02   0.1580677696E+02  -0.3107102108E+00   0.2528186643E-02
    110.   5.   0.8759758270E+01  -0.1181116675E+02   0.8331697810E+02   0.1568041423E+02   0.1580625200E+02  -0.3104459473E+00   0.2528142936E-02
    110.   6.   0.8759758270E+01  -0.1181116675E+02   0.8331697810E+02   0.1568042121E+02   0.1580501205E+02  -0.3093356805E+00   0.2528022842E-02
    111.   1.   0.9328753240E+01  -0.1136711872E+02   0.8337872098E+02   0.1558604400E+02   0.1342041312E+02  -0.2889563754E+00   0.2848223041E-02
    111.   2.   0.9328753240E+01  -0.1136711872E+02   0.8337872098E+02   0.1772754784E+02   0.1554059306E+02  -0.3303106434E+00   0.2842792266E-02
    111.   3.   0.9328753240E+01  -0.1136711872E+02   0.8337872098E+02   0.1775196454E+02   0.1557282618E+02  -0.3334972405E+00   0.2844332332E-02
    111.   4.   0.9328753240E+01  -0.1136711872E+02   0.8337872098E+02   0.1775265691E+02   0.1557338795E+02  -0.3342166217E+00   0.2844499541E-02
    111.   5.   0.9328753240E+01  -0.1136711872E+02   0.8337872098E+02   0.1775280075E+02   0.1557296233E+02  -0.3341447227E+00   0.2844469665E-02
    111.   6.   0.9328753240E+01  -0.1136711872E+02   0.8337872098E+02   0.1775282023E+02   0.1557181617E+02  -0.3332265374E+00   0.2844362867E-02
    112.   1.   0.9875274430E+01  -0.1089568630E+02   0.8344163541E+02   0.1739538659E+02   0.1324051639E+02  -0.3115804785E+00   0.3216004756E-02
    112.   2.   0.9875274430E+01  -0.1089568630E+02   0.8344163541E+02   0.1982902088E+02   0.1530976919E+02  -0.3574191768E+00   0.3209867487E-02
    112.   3.   0.9875274430E+01  -0.1089568630E+02   0.8344163541E+02   0.1985447321E+02   0.1533616686E+02  -0.3586945957E+00   0.3211628052E-02
    112.   4.   0.9875274430E+01  -0.1089568630E+02   0.8344163541E+02   0.1985556025E+02   0.1534993247E+02  -0.3569709671E+00   0.3211831519E-02
    112.   5.   0.9875274430E+01  -0.1089568630E+02   0.8344163541E+02   0.1985573350E+02   0.1534963098E+02  -0.3571017669E+00   0.3211816764E-02
    112.   6.   0.9875274430E+01  -0.1089568630E+02   0.8344163541E+02   0.1985576523E+02   0.1534860610E+02  -0.3563951049E+00   0.3211723682E-02
    113.   1.   0.1039800522E+02  -0.1039800522E+02   0.8350511354E+02   0.1919443422E+02   0.1305986002E+02  -0.3302734806E+00   0.3632460923E-02
    113.   2.   0.1039800522E+02  -0.1039800522E+02   0.8350511354E+02   0.2193936559E+02   0.1508121989E+02  -0.3807395822E+00   0.3625515726E-02
    113.   3.   0.1039800522E+02  -0.1039800522E+02   0.8350511354E+02   0.2196751853E+02   0.1512543896E+02  -0.3832454444E+00   0.3627527995E-02
    113.   4.   0.1039800522E+02  -0.1039800522E+02   0.8350511354E+02   0.2196867764E+02   0.1513914306E+02  -0.3817650965E+00   0.3627772346E-02
    113.   5.   0.1039800522E+02  -0.1039800522E+02   0.8350511354E+02   0.2196887993E+02   0.1513898960E+02  -0.3821010254E+00   0.3627773898E-02
    113.   6.   0.1039800522E+02  -0.1039800522E+02   0.8350511354E+02   0.2196892355E+02   0.1513811275E+02  -0.3816166497E+00   0.3627694841E-02
    114.   1.   0.1089568630E+02  -0.9875274430E+01   0.8356854345E+02   0.2097063352E+02   0.1288219261E+02  -0.3456388736E+00   0.4093404221E-02
    114.   2.   0.1089568630E+02  -0.9875274430E+01   0.8356854345E+02   0.2403914707E+02   0.1488033106E+02  -0.3992210807E+00   0.4085558329E-02
    114.   3.   0.1089568630E+02  -0.9875274430E+01   0.8356854345E+02   0.2407023391E+02   0.1492828294E+02  -0.4012494263E+00   0.4087850856E-02
    114.   4.   0.1089568630E+02  -0.9875274430E+01   0.8356854345E+02   0.2407146560E+02   0.1494195514E+02  -0.4000129165E+00   0.4088140341E-02
    114.   5.   0.1089568630E+02  -0.9875274430E+01   0.8356854345E+02   0.2407169630E+02   0.1494197204E+02  -0.4005486067E+00   0.4088159248E-02
    114.   6.   0.1089568630E+02  -0.9875274430E+01   0.8356854345E+02   0.2407175136E+02   0.1494126837E+02  -0.4002885718E+00   0.4088094413E-02
    115.   1.   0.1136711872E+02  -0.9328753240E+01   0.8363131509E+02   0.2275627477E+02   0.1273365379E+02  -0.3575864016E+00   0.4592957863E-02
    115.   2.   0.1136711872E+02  -0.9328753240E+01   0.8363131509E+02   0.2610821602E+02   0.1469522633E+02  -0.4132592128E+00   0.4584130266E-02
    115.   3.   0.1136711872E+02  -0.9328753240E+01   0.8363131509E+02   0.2614220846E+02   0.1473387226E+02  -0.4190697078E+00   0.4586727954E-02
    115.   4.   0.1136711872E+02  -0.9328753240E+01   0.8363131509E+02   0.2614392027E+02   0.1475990560E+02  -0.4178502644E+00   0.4587066201E-02
    115.   5.   0.1136711872E+02  -0.9328753240E+01   0.8363131509E+02   0.2614417849E+02   0.1476011274E+02  -0.4185727907E+00   0.4587103330E-02
    115.   6.   0.1136711872E+02  -0.9328753240E+01   0.8363131509E+02   0.2614424445E+02   0.1475960521E+02  -0.4185313486E+00   0.4587052818E-02
    116.   1.   0.1181116675E+02  -0.8759758270E+01   0.8369282607E+02   0.2449954437E+02   0.1259619289E+02  -0.3651226175E+00   0.5123702416E-02
    116.   2.   0.1181116675E+02  -0.8759758270E+01   0.8369282607E+02   0.2812731806E+02   0.1452602554E+02  -0.4221135207E+00   0.5113826755E-02
    116.   3.   0.1181116675E+02  -0.8759758270E+01   0.8369282607E+02   0.2816481296E+02   0.1456717842E+02  -0.4275483918E+00   0.5116749885E-02
    116.   4.   0.1181116675E+02  -0.8759758270E+01   0.8369282607E+02   0.2816656635E+02   0.1459302802E+02  -0.4265774084E+00   0.5117139873E-02
    116.   5.   0.1181116675E+02  -0.8759758270E+01   0.8369282607E+02   0.2816685100E+02   0.1459344196E+02  -0.4274665062E+00   0.5117195853E-02
    116.   6.   0.1181116675E+02  -0.8759758270E+01   0.8369282607E+02   0.2816692725E+02   0.1459314974E+02  -0.4276292430E+00   0.5117159582E-02
    117.   1.   0.1222676065E+02  -0.8169660280E+01   0.8375248743E+02   0.2617749510E+02   0.1228475774E+02  -0.3791834835E+00   0.5676876917E-02
    117.   2.   0.1222676065E+02  -0.8169660280E+01   0.8375248743E+02   0.3007782885E+02   0.1437231652E+02  -0.4192015836E+00   0.5665905022E-02
    117.   3.   0.1222676065E+02  -0.8169660280E+01   0.8375248743E+02   0.3011891717E+02   0.1441560430E+02  -0.4242685186E+00   0.5669168379E-02
    117.   4.   0.1222676065E+02  -0.8169660280E+01   0.8375248743E+02   0.3012071145E+02   0.1444130323E+02  -0.4235348722E+00   0.5669612211E-02
    117.   5.   0.1222676065E+02  -0.8169660280E+01   0.8375248743E+02   0.3012102124E+02   0.1444193705E+02  -0.4245645178E+00   0.5669687453E-02
    117.   6.   0.1222676065E+02  -0.8169660280E+01   0.8375248743E+02   0.3012110712E+02   0.1444187502E+02  -0.4249097959E+00   0.5669665187E-02
    118.   1.   0.1261289921E+02  -0.7559880850E+01   0.8380972916E+02   0.2778082599E+02   0.1198863088E+02  -0.3807610533E+00   0.6242626694E-02
    118.   2.   0.1261289921E+02  -0.7559880850E+01   0.8380972916E+02   0.3194205236E+02   0.1423484244E+02  -0.4222249792E+00   0.6230529813E-02
    118.   3.   0.1261289921E+02  -0.7559880850E+01   0.8380972916E+02   0.3198661060E+02   0.1426768779E+02  -0.4287204239E+00   0.6234142189E-02
    118.   4.   0.1261289921E+02  -0.7559880850E+01   0.8380972916E+02   0.3198858122E+02   0.1430514272E+02  -0.4216313788E+00   0.6234641037E-02
    118.   5.   0.1261289921E+02  -0.7559880850E+01   0.8380972916E+02   0.3198891469E+02   0.1430600454E+02  -0.4227693477E+00   0.6234735590E-02
    118.   6.   0.1261289921E+02  -0.7559880850E+01   0.8380972916E+02   0.3198900952E+02   0.1430618317E+02  -0.4232698221E+00   0.6234726956E-02
    119.   1.   0.1296865219E+02  -0.6931889020E+01   0.8386400548E+02   0.2914726561E+02   0.1189927299E+02  -0.3666383545E+00   0.6810284833E-02
    119.   2.   0.1296865219E+02  -0.6931889020E+01   0.8386400548E+02   0.3370317669E+02   0.1411204670E+02  -0.4124975555E+00   0.6797055472E-02
    119.   3.   0.1296865219E+02  -0.6931889020E+01   0.8386400548E+02   0.3375131170E+02   0.1414680001E+02  -0.4184897328E+00   0.6801018918E-02
    119.   4.   0.1296865219E+02  -0.6931889020E+01   0.8386400548E+02   0.3375330270E+02   0.1418398922E+02  -0.4116770843E+00   0.6801572958E-02
    119.   5.   0.1296865219E+02  -0.6931889020E+01   0.8386400548E+02   0.3375365825E+02   0.1418508236E+02  -0.4128870794E+00   0.6801686582E-02
    119.   6.   0.1296865219E+02  -0.6931889020E+01   0.8386400548E+02   0.3375376129E+02   0.1418550684E+02  -0.4135104546E+00   0.6801691035E-02
    120.   1.   0.1329316256E+02  -0.6287197650E+01   0.8391479992E+02   0.3055788924E+02   0.1181910300E+02  -0.3516246321E+00   0.7368679186E-02
    120.   2.   0.1329316256E+02  -0.6287197650E+01   0.8391479992E+02   0.3534555207E+02   0.1400391290E+02  -0.3962941376E+00   0.7354332889E-02
    120.   3.   0.1329316256E+02  -0.6287197650E+01   0.8391479992E+02   0.3539715535E+02   0.1404043775E+02  -0.4017594826E+00   0.7358642546E-02
    120.   4.   0.1329316256E+02  -0.6287197650E+01   0.8391479992E+02   0.3539897258E+02   0.1406477906E+02  -0.3914680603E+00   0.7359250852E-02
    120.   5.   0.1329316256E+02  -0.6287197650E+01   0.8391479992E+02   0.3539955471E+02   0.1407813010E+02  -0.3896232718E+00   0.7359383002E-02
    120.   6.   0.1329316256E+02  -0.6287197650E+01   0.8391479992E+02   0.3539966522E+02   0.1407879971E+02  -0.3903333217E+00   0.7359399820E-02
    121.   1.   0.1358564853E+02  -0.5627359870E+01   0.8396163005E+02   0.3184908439E+02   0.1177010872E+02  -0.3252081625E+00   0.7906455737E-02
    121.   2.   0.1358564853E+02  -0.5627359870E+01   0.8396163005E+02   0.3684995620E+02   0.1376285146E+02  -0.3716711611E+00   0.7891030709E-02
    121.   3.   0.1358564853E+02  -0.5627359870E+01   0.8396163005E+02   0.3690985843E+02   0.1393529980E+02  -0.3606167697E+00   0.7895674503E-02
    121.   4.   0.1358564853E+02  -0.5627359870E+01   0.8396163005E+02   0.3691200349E+02   0.1397136304E+02  -0.3540589892E+00   0.7896335077E-02
    121.   5.   0.1358564853E+02  -0.5627359870E+01   0.8396163005E+02   0.3691259315E+02   0.1398478520E+02  -0.3523539296E+00   0.7896484885E-02
    121.   6.   0.1358564853E+02  -0.5627359870E+01   0.8396163005E+02   0.3691271036E+02   0.1398569389E+02  -0.3531127914E+00   0.7896513211E-02
    122.   1.   0.1384540548E+02  -0.4953965290E+01   0.8400405185E+02   0.3301448273E+02   0.1173119849E+02  -0.3021350858E+00   0.8412400377E-02
    122.   2.   0.1384540548E+02  -0.4953965290E+01   0.8400405185E+02   0.3821276893E+02   0.1368267786E+02  -0.3514403185E+00   0.8395958439E-02
    122.   3.   0.1384540548E+02  -0.4953965290E+01   0.8400405185E+02   0.3827580361E+02   0.1385562453E+02  -0.3407169552E+00   0.8400917225E-02
    122.   4.   0.1384540548E+02  -0.4953965290E+01   0.8400405185E+02   0.3827795471E+02   0.1389155751E+02  -0.3343255736E+00   0.8401626980E-02
    122.   5.   0.1384540548E+02  -0.4953965290E+01   0.8400405185E+02   0.3827855286E+02   0.1390505433E+02  -0.3327306030E+00   0.8401793244E-02
    122.   6.   0.1384540548E+02  -0.4953965290E+01   0.8400405185E+02   0.3827867599E+02   0.1390619028E+02  -0.3334997269E+00   0.8401832081E-02
    123.   1.   0.1407180764E+02  -0.4268636180E+01   0.8404166375E+02   0.3404938680E+02   0.1168211719E+02  -0.2704473524E+00   0.8875757627E-02
    123.   2.   0.1407180764E+02  -0.4268636180E+01   0.8404166375E+02   0.3941218315E+02   0.1347149012E+02  -0.3216963488E+00   0.8858382746E-02
    123.   3.   0.1407180764E+02  -0.4268636180E+01   0.8404166375E+02   0.3948400358E+02   0.1378856025E+02  -0.3125618521E+00   0.8863630582E-02
    123.   4.   0.1407180764E+02  -0.4268636180E+01   0.8404166375E+02   0.3948615894E+02   0.1382439766E+02  -0.3063180338E+00   0.8864385404E-02
    123.   5.   0.1407180764E+02  -0.4268636180E+01   0.8404166375E+02   0.3948676647E+02   0.1383796812E+02  -0.3048032613E+00   0.8864566609E-02
    123.   6.   0.1407180764E+02  -0.4268636180E+01   0.8404166375E+02   0.3948689475E+02   0.1383931403E+02  -0.3055450217E+00   0.8864614816E-02
    124.   1.   0.1426430958E+02  -0.3573023550E+01   0.8407411018E+02   0.3458442668E+02   0.1164118208E+02  -0.2337852733E+00   0.9286531272E-02
    124.   2.   0.1426430958E+02  -0.3573023550E+01   0.8407411018E+02   0.3988466492E+02   0.1341607937E+02  -0.2780118277E+00   0.9268327397E-02
    124.   3.   0.1426430958E+02  -0.3573023550E+01   0.8407411018E+02   0.3995898395E+02   0.1373279643E+02  -0.2703019296E+00   0.9273831900E-02
    124.   4.   0.1426430958E+02  -0.3573023550E+01   0.8407411018E+02   0.3996090689E+02   0.1375721599E+02  -0.2706443296E+00   0.9274626691E-02
    124.   5.   0.1426430958E+02  -0.3573023550E+01   0.8407411018E+02   0.3996182054E+02   0.1378229531E+02  -0.2697676408E+00   0.9274821056E-02
    124.   6.   0.1426430958E+02  -0.3573023550E+01   0.8407411018E+02   0.3996195316E+02   0.1378382841E+02  -0.2704465413E+00   0.9274877371E-02
    125.   1.   0.1442244755E+02  -0.2868803190E+01   0.8410108482E+02   0.3532379639E+02   0.1160811333E+02  -0.1927198059E+00   0.9635758541E-02
    125.   2.   0.1442244755E+02  -0.2868803190E+01   0.8410108482E+02   0.4074534785E+02   0.1337154618E+02  -0.2291282801E+00   0.9616848899E-02
    125.   3.   0.1442244755E+02  -0.2868803190E+01   0.8410108482E+02   0.4082180714E+02   0.1368803482E+02  -0.2228974110E+00   0.9622571979E-02
    125.   4.   0.1442244755E+02  -0.2868803190E+01   0.8410108482E+02   0.4082374954E+02   0.1371244209E+02  -0.2232119040E+00   0.9623400730E-02
    125.   5.   0.1442244755E+02  -0.2868803190E+01   0.8410108482E+02   0.4082465294E+02   0.1373750834E+02  -0.2225353242E+00   0.9623606244E-02
    125.   6.   0.1442244755E+02  -0.2868803190E+01   0.8410108482E+02   0.4082478914E+02   0.1373920140E+02  -0.2231196945E+00   0.9623669316E-02
    126.   1.   0.1454584058E+02  -0.2157671630E+01   0.8412233326E+02   0.3590536296E+02   0.1158264981E+02  -0.1479484312E+00   0.9915756882E-02
    126.   2.   0.1454584058E+02  -0.2157671630E+01   0.8412233326E+02   0.4142219493E+02   0.1333740557E+02  -0.1758700450E+00   0.9896280354E-02
    126.   3.   0.1454584058E+02  -0.2157671630E+01   0.8412233326E+02   0.4150038486E+02   0.1365375842E+02  -0.1711605093E+00   0.9902178854E-02
    126.   4.   0.1454584058E+02  -0.2157671630E+01   0.8412233326E+02   0.4150234264E+02   0.1367815886E+02  -0.1714208728E+00   0.9903034885E-02
    126.   5.   0.1454584058E+02  -0.2157671630E+01   0.8412233326E+02   0.4150323806E+02   0.1370321799E+02  -0.1709286023E+00   0.9903249283E-02
    126.   6.   0.1454584058E+02  -0.2157671630E+01   0.8412233326E+02   0.4150337703E+02   0.1370503997E+02  -0.1713917063E+00   0.9903317694E-02
    127.   1.   0.1463419141E+02  -0.1441342050E+01   0.8413765526E+02   0.3632425666E+02   0.1156460582E+02  -0.1002881533E+00   0.1012032736E-01
    127.   2.   0.1463419141E+02  -0.1441342050E+01   0.8413765526E+02   0.4190964125E+02   0.1331328482E+02  -0.1192012830E+00   0.1010043642E-01
    127.   3.   0.1463419141E+02  -0.1441342050E+01   0.8413765526E+02   0.4198910491E+02   0.1362956618E+02  -0.1160444757E+00   0.1010646321E-01
    127.   4.   0.1463419141E+02  -0.1441342050E+01   0.8413765526E+02   0.4199107385E+02   0.1365396324E+02  -0.1162300197E+00   0.1010733915E-01
    127.   5.   0.1463419141E+02  -0.1441342050E+01   0.8413765526E+02   0.4199196355E+02   0.1367901885E+02  -0.1159092815E+00   0.1010756003E-01
    127.   6.   0.1463419141E+02  -0.1441342050E+01   0.8413765526E+02   0.4199210451E+02   0.1368093535E+02  -0.1162301047E+00   0.1010763230E-01
    128.   1.   0.1468728718E+02  -0.7215401500E+00   0.8414690654E+02   0.3657699198E+02   0.1155383217E+02  -0.5064711628E-01   0.1024492303E-01
    128.   2.   0.1468728718E+02  -0.7215401500E+00   0.8414690654E+02   0.4220370481E+02   0.1329891785E+02  -0.6019426043E-01   0.1022477934E-01
    128.   3.   0.1468728718E+02  -0.7215401500E+00   0.8414690654E+02   0.4228394869E+02   0.1361516764E+02  -0.5861070415E-01   0.1023088428E-01
    128.   4.   0.1468728718E+02  -0.7215401500E+00   0.8414690654E+02   0.4228592434E+02   0.1363956338E+02  -0.5870713962E-01   0.1023177237E-01
    128.   5.   0.1468728718E+02  -0.7215401500E+00   0.8414690654E+02   0.4228681060E+02   0.1366461754E+02  -0.5854906473E-01   0.1023199717E-01
    128.   6.   0.1468728718E+02  -0.7215401500E+00   0.8414690654E+02   0.4228695276E+02   0.1366659170E+02  -0.5871315646E-01   0.1023207177E-01
