,Surge,Sway,Heave,Roll,Pitch,Yaw
Surge,5660.698393589845,0.0,0.0,0.0,162.56671167122067,0.0
Sway,0.0,6792.8380723078135,0.0,121.9250337534155,0.0,0.0
Heave,0.0,0.0,9321.39678717969,0.0,243.850067506831,0.0
Roll,0.0,121.9250337534155,0.0,566.0698393589845,0.0,0.0
Pitch,162.56671167122067,0.0,243.850067506831,0.0,799.1047590384767,0.0
Yaw,0.0,0.0,0.0,0.0,0.0,679.2838072307813
