,Surge,Sway,Heave,Roll,Pitch,Yaw
Surge,5055.289032197975,0.0,0.0,0.0,47.02723985010189,0.0
Sway,0.0,6066.346838637571,0.0,35.27042988757642,0.0,0.0
Heave,0.0,0.0,8110.578064395951,0.0,70.54085977515284,0.0
Roll,0.0,35.27042988757642,0.0,505.52890321979754,0.0,0.0
Pitch,47.02723985010189,0.0,70.54085977515284,0.0,708.2933548296963,0.0
Yaw,0.0,0.0,0.0,0.0,0.0,606.634683863757
