,Surge,Sway,Heave,Roll,Pitch,Yaw
Surge,5306.317684748032,0.0,0.0,0.0,110.69194817113517,0.0
Sway,0.0,6367.581221697638,0.0,83.01896112835138,0.0,0.0
Heave,0.0,0.0,8612.635369496064,0.0,166.03792225670276,0.0
Roll,0.0,83.01896112835138,0.0,530.6317684748032,0.0,0.0
Pitch,110.69194817113517,0.0,166.03792225670276,0.0,745.9476527122048,0.0
Yaw,0.0,0.0,0.0,0.0,0.0,636.7581221697639
