,Surge,Sway,Heave,Roll,Pitch,Yaw
Surge,5759.800944468373,0.0,0.0,0.0,174.33312301090382,0.0
Sway,0.0,6911.761133362048,0.0,130.74984225817786,0.0,0.0
Heave,0.0,0.0,9519.601888936746,0.0,261.4996845163557,0.0
Roll,0.0,130.74984225817786,0.0,575.9800944468373,0.0,0.0
Pitch,174.33312301090382,0.0,261.4996845163557,0.0,813.970141670256,0.0
Yaw,0.0,0.0,0.0,0.0,0.0,691.1761133362047
