,Surge,Sway,Heave,Roll,Pitch,Yaw
Surge,5873.768546762069,0.0,0.0,0.0,186.95117509789213,0.0
Sway,0.0,7048.522256114482,0.0,140.2133813234191,0.0,0.0
Heave,0.0,0.0,9747.537093524137,0.0,280.4267626468382,0.0
Roll,0.0,140.2133813234191,0.0,587.3768546762068,0.0,0.0
Pitch,186.95117509789213,0.0,280.4267626468382,0.0,831.0652820143102,0.0
Yaw,0.0,0.0,0.0,0.0,0.0,704.8522256114481
