,Surge,Sway,Heave,Roll,Pitch,Yaw
Surge,5554.79498686951,0.0,0.0,0.0,148.96912255491196,0.0
Sway,0.0,6665.753984243412,0.0,111.72684191618396,0.0,0.0
Heave,0.0,0.0,9109.58997373902,0.0,223.45368383236791,0.0
Roll,0.0,111.72684191618396,0.0,555.4794986869509,0.0,0.0
Pitch,148.96912255491196,0.0,223.45368383236791,0.0,783.2192480304265,0.0
Yaw,0.0,0.0,0.0,0.0,0.0,666.5753984243411
