,Surge,Sway,Heave,Roll,Pitch,Yaw
Surge,5063.582202242863,0.0,0.0,0.0,50.431023088120085,0.0
Sway,0.0,6076.298642691435,0.0,37.82326731609007,0.0,0.0
Heave,0.0,0.0,8127.164404485725,0.0,75.64653463218013,0.0
Roll,0.0,37.82326731609007,0.0,506.35822022428624,0.0,0.0
Pitch,50.431023088120085,0.0,75.64653463218013,0.0,709.5373303364294,0.0
Yaw,0.0,0.0,0.0,0.0,0.0,607.6298642691435
