,Surge,Sway,Heave,Roll,Pitch,Yaw
Surge,5147.066932915133,0.0,0.0,0.0,76.69861352466118,0.0
Sway,0.0,6176.4803194981605,0.0,57.52396014349589,0.0,0.0
Heave,0.0,0.0,8294.133865830267,0.0,115.04792028699178,0.0
Roll,0.0,57.52396014349589,0.0,514.7066932915134,0.0,0.0
Pitch,76.69861352466118,0.0,115.04792028699178,0.0,722.0600399372701,0.0
Yaw,0.0,0.0,0.0,0.0,0.0,617.6480319498161
