,Surge,Sway,Heave,Roll,Pitch,Yaw
Surge,5419.507154331338,0.0,0.0,0.0,129.5387439079657,0.0
Sway,0.0,6503.408585197606,0.0,97.15405793097429,0.0,0.0
Heave,0.0,0.0,8839.014308662676,0.0,194.30811586194858,0.0
Roll,0.0,97.15405793097429,0.0,541.9507154331338,0.0,0.0
Pitch,129.5387439079657,0.0,194.30811586194858,0.0,762.9260731497008,0.0
Yaw,0.0,0.0,0.0,0.0,0.0,650.3408585197606
