,Surge,Sway,Heave,Roll,Pitch,Yaw
Surge,5405.102783428234,0.0,0.0,0.0,127.29537044656954,0.0
Sway,0.0,6486.123340113881,0.0,95.47152783492714,0.0,0.0
Heave,0.0,0.0,8810.205566856468,0.0,190.9430556698543,0.0
Roll,0.0,95.47152783492714,0.0,540.5102783428234,0.0,0.0
Pitch,127.29537044656954,0.0,190.9430556698543,0.0,760.7654175142351,0.0
Yaw,0.0,0.0,0.0,0.0,0.0,648.6123340113882
