,Surge,Sway,Heave,Roll,Pitch,Yaw
Surge,5075.71924742832,0.0,0.0,0.0,55.03426112098534,0.0
Sway,0.0,6090.863096913984,0.0,41.275695840739004,0.0,0.0
Heave,0.0,0.0,8151.43849485664,0.0,82.55139168147801,0.0
Roll,0.0,41.275695840739004,0.0,507.571924742832,0.0,0.0
Pitch,55.03426112098534,0.0,82.55139168147801,0.0,711.357887114248,0.0
Yaw,0.0,0.0,0.0,0.0,0.0,609.0863096913984
