,Surge,Sway,Heave,Roll,Pitch,Yaw
Surge,5616.105324090598,0.0,0.0,0.0,156.98475392095858,0.0
Sway,0.0,6739.3263889087175,0.0,117.73856544071894,0.0,0.0
Heave,0.0,0.0,9232.210648181195,0.0,235.4771308814379,0.0
Roll,0.0,117.73856544071894,0.0,561.6105324090598,0.0,0.0
Pitch,156.98475392095858,0.0,235.4771308814379,0.0,792.4157986135897,0.0
Yaw,0.0,0.0,0.0,0.0,0.0,673.9326388908718
