,Surge,Sway,Heave,Roll,Pitch,Yaw
Surge,5187.816631474594,0.0,0.0,0.0,86.67563244063325,0.0
Sway,0.0,6225.379957769513,0.0,65.00672433047494,0.0,0.0
Heave,0.0,0.0,8375.633262949188,0.0,130.01344866094988,0.0
Roll,0.0,65.00672433047494,0.0,518.7816631474594,0.0,0.0
Pitch,86.67563244063325,0.0,130.01344866094988,0.0,728.1724947211891,0.0
Yaw,0.0,0.0,0.0,0.0,0.0,622.5379957769512
