,Surge,Sway,Heave,Roll,Pitch,Yaw
Surge,5073.119320077379,0.0,0.0,0.0,54.081168655042624,0.0
Sway,0.0,6087.743184092855,0.0,40.56087649128197,0.0,0.0
Heave,0.0,0.0,8146.238640154758,0.0,81.12175298256393,0.0
Roll,0.0,40.56087649128197,0.0,507.31193200773794,0.0,0.0
Pitch,54.081168655042624,0.0,81.12175298256393,0.0,710.9678980116068,0.0
Yaw,0.0,0.0,0.0,0.0,0.0,608.7743184092855
