,Surge,Sway,Heave,Roll,Pitch,Yaw
Surge,5317.209521896004,0.0,0.0,0.0,112.64271337214926,0.0
Sway,0.0,6380.651426275205,0.0,84.48203502911194,0.0,0.0
Heave,0.0,0.0,8634.419043792008,0.0,168.96407005822388,0.0
Roll,0.0,84.48203502911194,0.0,531.7209521896004,0.0,0.0
Pitch,112.64271337214926,0.0,168.96407005822388,0.0,747.5814282844007,0.0
Yaw,0.0,0.0,0.0,0.0,0.0,638.0651426275206
