,Surge,Sway,Heave,Roll,Pitch,Yaw
Surge,5638.01238068615,0.0,0.0,0.0,159.75135438376103,0.0
Sway,0.0,6765.61485682338,0.0,119.81351578782076,0.0,0.0
Heave,0.0,0.0,9276.0247613723,0.0,239.62703157564152,0.0
Roll,0.0,119.81351578782076,0.0,563.801238068615,0.0,0.0
Pitch,159.75135438376103,0.0,239.62703157564152,0.0,795.7018571029225,0.0
Yaw,0.0,0.0,0.0,0.0,0.0,676.561485682338
