,Surge,Sway,Heave,Roll,Pitch,Yaw
Surge,5257.217994680312,0.0,0.0,0.0,101.43332680737849,0.0
Sway,0.0,6308.6615936163735,0.0,76.07499510553387,0.0,0.0
Heave,0.0,0.0,8514.435989360623,0.0,152.14999021106775,0.0
Roll,0.0,76.07499510553387,0.0,525.7217994680311,0.0,0.0
Pitch,101.43332680737849,0.0,152.14999021106775,0.0,738.5826992020467,0.0
Yaw,0.0,0.0,0.0,0.0,0.0,630.8661593616373
