,Surge,Sway,Heave,Roll,Pitch,Yaw
Surge,5107.3860169688,0.0,0.0,0.0,65.5396115242681,0.0
Sway,0.0,6128.863220362559,0.0,49.15470864320107,0.0,0.0
Heave,0.0,0.0,8214.7720339376,0.0,98.30941728640214,0.0
Roll,0.0,49.15470864320107,0.0,510.7386016968799,0.0,0.0
Pitch,65.5396115242681,0.0,98.30941728640214,0.0,716.1079025453199,0.0
Yaw,0.0,0.0,0.0,0.0,0.0,612.8863220362559
