,Surge,Sway,Heave,Roll,Pitch,Yaw
Surge,5115.15850639665,0.0,0.0,0.0,67.87002472274503,0.0
Sway,0.0,6138.190207675981,0.0,50.90251854205877,0.0,0.0
Heave,0.0,0.0,8230.3170127933,0.0,101.80503708411754,0.0
Roll,0.0,50.90251854205877,0.0,511.5158506396651,0.0,0.0
Pitch,67.87002472274503,0.0,101.80503708411754,0.0,717.2737759594976,0.0
Yaw,0.0,0.0,0.0,0.0,0.0,613.8190207675981
