,Surge,Sway,Heave,Roll,Pitch,Yaw
Surge,5201.410606032147,0.0,0.0,0.0,89.75758598183168,0.0
Sway,0.0,6241.692727238577,0.0,67.31818948637375,0.0,0.0
Heave,0.0,0.0,8402.821212064295,0.0,134.6363789727475,0.0
Roll,0.0,67.31818948637375,0.0,520.1410606032148,0.0,0.0
Pitch,89.75758598183168,0.0,134.6363789727475,0.0,730.2115909048222,0.0
Yaw,0.0,0.0,0.0,0.0,0.0,624.1692727238577
