,Surge,Sway,Heave,Roll,Pitch,Yaw
Surge,5499.5858101208,0.0,0.0,0.0,141.36276880717915,0.0
Sway,0.0,6599.502972144959,0.0,106.02207660538437,0.0,0.0
Heave,0.0,0.0,8999.1716202416,0.0,212.04415321076874,0.0
Roll,0.0,106.02207660538437,0.0,549.95858101208,0.0,0.0
Pitch,141.36276880717915,0.0,212.04415321076874,0.0,774.9378715181199,0.0
Yaw,0.0,0.0,0.0,0.0,0.0,659.950297214496
