,Surge,Sway,Heave,Roll,Pitch,Yaw
Surge,5194.494888282994,0.0,0.0,0.0,88.20314921429834,0.0
Sway,0.0,6233.3938659395935,0.0,66.15236191072376,0.0,0.0
Heave,0.0,0.0,8388.989776565988,0.0,132.3047238214475,0.0
Roll,0.0,66.15236191072376,0.0,519.4494888282994,0.0,0.0
Pitch,88.20314921429834,0.0,132.3047238214475,0.0,729.1742332424492,0.0
Yaw,0.0,0.0,0.0,0.0,0.0,623.3393865939594
