,Surge,Sway,Heave,Roll,Pitch,Yaw
Surge,5137.140821357797,0.0,0.0,0.0,74.06505825496859,0.0
Sway,0.0,6164.568985629357,0.0,55.54879369122645,0.0,0.0
Heave,0.0,0.0,8274.281642715594,0.0,111.0975873824529,0.0
Roll,0.0,55.54879369122645,0.0,513.7140821357797,0.0,0.0
Pitch,74.06505825496859,0.0,111.0975873824529,0.0,720.5711232036696,0.0
Yaw,0.0,0.0,0.0,0.0,0.0,616.4568985629356
