,Surge,Sway,Heave,Roll,Pitch,Yaw
Surge,5053.390605154645,0.0,0.0,0.0,46.21281430713548,0.0
Sway,0.0,6064.068726185574,0.0,34.65961073035161,0.0,0.0
Heave,0.0,0.0,8106.781210309289,0.0,69.31922146070322,0.0
Roll,0.0,34.65961073035161,0.0,505.33906051546444,0.0,0.0
Pitch,46.21281430713548,0.0,69.31922146070322,0.0,708.0085907731967,0.0
Yaw,0.0,0.0,0.0,0.0,0.0,606.4068726185574
