,Surge,Sway,Heave,Roll,Pitch,Yaw
Surge,5295.799834218585,0.0,0.0,0.0,108.77496664556323,0.0
Sway,0.0,6354.959801062302,0.0,81.58122498417242,0.0,0.0
Heave,0.0,0.0,8591.59966843717,0.0,163.16244996834484,0.0
Roll,0.0,81.58122498417242,0.0,529.5799834218585,0.0,0.0
Pitch,108.77496664556323,0.0,163.16244996834484,0.0,744.3699751327878,0.0
Yaw,0.0,0.0,0.0,0.0,0.0,635.4959801062301
