,Surge,Sway,Heave,Roll,Pitch,Yaw
Surge,5081.19972865608,0.0,0.0,0.0,56.99113217197228,0.0
Sway,0.0,6097.439674387297,0.0,42.74334912897921,0.0,0.0
Heave,0.0,0.0,8162.399457312161,0.0,85.48669825795842,0.0
Roll,0.0,42.74334912897921,0.0,508.119972865608,0.0,0.0
Pitch,56.99113217197228,0.0,85.48669825795842,0.0,712.1799592984121,0.0
Yaw,0.0,0.0,0.0,0.0,0.0,609.7439674387297
