,Surge,Sway,Heave,Roll,Pitch,Yaw
Surge,5070.608664905702,0.0,0.0,0.0,53.14458200257198,0.0
Sway,0.0,6084.730397886843,0.0,39.858436501928985,0.0,0.0
Heave,0.0,0.0,8141.217329811405,0.0,79.71687300385797,0.0
Roll,0.0,39.858436501928985,0.0,507.0608664905702,0.0,0.0
Pitch,53.14458200257198,0.0,79.71687300385797,0.0,710.5912997358554,0.0
Yaw,0.0,0.0,0.0,0.0,0.0,608.4730397886843
