,Surge,Sway,Heave,Roll,Pitch,Yaw
Surge,5352.264313697428,0.0,0.0,0.0,118.70371749821959,0.0
Sway,0.0,6422.717176436914,0.0,89.02778812366469,0.0,0.0
Heave,0.0,0.0,8704.528627394857,0.0,178.05557624732938,0.0
Roll,0.0,89.02778812366469,0.0,535.2264313697428,0.0,0.0
Pitch,118.70371749821959,0.0,178.05557624732938,0.0,752.8396470546143,0.0
Yaw,0.0,0.0,0.0,0.0,0.0,642.2717176436914
