,Surge,Sway,Heave,Roll,Pitch,Yaw
Surge,5328.48864362585,0.0,0.0,0.0,114.62785763083072,0.0
Sway,0.0,6394.18637235102,0.0,85.97089322312304,0.0,0.0
Heave,0.0,0.0,8656.9772872517,0.0,171.94178644624608,0.0
Roll,0.0,85.97089322312304,0.0,532.848864362585,0.0,0.0
Pitch,114.62785763083072,0.0,171.94178644624608,0.0,749.2732965438774,0.0
Yaw,0.0,0.0,0.0,0.0,0.0,639.418637235102
