,Surge,Sway,Heave,Roll,Pitch,Yaw
Surge,5093.379416571982,0.0,0.0,0.0,61.11609168524505,0.0
Sway,0.0,6112.055299886379,0.0,45.83706876393379,0.0,0.0
Heave,0.0,0.0,8186.758833143964,0.0,91.67413752786759,0.0
Roll,0.0,45.83706876393379,0.0,509.3379416571982,0.0,0.0
Pitch,61.11609168524505,0.0,91.67413752786759,0.0,714.0069124857973,0.0
Yaw,0.0,0.0,0.0,0.0,0.0,611.2055299886379
