,Surge,Sway,Heave,Roll,Pitch,Yaw
Surge,5057.25496222668,0.0,0.0,0.0,47.85601831606121,0.0
Sway,0.0,6068.705954672016,0.0,35.89201373704591,0.0,0.0
Heave,0.0,0.0,8114.509924453359,0.0,71.78402747409181,0.0
Roll,0.0,35.89201373704591,0.0,505.72549622266797,0.0,0.0
Pitch,47.85601831606121,0.0,71.78402747409181,0.0,708.588244334002,0.0
Yaw,0.0,0.0,0.0,0.0,0.0,606.8705954672016
