,Surge,Sway,Heave,Roll,Pitch,Yaw
Surge,5208.57222819765,0.0,0.0,0.0,91.33941716425589,0.0
Sway,0.0,6250.286673837179,0.0,68.50456287319193,0.0,0.0
Heave,0.0,0.0,8417.1444563953,0.0,137.00912574638386,0.0
Roll,0.0,68.50456287319193,0.0,520.857222819765,0.0,0.0
Pitch,91.33941716425589,0.0,137.00912574638386,0.0,731.2858342296473,0.0
Yaw,0.0,0.0,0.0,0.0,0.0,625.0286673837179
