,Surge,Sway,Heave,Roll,Pitch,Yaw
Surge,5465.8668470240245,0.0,0.0,0.0,136.50887839609916,0.0
Sway,0.0,6559.04021642883,0.0,102.38165879707438,0.0,0.0
Heave,0.0,0.0,8931.733694048049,0.0,204.76331759414876,0.0
Roll,0.0,102.38165879707438,0.0,546.5866847024025,0.0,0.0
Pitch,136.50887839609916,0.0,204.76331759414876,0.0,769.8800270536037,0.0
Yaw,0.0,0.0,0.0,0.0,0.0,655.904021642883
