,Surge,Sway,Heave,Roll,Pitch,Yaw
Surge,5127.8846611531935,0.0,0.0,0.0,71.52192982664643,0.0
Sway,0.0,6153.461593383832,0.0,53.64144736998482,0.0,0.0
Heave,0.0,0.0,8255.769322306387,0.0,107.28289473996963,0.0
Roll,0.0,53.64144736998482,0.0,512.7884661153194,0.0,0.0
Pitch,71.52192982664643,0.0,107.28289473996963,0.0,719.182699172979,0.0
Yaw,0.0,0.0,0.0,0.0,0.0,615.3461593383832
