,Surge,Sway,Heave,Roll,Pitch,Yaw
Surge,5434.423706116929,0.0,0.0,0.0,131.82165317077903,0.0
Sway,0.0,6521.308447340315,0.0,98.86623987808427,0.0,0.0
Heave,0.0,0.0,8868.847412233858,0.0,197.73247975616854,0.0
Roll,0.0,98.86623987808427,0.0,543.4423706116929,0.0,0.0
Pitch,131.82165317077903,0.0,197.73247975616854,0.0,765.1635559175394,0.0
Yaw,0.0,0.0,0.0,0.0,0.0,652.1308447340315
