,Surge,Sway,Heave,Roll,Pitch,Yaw
Surge,5904.83741803596,0.0,0.0,0.0,190.2458849001428,0.0
Sway,0.0,7085.804901643151,0.0,142.6844136751071,0.0,0.0
Heave,0.0,0.0,9809.67483607192,0.0,285.3688273502142,0.0
Roll,0.0,142.6844136751071,0.0,590.483741803596,0.0,0.0
Pitch,190.2458849001428,0.0,285.3688273502142,0.0,835.7256127053939,0.0
Yaw,0.0,0.0,0.0,0.0,0.0,708.5804901643152
