,Surge,Sway,Heave,Roll,Pitch,Yaw
Surge,5786.817432787788,0.0,0.0,0.0,177.40546020771598,0.0
Sway,0.0,6944.180919345345,0.0,133.05409515578697,0.0,0.0
Heave,0.0,0.0,9573.634865575576,0.0,266.10819031157394,0.0
Roll,0.0,133.05409515578697,0.0,578.6817432787788,0.0,0.0
Pitch,177.40546020771598,0.0,266.10819031157394,0.0,818.0226149181681,0.0
Yaw,0.0,0.0,0.0,0.0,0.0,694.4180919345345
