,Surge,Sway,Heave,Roll,Pitch,Yaw
Surge,5059.290795466276,0.0,0.0,0.0,48.699402651891425,0.0
Sway,0.0,6071.148954559531,0.0,36.52455198891857,0.0,0.0
Heave,0.0,0.0,8118.581590932553,0.0,73.04910397783713,0.0
Roll,0.0,36.52455198891857,0.0,505.92907954662763,0.0,0.0
Pitch,48.699402651891425,0.0,73.04910397783713,0.0,708.8936193199414,0.0
Yaw,0.0,0.0,0.0,0.0,0.0,607.1148954559532
