,Surge,Sway,Heave,Roll,Pitch,Yaw
Surge,5377.76084230802,0.0,0.0,0.0,122.92450403528503,0.0
Sway,0.0,6453.313010769624,0.0,92.19337802646378,0.0,0.0
Heave,0.0,0.0,8755.52168461604,0.0,184.38675605292755,0.0
Roll,0.0,92.19337802646378,0.0,537.776084230802,0.0,0.0
Pitch,122.92450403528503,0.0,184.38675605292755,0.0,756.664126346203,0.0
Yaw,0.0,0.0,0.0,0.0,0.0,645.3313010769624
