,Surge,Sway,Heave,Roll,Pitch,Yaw
Surge,5223.668471492348,0.0,0.0,0.0,94.58720240970177,0.0
Sway,0.0,6268.402165790817,0.0,70.94040180727633,0.0,0.0
Heave,0.0,0.0,8447.336942984695,0.0,141.88080361455266,0.0
Roll,0.0,70.94040180727633,0.0,522.3668471492347,0.0,0.0
Pitch,94.58720240970177,0.0,141.88080361455266,0.0,733.5502707238521,0.0
Yaw,0.0,0.0,0.0,0.0,0.0,626.8402165790817
