,Surge,Sway,Heave,Roll,Pitch,Yaw
Surge,5169.126481331137,0.0,0.0,0.0,82.24998026288816,0.0
Sway,0.0,6202.9517775973645,0.0,61.68748519716612,0.0,0.0
Heave,0.0,0.0,8338.252962662275,0.0,123.37497039433224,0.0
Roll,0.0,61.68748519716612,0.0,516.9126481331137,0.0,0.0
Pitch,82.24998026288816,0.0,123.37497039433224,0.0,725.3689721996706,0.0
Yaw,0.0,0.0,0.0,0.0,0.0,620.2951777597365
