,Surge,Sway,Heave,Roll,Pitch,Yaw
Surge,5364.7898900153305,0.0,0.0,0.0,120.7956770775065,0.0
Sway,0.0,6437.747868018397,0.0,90.59675780812987,0.0,0.0
Heave,0.0,0.0,8729.579780030661,0.0,181.19351561625973,0.0
Roll,0.0,90.59675780812987,0.0,536.478989001533,0.0,0.0
Pitch,120.7956770775065,0.0,181.19351561625973,0.0,754.7184835022996,0.0
Yaw,0.0,0.0,0.0,0.0,0.0,643.7747868018397
