,Surge,Sway,Heave,Roll,Pitch,Yaw
Surge,5051.557363286304,0.0,0.0,0.0,45.412493120860006,0.0
Sway,0.0,6061.868835943565,0.0,34.059369840645005,0.0,0.0
Heave,0.0,0.0,8103.114726572608,0.0,68.11873968129001,0.0
Roll,0.0,34.059369840645005,0.0,505.1557363286304,0.0,0.0
Pitch,45.412493120860006,0.0,68.11873968129001,0.0,707.7336044929456,0.0
Yaw,0.0,0.0,0.0,0.0,0.0,606.1868835943565
