,Surge,Sway,Heave,Roll,Pitch,Yaw
Surge,5248.386051386678,0.0,0.0,0.0,99.67668762286958,0.0
Sway,0.0,6298.063261664013,0.0,74.75751571715219,0.0,0.0
Heave,0.0,0.0,8496.772102773357,0.0,149.51503143430438,0.0
Roll,0.0,74.75751571715219,0.0,524.8386051386678,0.0,0.0
Pitch,99.67668762286958,0.0,149.51503143430438,0.0,737.2579077080017,0.0
Yaw,0.0,0.0,0.0,0.0,0.0,629.8063261664014
