,Surge,Sway,Heave,Roll,Pitch,Yaw
Surge,5239.857365345473,0.0,0.0,0.0,97.95047020723759,0.0
Sway,0.0,6287.828838414568,0.0,73.4628526554282,0.0,0.0
Heave,0.0,0.0,8479.714730690946,0.0,146.9257053108564,0.0
Roll,0.0,73.4628526554282,0.0,523.9857365345473,0.0,0.0
Pitch,97.95047020723759,0.0,146.9257053108564,0.0,735.978604801821,0.0
Yaw,0.0,0.0,0.0,0.0,0.0,628.7828838414569
