,Surge,Sway,Heave,Roll,Pitch,Yaw
Surge,5266.363978242737,0.0,0.0,0.0,103.22092389486495,0.0
Sway,0.0,6319.636773891285,0.0,77.4156929211487,0.0,0.0
Heave,0.0,0.0,8532.727956485474,0.0,154.8313858422974,0.0
Roll,0.0,77.4156929211487,0.0,526.6363978242738,0.0,0.0
Pitch,103.22092389486495,0.0,154.8313858422974,0.0,739.9545967364106,0.0
Yaw,0.0,0.0,0.0,0.0,0.0,631.9636773891285
