,Surge,Sway,Heave,Roll,Pitch,Yaw
Surge,5049.787068367864,0.0,0.0,0.0,44.626032029685966,0.0
Sway,0.0,6059.744482041437,0.0,33.46952402226447,0.0,0.0
Heave,0.0,0.0,8099.574136735728,0.0,66.93904804452895,0.0
Roll,0.0,33.46952402226447,0.0,504.9787068367864,0.0,0.0
Pitch,44.626032029685966,0.0,66.93904804452895,0.0,707.4680602551796,0.0
Yaw,0.0,0.0,0.0,0.0,0.0,605.9744482041436
