,Surge,Sway,Heave,Roll,Pitch,Yaw
Surge,5123.493560612836,0.0,0.0,0.0,70.28330117825584,0.0
Sway,0.0,6148.192272735402,0.0,52.71247588369188,0.0,0.0
Heave,0.0,0.0,8246.987121225671,0.0,105.42495176738376,0.0
Roll,0.0,52.71247588369188,0.0,512.3493560612835,0.0,0.0
Pitch,70.28330117825584,0.0,105.42495176738376,0.0,718.5240340919253,0.0
Yaw,0.0,0.0,0.0,0.0,0.0,614.8192272735403
