,Surge,Sway,Heave,Roll,Pitch,Yaw
Surge,5843.76646908335,0.0,0.0,0.0,183.71352362668893,0.0
Sway,0.0,7012.5197629000195,0.0,137.7851427200167,0.0,0.0
Heave,0.0,0.0,9687.5329381667,0.0,275.5702854400334,0.0
Roll,0.0,137.7851427200167,0.0,584.376646908335,0.0,0.0
Pitch,183.71352362668893,0.0,275.5702854400334,0.0,826.5649703625024,0.0
Yaw,0.0,0.0,0.0,0.0,0.0,701.251976290002
