,Surge,Sway,Heave,Roll,Pitch,Yaw
Surge,5142.017181969484,0.0,0.0,0.0,75.37033420901989,0.0
Sway,0.0,6170.4206183633805,0.0,56.527750656764916,0.0,0.0
Heave,0.0,0.0,8284.034363938968,0.0,113.05550131352983,0.0
Roll,0.0,56.527750656764916,0.0,514.2017181969484,0.0,0.0
Pitch,75.37033420901989,0.0,113.05550131352983,0.0,721.3025772954226,0.0
Yaw,0.0,0.0,0.0,0.0,0.0,617.042061836338
