{
  "vessel_name": "UnitBox",
  "solver_names": [
    "AQWA",
    "BEMRosetta",
    "OrcaWave"
  ],
  "comparison_date": "2026-02-24 15:50:34",
  "overall_consensus": "SPLIT",
  "pairwise_results": {
    "AQWA-vs-BEMRosetta": {
      "solver_a": "AQWA",
      "solver_b": "BEMRosetta",
      "overall_agreement": "POOR",
      "rao_comparisons": {
        "surge": {
          "magnitude_correlation": 0.9999988251600285,
          "magnitude_rms_error": 0.0019446296495036954,
          "phase_correlation": -0.24362660485432422,
          "max_magnitude_diff": 0.006369966927472159,
          "max_phase_diff": 41.99730959609501
        },
        "sway": {
          "magnitude_correlation": 0.9999986624060988,
          "magnitude_rms_error": 0.001715001764493192,
          "phase_correlation": 0.011004204823778563,
          "max_magnitude_diff": 0.006654182521067753,
          "max_phase_diff": 57.29778858810913
        },
        "heave": {
          "magnitude_correlation": 0.9999873388058236,
          "magnitude_rms_error": 0.002946128142499228,
          "phase_correlation": 0.40569738478404677,
          "max_magnitude_diff": 0.005552629951814492,
          "max_phase_diff": 3.827241853522338
        },
        "roll": {
          "magnitude_correlation": 0.9999999906471574,
          "magnitude_rms_error": 0.022432568009899446,
          "phase_correlation": 0.28344845195745433,
          "max_magnitude_diff": 0.061447970043307265,
          "max_phase_diff": 47.80216211717891
        },
        "pitch": {
          "magnitude_correlation": 0.999999987488264,
          "magnitude_rms_error": 0.02714420352194129,
          "phase_correlation": 0.1255738826908738,
          "max_magnitude_diff": 0.06098647191187112,
          "max_phase_diff": 48.38650722929971
        },
        "yaw": {
          "magnitude_correlation": 0.11148790886533672,
          "magnitude_rms_error": 0.00047285532143951763,
          "phase_correlation": -0.13342809316526213,
          "max_magnitude_diff": 0.0010778471973463082,
          "max_phase_diff": 46.25106897160525
        }
      },
      "added_mass_correlations": {
        "1,1": 0.9972495453222799,
        "1,2": -0.3733316572638497,
        "1,3": -0.06132965661544778,
        "1,4": 0.2899548491664777,
        "1,5": -0.3001532374382499,
        "1,6": -0.2898914488654378,
        "2,1": -0.13728316355537618,
        "2,2": 0.9981913790076788,
        "2,3": 0.006360632663175122,
        "2,4": 0.2714945398738854,
        "2,5": -0.3213313913334699,
        "2,6": -0.14130146664662543,
        "3,1": 0.06370037883039106,
        "3,2": 0.13612756965177522,
        "3,3": 0.9848159904651387,
        "3,4": 0.31282631371091907,
        "3,5": -0.2961223421553648,
        "3,6": 0.08991289719639904,
        "4,1": 0.28106682527451876,
        "4,2": 0.12862657971985678,
        "4,3": 0.35654900124723654,
        "4,4": 0.8630544366915772,
        "4,5": -0.06404074460949304,
        "4,6": 0.4108920234402426,
        "5,1": 0.23247270820246937,
        "5,2": 0.10185198379450998,
        "5,3": -0.025885948642377168,
        "5,4": -0.2028648291397793,
        "5,5": 0.904889085640936,
        "5,6": -0.17940948392587286,
        "6,1": -0.4370998559650849,
        "6,2": -0.2598110445035601,
        "6,3": -0.3224389662886733,
        "6,4": 0.1541577896453164,
        "6,5": -0.008338161420564573,
        "6,6": 0.4285936773233101
      },
      "damping_correlations": {
        "1,1": 0.9999849512565442,
        "1,2": 0.3917052324433081,
        "1,3": -0.1411234164492652,
        "1,4": 0.08184261873399609,
        "1,5": 0.007012942295651405,
        "1,6": 0.09658101931252702,
        "2,1": 0.04112464999508869,
        "2,2": 0.9999864385741707,
        "2,3": -0.04618104566462561,
        "2,4": 0.13310661436938145,
        "2,5": -0.14912992604754668,
        "2,6": -0.09098102144288402,
        "3,1": -0.08881908973167338,
        "3,2": 0.03499504431019175,
        "3,3": 0.9999678803801837,
        "3,4": -0.07838635545482714,
        "3,5": -0.013596744851881743,
        "3,6": 0.40851938374833535,
        "4,1": -0.23556821800139094,
        "4,2": 0.13164934525463795,
        "4,3": 0.2520193670088062,
        "4,4": 0.9986653812149774,
        "4,5": 0.16266760102913685,
        "4,6": 0.3255564013925163,
        "5,1": -0.13696928401589004,
        "5,2": -0.27612716093451745,
        "5,3": -0.3203946529527133,
        "5,4": 0.18198925806415928,
        "5,5": 0.9991945302985193,
        "5,6": 0.025904001810134972,
        "6,1": -0.08915677006736043,
        "6,2": 0.41562094283617673,
        "6,3": -0.28895054418957317,
        "6,4": -0.06192154691554336,
        "6,5": -0.05880160397607825,
        "6,6": 0.9605378433158634
      },
      "hydrostatic_comparison": null
    },
    "AQWA-vs-OrcaWave": {
      "solver_a": "AQWA",
      "solver_b": "OrcaWave",
      "overall_agreement": "POOR",
      "rao_comparisons": {
        "surge": {
          "magnitude_correlation": 0.999998737606373,
          "magnitude_rms_error": 0.0031055878498942435,
          "phase_correlation": -0.13550700828553405,
          "max_magnitude_diff": 0.009617505108211244,
          "max_phase_diff": 50.57938147300803
        },
        "sway": {
          "magnitude_correlation": 0.9999985849496643,
          "magnitude_rms_error": 0.0026217822054470383,
          "phase_correlation": 0.33001294655213936,
          "max_magnitude_diff": 0.010733355838631997,
          "max_phase_diff": 60.618800913048155
        },
        "heave": {
          "magnitude_correlation": 0.9999915384635997,
          "magnitude_rms_error": 0.00482712470698723,
          "phase_correlation": 0.3209342236144941,
          "max_magnitude_diff": 0.006857493700823003,
          "max_phase_diff": 3.272813541859768
        },
        "roll": {
          "magnitude_correlation": 0.99999998894039,
          "magnitude_rms_error": 0.03734942754824084,
          "phase_correlation": 0.14770700557635066,
          "max_magnitude_diff": 0.10160591752858039,
          "max_phase_diff": 40.54147884440878
        },
        "pitch": {
          "magnitude_correlation": 0.9999999855571307,
          "magnitude_rms_error": 0.04530232700489368,
          "phase_correlation": 0.41206582165972355,
          "max_magnitude_diff": 0.10152123466968987,
          "max_phase_diff": 45.27250306074409
        },
        "yaw": {
          "magnitude_correlation": 0.08875929264637204,
          "magnitude_rms_error": 0.000489237166696057,
          "phase_correlation": 0.4572478185897936,
          "max_magnitude_diff": 0.0010915005668687854,
          "max_phase_diff": 50.66467102045095
        }
      },
      "added_mass_correlations": {
        "1,1": 0.9979090337268617,
        "1,2": 0.06153289240187565,
        "1,3": -0.10753254342711605,
        "1,4": -0.21883492875253455,
        "1,5": -0.389748778733349,
        "1,6": -0.30110993896372,
        "2,1": 0.0242990865989591,
        "2,2": 0.9979290777394727,
        "2,3": -0.2789332166934753,
        "2,4": -0.012896232552433103,
        "2,5": 0.06674593011597249,
        "2,6": -0.29230852756345066,
        "3,1": -0.12715047661585513,
        "3,2": 0.09378161681664063,
        "3,3": 0.9894707171274858,
        "3,4": 0.02234999016160157,
        "3,5": -0.3444140313674107,
        "3,6": -0.08141659580572239,
        "4,1": 0.27692180053571536,
        "4,2": 0.1829494931854637,
        "4,3": -0.42159711990030063,
        "4,4": 0.8550273460600547,
        "4,5": 0.06257557023063148,
        "4,6": -0.1285741200750053,
        "5,1": 0.007797993909948072,
        "5,2": 0.025706234233821703,
        "5,3": 0.30335944104166357,
        "5,4": -0.03330845971320834,
        "5,5": 0.8027080059820886,
        "5,6": 0.20346508746447606,
        "6,1": -0.0988258027624667,
        "6,2": 0.06936958721628544,
        "6,3": -0.1291977535409275,
        "6,4": 0.1112838221667846,