Filename,Total_Cycles,Max_Range_kN,Mean_Range_kN,Scale_Factor,Dominant_Freq_Hz,Dominant_Period_s
fsts_l015_125km3_l100_pb_FC001_Strut1_tension,4840.0,50.39278499999999,8.643104857614528,2920.0,0.024,41.666666666666664
fsts_l015_125km3_l100_pb_FC001_Strut2_tension,4120.0,88.64078599999999,7.939670216707021,2920.0,0.014,71.42857142857143
fsts_l015_125km3_l100_pb_FC001_Strut3_tension,3899.5,115.30632100000003,5.991301023023792,2920.0,0.014,71.42857142857143
fsts_l015_125km3_l100_pb_FC001_Strut4_tension,4484.0,155.92244399999998,13.390251805963507,2920.0,0.022,45.45454545454546
fsts_l015_125km3_l100_pb_FC001_Strut5_tension,4106.5,57.96756900000001,2.959582092345079,2920.0,0.022,45.45454545454546
