# digitalmodel weldolet_crack CINT table
# units: length=mm force=N stress=MPa K=MPa*sqrt(mm) J=N/mm
# mesh_level     2.
# front_nodes     256.
# contours   6.
# columns: node contour x y z K1 K2 K3 J
      1.   1.   0.1425500000E+02   0.0000000000E+00   0.8415000000E+02   0.3857598099E+02   0.1113340188E+02   0.3118815978E-09   0.9606321815E-02
      1.   2.   0.1425500000E+02   0.0000000000E+00   0.8415000000E+02   0.4199399365E+02   0.1196956435E+02  -0.6812485238E-09   0.9586960650E-02
      1.   3.   0.1425500000E+02   0.0000000000E+00   0.8415000000E+02   0.4200762932E+02   0.1201690121E+02  -0.2236978748E-09   0.9592734983E-02
      1.   4.   0.1425500000E+02   0.0000000000E+00   0.8415000000E+02   0.4200957681E+02   0.1201920857E+02   0.1576289107E-08   0.9593566815E-02
      1.   5.   0.1425500000E+02   0.0000000000E+00   0.8415000000E+02   0.4201004377E+02   0.1202056902E+02   0.1366632573E-08   0.9593768332E-02
      1.   6.   0.1425500000E+02   0.0000000000E+00   0.8415000000E+02   0.4201017782E+02   0.1202154152E+02   0.1043014037E-08   0.9593828473E-02
      2.   1.   0.1425070666E+02   0.3498352100E+00   0.8414927282E+02   0.3855360448E+02   0.1113438009E+02   0.5180864098E-01   0.9596161792E-02
      2.   2.   0.1425070666E+02   0.3498352100E+00   0.8414927282E+02   0.4196951523E+02   0.1197062038E+02   0.5722302159E-01   0.9576821340E-02
      2.   3.   0.1425070666E+02   0.3498352100E+00   0.8414927282E+02   0.4198314382E+02   0.1201796100E+02   0.5724595846E-01   0.9582589334E-02
      2.   4.   0.1425070666E+02   0.3498352100E+00   0.8414927282E+02   0.4198509010E+02   0.1202026600E+02   0.5731176061E-01   0.9583420213E-02
      2.   5.   0.1425070666E+02   0.3498352100E+00   0.8414927282E+02   0.4198555672E+02   0.1202162444E+02   0.5735483735E-01   0.9583621469E-02
      2.   6.   0.1425070666E+02   0.3498352100E+00   0.8414927282E+02   0.4198569067E+02   0.1202259490E+02   0.5738438559E-01   0.9583681488E-02
      3.   1.   0.1423782923E+02   0.6994597000E+00   0.8414709297E+02   0.3848651678E+02   0.1113734861E+02   0.1035249538E+00   0.9565737483E-02
      3.   2.   0.1423782923E+02   0.6994597000E+00   0.8414709297E+02   0.4189612877E+02   0.1197379364E+02   0.1143453302E+00   0.9546460491E-02
      3.   3.   0.1423782923E+02   0.6994597000E+00   0.8414709297E+02   0.4190973597E+02   0.1202114390E+02   0.1143907782E+00   0.9552209400E-02
      3.   4.   0.1423782923E+02   0.6994597000E+00   0.8414709297E+02   0.4191167859E+02   0.1202344212E+02   0.1145219725E+00   0.9553037440E-02
      3.   5.   0.1423782923E+02   0.6994597000E+00   0.8414709297E+02   0.4191214426E+02   0.1202479434E+02   0.1146077563E+00   0.9553237887E-02
      3.   6.   0.1423782923E+02   0.6994597000E+00   0.8414709297E+02   0.4191227785E+02   0.1202575868E+02   0.1146665190E+00   0.9553297567E-02
      4.   1.   0.1421637546E+02   0.1048662850E+01   0.8414346562E+02   0.3837487066E+02   0.1114225766E+02   0.1550566093E+00   0.9515220118E-02
      4.   2.   0.1421637546E+02   0.1048662850E+01   0.8414346562E+02   0.4177398574E+02   0.1197908936E+02   0.1712658386E+00   0.9496048493E-02
      4.   3.   0.1421637546E+02   0.1048662850E+01   0.8414346562E+02   0.4178755736E+02   0.1202645528E+02   0.1713328800E+00   0.9501765760E-02
      4.   4.   0.1421637546E+02   0.1048662850E+01   0.8414346562E+02   0.4178949397E+02   0.1202874215E+02   0.1715286205E+00   0.9502589051E-02
      4.   5.   0.1421637546E+02   0.1048662850E+01   0.8414346562E+02   0.4178995804E+02   0.1203008464E+02   0.1716564613E+00   0.9502788185E-02
      4.   6.   0.1421637546E+02   0.1048662850E+01   0.8414346562E+02   0.4179009107E+02   0.1203103871E+02   0.1717437668E+00   0.9502847291E-02
      5.   1.   0.1418635828E+02   0.1397234340E+01   0.8413839930E+02   0.3821890053E+02   0.1114916211E+02   0.2063114444E+00   0.9444893843E-02
      5.   2.   0.1418635828E+02   0.1397234340E+01   0.8413839930E+02   0.4160333377E+02   0.1198652023E+02   0.2278840334E+00   0.9425868145E-02
      5.   3.   0.1418635828E+02   0.1397234340E+01   0.8413839930E+02   0.4161685568E+02   0.1203390821E+02   0.2279714348E+00   0.9431541255E-02
      5.   4.   0.1418635828E+02   0.1397234340E+01   0.8413839930E+02   0.4161878382E+02   0.1203617903E+02   0.2282304203E+00   0.9432357946E-02
      5.   5.   0.1418635828E+02   0.1397234340E+01   0.8413839930E+02   0.4161924569E+02   0.1203750770E+02   0.2283992625E+00   0.9432555238E-02
      5.   6.   0.1418635828E+02   0.1397234340E+01   0.8413839930E+02   0.4161937790E+02   0.1203844748E+02   0.2285141143E+00   0.9432613547E-02
      6.   1.   0.1414779577E+02   0.1744964170E+01   0.8413190596E+02   0.3801890004E+02   0.1115802313E+02   0.2571992803E+00   0.9355154015E-02
      6.   2.   0.1414779577E+02   0.1744964170E+01   0.8413190596E+02   0.4138452135E+02   0.1199610291E+02   0.2841017775E+00   0.9336313064E-02
      6.   3.   0.1414779577E+02   0.1744964170E+01   0.8413190596E+02   0.4139797946E+02   0.1204352014E+02   0.2842079973E+00   0.9341929876E-02
      6.   4.   0.1414779577E+02   0.1744964170E+01   0.8413190596E+02   0.4139989679E+02   0.1204577011E+02   0.2845284230E+00   0.9342738134E-02
      6.   5.   0.1414779577E+02   0.1744964170E+01   0.8413190596E+02   0.4140035582E+02   0.1204708131E+02   0.2847369323E+00   0.9342933096E-02
      6.   6.   0.1414779577E+02   0.1744964170E+01   0.8413190596E+02   0.4140048704E+02   0.1204800273E+02   0.2848779576E+00   0.9342990389E-02
      7.   1.   0.1410071115E+02   0.2091642910E+01   0.8412400091E+02   0.3777531021E+02   0.1116886295E+02   0.3076262962E+00   0.9246501018E-02
      7.   2.   0.1410071115E+02   0.2091642910E+01   0.8412400091E+02   0.4111799745E+02   0.1200785989E+02   0.3398163172E+00   0.9227884792E-02
      7.   3.   0.1410071115E+02   0.2091642910E+01   0.8412400091E+02   0.4113137776E+02   0.1205531274E+02   0.3399392915E+00   0.9233433411E-02
      7.   4.   0.1410071115E+02   0.2091642910E+01   0.8412400091E+02   0.4113328185E+02   0.1205753791E+02   0.3403191641E+00   0.9234231466E-02
      7.   5.   0.1410071115E+02   0.2091642910E+01   0.8412400091E+02   0.4113373742E+02   0.1205882783E+02   0.3405656618E+00   0.9234423596E-02
      7.   6.   0.1410071115E+02   0.2091642910E+01   0.8412400091E+02   0.4113386738E+02   0.1205972728E+02   0.3407312980E+00   0.9234479663E-02
      8.   1.   0.1404513279E+02   0.2437061720E+01   0.8411470282E+02   0.3748861526E+02   0.1118164872E+02   0.3575023707E+00   0.9119542721E-02
      8.   2.   0.1404513279E+02   0.2437061720E+01   0.8411470282E+02   0.4080430822E+02   0.1202181599E+02   0.3949287706E+00   0.9101189042E-02
      8.   3.   0.1404513279E+02   0.2437061720E+01   0.8411470282E+02   0.4081759733E+02   0.1206931139E+02   0.3950661048E+00   0.9106658139E-02
      8.   4.   0.1404513279E+02   0.2437061720E+01   0.8411470282E+02   0.4081948594E+02   0.1207150810E+02   0.3955031043E+00   0.9107444310E-02
      8.   5.   0.1404513279E+02   0.2437061720E+01   0.8411470282E+02   0.4081993742E+02   0.1207277314E+02   0.3957855745E+00   0.9107633111E-02
      8.   6.   0.1404513279E+02   0.2437061720E+01   0.8411470282E+02   0.4082006592E+02   0.1207364701E+02   0.3959739205E+00   0.9107687733E-02
      9.   1.   0.1398109417E+02   0.2781012540E+01   0.8410403361E+02   0.3715941395E+02   0.1119642172E+02   0.4067367096E+00   0.8974987028E-02
      9.   2.   0.1398109417E+02   0.2781012540E+01   0.8410403361E+02   0.4044409795E+02   0.1203800380E+02   0.4493403390E+00   0.8956932096E-02
      9.   3.   0.1398109417E+02   0.2781012540E+01   0.8410403361E+02   0.4045728218E+02   0.1208554850E+02   0.4494894260E+00   0.8962310651E-02
      9.   4.   0.1398109417E+02   0.2781012540E+01   0.8410403361E+02   0.4045915295E+02   0.1208771250E+02   0.4499806648E+00   0.8963083273E-02
      9.   5.   0.1398109417E+02   0.2781012540E+01   0.8410403361E+02   0.4045959978E+02   0.1208894929E+02   0.4502968539E+00   0.8963268319E-02
      9.   6.   0.1398109417E+02   0.2781012540E+01   0.8410403361E+02   0.4045972660E+02   0.1208979397E+02   0.4505056880E+00   0.8963321292E-02
     10.   1.   0.1390863386E+02   0.3123288180E+01   0.8409201847E+02   0.3678840689E+02   0.1121317202E+02   0.4552391684E+00   0.8813638105E-02
     10.   2.   0.1390863386E+02   0.3123288180E+01   0.8409201847E+02   0.4003812562E+02   0.1206676719E+02   0.5025899710E+00   0.8795916397E-02
     10.   3.   0.1390863386E+02   0.3123288180E+01   0.8409201847E+02   0.4005116289E+02   0.1210397174E+02   0.5003874420E+00   0.8801193961E-02
     10.   4.   0.1390863386E+02   0.3123288180E+01   0.8409201847E+02   0.4005301358E+02   0.1210609939E+02   0.5009297894E+00   0.8801951479E-02
     10.   5.   0.1390863386E+02   0.3123288180E+01   0.8409201847E+02   0.4005345514E+02   0.1210730463E+02   0.5012771462E+00   0.8802132313E-02
     10.   6.   0.1390863386E+02   0.3123288180E+01   0.8409201847E+02   0.4005358007E+02   0.1210811651E+02   0.5015038899E+00   0.8802183434E-02
     11.   1.   0.1382779551E+02   0.3463682460E+01   0.8407868579E+02   0.3637633418E+02   0.1123187874E+02   0.5029193170E+00   0.8636390949E-02
     11.   2.   0.1382779551E+02   0.3463682460E+01   0.8407868579E+02   0.3958721151E+02   0.1208756400E+02   0.5552755238E+00   0.8619035184E-02
     11.   3.   0.1382779551E+02   0.3463682460E+01   0.8407868579E+02   0.3960010790E+02   0.1212478871E+02   0.5531118788E+00   0.8624201860E-02
     11.   4.   0.1382779551E+02   0.3463682460E+01   0.8407868579E+02   0.3960193628E+02   0.1212687607E+02   0.5537017049E+00   0.8624942797E-02
     11.   5.   0.1382779551E+02   0.3463682460E+01   0.8407868579E+02   0.3960237199E+02   0.1212804647E+02   0.5540772762E+00   0.8625118991E-02
     11.   6.   0.1382779551E+02   0.3463682460E+01   0.8407868579E+02   0.3960249483E+02   0.1212882287E+02   0.5543194414E+00   0.8625168080E-02
     12.   1.   0.1373862782E+02   0.3801990360E+01   0.8406406705E+02   0.3592404845E+02   0.1125256338E+02   0.5496867233E+00   0.8444224223E-02
     12.   2.   0.1373862782E+02   0.3801990360E+01   0.8406406705E+02   0.3909229730E+02   0.1211071935E+02   0.6069653720E+00   0.8427264831E-02
     12.   3.   0.1373862782E+02   0.3801990360E+01   0.8406406705E+02   0.3910503995E+02   0.1214796742E+02   0.6048360665E+00   0.8432311444E-02
     12.   4.   0.1373862782E+02   0.3801990360E+01   0.8406406705E+02   0.3910684387E+02   0.1215001158E+02   0.6054698323E+00   0.8433034402E-02
     12.   5.   0.1373862782E+02   0.3801990360E+01   0.8406406705E+02   0.3910727318E+02   0.1215114418E+02   0.6058705440E+00   0.8433205570E-02
     12.   6.   0.1373862782E+02   0.3801990360E+01   0.8406406705E+02   0.3910739374E+02   0.1215188208E+02   0.6061251846E+00   0.8433252454E-02
     13.   1.   0.1364118449E+02   0.4138008070E+01   0.8404819682E+02   0.3543255890E+02   0.1127521501E+02   0.5954525549E+00   0.8238195118E-02
     13.   2.   0.1364118449E+02   0.4138008070E+01   0.8404819682E+02   0.3855441884E+02   0.1213628229E+02   0.6575611424E+00   0.8221660449E-02
     13.   3.   0.1364118449E+02   0.4138008070E+01   0.8404819682E+02   0.3856699436E+02   0.1217355864E+02   0.6554619942E+00   0.8226578283E-02
     13.   4.   0.1364118449E+02   0.4138008070E+01   0.8404819682E+02   0.3856877168E+02   0.1217555619E+02   0.6561354709E+00   0.8227282017E-02
     13.   5.   0.1364118449E+02   0.4138008070E+01   0.8404819682E+02   0.3856919404E+02   0.1217664875E+02   0.6565582990E+00   0.8227447809E-02
     13.   6.   0.1364118449E+02   0.4138008070E+01   0.8404819682E+02   0.3856931210E+02   0.1217734540E+02   0.6568222889E+00   0.8227492305E-02
     14.   1.   0.1353552421E+02   0.4471533210E+01   0.8403111264E+02   0.3490287760E+02   0.1129982520E+02   0.6401267302E+00   0.8019431259E-02
     14.   2.   0.1353552421E+02   0.4471533210E+01   0.8403111264E+02   0.3797470245E+02   0.1216430724E+02   0.7069642299E+00   0.8003347565E-02
     14.   3.   0.1353552421E+02   0.4471533210E+01   0.8403111264E+02   0.3798709883E+02   0.1220161674E+02   0.7048906298E+00   0.8008128803E-02
     14.   4.   0.1353552421E+02   0.4471533210E+01   0.8403111264E+02   0.3798884752E+02   0.1220356480E+02   0.7055994489E+00   0.8008812101E-02
     14.   5.   0.1353552421E+02   0.4471533210E+01   0.8403111264E+02   0.3798926239E+02   0.1220461512E+02   0.7060411234E+00   0.8008972200E-02
     14.   6.   0.1353552421E+02   0.4471533210E+01   0.8403111264E+02   0.3798937777E+02   0.1220526824E+02   0.7063113052E+00   0.8009014151E-02
     15.   1.   0.1342171065E+02   0.4802364860E+01   0.8401285492E+02   0.3433609265E+02   0.1132644407E+02   0.6836202928E+00   0.7789124227E-02
     15.   2.   0.1342171065E+02   0.4802364860E+01   0.8401285492E+02   0.3735437297E+02   0.1220540619E+02   0.7546919239E+00   0.7773513855E-02
     15.   3.   0.1342171065E+02   0.4802364860E+01   0.8401285492E+02   0.3736657544E+02   0.1223239953E+02   0.7557140820E+00   0.7778151457E-02
     15.   4.   0.1342171065E+02   0.4802364860E+01   0.8401285492E+02   0.3736829345E+02   0.1223429574E+02   0.7564538989E+00   0.7778813257E-02
     15.   5.   0.1342171065E+02   0.4802364860E+01   0.8401285492E+02   0.3736870031E+02   0.1223530162E+02   0.7569108845E+00   0.7778967376E-02
     15.   6.   0.1342171065E+02   0.4802364860E+01   0.8401285492E+02   0.3736881282E+02   0.1223590879E+02   0.7571837200E+00   0.7779006611E-02
     16.   1.   0.1329981235E+02   0.5130303750E+01   0.8399346691E+02   0.3375047769E+02   0.1136006619E+02   0.7239489574E+00   0.7548517502E-02
     16.   2.   0.1329981235E+02   0.5130303750E+01   0.8399346691E+02   0.3669485086E+02   0.1223858214E+02   0.7988433457E+00   0.7533401960E-02
     16.   3.   0.1329981235E+02   0.5130303750E+01   0.8399346691E+02   0.3670684252E+02   0.1226557722E+02   0.7999020545E+00   0.7537889669E-02
     16.   4.   0.1329981235E+02   0.5130303750E+01   0.8399346691E+02   0.3670852795E+02   0.1226741938E+02   0.8006682465E+00   0.7538529042E-02
     16.   5.   0.1329981235E+02   0.5130303750E+01   0.8399346691E+02   0.3670892628E+02   0.1226837888E+02   0.8011368712E+00   0.7538676877E-02
     16.   6.   0.1329981235E+02   0.5130303750E+01   0.8399346691E+02   0.3670903577E+02   0.1226893854E+02   0.8014090946E+00   0.7538713294E-02
     17.   1.   0.1316990274E+02   0.5455152330E+01   0.8397299455E+02   0.3312999860E+02   0.1139583867E+02   0.7674168847E+00   0.7298902913E-02
     17.   2.   0.1316990274E+02   0.5455152330E+01   0.8397299455E+02   0.3599720807E+02   0.1227448188E+02   0.8466537191E+00   0.7284300120E-02
     17.   3.   0.1316990274E+02   0.5455152330E+01   0.8397299455E+02   0.3600897746E+02   0.1230148146E+02   0.8477426863E+00   0.7288632465E-02
     17.   4.   0.1316990274E+02   0.5455152330E+01   0.8397299455E+02   0.3601062842E+02   0.1230326774E+02   0.8485306017E+00   0.7289248607E-02
     17.   5.   0.1316990274E+02   0.5455152330E+01   0.8397299455E+02   0.3601101772E+02   0.1230417884E+02   0.8490067695E+00   0.7289389925E-02
     17.   6.   0.1316990274E+02   0.5455152330E+01   0.8397299455E+02   0.3601112398E+02   0.1230468953E+02   0.8492750193E+00   0.7289423386E-02
     18.   1.   0.1303206007E+02   0.5776714930E+01   0.8395148638E+02   0.3245893238E+02   0.1142847930E+02   0.8068675445E+00   0.7041609313E-02
     18.   2.   0.1303206007E+02   0.5776714930E+01   0.8395148638E+02   0.3526327457E+02   0.1231302614E+02   0.8902830212E+00   0.7027534078E-02
     18.   3.   0.1303206007E+02   0.5776714930E+01   0.8395148638E+02   0.3527480999E+02   0.1234003287E+02   0.8913957062E+00   0.7031706469E-02
     18.   4.   0.1303206007E+02   0.5776714930E+01   0.8395148638E+02   0.3527642473E+02   0.1234176181E+02   0.8922005877E+00   0.7032298707E-02
     18.   5.   0.1303206007E+02   0.5776714930E+01   0.8395148638E+02   0.3527680456E+02   0.1234262349E+02   0.8926807990E+00   0.7032433308E-02
     18.   6.   0.1303206007E+02   0.5776714930E+01   0.8395148638E+02   0.3527690744E+02   0.1234308378E+02   0.8929413688E+00   0.7032463691E-02
     19.   1.   0.1288636737E+02   0.6094797860E+01   0.8392899344E+02   0.3175607592E+02   0.1146315388E+02   0.8447807472E+00   0.6777990406E-02
     19.   2.   0.1288636737E+02   0.6094797860E+01   0.8392899344E+02   0.3449451585E+02   0.1235435304E+02   0.9322316879E+00   0.6764456370E-02
     19.   3.   0.1288636737E+02   0.6094797860E+01   0.8392899344E+02   0.3450580668E+02   0.1238137094E+02   0.9333618659E+00   0.6768464985E-02
     19.   4.   0.1288636737E+02   0.6094797860E+01   0.8392899344E+02   0.3450738348E+02   0.1238304109E+02   0.9341786732E+00   0.6769032748E-02
     19.   5.   0.1288636737E+02   0.6094797860E+01   0.8392899344E+02   0.3450775337E+02   0.1238385216E+02   0.9346589835E+00   0.6769160462E-02
     19.   6.   0.1288636737E+02   0.6094797860E+01   0.8392899344E+02   0.3450785269E+02   0.1238426120E+02   0.9349084882E+00   0.6769187675E-02
     20.   1.   0.1273291241E+02   0.6409209500E+01   0.8390556914E+02   0.3102298521E+02   0.1149990273E+02   0.8810621651E+00   0.6509421553E-02
     20.   2.   0.1273291241E+02   0.6409209500E+01   0.8390556914E+02   0.3369259875E+02   0.1239853235E+02   0.9723972531E+00   0.6496437647E-02
     20.   3.   0.1273291241E+02   0.6409209500E+01   0.8390556914E+02   0.3370363481E+02   0.1242556439E+02   0.9735377816E+00   0.6500279628E-02
     20.   4.   0.1273291241E+02   0.6409209500E+01   0.8390556914E+02   0.3370517197E+02   0.1242717452E+02   0.9743613604E+00   0.6500822450E-02
     20.   5.   0.1273291241E+02   0.6409209500E+01   0.8390556914E+02   0.3370553148E+02   0.1242793442E+02   0.9748382110E+00   0.6500943168E-02
     20.   6.   0.1273291241E+02   0.6409209500E+01   0.8390556914E+02   0.3370562711E+02   0.1242829144E+02   0.9750730606E+00   0.6500967113E-02
     21.   1.   0.1257178762E+02   0.6719760480E+01   0.8388126918E+02   0.3026123626E+02   0.1153868845E+02   0.9156229051E+00   0.6237284905E-02
     21.   2.   0.1257178762E+02   0.6719760480E+01   0.8388126918E+02   0.3285926949E+02   0.1244562964E+02   0.1010681591E+01   0.6224856922E-02
     21.   3.   0.1257178762E+02   0.6719760480E+01   0.8388126918E+02   0.3287004123E+02   0.1247268045E+02   0.1011826353E+01   0.6228530277E-02
     21.   4.   0.1257178762E+02   0.6719760480E+01   0.8388126918E+02   0.3287153717E+02   0.1247423025E+02   0.1012652074E+01   0.6229047871E-02
     21.   5.   0.1257178762E+02   0.6719760480E+01   0.8388126918E+02   0.3287188590E+02   0.1247493829E+02   0.1013121476E+01   0.6229161467E-02
     21.   6.   0.1257178762E+02   0.6719760480E+01   0.8388126918E+02   0.3287197766E+02   0.1247524327E+02   0.1013338624E+01   0.6229182089E-02
     22.   1.   0.1240309006E+02   0.7026263730E+01   0.8385615134E+02   0.2947251277E+02   0.1157958060E+02   0.9483729530E+00   0.5962958456E-02
     22.   2.   0.1240309006E+02   0.7026263730E+01   0.8385615134E+02   0.3199635757E+02   0.1249570905E+02   0.1046983816E+01   0.5951090763E-02
     22.   3.   0.1240309006E+02   0.7026263730E+01   0.8385615134E+02   0.3200685604E+02   0.1252278305E+02   0.1048126135E+01   0.5954594357E-02
     22.   4.   0.1240309006E+02   0.7026263730E+01   0.8385615134E+02   0.3200830926E+02   0.1252427223E+02   0.1048949200E+01   0.5955086540E-02
     22.   5.   0.1240309006E+02   0.7026263730E+01   0.8385615134E+02   0.3200864683E+02   0.1252492826E+02   0.1049407550E+01   0.5955192970E-02
     22.   6.   0.1240309006E+02   0.7026263730E+01   0.8385615134E+02   0.3200873461E+02   0.1252518087E+02   0.1049603423E+01   0.5955210194E-02
     23.   1.   0.1222692134E+02   0.7328534620E+01   0.8383027544E+02   0.2865857412E+02   0.1162257013E+02   0.9792220273E+00   0.5687811018E-02
     23.   2.   0.1222692134E+02   0.7328534620E+01   0.8383027544E+02   0.3110577015E+02   0.1254883213E+02   0.1081204893E+01   0.5676504879E-02
     23.   3.   0.1222692134E+02   0.7328534620E+01   0.8383027544E+02   0.3111598676E+02   0.1257593377E+02   0.1082338007E+01   0.5679838338E-02
     23.   4.   0.1222692134E+02   0.7328534620E+01   0.8383027544E+02   0.3111739591E+02   0.1257736245E+02   0.1083153750E+01   0.5680305059E-02
     23.   5.   0.1222692134E+02   0.7328534620E+01   0.8383027544E+02   0.3111772192E+02   0.1257796684E+02   0.1083597803E+01   0.5680404301E-02
     23.   6.   0.1222692134E+02   0.7328534620E+01   0.8383027544E+02   0.3111780557E+02   0.1257816714E+02   0.1083769020E+01   0.5680418065E-02
     24.   1.   0.1204338757E+02   0.7626391070E+01   0.8380370314E+02   0.2784280989E+02   0.1167339997E+02   0.1008985039E+01   0.5413189820E-02
     24.   2.   0.1204338757E+02   0.7626391070E+01   0.8380370314E+02   0.3018947420E+02   0.1260510344E+02   0.1113312523E+01   0.5402443132E-02
     24.   3.   0.1204338757E+02   0.7626391070E+01   0.8380370314E+02   0.3019940140E+02   0.1263223865E+02   0.1114430590E+01   0.5405607046E-02
     24.   4.   0.1204338757E+02   0.7626391070E+01   0.8380370314E+02   0.3020076517E+02   0.1263360691E+02   0.1115234080E+01   0.5406048393E-02
     24.   5.   0.1204338757E+02   0.7626391070E+01   0.8380370314E+02   0.3020107926E+02   0.1263415989E+02   0.1115660335E+01   0.5406140446E-02
     24.   6.   0.1204338757E+02   0.7626391070E+01   0.8380370314E+02   0.3020115863E+02   0.1263430875E+02   0.1115804300E+01   0.5406150733E-02
     25.   1.   0.1185259932E+02   0.7919653670E+01   0.8377649781E+02   0.2698328909E+02   0.1172081009E+02   0.1035789349E+01   0.5140410121E-02
     25.   2.   0.1185259932E+02   0.7919653670E+01   0.8377649781E+02   0.2924954446E+02   0.1266446888E+02   0.1143073278E+01   0.5130217796E-02
     25.   3.   0.1185259932E+02   0.7919653670E+01   0.8377649781E+02   0.2925917503E+02   0.1269164312E+02   0.1144170147E+01   0.5133213540E-02
     25.   4.   0.1185259932E+02   0.7919653670E+01   0.8377649781E+02   0.2926049220E+02   0.1269295217E+02   0.1144957704E+01   0.5133629728E-02
     25.   5.   0.1185259932E+02   0.7919653670E+01   0.8377649781E+02   0.2926079406E+02   0.1269345412E+02   0.1145362592E+01   0.5133714622E-02
     25.   6.   0.1185259932E+02   0.7919653670E+01   0.8377649781E+02   0.2926086904E+02   0.1269355243E+02   0.1145476656E+01   0.5133721420E-02
     26.   1.   0.1165467151E+02   0.8208145770E+01   0.8374872443E+02   0.2610415028E+02   0.1177035859E+02   0.1060420523E+01   0.4870745836E-02
     26.   2.   0.1165467151E+02   0.8208145770E+01   0.8374872443E+02   0.2828808829E+02   0.1272701973E+02   0.1170452285E+01   0.4861101448E-02
     26.   3.   0.1165467151E+02   0.8208145770E+01   0.8374872443E+02   0.2829741568E+02   0.1275424006E+02   0.1171523563E+01   0.4863931200E-02
     26.   4.   0.1165467151E+02   0.8208145770E+01   0.8374872443E+02   0.2829868509E+02   0.1275549065E+02   0.1172290644E+01   0.4864322535E-02
     26.   5.   0.1165467151E+02   0.8208145770E+01   0.8374872443E+02   0.2829897441E+02   0.1275594263E+02   0.1172671358E+01   0.4864400348E-02
     26.   6.   0.1165467151E+02   0.8208145770E+01   0.8374872443E+02   0.2829904487E+02   0.1275599157E+02   0.1172753078E+01   0.4864403653E-02
     27.   1.   0.1144972336E+02   0.8491693590E+01   0.8372044935E+02   0.2520744501E+02   0.1182210456E+02   0.1082794755E+01   0.4605421900E-02
     27.   2.   0.1144972336E+02   0.8491693590E+01   0.8372044935E+02   0.2730728892E+02   0.1279278366E+02   0.1195355301E+01   0.4596315643E-02
     27.   3.   0.1144972336E+02   0.8491693590E+01   0.8372044935E+02   0.2731630730E+02   0.1282005587E+02   0.1196394752E+01   0.4598982293E-02
     27.   4.   0.1144972336E+02   0.8491693590E+01   0.8372044935E+02   0.2731752799E+02   0.1282124898E+02   0.1197137017E+01   0.4599349196E-02
     27.   5.   0.1144972336E+02   0.8491693590E+01   0.8372044935E+02   0.2731780445E+02   0.1282165250E+02   0.1197491258E+01   0.4599420061E-02
     27.   6.   0.1144972336E+02   0.8491693590E+01   0.8372044935E+02   0.2731787026E+02   0.1282165319E+02   0.1197538079E+01   0.4599419872E-02
     28.   1.   0.1123787833E+02   0.8770126320E+01   0.8369174024E+02   0.2429519838E+02   0.1187600460E+02   0.1102825320E+01   0.4345603521E-02
     28.   2.   0.1123787833E+02   0.8770126320E+01   0.8369174024E+02   0.2630938693E+02   0.1286177349E+02   0.1217684057E+01   0.4337023816E-02
     28.   3.   0.1123787833E+02   0.8770126320E+01   0.8369174024E+02   0.2631809148E+02   0.1288910447E+02   0.1218686833E+01   0.4339531009E-02
     28.   4.   0.1123787833E+02   0.8770126320E+01   0.8369174024E+02   0.2631926246E+02   0.1289024217E+02   0.1219401338E+01   0.4339874058E-02
     28.   5.   0.1123787833E+02   0.8770126320E+01   0.8369174024E+02   0.2631952581E+02   0.1289059829E+02   0.1219726171E+01   0.4339938084E-02
     28.   6.   0.1123787833E+02   0.8770126320E+01   0.8369174024E+02   0.2631958687E+02   0.1289055247E+02   0.1219736304E+01   0.4339934424E-02
     29.   1.   0.1101926401E+02   0.9043276270E+01   0.8366266583E+02   0.2336952895E+02   0.1193207056E+02   0.1120426488E+01   0.4092390996E-02
     29.   2.   0.1101926401E+02   0.9043276270E+01   0.8366266583E+02   0.2529668035E+02   0.1293399048E+02   0.1237344288E+01   0.4084322607E-02
     29.   3.   0.1101926401E+02   0.9043276270E+01   0.8366266583E+02   0.2530506615E+02   0.1296138738E+02   0.1238306033E+01   0.4086674738E-02
     29.   4.   0.1101926401E+02   0.9043276270E+01   0.8366266583E+02   0.2530618663E+02   0.1296247166E+02   0.1238989638E+01   0.4086994571E-02
     29.   5.   0.1101926401E+02   0.9043276270E+01   0.8366266583E+02   0.2530643664E+02   0.1296278173E+02   0.1239282403E+01   0.4087051914E-02
     29.   6.   0.1101926401E+02   0.9043276270E+01   0.8366266583E+02   0.2530649283E+02   0.1296269158E+02   0.1239254669E+01   0.4087044847E-02
     30.   1.   0.1079401211E+02   0.9310978880E+01   0.8363329584E+02   0.2235732074E+02   0.1181208166E+02   0.1156552645E+01   0.3846806626E-02
     30.   2.   0.1079401211E+02   0.9310978880E+01   0.8363329584E+02   0.2427147250E+02   0.1300952917E+02   0.1254516352E+01   0.3839233068E-02
     30.   3.   0.1079401211E+02   0.9310978880E+01   0.8363329584E+02   0.2427953610E+02   0.1303699979E+02   0.1255433287E+01   0.3841434988E-02
     30.   4.   0.1079401211E+02   0.9310978880E+01   0.8363329584E+02   0.2428060534E+02   0.1303803236E+02   0.1256082481E+01   0.3841732341E-02
     30.   5.   0.1079401211E+02   0.9310978880E+01   0.8363329584E+02   0.2428084177E+02   0.1303829855E+02   0.1256341749E+01   0.3841783210E-02
     30.   6.   0.1079401211E+02   0.9310978880E+01   0.8363329584E+02   0.2428089301E+02   0.1303816593E+02   0.1256274597E+01   0.3841772771E-02
     31.   1.   0.1056225829E+02   0.9573072900E+01   0.8360370073E+02   0.2140366296E+02   0.1189657882E+02   0.1169458698E+01   0.3609791236E-02
     31.   2.   0.1056225829E+02   0.9573072900E+01   0.8360370073E+02   0.2323624982E+02   0.1308811628E+02   0.1268575631E+01   0.3602695032E-02
     31.   3.   0.1056225829E+02   0.9573072900E+01   0.8360370073E+02   0.2324398808E+02   0.1311566748E+02   0.1269443485E+01   0.3604752360E-02
     31.   4.   0.1056225829E+02   0.9573072900E+01   0.8360370073E+02   0.2324500546E+02   0.1311665091E+02   0.1270055965E+01   0.3605028063E-02
     31.   5.   0.1056225829E+02   0.9573072900E+01   0.8360370073E+02   0.2324522813E+02   0.1311687514E+02   0.1270280014E+01   0.3605072674E-02
     31.   6.   0.1056225829E+02   0.9573072900E+01   0.8360370073E+02   0.2324527430E+02   0.1311670224E+02   0.1270172417E+01   0.3605058927E-02
     32.   1.   0.1032414217E+02   0.9829400470E+01   0.8357395160E+02   0.2044315847E+02   0.1198351314E+02   0.1179657065E+01   0.3382198667E-02
     32.   2.   0.1032414217E+02   0.9829400470E+01   0.8357395160E+02   0.2219339961E+02   0.1316981146E+02   0.1279704634E+01   0.3375559227E-02
     32.   3.   0.1032414217E+02   0.9829400470E+01   0.8357395160E+02   0.2220081029E+02   0.1319745139E+02   0.1280520600E+01   0.3377478048E-02
     32.   4.   0.1032414217E+02   0.9829400470E+01   0.8357395160E+02   0.2220177534E+02   0.1319838788E+02   0.1281093675E+01   0.3377733004E-02
     32.   5.   0.1032414217E+02   0.9829400470E+01   0.8357395160E+02   0.2220198407E+02   0.1319857245E+02   0.1281281375E+01   0.3377771608E-02
     32.   6.   0.1032414217E+02   0.9829400470E+01   0.8357395160E+02   0.2220202510E+02   0.1319836189E+02   0.1281133054E+01   0.3377754645E-02
     33.   1.   0.1007980717E+02   0.1007980717E+02   0.8354412001E+02   0.1948264171E+02   0.1207560561E+02   0.1185385672E+01   0.3164787360E-02
     33.   2.   0.1007980717E+02   0.1007980717E+02   0.8354412001E+02   0.2114563690E+02   0.1326555601E+02   0.1283286011E+01   0.3158583041E-02
     33.   3.   0.1007980717E+02   0.1007980717E+02   0.8354412001E+02   0.2115249547E+02   0.1328198871E+02   0.1283808151E+01   0.3160369924E-02
     33.   4.   0.1007980717E+02   0.1007980717E+02   0.8354412001E+02   0.2115340775E+02   0.1328288105E+02   0.1284340027E+01   0.3160605116E-02
     33.   5.   0.1007980717E+02   0.1007980717E+02   0.8354412001E+02   0.2115360240E+02   0.1328302833E+02   0.1284490570E+01   0.3160637980E-02
     33.   6.   0.1007980717E+02   0.1007980717E+02   0.8354412001E+02   0.2115363819E+02   0.1328278246E+02   0.1284301033E+01   0.3160617876E-02
     34.   1.   0.9829400470E+01   0.1032414217E+02   0.8351427775E+02   0.1852059648E+02   0.1219192771E+02   0.1192489589E+01   0.2958215799E-02
     34.   2.   0.9829400470E+01   0.1032414217E+02   0.8351427775E+02   0.2009493260E+02   0.1335306878E+02   0.1288165093E+01   0.2952423666E-02
     34.   3.   0.9829400470E+01   0.1032414217E+02   0.8351427775E+02   0.2010144358E+02   0.1336953191E+02   0.1288627135E+01   0.2954085619E-02
     34.   4.   0.9829400470E+01   0.1032414217E+02   0.8351427775E+02   0.2010230286E+02   0.1337038281E+02   0.1289116195E+01   0.2954302087E-02
     34.   5.   0.9829400470E+01   0.1032414217E+02   0.8351427775E+02   0.2010248330E+02   0.1337049519E+02   0.1289228859E+01   0.2954329496E-02
     34.   6.   0.9829400470E+01   0.1032414217E+02   0.8351427775E+02   0.2010251380E+02   0.1337021671E+02   0.1288998318E+01   0.2954306359E-02
     35.   1.   0.9573072900E+01   0.1056225829E+02   0.8348449676E+02   0.1755265588E+02   0.1228609088E+02   0.1194175621E+01   0.2763041026E-02
     35.   2.   0.9573072900E+01   0.1056225829E+02   0.8348449676E+02   0.1904434101E+02   0.1345520536E+02   0.1291337338E+01   0.2757636930E-02
     35.   3.   0.9573072900E+01   0.1056225829E+02   0.8348449676E+02   0.1905033631E+02   0.1346030936E+02   0.1292579751E+01   0.2759181225E-02
     35.   4.   0.9573072900E+01   0.1056225829E+02   0.8348449676E+02   0.1905114241E+02   0.1346112229E+02   0.1293025625E+01   0.2759380109E-02
     35.   5.   0.9573072900E+01   0.1056225829E+02   0.8348449676E+02   0.1905130857E+02   0.1346120225E+02   0.1293100125E+01   0.2759402359E-02
     35.   6.   0.9573072900E+01   0.1056225829E+02   0.8348449676E+02   0.1905133369E+02   0.1346089412E+02   0.1292829474E+01   0.2759376318E-02
     36.   1.   0.9310978880E+01   0.1079401211E+02   0.8345484889E+02   0.1658793622E+02   0.1240418685E+02   0.1193084340E+01   0.2579712930E-02
     36.   2.   0.9310978880E+01   0.1079401211E+02   0.8345484889E+02   0.1799602176E+02   0.1354872166E+02   0.1292964046E+01   0.2574671544E-02
     36.   3.   0.9310978880E+01   0.1079401211E+02   0.8345484889E+02   0.1800165206E+02   0.1355379580E+02   0.1294140776E+01   0.2576105824E-02
     36.   4.   0.9310978880E+01   0.1079401211E+02   0.8345484889E+02   0.1800240493E+02   0.1355457380E+02   0.1294542705E+01   0.2576288260E-02
     36.   5.   0.9310978880E+01   0.1079401211E+02   0.8345484889E+02   0.1800255673E+02   0.1355462398E+02   0.1294579123E+01   0.2576305659E-02
     36.   6.   0.9310978880E+01   0.1079401211E+02   0.8345484889E+02   0.1800257644E+02   0.1355428922E+02   0.1294269587E+01   0.2576276849E-02
     37.   1.   0.9043276270E+01   0.1101926401E+02   0.8342540573E+02   0.1562722836E+02   0.1250188610E+02   0.1188811264E+01   0.2408572375E-02
     37.   2.   0.9043276270E+01   0.1101926401E+02   0.8342540573E+02   0.1695267283E+02   0.1364431459E+02   0.1288421020E+01   0.2403868203E-02
     37.   3.   0.9043276270E+01   0.1101926401E+02   0.8342540573E+02   0.1695793904E+02   0.1364936510E+02   0.1289529310E+01   0.2405200299E-02
     37.   4.   0.9043276270E+01   0.1101926401E+02   0.8342540573E+02   0.1695863878E+02   0.1365011108E+02   0.1289886783E+01   0.2405367450E-02
     37.   5.   0.9043276270E+01   0.1101926401E+02   0.8342540573E+02   0.1695877621E+02   0.1365013430E+02   0.1289885898E+01   0.2405380345E-02
     37.   6.   0.9043276270E+01   0.1101926401E+02   0.8342540573E+02   0.1695879043E+02   0.1364977568E+02   0.1289538730E+01   0.2405348899E-02
     38.   1.   0.8770126320E+01   0.1123787833E+02   0.8339623847E+02   0.1467367017E+02   0.1260094924E+02   0.1181500970E+01   0.2249852441E-02
     38.   2.   0.8770126320E+01   0.1123787833E+02   0.8339623847E+02   0.1591686684E+02   0.1374209894E+02   0.1280589226E+01   0.2245459038E-02
     38.   3.   0.8770126320E+01   0.1123787833E+02   0.8339623847E+02   0.1592177120E+02   0.1374713217E+02   0.1281627684E+01   0.2246696846E-02
     38.   4.   0.8770126320E+01   0.1123787833E+02   0.8339623847E+02   0.1592241799E+02   0.1374784956E+02   0.1281941153E+01   0.2246849935E-02
     38.   5.   0.8770126320E+01   0.1123787833E+02   0.8339623847E+02   0.1592254103E+02   0.1374784875E+02   0.1281904185E+01   0.2246858685E-02
     38.   6.   0.8770126320E+01   0.1123787833E+02   0.8339623847E+02   0.1592254976E+02   0.1374746901E+02   0.1281520817E+01   0.2246824730E-02
     39.   1.   0.8491693590E+01   0.1144972336E+02   0.8336741771E+02   0.1372960245E+02   0.1270111224E+02   0.1171126552E+01   0.2103677009E-02
     39.   2.   0.8491693590E+01   0.1144972336E+02   0.8336741771E+02   0.1489116789E+02   0.1384181761E+02   0.1269440075E+01   0.2099567580E-02
     39.   3.   0.8491693590E+01   0.1144972336E+02   0.8336741771E+02   0.1489571280E+02   0.1384684079E+02   0.1270409107E+01   0.2100719242E-02
     39.   4.   0.8491693590E+01   0.1144972336E+02   0.8336741771E+02   0.1489630701E+02   0.1384753249E+02   0.1270678637E+01   0.2100859451E-02
     39.   5.   0.8491693590E+01   0.1144972336E+02   0.8336741771E+02   0.1489641573E+02   0.1384751028E+02   0.1270606609E+01   0.2100864391E-02
     39.   6.   0.8491693590E+01   0.1144972336E+02   0.8336741771E+02   0.1489641890E+02   0.1384711258E+02   0.1270189601E+01   0.2100828103E-02
     40.   1.   0.8208145770E+01   0.1165467151E+02   0.8333901326E+02   0.1279737754E+02   0.1280210362E+02   0.1157674015E+01   0.1970060725E-02
     40.   2.   0.8208145770E+01   0.1165467151E+02   0.8333901326E+02   0.1387813394E+02   0.1394318011E+02   0.1254956346E+01   0.1966208785E-02
     40.   3.   0.8208145770E+01   0.1165467151E+02   0.8333901326E+02   0.1388232331E+02   0.1394819931E+02   0.1255855558E+01   0.1967282344E-02
     40.   4.   0.8208145770E+01   0.1165467151E+02   0.8333901326E+02   0.1388286536E+02   0.1394886837E+02   0.1256081860E+01   0.1967410886E-02
     40.   5.   0.8208145770E+01   0.1165467151E+02   0.8333901326E+02   0.1388295981E+02   0.1394882742E+02   0.1255976260E+01   0.1967412364E-02
     40.   6.   0.8208145770E+01   0.1165467151E+02   0.8333901326E+02   0.1388295745E+02   0.1394841464E+02   0.1255528218E+01   0.1967373910E-02
     41.   1.   0.7919653670E+01   0.1185259932E+02   0.8331109403E+02   0.1187932703E+02   0.1290361486E+02   0.1141135970E+01   0.1848913451E-02
     41.   2.   0.7919653670E+01   0.1185259932E+02   0.8331109403E+02   0.1288031211E+02   0.1404586788E+02   0.1237128816E+01   0.1845292803E-02
     41.   3.   0.7919653670E+01   0.1185259932E+02   0.8331109403E+02   0.1288415041E+02   0.1405088929E+02   0.1237958700E+01   0.1846296235E-02
     41.   4.   0.7919653670E+01   0.1185259932E+02   0.8331109403E+02   0.1288464092E+02   0.1405153919E+02   0.1238143621E+01   0.1846414350E-02
     41.   5.   0.7919653670E+01   0.1185259932E+02   0.8331109403E+02   0.1288472121E+02   0.1405148218E+02   0.1238006303E+01   0.1846412712E-02
     41.   6.   0.7919653670E+01   0.1185259932E+02   0.8331109403E+02   0.1288471330E+02   0.1405105722E+02   0.1237530165E+01   0.1846372259E-02
     42.   1.   0.7626391070E+01   0.1204338757E+02   0.8328372780E+02   0.1097776362E+02   0.1300533345E+02   0.1121518454E+01   0.1740042607E-02
     42.   2.   0.7626391070E+01   0.1204338757E+02   0.8328372780E+02   0.1190022551E+02   0.1414953042E+02   0.1215962583E+01   0.1736627179E-02
     42.   3.   0.7626391070E+01   0.1204338757E+02   0.8328372780E+02   0.1190371829E+02   0.1415456002E+02   0.1216724431E+01   0.1737568375E-02
     42.   4.   0.7626391070E+01   0.1204338757E+02   0.8328372780E+02   0.1190415797E+02   0.1415519394E+02   0.1216869764E+01   0.1737677259E-02
     42.   5.   0.7626391070E+01   0.1204338757E+02   0.8328372780E+02   0.1190422424E+02   0.1415512351E+02   0.1216703021E+01   0.1737672854E-02
     42.   6.   0.7626391070E+01   0.1204338757E+02   0.8328372780E+02   0.1190421080E+02   0.1415468909E+02   0.1216201929E+01   0.1737630568E-02
     43.   1.   0.7328534620E+01   0.1222692134E+02   0.8325698106E+02   0.1009496807E+02   0.1310691587E+02   0.1098839358E+01   0.1643156710E-02
     43.   2.   0.7328534620E+01   0.1222692134E+02   0.8325698106E+02   0.1094037088E+02   0.1425378814E+02   0.1191476520E+01   0.1639921153E-02
     43.   3.   0.7328534620E+01   0.1222692134E+02   0.8325698106E+02   0.1094352433E+02   0.1425883133E+02   0.1192171480E+01   0.1640807785E-02
     43.   4.   0.7328534620E+01   0.1222692134E+02   0.8325698106E+02   0.1094391403E+02   0.1425945212E+02   0.1192279059E+01   0.1640908596E-02
     43.   5.   0.7328534620E+01   0.1222692134E+02   0.8325698106E+02   0.1094396646E+02   0.1425937082E+02   0.1192085420E+01   0.1640901776E-02
     43.   6.   0.7328534620E+01   0.1222692134E+02   0.8325698106E+02   0.1094394754E+02   0.1425892943E+02   0.1191562716E+01   0.1640857821E-02
     44.   1.   0.7026263730E+01   0.1240309006E+02   0.8323091888E+02   0.9233205322E+01   0.1320801667E+02   0.1073128829E+01   0.1557871621E-02
     44.   2.   0.7026263730E+01   0.1240309006E+02   0.8323091888E+02   0.1000321405E+02   0.1435823407E+02   0.1163699110E+01   0.1554791616E-02
     44.   3.   0.7026263730E+01   0.1240309006E+02   0.8323091888E+02   0.1000603558E+02   0.1436329607E+02   0.1164329294E+01   0.1555631132E-02
     44.   4.   0.7026263730E+01   0.1240309006E+02   0.8323091888E+02   0.1000637630E+02   0.1436390635E+02   0.1164400934E+01   0.1555724972E-02
     44.   5.   0.7026263730E+01   0.1240309006E+02   0.8323091888E+02   0.1000641513E+02   0.1436381692E+02   0.1164183639E+01   0.1555716101E-02
     44.   6.   0.7026263730E+01   0.1240309006E+02   0.8323091888E+02   0.1000639075E+02   0.1436337106E+02   0.1163643043E+01   0.1555670649E-02
     45.   1.   0.6719760480E+01   0.1257178762E+02   0.8320560471E+02   0.8394695280E+01   0.1330826881E+02   0.1044427572E+01   0.1483717640E-02
     45.   2.   0.6719760480E+01   0.1257178762E+02   0.8320560471E+02   0.9091176719E+01   0.1446243699E+02   0.1132673438E+01   0.1480769424E-02
     45.   3.   0.6719760480E+01   0.1257178762E+02   0.8320560471E+02   0.9093674256E+01   0.1446752233E+02   0.1133240720E+01   0.1481568910E-02
     45.   4.   0.6719760480E+01   0.1257178762E+02   0.8320560471E+02   0.9093967133E+01   0.1446812516E+02   0.1133279559E+01   0.1481656907E-02
     45.   5.   0.6719760480E+01   0.1257178762E+02   0.8320560471E+02   0.9093992589E+01   0.1446802967E+02   0.1133041211E+01   0.1481646292E-02
     45.   6.   0.6719760480E+01   0.1257178762E+02   0.8320560471E+02   0.9093962835E+01   0.1446758155E+02   0.1132486425E+01   0.1481599497E-02
     46.   1.   0.6409209500E+01   0.1273291241E+02   0.8318110027E+02   0.7581570627E+01   0.1340724732E+02   0.1012785133E+01   0.1420145216E-02
     46.   2.   0.6409209500E+01   0.1273291241E+02   0.8318110027E+02   0.8206630357E+01   0.1456594428E+02   0.1098453742E+01   0.1417306696E-02
     46.   3.   0.6409209500E+01   0.1273291241E+02   0.8318110027E+02   0.8208813026E+01   0.1457105737E+02   0.1098961097E+01   0.1418072912E-02
     46.   4.   0.6409209500E+01   0.1273291241E+02   0.8318110027E+02   0.8209059322E+01   0.1457165545E+02   0.1098970234E+01   0.1418156105E-02
     46.   5.   0.6409209500E+01   0.1273291241E+02   0.8318110027E+02   0.8209071732E+01   0.1457155596E+02   0.1098713846E+01   0.1418144040E-02
     46.   6.   0.6409209500E+01   0.1273291241E+02   0.8318110027E+02   0.8209036685E+01   0.1457110788E+02   0.1098149363E+01   0.1418096082E-02
     47.   1.   0.6094797860E+01   0.1288636737E+02   0.8315746530E+02   0.6790642530E+01   0.1351395523E+02   0.9771920923E+00   0.1366533866E-02
     47.   2.   0.6094797860E+01   0.1288636737E+02   0.8315746530E+02   0.7351843136E+01   0.1466823649E+02   0.1059016171E+01   0.1363784026E-02
     47.   3.   0.6094797860E+01   0.1288636737E+02   0.8315746530E+02   0.7353720826E+01   0.1467338107E+02   0.1059466754E+01   0.1364523342E-02
     47.   4.   0.6094797860E+01   0.1288636737E+02   0.8315746530E+02   0.7353921928E+01   0.1467397643E+02   0.1059448596E+01   0.1364602667E-02
     47.   5.   0.6094797860E+01   0.1288636737E+02   0.8315746530E+02   0.7353921615E+01   0.1467387494E+02   0.1059177511E+01   0.1364589452E-02
     47.   6.   0.6094797860E+01   0.1288636737E+02   0.8315746530E+02   0.7353881379E+01   0.1467342893E+02   0.1058607703E+01   0.1364540501E-02
     48.   1.   0.5776714930E+01   0.1303206007E+02   0.8313475753E+02   0.6029309334E+01   0.1361885809E+02   0.9422161243E+00   0.1322201470E-02
     48.   2.   0.5776714930E+01   0.1303206007E+02   0.8313475753E+02   0.6529210236E+01   0.1476898308E+02   0.1020812762E+01   0.1319521035E-02
     48.   3.   0.5776714930E+01   0.1303206007E+02   0.8313475753E+02   0.6530793642E+01   0.1477416264E+02   0.1021210326E+01   0.1320239361E-02
     48.   4.   0.5776714930E+01   0.1303206007E+02   0.8313475753E+02   0.6530951070E+01   0.1477475739E+02   0.1021167972E+01   0.1320315707E-02
     48.   5.   0.5776714930E+01   0.1303206007E+02   0.8313475753E+02   0.6530938432E+01   0.1477465556E+02   0.1020885471E+01   0.1320301599E-02
     48.   6.   0.5776714930E+01   0.1303206007E+02   0.8313475753E+02   0.6530893128E+01   0.1477421338E+02   0.1020314797E+01   0.1320251807E-02
     49.   1.   0.5455152330E+01   0.1316990274E+02   0.8311303244E+02   0.5304474670E+01   0.1371261720E+02   0.9021378959E+00   0.1286413979E-02
     49.   2.   0.5455152330E+01   0.1316990274E+02   0.8311303244E+02   0.5740779592E+01   0.1486749912E+02   0.9774712817E+00   0.1283785230E-02
     49.   3.   0.5455152330E+01   0.1316990274E+02   0.8311303244E+02   0.5742080348E+01   0.1487271611E+02   0.9778191371E+00   0.1284487934E-02
     49.   4.   0.5455152330E+01   0.1316990274E+02   0.8311303244E+02   0.5742195762E+01   0.1487331219E+02   0.9777559709E+00   0.1284562126E-02
     49.   5.   0.5455152330E+01   0.1316990274E+02   0.8311303244E+02   0.5742171224E+01   0.1487321186E+02   0.9774659726E+00   0.1284547403E-02
     49.   6.   0.5455152330E+01   0.1316990274E+02   0.8311303244E+02   0.5742120998E+01   0.1487277482E+02   0.9768986022E+00   0.1284496892E-02
     50.   1.   0.5130303750E+01   0.1329981235E+02   0.8309234316E+02   0.4613142385E+01   0.1380342726E+02   0.8594429601E+00   0.1258395446E-02
     50.   2.   0.5130303750E+01   0.1329981235E+02   0.8309234316E+02   0.4988698464E+01   0.1496334662E+02   0.9312855588E+00   0.1255802222E-02
     50.   3.   0.5130303750E+01   0.1329981235E+02   0.8309234316E+02   0.4989728890E+01   0.1496860286E+02   0.9315870740E+00   0.1256494139E-02
     50.   4.   0.5130303750E+01   0.1329981235E+02   0.8309234316E+02   0.4989804094E+01   0.1496920217E+02   0.9315067831E+00   0.1256566937E-02
     50.   5.   0.5130303750E+01   0.1329981235E+02   0.8309234316E+02   0.4989768108E+01   0.1496910465E+02   0.9312127400E+00   0.1256551815E-02
     50.   6.   0.5130303750E+01   0.1329981235E+02   0.8309234316E+02   0.4989713130E+01   0.1496867428E+02   0.9306535551E+00   0.1256500745E-02
     51.   1.   0.4802364860E+01   0.1342171065E+02   0.8307274031E+02   0.3957164750E+01   0.1389085710E+02   0.8142420464E+00   0.1237338202E-02
     51.   2.   0.4802364860E+01   0.1342171065E+02   0.8307274031E+02   0.4274986353E+01   0.1505601267E+02   0.8823741287E+00   0.1234766377E-02
     51.   3.   0.4802364860E+01   0.1342171065E+02   0.8307274031E+02   0.4275759747E+01   0.1506130964E+02   0.8826332049E+00   0.1235451834E-02
     51.   4.   0.4802364860E+01   0.1342171065E+02   0.8307274031E+02   0.4275796627E+01   0.1506191329E+02   0.8825387560E+00   0.1235523871E-02
     51.   5.   0.4802364860E+01   0.1342171065E+02   0.8307274031E+02   0.4275749718E+01   0.1506181970E+02   0.8822441374E+00   0.1235508546E-02
     51.   6.   0.4802364860E+01   0.1342171065E+02   0.8307274031E+02   0.4275690163E+01   0.1506139703E+02   0.8816976128E+00   0.1235457039E-02
     52.   1.   0.4471533210E+01   0.1353552421E+02   0.8305427192E+02   0.3338280980E+01   0.1397447950E+02   0.7666532492E+00   0.1222416142E-02
     52.   2.   0.4471533210E+01   0.1353552421E+02   0.8305427192E+02   0.3601572472E+01   0.1514498893E+02   0.8308655686E+00   0.1219853373E-02
     52.   3.   0.4471533210E+01   0.1353552421E+02   0.8305427192E+02   0.3602102723E+01   0.1515032699E+02   0.8310854556E+00   0.1220536059E-02
     52.   4.   0.4471533210E+01   0.1353552421E+02   0.8305427192E+02   0.3602103355E+01   0.1515093623E+02   0.8309803526E+00   0.1220607895E-02
     52.   5.   0.4471533210E+01   0.1353552421E+02   0.8305427192E+02   0.3602046062E+01   0.1515084768E+02   0.8306890289E+00   0.1220592565E-02
     52.   6.   0.4471533210E+01   0.1353552421E+02   0.8305427192E+02   0.3601982147E+01   0.1515043333E+02   0.8301593388E+00   0.1220540707E-02
     53.   1.   0.4138008070E+01   0.1364118449E+02   0.8303698324E+02   0.2758163428E+01   0.1405386050E+02   0.7168057796E+00   0.1212793748E-02
     53.   2.   0.4138008070E+01   0.1364118449E+02   0.8303698324E+02   0.2970282225E+01   0.1522976984E+02   0.7768991013E+00   0.1210229831E-02
     53.   3.   0.4138008070E+01   0.1364118449E+02   0.8303698324E+02   0.2970584105E+01   0.1523514951E+02   0.7770842588E+00   0.1210912950E-02
     53.   4.   0.4138008070E+01   0.1364118449E+02   0.8303698324E+02   0.2970550612E+01   0.1523576535E+02   0.7769720673E+00   0.1210985086E-02
     53.   5.   0.4138008070E+01   0.1364118449E+02   0.8303698324E+02   0.2970483528E+01   0.1523568253E+02   0.7766874752E+00   0.1210969893E-02
     53.   6.   0.4138008070E+01   0.1364118449E+02   0.8303698324E+02   0.2970415470E+01   0.1523527720E+02   0.7761791466E+00   0.1210917797E-02
     54.   1.   0.3801990360E+01   0.1373862782E+02   0.8302091668E+02   0.2218390389E+01   0.1412861867E+02   0.6648391425E+00   0.1207639666E-02
     54.   2.   0.3801990360E+01   0.1373862782E+02   0.8302091668E+02   0.2382840874E+01   0.1530986455E+02   0.7206245841E+00   0.1205066052E-02
     54.   3.   0.3801990360E+01   0.1373862782E+02   0.8302091668E+02   0.2382929840E+01   0.1531528533E+02   0.7207790804E+00   0.1205752209E-02
     54.   4.   0.3801990360E+01   0.1373862782E+02   0.8302091668E+02   0.2382864525E+01   0.1531590831E+02   0.7206628749E+00   0.1205825010E-02
     54.   5.   0.3801990360E+01   0.1373862782E+02   0.8302091668E+02   0.2382788265E+01   0.1531583164E+02   0.7203882660E+00   0.1205810057E-02
     54.   6.   0.3801990360E+01   0.1373862782E+02   0.8302091668E+02   0.2382716317E+01   0.1531543578E+02   0.7199056938E+00   0.1205757822E-02
     55.   1.   0.3463682460E+01   0.1382779551E+02   0.8300611165E+02   0.1720444670E+01   0.1419837297E+02   0.6109014258E+00   0.1206136753E-02
     55.   2.   0.3463682460E+01   0.1382779551E+02   0.8300611165E+02   0.1840860935E+01   0.1538479495E+02   0.6622023615E+00   0.1203546557E-02
     55.   3.   0.3463682460E+01   0.1382779551E+02   0.8300611165E+02   0.1840753000E+01   0.1539025516E+02   0.6623291177E+00   0.1204237677E-02
     55.   4.   0.3463682460E+01   0.1382779551E+02   0.8300611165E+02   0.1840658225E+01   0.1539088585E+02   0.6622123271E+00   0.1204311478E-02
     55.   5.   0.3463682460E+01   0.1382779551E+02   0.8300611165E+02   0.1840573463E+01   0.1539081567E+02   0.6619510106E+00   0.1204296863E-02
     55.   6.   0.3463682460E+01   0.1382779551E+02   0.8300611165E+02   0.1840497887E+01   0.1539042921E+02   0.6614980260E+00   0.1204244545E-02
     56.   1.   0.3123288180E+01   0.1390863386E+02   0.8299260451E+02   0.1265667286E+01   0.1426271178E+02   0.5551450931E+00   0.1207494158E-02
     56.   2.   0.3123288180E+01   0.1390863386E+02   0.8299260451E+02   0.1345833690E+01   0.1545410784E+02   0.6017991712E+00   0.1204882729E-02
     56.   3.   0.3123288180E+01   0.1390863386E+02   0.8299260451E+02   0.1345545664E+01   0.1545960608E+02   0.6019020927E+00   0.1205580339E-02
     56.   4.   0.3123288180E+01   0.1390863386E+02   0.8299260451E+02   0.1345423920E+01   0.1546024454E+02   0.6017876230E+00   0.1205655332E-02
     56.   5.   0.3123288180E+01   0.1390863386E+02   0.8299260451E+02   0.1345331336E+01   0.1546018094E+02   0.6015426942E+00   0.1205641120E-02
     56.   6.   0.3123288180E+01   0.1390863386E+02   0.8299260451E+02   0.1345252419E+01   0.1545980388E+02   0.6011232411E+00   0.1205588789E-02
     57.   1.   0.2781012540E+01   0.1398109417E+02   0.8298042845E+02   0.8552978736E+00   0.1432129616E+02   0.4977321174E+00   0.1210958890E-02
     57.   2.   0.2781012540E+01   0.1398109417E+02   0.8298042845E+02   0.8991293022E+00   0.1551737641E+02   0.5395908536E+00   0.1208323322E-02
     57.   3.   0.2781012540E+01   0.1398109417E+02   0.8298042845E+02   0.8986784392E+00   0.1552291026E+02   0.5396732155E+00   0.1209028317E-02
     57.   4.   0.2781012540E+01   0.1398109417E+02   0.8298042845E+02   0.8985322977E+00   0.1552355625E+02   0.5395636983E+00   0.1209104609E-02
     57.   5.   0.2781012540E+01   0.1398109417E+02   0.8298042845E+02   0.8984326427E+00   0.1552349915E+02   0.5393381416E+00   0.1209090841E-02
     57.   6.   0.2781012540E+01   0.1398109417E+02   0.8298042845E+02   0.8983506767E+00   0.1552313109E+02   0.5389557216E+00   0.1209038534E-02
     58.   1.   0.2437061720E+01   0.1404513279E+02   0.8296961338E+02   0.4904885489E+00   0.1437381308E+02   0.4388317483E+00   0.1215824959E-02
     58.   2.   0.2437061720E+01   0.1404513279E+02   0.8296961338E+02   0.5019890622E+00   0.1557420215E+02   0.4757601936E+00   0.1213163818E-02
     58.   3.   0.2437061720E+01   0.1404513279E+02   0.8296961338E+02   0.5013933488E+00   0.1557976881E+02   0.4758250017E+00   0.1213876602E-02
     58.   4.   0.2437061720E+01   0.1404513279E+02   0.8296961338E+02   0.5012254297E+00   0.1558042217E+02   0.4757232247E+00   0.1213954273E-02
     58.   5.   0.2437061720E+01   0.1404513279E+02   0.8296961338E+02   0.5011194511E+00   0.1558037138E+02   0.4755197522E+00   0.1213940974E-02
     58.   6.   0.2437061720E+01   0.1404513279E+02   0.8296961338E+02   0.5010347647E+00   0.1558001180E+02   0.4751776283E+00   0.1213888726E-02
     59.   1.   0.2091642910E+01   0.1410071115E+02   0.8296018590E+02   0.1722410288E+00   0.1441995734E+02   0.3786176429E+00   0.1221444008E-02
     59.   2.   0.2091642910E+01   0.1410071115E+02   0.8296018590E+02   0.1555198194E+00   0.1562422351E+02   0.4104966623E+00   0.1218757452E-02
     59.   3.   0.2091642910E+01   0.1410071115E+02   0.8296018590E+02   0.1547974765E+00   0.1562981967E+02   0.4105468445E+00   0.1219478031E-02
     59.   4.   0.2091642910E+01   0.1410071115E+02   0.8296018590E+02   0.1546105644E+00   0.1563047982E+02   0.4104550863E+00   0.1219557041E-02
     59.   5.   0.2091642910E+01   0.1410071115E+02   0.8296018590E+02   0.1544990428E+00   0.1563043486E+02   0.4102760669E+00   0.1219544200E-02
     59.   6.   0.2091642910E+01   0.1410071115E+02   0.8296018590E+02   0.1544119597E+00   0.1563008294E+02   0.4099770921E+00   0.1219492019E-02
     60.   1.   0.1744964170E+01   0.1414779577E+02   0.8295216920E+02  -0.9856727667E-01   0.1445946899E+02   0.3172681117E+00   0.1227234711E-02
     60.   2.   0.1744964170E+01   0.1414779577E+02   0.8295216920E+02  -0.1393102634E+00   0.1566711861E+02   0.3439942434E+00   0.1224524050E-02
     60.   3.   0.1744964170E+01   0.1414779577E+02   0.8295216920E+02  -0.1401404690E+00   0.1567274049E+02   0.3440321735E+00   0.1225251946E-02
     60.   4.   0.1744964170E+01   0.1414779577E+02   0.8295216920E+02  -0.1403435862E+00   0.1567340673E+02   0.3439524784E+00   0.1225332209E-02
     60.   5.   0.1744964170E+01   0.1414779577E+02   0.8295216920E+02  -0.1404598349E+00   0.1567336695E+02   0.3438000041E+00   0.1225319791E-02
     60.   6.   0.1744964170E+01   0.1414779577E+02   0.8295216920E+02  -0.1405489605E+00   0.1567302194E+02   0.3435468695E+00   0.1225267706E-02
     61.   1.   0.1397234340E+01   0.1418635828E+02   0.8294558300E+02  -0.3211770419E+00   0.1449212225E+02   0.2549666150E+00   0.1232689838E-02
     61.   2.   0.1397234340E+01   0.1418635828E+02   0.8294558300E+02  -0.3816737454E+00   0.1570260680E+02   0.2764527094E+00   0.1229957753E-02
     61.   3.   0.1397234340E+01   0.1418635828E+02   0.8294558300E+02  -0.3825926201E+00   0.1570825026E+02   0.2764805482E+00   0.1230692173E-02
     61.   4.   0.1397234340E+01   0.1418635828E+02   0.8294558300E+02  -0.3828090760E+00   0.1570892159E+02   0.2764145993E+00   0.1230773531E-02
     61.   5.   0.1397234340E+01   0.1418635828E+02   0.8294558300E+02  -0.3829292253E+00   0.1570888628E+02   0.2762904492E+00   0.1230761489E-02
     61.   6.   0.1397234340E+01   0.1418635828E+02   0.8294558300E+02  -0.3830200470E+00   0.1570854703E+02   0.2760852508E+00   0.1230709480E-02
     62.   1.   0.1048662850E+01   0.1421637546E+02   0.8294044350E+02  -0.4949579475E+00   0.1451771609E+02   0.1918990344E+00   0.1237384701E-02
     62.   2.   0.1048662850E+01   0.1421637546E+02   0.8294044350E+02  -0.5708903573E+00   0.1573045480E+02   0.2080752814E+00   0.1234635044E-02
     62.   3.   0.1048662850E+01   0.1421637546E+02   0.8294044350E+02  -0.5718786581E+00   0.1573611548E+02   0.2080946177E+00   0.1235374856E-02
     62.   4.   0.1048662850E+01   0.1421637546E+02   0.8294044350E+02  -0.5721055339E+00   0.1573679102E+02   0.2080438977E+00   0.1235457128E-02
     62.   5.   0.1048662850E+01   0.1421637546E+02   0.8294044350E+02  -0.5722287262E+00   0.1573675925E+02   0.2079494800E+00   0.1235445388E-02
     62.   6.   0.1048662850E+01   0.1421637546E+02   0.8294044350E+02  -0.5723208726E+00   0.1573642456E+02   0.2077939717E+00   0.1235393445E-02
     63.   1.   0.6994597000E+00   0.1423782923E+02   0.8293676337E+02  -0.6194407194E+00   0.1453610664E+02   0.1282542867E+00   0.1240982989E-02
     63.   2.   0.6994597000E+00   0.1423782923E+02   0.8293676337E+02  -0.7064280402E+00   0.1575047997E+02   0.1390679426E+00   0.1238220113E-02
     63.   3.   0.6994597000E+00   0.1423782923E+02   0.8293676337E+02  -0.7074659907E+00   0.1575615294E+02   0.1390800793E+00   0.1238963926E-02
     63.   4.   0.6994597000E+00   0.1423782923E+02   0.8293676337E+02  -0.7077003621E+00   0.1575683158E+02   0.1390456652E+00   0.1239046879E-02
     63.   5.   0.6994597000E+00   0.1423782923E+02   0.8293676337E+02  -0.7078257443E+00   0.1575680233E+02   0.1389820825E+00   0.1239035356E-02
     63.   6.   0.6994597000E+00   0.1423782923E+02   0.8293676337E+02  -0.7079188444E+00   0.1575647107E+02   0.1388776712E+00   0.1238983474E-02
     64.   1.   0.3498352100E+00   0.1425070666E+02   0.8293455166E+02  -0.6942697914E+00   0.1454718753E+02   0.6422370315E-01   0.1243240684E-02
     64.   2.   0.3498352100E+00   0.1425070666E+02   0.8293455166E+02  -0.7879034590E+00   0.1576254961E+02   0.6963946004E-01   0.1240469684E-02
     64.   3.   0.3498352100E+00   0.1425070666E+02   0.8293455166E+02  -0.7889713131E+00   0.1576823007E+02   0.6964529209E-01   0.1241215970E-02
     64.   4.   0.3498352100E+00   0.1425070666E+02   0.8293455166E+02  -0.7892101666E+00   0.1576891047E+02   0.6962789169E-01   0.1241299330E-02
     64.   5.   0.3498352100E+00   0.1425070666E+02   0.8293455166E+02  -0.7893368649E+00   0.1576888282E+02   0.6959591099E-01   0.1241287945E-02
     64.   6.   0.3498352100E+00   0.1425070666E+02   0.8293455166E+02  -0.7894305379E+00   0.1576855362E+02   0.6954347670E-01   0.1241236103E-02
     65.   1.   0.0000000000E+00   0.1425500000E+02   0.8293381382E+02  -0.7192393604E+00   0.1455088567E+02   0.2623529897E-07   0.1244009772E-02
     65.   2.   0.0000000000E+00   0.1425500000E+02   0.8293381382E+02  -0.8150877205E+00   0.1576658195E+02   0.3125650161E-07   0.1241236126E-02
     65.   3.   0.0000000000E+00   0.1425500000E+02   0.8293381382E+02  -0.8161655827E+00   0.1577226491E+02   0.3451214584E-07   0.1241983260E-02
     65.   4.   0.0000000000E+00   0.1425500000E+02   0.8293381382E+02  -0.8164059421E+00   0.1577294590E+02   0.3347741830E-07   0.1242066750E-02
     65.   5.   0.0000000000E+00   0.1425500000E+02   0.8293381382E+02  -0.8165330753E+00   0.1577291881E+02   0.3255644956E-07   0.1242055420E-02
     65.   6.   0.0000000000E+00   0.1425500000E+02   0.8293381382E+02  -0.8166269404E+00   0.1577259036E+02   0.3251371249E-07   0.1242003597E-02
     66.   1.  -0.3498352100E+00   0.1425070666E+02   0.8293455166E+02  -0.6942697873E+00   0.1454718753E+02  -0.6422364361E-01   0.1243240684E-02
     66.   2.  -0.3498352100E+00   0.1425070666E+02   0.8293455166E+02  -0.7879034564E+00   0.1576254961E+02  -0.6963939577E-01   0.1240469683E-02
     66.   3.  -0.3498352100E+00   0.1425070666E+02   0.8293455166E+02  -0.7889713109E+00   0.1576823007E+02  -0.6964522778E-01   0.1241215969E-02
     66.   4.  -0.3498352100E+00   0.1425070666E+02   0.8293455166E+02  -0.7892101647E+00   0.1576891047E+02  -0.6962782738E-01   0.1241299329E-02
     66.   5.  -0.3498352100E+00   0.1425070666E+02   0.8293455166E+02  -0.7893368630E+00   0.1576888282E+02  -0.6959584665E-01   0.1241287944E-02
     66.   6.  -0.3498352100E+00   0.1425070666E+02   0.8293455166E+02  -0.7894305360E+00   0.1576855362E+02  -0.6954341235E-01   0.1241236102E-02
     67.   1.  -0.6994597000E+00   0.1423782923E+02   0.8293676337E+02  -0.6194407172E+00   0.1453610664E+02  -0.1282542289E+00   0.1240982989E-02
     67.   2.  -0.6994597000E+00   0.1423782923E+02   0.8293676337E+02  -0.7064280364E+00   0.1575047997E+02  -0.1390678790E+00   0.1238220113E-02
     67.   3.  -0.6994597000E+00   0.1423782923E+02   0.8293676337E+02  -0.7074659868E+00   0.1575615294E+02  -0.1390800155E+00   0.1238963925E-02
     67.   4.  -0.6994597000E+00   0.1423782923E+02   0.8293676337E+02  -0.7077003581E+00   0.1575683158E+02  -0.1390456015E+00   0.1239046878E-02
     67.   5.  -0.6994597000E+00   0.1423782923E+02   0.8293676337E+02  -0.7078257402E+00   0.1575680233E+02  -0.1389820187E+00   0.1239035355E-02
     67.   6.  -0.6994597000E+00   0.1423782923E+02   0.8293676337E+02  -0.7079188403E+00   0.1575647107E+02  -0.1388776074E+00   0.1238983473E-02
     68.   1.  -0.1048662850E+01   0.1421637546E+02   0.8294044350E+02  -0.4949579413E+00   0.1451771609E+02  -0.1918989758E+00   0.1237384701E-02
     68.   2.  -0.1048662850E+01   0.1421637546E+02   0.8294044350E+02  -0.5708903509E+00   0.1573045480E+02  -0.2080752178E+00   0.1234635044E-02
     68.   3.  -0.1048662850E+01   0.1421637546E+02   0.8294044350E+02  -0.5718786520E+00   0.1573611548E+02  -0.2080945540E+00   0.1235374856E-02
     68.   4.  -0.1048662850E+01   0.1421637546E+02   0.8294044350E+02  -0.5721055277E+00   0.1573679102E+02  -0.2080438341E+00   0.1235457128E-02
     68.   5.  -0.1048662850E+01   0.1421637546E+02   0.8294044350E+02  -0.5722287199E+00   0.1573675925E+02  -0.2079494164E+00   0.1235445388E-02
     68.   6.  -0.1048662850E+01   0.1421637546E+02   0.8294044350E+02  -0.5723208663E+00   0.1573642456E+02  -0.2077939081E+00   0.1235393445E-02
     69.   1.  -0.1397234340E+01   0.1418635828E+02   0.8294558300E+02  -0.3211770342E+00   0.1449212225E+02  -0.2549665562E+00   0.1232689837E-02
     69.   2.  -0.1397234340E+01   0.1418635828E+02   0.8294558300E+02  -0.3816737367E+00   0.1570260680E+02  -0.2764526459E+00   0.1229957753E-02
     69.   3.  -0.1397234340E+01   0.1418635828E+02   0.8294558300E+02  -0.3825926118E+00   0.1570825026E+02  -0.2764804845E+00   0.1230692172E-02
     69.   4.  -0.1397234340E+01   0.1418635828E+02   0.8294558300E+02  -0.3828090677E+00   0.1570892159E+02  -0.2764145357E+00   0.1230773531E-02
     69.   5.  -0.1397234340E+01   0.1418635828E+02   0.8294558300E+02  -0.3829292171E+00   0.1570888628E+02  -0.2762903856E+00   0.1230761489E-02
     69.   6.  -0.1397234340E+01   0.1418635828E+02   0.8294558300E+02  -0.3830200389E+00   0.1570854703E+02  -0.2760851871E+00   0.1230709480E-02
     70.   1.  -0.1744964170E+01   0.1414779577E+02   0.8295216920E+02  -0.9856726714E-01   0.1445946899E+02  -0.3172680533E+00   0.1227234710E-02
     70.   2.  -0.1744964170E+01   0.1414779577E+02   0.8295216920E+02  -0.1393102536E+00   0.1566711861E+02  -0.3439941800E+00   0.1224524050E-02
     70.   3.  -0.1744964170E+01   0.1414779577E+02   0.8295216920E+02  -0.1401404588E+00   0.1567274049E+02  -0.3440321100E+00   0.1225251946E-02
     70.   4.  -0.1744964170E+01   0.1414779577E+02   0.8295216920E+02  -0.1403435759E+00   0.1567340673E+02  -0.3439524149E+00   0.1225332209E-02
     70.   5.  -0.1744964170E+01   0.1414779577E+02   0.8295216920E+02  -0.1404598246E+00   0.1567336695E+02  -0.3437999406E+00   0.1225319791E-02
     70.   6.  -0.1744964170E+01   0.1414779577E+02   0.8295216920E+02  -0.1405489503E+00   0.1567302194E+02  -0.3435468060E+00   0.1225267706E-02
     71.   1.  -0.2091642910E+01   0.1410071115E+02   0.8296018590E+02   0.1722410403E+00   0.1441995734E+02  -0.3786175842E+00   0.1221444008E-02
     71.   2.  -0.2091642910E+01   0.1410071115E+02   0.8296018590E+02   0.1555198319E+00   0.1562422351E+02  -0.4104965990E+00   0.1218757451E-02
     71.   3.  -0.2091642910E+01   0.1410071115E+02   0.8296018590E+02   0.1547974890E+00   0.1562981967E+02  -0.4105467812E+00   0.1219478031E-02
     71.   4.  -0.2091642910E+01   0.1410071115E+02   0.8296018590E+02   0.1546105768E+00   0.1563047982E+02  -0.4104550230E+00   0.1219557040E-02
     71.   5.  -0.2091642910E+01   0.1410071115E+02   0.8296018590E+02   0.1544990552E+00   0.1563043486E+02  -0.4102760036E+00   0.1219544200E-02
     71.   6.  -0.2091642910E+01   0.1410071115E+02   0.8296018590E+02   0.1544119719E+00   0.1563008294E+02  -0.4099770288E+00   0.1219492018E-02
     72.   1.  -0.2437061720E+01   0.1404513279E+02   0.8296961338E+02   0.4904885612E+00   0.1437381308E+02  -0.4388316895E+00   0.1215824959E-02
     72.   2.  -0.2437061720E+01   0.1404513279E+02   0.8296961338E+02   0.5019890761E+00   0.1557420215E+02  -0.4757601304E+00   0.1213163818E-02
     72.   3.  -0.2437061720E+01   0.1404513279E+02   0.8296961338E+02   0.5013933630E+00   0.1557976881E+02  -0.4758249386E+00   0.1213876602E-02
     72.   4.  -0.2437061720E+01   0.1404513279E+02   0.8296961338E+02   0.5012254439E+00   0.1558042217E+02  -0.4757231615E+00   0.1213954273E-02
     72.   5.  -0.2437061720E+01   0.1404513279E+02   0.8296961338E+02   0.5011194653E+00   0.1558037138E+02  -0.4755196891E+00   0.1213940973E-02
     72.   6.  -0.2437061720E+01   0.1404513279E+02   0.8296961338E+02   0.5010347790E+00   0.1558001180E+02  -0.4751775652E+00   0.1213888725E-02
     73.   1.  -0.2781012540E+01   0.1398109417E+02   0.8298042845E+02   0.8552978891E+00   0.1432129616E+02  -0.4977320594E+00   0.1210958889E-02
     73.   2.  -0.2781012540E+01   0.1398109417E+02   0.8298042845E+02   0.8991293187E+00   0.1551737641E+02  -0.5395907908E+00   0.1208323321E-02
     73.   3.  -0.2781012540E+01   0.1398109417E+02   0.8298042845E+02   0.8986784555E+00   0.1552291026E+02  -0.5396731527E+00   0.1209028317E-02
     73.   4.  -0.2781012540E+01   0.1398109417E+02   0.8298042845E+02   0.8985323139E+00   0.1552355624E+02  -0.5395636354E+00   0.1209104609E-02
     73.   5.  -0.2781012540E+01   0.1398109417E+02   0.8298042845E+02   0.8984326590E+00   0.1552349915E+02  -0.5393380786E+00   0.1209090841E-02
     73.   6.  -0.2781012540E+01   0.1398109417E+02   0.8298042845E+02   0.8983506929E+00   0.1552313109E+02  -0.5389556586E+00   0.1209038534E-02
     74.   1.  -0.3123288180E+01   0.1390863386E+02   0.8299260451E+02   0.1265667303E+01   0.1426271178E+02  -0.5551450354E+00   0.1207494157E-02
     74.   2.  -0.3123288180E+01   0.1390863386E+02   0.8299260451E+02   0.1345833708E+01   0.1545410784E+02  -0.6017991085E+00   0.1204882728E-02
     74.   3.  -0.3123288180E+01   0.1390863386E+02   0.8299260451E+02   0.1345545682E+01   0.1545960608E+02  -0.6019020300E+00   0.1205580339E-02
     74.   4.  -0.3123288180E+01   0.1390863386E+02   0.8299260451E+02   0.1345423938E+01   0.1546024454E+02  -0.6017875603E+00   0.1205655332E-02
     74.   5.  -0.3123288180E+01   0.1390863386E+02   0.8299260451E+02   0.1345331354E+01   0.1546018094E+02  -0.6015426315E+00   0.1205641119E-02
     74.   6.  -0.3123288180E+01   0.1390863386E+02   0.8299260451E+02   0.1345252437E+01   0.1545980388E+02  -0.6011231784E+00   0.1205588789E-02
     75.   1.  -0.3463682460E+01   0.1382779551E+02   0.8300611165E+02   0.1720444689E+01   0.1419837297E+02  -0.6109013684E+00   0.1206136752E-02
     75.   2.  -0.3463682460E+01   0.1382779551E+02   0.8300611165E+02   0.1840860955E+01   0.1538479495E+02  -0.6622022991E+00   0.1203546556E-02
     75.   3.  -0.3463682460E+01   0.1382779551E+02   0.8300611165E+02   0.1840753021E+01   0.1539025515E+02  -0.6623290554E+00   0.1204237676E-02
     75.   4.  -0.3463682460E+01   0.1382779551E+02   0.8300611165E+02   0.1840658246E+01   0.1539088585E+02  -0.6622122647E+00   0.1204311478E-02
     75.   5.  -0.3463682460E+01   0.1382779551E+02   0.8300611165E+02   0.1840573483E+01   0.1539081567E+02  -0.6619509482E+00   0.1204296863E-02
     75.   6.  -0.3463682460E+01   0.1382779551E+02   0.8300611165E+02   0.1840497908E+01   0.1539042921E+02  -0.6614979636E+00   0.1204244545E-02
     76.   1.  -0.3801990360E+01   0.1373862782E+02   0.8302091668E+02   0.2218390410E+01   0.1412861867E+02  -0.6648390852E+00   0.1207639666E-02
     76.   2.  -0.3801990360E+01   0.1373862782E+02   0.8302091668E+02   0.2382840896E+01   0.1530986455E+02  -0.7206245223E+00   0.1205066051E-02
     76.   3.  -0.3801990360E+01   0.1373862782E+02   0.8302091668E+02   0.2382929862E+01   0.1531528533E+02  -0.7207790185E+00   0.1205752209E-02
     76.   4.  -0.3801990360E+01   0.1373862782E+02   0.8302091668E+02   0.2382864547E+01   0.1531590830E+02  -0.7206628130E+00   0.1205825009E-02
     76.   5.  -0.3801990360E+01   0.1373862782E+02   0.8302091668E+02   0.2382788287E+01   0.1531583164E+02  -0.7203882040E+00   0.1205810056E-02
     76.   6.  -0.3801990360E+01   0.1373862782E+02   0.8302091668E+02   0.2382716339E+01   0.1531543577E+02  -0.7199056319E+00   0.1205757821E-02
     77.   1.  -0.4138008070E+01   0.1364118449E+02   0.8303698324E+02   0.2758163450E+01   0.1405386049E+02  -0.7168057231E+00   0.1212793748E-02
     77.   2.  -0.4138008070E+01   0.1364118449E+02   0.8303698324E+02   0.2970282249E+01   0.1522976984E+02  -0.7768990398E+00   0.1210229831E-02
     77.   3.  -0.4138008070E+01   0.1364118449E+02   0.8303698324E+02   0.2970584129E+01   0.1523514951E+02  -0.7770841973E+00   0.1210912950E-02
     77.   4.  -0.4138008070E+01   0.1364118449E+02   0.8303698324E+02   0.2970550636E+01   0.1523576534E+02  -0.7769720058E+00   0.1210985086E-02
     77.   5.  -0.4138008070E+01   0.1364118449E+02   0.8303698324E+02   0.2970483552E+01   0.1523568253E+02  -0.7766874137E+00   0.1210969893E-02
     77.   6.  -0.4138008070E+01   0.1364118449E+02   0.8303698324E+02   0.2970415494E+01   0.1523527719E+02  -0.7761790850E+00   0.1210917797E-02
     78.   1.  -0.4471533210E+01   0.1353552421E+02   0.8305427192E+02   0.3338281004E+01   0.1397447950E+02  -0.7666531927E+00   0.1222416142E-02
     78.   2.  -0.4471533210E+01   0.1353552421E+02   0.8305427192E+02   0.3601572498E+01   0.1514498893E+02  -0.8308655075E+00   0.1219853373E-02
     78.   3.  -0.4471533210E+01   0.1353552421E+02   0.8305427192E+02   0.3602102749E+01   0.1515032699E+02  -0.8310853945E+00   0.1220536059E-02
     78.   4.  -0.4471533210E+01   0.1353552421E+02   0.8305427192E+02   0.3602103381E+01   0.1515093623E+02  -0.8309802915E+00   0.1220607895E-02
     78.   5.  -0.4471533210E+01   0.1353552421E+02   0.8305427192E+02   0.3602046088E+01   0.1515084767E+02  -0.8306889677E+00   0.1220592566E-02
     78.   6.  -0.4471533210E+01   0.1353552421E+02   0.8305427192E+02   0.3601982173E+01   0.1515043333E+02  -0.8301592776E+00   0.1220540707E-02
     79.   1.  -0.4802364860E+01   0.1342171065E+02   0.8307274031E+02   0.3957164776E+01   0.1389085710E+02  -0.8142419908E+00   0.1237338202E-02
     79.   2.  -0.4802364860E+01   0.1342171065E+02   0.8307274031E+02   0.4274986382E+01   0.1505601266E+02  -0.8823740679E+00   0.1234766377E-02
     79.   3.  -0.4802364860E+01   0.1342171065E+02   0.8307274031E+02   0.4275759775E+01   0.1506130964E+02  -0.8826331441E+00   0.1235451834E-02
     79.   4.  -0.4802364860E+01   0.1342171065E+02   0.8307274031E+02   0.4275796655E+01   0.1506191329E+02  -0.8825386953E+00   0.1235523871E-02
     79.   5.  -0.4802364860E+01   0.1342171065E+02   0.8307274031E+02   0.4275749746E+01   0.1506181970E+02  -0.8822440767E+00   0.1235508546E-02
     79.   6.  -0.4802364860E+01   0.1342171065E+02   0.8307274031E+02   0.4275690191E+01   0.1506139703E+02  -0.8816975522E+00   0.1235457039E-02
     80.   1.  -0.5130303750E+01   0.1329981235E+02   0.8309234316E+02   0.4613142414E+01   0.1380342726E+02  -0.8594429038E+00   0.1258395447E-02
     80.   2.  -0.5130303750E+01   0.1329981235E+02   0.8309234316E+02   0.4988698494E+01   0.1496334662E+02  -0.9312854983E+00   0.1255802223E-02
     80.   3.  -0.5130303750E+01   0.1329981235E+02   0.8309234316E+02   0.4989728920E+01   0.1496860286E+02  -0.9315870136E+00   0.1256494140E-02
     80.   4.  -0.5130303750E+01   0.1329981235E+02   0.8309234316E+02   0.4989804124E+01   0.1496920217E+02  -0.9315067226E+00   0.1256566938E-02
     80.   5.  -0.5130303750E+01   0.1329981235E+02   0.8309234316E+02   0.4989768137E+01   0.1496910465E+02  -0.9312126795E+00   0.1256551816E-02
     80.   6.  -0.5130303750E+01   0.1329981235E+02   0.8309234316E+02   0.4989713160E+01   0.1496867428E+02  -0.9306534947E+00   0.1256500746E-02
     81.   1.  -0.5455152330E+01   0.1316990274E+02   0.8311303244E+02   0.5304474699E+01   0.1371261720E+02  -0.9021378405E+00   0.1286413980E-02
     81.   2.  -0.5455152330E+01   0.1316990274E+02   0.8311303244E+02   0.5740779624E+01   0.1486749912E+02  -0.9774712215E+00   0.1283785231E-02
     81.   3.  -0.5455152330E+01   0.1316990274E+02   0.8311303244E+02   0.5742080380E+01   0.1487271611E+02  -0.9778190768E+00   0.1284487935E-02
     81.   4.  -0.5455152330E+01   0.1316990274E+02   0.8311303244E+02   0.5742195794E+01   0.1487331219E+02  -0.9777559106E+00   0.1284562127E-02
     81.   5.  -0.5455152330E+01   0.1316990274E+02   0.8311303244E+02   0.5742171256E+01   0.1487321185E+02  -0.9774659124E+00   0.1284547404E-02
     81.   6.  -0.5455152330E+01   0.1316990274E+02   0.8311303244E+02   0.5742121030E+01   0.1487277481E+02  -0.9768985420E+00   0.1284496893E-02
     82.   1.  -0.5776714930E+01   0.1303206007E+02   0.8313475753E+02   0.6029309365E+01   0.1361885809E+02  -0.9422160693E+00   0.1322201471E-02
     82.   2.  -0.5776714930E+01   0.1303206007E+02   0.8313475753E+02   0.6529210270E+01   0.1476898307E+02  -0.1020812702E+01   0.1319521036E-02
     82.   3.  -0.5776714930E+01   0.1303206007E+02   0.8313475753E+02   0.6530793676E+01   0.1477416264E+02  -0.1021210266E+01   0.1320239362E-02
     82.   4.  -0.5776714930E+01   0.1303206007E+02   0.8313475753E+02   0.6530951104E+01   0.1477475738E+02  -0.1021167913E+01   0.1320315708E-02
     82.   5.  -0.5776714930E+01   0.1303206007E+02   0.8313475753E+02   0.6530938466E+01   0.1477465556E+02  -0.1020885412E+01   0.1320301600E-02
     82.   6.  -0.5776714930E+01   0.1303206007E+02   0.8313475753E+02   0.6530893161E+01   0.1477421337E+02  -0.1020314737E+01   0.1320251808E-02
     83.   1.  -0.6094797860E+01   0.1288636737E+02   0.8315746530E+02   0.6790642562E+01   0.1351395523E+02  -0.9771920381E+00   0.1366533867E-02
     83.   2.  -0.6094797860E+01   0.1288636737E+02   0.8315746530E+02   0.7351843172E+01   0.1466823649E+02  -0.1059016112E+01   0.1363784028E-02
     83.   3.  -0.6094797860E+01   0.1288636737E+02   0.8315746530E+02   0.7353720861E+01   0.1467338107E+02  -0.1059466695E+01   0.1364523344E-02
     83.   4.  -0.6094797860E+01   0.1288636737E+02   0.8315746530E+02   0.7353921964E+01   0.1467397643E+02  -0.1059448537E+01   0.1364602668E-02
     83.   5.  -0.6094797860E+01   0.1288636737E+02   0.8315746530E+02   0.7353921651E+01   0.1467387494E+02  -0.1059177452E+01   0.1364589453E-02
     83.   6.  -0.6094797860E+01   0.1288636737E+02   0.8315746530E+02   0.7353881414E+01   0.1467342893E+02  -0.1058607644E+01   0.1364540502E-02
     84.   1.  -0.6409209500E+01   0.1273291241E+02   0.8318110027E+02   0.7581570662E+01   0.1340724732E+02  -0.1012785080E+01   0.1420145218E-02
     84.   2.  -0.6409209500E+01   0.1273291241E+02   0.8318110027E+02   0.8206630394E+01   0.1456594428E+02  -0.1098453683E+01   0.1417306698E-02
     84.   3.  -0.6409209500E+01   0.1273291241E+02   0.8318110027E+02   0.8208813063E+01   0.1457105737E+02  -0.1098961039E+01   0.1418072914E-02
     84.   4.  -0.6409209500E+01   0.1273291241E+02   0.8318110027E+02   0.8209059360E+01   0.1457165545E+02  -0.1098970176E+01   0.1418156107E-02
     84.   5.  -0.6409209500E+01   0.1273291241E+02   0.8318110027E+02   0.8209071770E+01   0.1457155595E+02  -0.1098713788E+01   0.1418144042E-02
     84.   6.  -0.6409209500E+01   0.1273291241E+02   0.8318110027E+02   0.8209036722E+01   0.1457110788E+02  -0.1098149305E+01   0.1418096084E-02
     85.   1.  -0.6719760480E+01   0.1257178762E+02   0.8320560471E+02   0.8394695318E+01   0.1330826881E+02  -0.1044427519E+01   0.1483717642E-02
     85.   2.  -0.6719760480E+01   0.1257178762E+02   0.8320560471E+02   0.9091176758E+01   0.1446243698E+02  -0.1132673381E+01   0.1480769426E-02
     85.   3.  -0.6719760480E+01   0.1257178762E+02   0.8320560471E+02   0.9093674295E+01   0.1446752233E+02  -0.1133240663E+01   0.1481568912E-02
     85.   4.  -0.6719760480E+01   0.1257178762E+02   0.8320560471E+02   0.9093967172E+01   0.1446812516E+02  -0.1133279501E+01   0.1481656909E-02
     85.   5.  -0.6719760480E+01   0.1257178762E+02   0.8320560471E+02   0.9093992629E+01   0.1446802967E+02  -0.1133041154E+01   0.1481646294E-02
     85.   6.  -0.6719760480E+01   0.1257178762E+02   0.8320560471E+02   0.9093962874E+01   0.1446758155E+02  -0.1132486367E+01   0.1481599499E-02
     86.   1.  -0.7026263730E+01   0.1240309006E+02   0.8323091888E+02   0.9233205359E+01   0.1320801667E+02  -0.1073128776E+01   0.1557871624E-02
     86.   2.  -0.7026263730E+01   0.1240309006E+02   0.8323091888E+02   0.1000321409E+02   0.1435823407E+02  -0.1163699053E+01   0.1554791619E-02
     86.   3.  -0.7026263730E+01   0.1240309006E+02   0.8323091888E+02   0.1000603562E+02   0.1436329607E+02  -0.1164329237E+01   0.1555631135E-02
     86.   4.  -0.7026263730E+01   0.1240309006E+02   0.8323091888E+02   0.1000637634E+02   0.1436390634E+02  -0.1164400878E+01   0.1555724975E-02
     86.   5.  -0.7026263730E+01   0.1240309006E+02   0.8323091888E+02   0.1000641517E+02   0.1436381691E+02  -0.1164183582E+01   0.1555716104E-02
     86.   6.  -0.7026263730E+01   0.1240309006E+02   0.8323091888E+02   0.1000639079E+02   0.1436337106E+02  -0.1163642986E+01   0.1555670652E-02
     87.   1.  -0.7328534620E+01   0.1222692134E+02   0.8325698106E+02   0.1009496811E+02   0.1310691587E+02  -0.1098839307E+01   0.1643156713E-02
     87.   2.  -0.7328534620E+01   0.1222692134E+02   0.8325698106E+02   0.1094037092E+02   0.1425378814E+02  -0.1191476464E+01   0.1639921156E-02
     87.   3.  -0.7328534620E+01   0.1222692134E+02   0.8325698106E+02   0.1094352438E+02   0.1425883133E+02  -0.1192171423E+01   0.1640807788E-02
     87.   4.  -0.7328534620E+01   0.1222692134E+02   0.8325698106E+02   0.1094391408E+02   0.1425945212E+02  -0.1192279002E+01   0.1640908600E-02
     87.   5.  -0.7328534620E+01   0.1222692134E+02   0.8325698106E+02   0.1094396651E+02   0.1425937082E+02  -0.1192085364E+01   0.1640901779E-02
     87.   6.  -0.7328534620E+01   0.1222692134E+02   0.8325698106E+02   0.1094394758E+02   0.1425892943E+02  -0.1191562660E+01   0.1640857824E-02
     88.   1.  -0.7626391070E+01   0.1204338757E+02   0.8328372780E+02   0.1097776366E+02   0.1300533345E+02  -0.1121518403E+01   0.1740042611E-02
     88.   2.  -0.7626391070E+01   0.1204338757E+02   0.8328372780E+02   0.1190022556E+02   0.1414953041E+02  -0.1215962528E+01   0.1736627184E-02
     88.   3.  -0.7626391070E+01   0.1204338757E+02   0.8328372780E+02   0.1190371833E+02   0.1415456002E+02  -0.1216724375E+01   0.1737568379E-02
     88.   4.  -0.7626391070E+01   0.1204338757E+02   0.8328372780E+02   0.1190415802E+02   0.1415519394E+02  -0.1216869708E+01   0.1737677263E-02
     88.   5.  -0.7626391070E+01   0.1204338757E+02   0.8328372780E+02   0.1190422428E+02   0.1415512351E+02  -0.1216702965E+01   0.1737672859E-02
     88.   6.  -0.7626391070E+01   0.1204338757E+02   0.8328372780E+02   0.1190421084E+02   0.1415468909E+02  -0.1216201874E+01   0.1737630572E-02
     89.   1.  -0.7919653670E+01   0.1185259932E+02   0.8331109403E+02   0.1187932707E+02   0.1290361485E+02  -0.1141135919E+01   0.1848913456E-02
     89.   2.  -0.7919653670E+01   0.1185259932E+02   0.8331109403E+02   0.1288031216E+02   0.1404586788E+02  -0.1237128761E+01   0.1845292807E-02
     89.   3.  -0.7919653670E+01   0.1185259932E+02   0.8331109403E+02   0.1288415046E+02   0.1405088928E+02  -0.1237958645E+01   0.1846296240E-02
     89.   4.  -0.7919653670E+01   0.1185259932E+02   0.8331109403E+02   0.1288464097E+02   0.1405153919E+02  -0.1238143566E+01   0.1846414355E-02
     89.   5.  -0.7919653670E+01   0.1185259932E+02   0.8331109403E+02   0.1288472126E+02   0.1405148218E+02  -0.1238006248E+01   0.1846412717E-02
     89.   6.  -0.7919653670E+01   0.1185259932E+02   0.8331109403E+02   0.1288471334E+02   0.1405105722E+02  -0.1237530110E+01   0.1846372264E-02
     90.   1.  -0.8208145770E+01   0.1165467151E+02   0.8333901326E+02   0.1279737759E+02   0.1280210362E+02  -0.1157673966E+01   0.1970060731E-02
     90.   2.  -0.8208145770E+01   0.1165467151E+02   0.8333901326E+02   0.1387813399E+02   0.1394318011E+02  -0.1254956291E+01   0.1966208791E-02
     90.   3.  -0.8208145770E+01   0.1165467151E+02   0.8333901326E+02   0.1388232336E+02   0.1394819931E+02  -0.1255855504E+01   0.1967282349E-02
     90.   4.  -0.8208145770E+01   0.1165467151E+02   0.8333901326E+02   0.1388286541E+02   0.1394886836E+02  -0.1256081806E+01   0.1967410892E-02
     90.   5.  -0.8208145770E+01   0.1165467151E+02   0.8333901326E+02   0.1388295985E+02   0.1394882742E+02  -0.1255976206E+01   0.1967412370E-02
     90.   6.  -0.8208145770E+01   0.1165467151E+02   0.8333901326E+02   0.1388295749E+02   0.1394841464E+02  -0.1255528164E+01   0.1967373915E-02
     91.   1.  -0.8491693590E+01   0.1144972336E+02   0.8336741771E+02   0.1372960250E+02   0.1270111224E+02  -0.1171126504E+01   0.2103677016E-02
     91.   2.  -0.8491693590E+01   0.1144972336E+02   0.8336741771E+02   0.1489116794E+02   0.1384181761E+02  -0.1269440022E+01   0.2099567586E-02
     91.   3.  -0.8491693590E+01   0.1144972336E+02   0.8336741771E+02   0.1489571285E+02   0.1384684079E+02  -0.1270409053E+01   0.2100719248E-02
     91.   4.  -0.8491693590E+01   0.1144972336E+02   0.8336741771E+02   0.1489630706E+02   0.1384753248E+02  -0.1270678584E+01   0.2100859457E-02
     91.   5.  -0.8491693590E+01   0.1144972336E+02   0.8336741771E+02   0.1489641577E+02   0.1384751027E+02  -0.1270606556E+01   0.2100864397E-02
     91.   6.  -0.8491693590E+01   0.1144972336E+02   0.8336741771E+02   0.1489641895E+02   0.1384711258E+02  -0.1270189548E+01   0.2100828109E-02
     92.   1.  -0.8770126320E+01   0.1123787833E+02   0.8339623847E+02   0.1467367022E+02   0.1260094924E+02  -0.1181500922E+01   0.2249852448E-02
     92.   2.  -0.8770126320E+01   0.1123787833E+02   0.8339623847E+02   0.1591686689E+02   0.1374209894E+02  -0.1280589174E+01   0.2245459045E-02
     92.   3.  -0.8770126320E+01   0.1123787833E+02   0.8339623847E+02   0.1592177125E+02   0.1374713217E+02  -0.1281627631E+01   0.2246696853E-02
     92.   4.  -0.8770126320E+01   0.1123787833E+02   0.8339623847E+02   0.1592241804E+02   0.1374784956E+02  -0.1281941101E+01   0.2246849942E-02
     92.   5.  -0.8770126320E+01   0.1123787833E+02   0.8339623847E+02   0.1592254109E+02   0.1374784875E+02  -0.1281904133E+01   0.2246858692E-02
     92.   6.  -0.8770126320E+01   0.1123787833E+02   0.8339623847E+02   0.1592254981E+02   0.1374746901E+02  -0.1281520764E+01   0.2246824737E-02
     93.   1.  -0.9043276270E+01   0.1101926401E+02   0.8342540573E+02   0.1562722841E+02   0.1250188610E+02  -0.1188811217E+01   0.2408572383E-02
     93.   2.  -0.9043276270E+01   0.1101926401E+02   0.8342540573E+02   0.1695267288E+02   0.1364431459E+02  -0.1288420969E+01   0.2403868211E-02
     93.   3.  -0.9043276270E+01   0.1101926401E+02   0.8342540573E+02   0.1695793910E+02   0.1364936510E+02  -0.1289529258E+01   0.2405200307E-02
     93.   4.  -0.9043276270E+01   0.1101926401E+02   0.8342540573E+02   0.1695863884E+02   0.1365011108E+02  -0.1289886731E+01   0.2405367458E-02
     93.   5.  -0.9043276270E+01   0.1101926401E+02   0.8342540573E+02   0.1695877626E+02   0.1365013430E+02  -0.1289885846E+01   0.2405380353E-02
     93.   6.  -0.9043276270E+01   0.1101926401E+02   0.8342540573E+02   0.1695879048E+02   0.1364977568E+02  -0.1289538679E+01   0.2405348907E-02
     94.   1.  -0.9310978880E+01   0.1079401211E+02   0.8345484889E+02   0.1658793627E+02   0.1240418685E+02  -0.1193084294E+01   0.2579712939E-02
     94.   2.  -0.9310978880E+01   0.1079401211E+02   0.8345484889E+02   0.1799602182E+02   0.1354872166E+02  -0.1292963995E+01   0.2574671553E-02
     94.   3.  -0.9310978880E+01   0.1079401211E+02   0.8345484889E+02   0.1800165211E+02   0.1355379580E+02  -0.1294140725E+01   0.2576105832E-02
     94.   4.  -0.9310978880E+01   0.1079401211E+02   0.8345484889E+02   0.1800240499E+02   0.1355457380E+02  -0.1294542654E+01   0.2576288268E-02
     94.   5.  -0.9310978880E+01   0.1079401211E+02   0.8345484889E+02   0.1800255679E+02   0.1355462398E+02  -0.1294579073E+01   0.2576305668E-02
     94.   6.  -0.9310978880E+01   0.1079401211E+02   0.8345484889E+02   0.1800257649E+02   0.1355428921E+02  -0.1294269536E+01   0.2576276858E-02
     95.   1.  -0.9573072900E+01   0.1056225829E+02   0.8348449676E+02   0.1755265594E+02   0.1228609088E+02  -0.1194175576E+01   0.2763041036E-02
     95.   2.  -0.9573072900E+01   0.1056225829E+02   0.8348449676E+02   0.1904434107E+02   0.1345520536E+02  -0.1291337289E+01   0.2757636940E-02
     95.   3.  -0.9573072900E+01   0.1056225829E+02   0.8348449676E+02   0.1905033637E+02   0.1346030936E+02  -0.1292579702E+01   0.2759181234E-02
     95.   4.  -0.9573072900E+01   0.1056225829E+02   0.8348449676E+02   0.1905114246E+02   0.1346112229E+02  -0.1293025576E+01   0.2759380118E-02
     95.   5.  -0.9573072900E+01   0.1056225829E+02   0.8348449676E+02   0.1905130862E+02   0.1346120225E+02  -0.1293100075E+01   0.2759402369E-02
     95.   6.  -0.9573072900E+01   0.1056225829E+02   0.8348449676E+02   0.1905133374E+02   0.1346089412E+02  -0.1292829424E+01   0.2759376327E-02
     96.   1.  -0.9829400470E+01   0.1032414217E+02   0.8351427775E+02   0.1852059653E+02   0.1219192771E+02  -0.1192489544E+01   0.2958215809E-02
     96.   2.  -0.9829400470E+01   0.1032414217E+02   0.8351427775E+02   0.2009493266E+02   0.1335306878E+02  -0.1288165044E+01   0.2952423676E-02
     96.   3.  -0.9829400470E+01   0.1032414217E+02   0.8351427775E+02   0.2010144363E+02   0.1336953191E+02  -0.1288627086E+01   0.2954085629E-02
     96.   4.  -0.9829400470E+01   0.1032414217E+02   0.8351427775E+02   0.2010230292E+02   0.1337038281E+02  -0.1289116146E+01   0.2954302098E-02
     96.   5.  -0.9829400470E+01   0.1032414217E+02   0.8351427775E+02   0.2010248336E+02   0.1337049519E+02  -0.1289228810E+01   0.2954329506E-02
     96.   6.  -0.9829400470E+01   0.1032414217E+02   0.8351427775E+02   0.2010251386E+02   0.1337021671E+02  -0.1288998269E+01   0.2954306369E-02
     97.   1.  -0.1007980717E+02   0.1007980717E+02   0.8354412001E+02   0.1948264177E+02   0.1207560561E+02  -0.1185385628E+01   0.3164787371E-02
     97.   2.  -0.1007980717E+02   0.1007980717E+02   0.8354412001E+02   0.2114563696E+02   0.1326555601E+02  -0.1283285963E+01   0.3158583052E-02
     97.   3.  -0.1007980717E+02   0.1007980717E+02   0.8354412001E+02   0.2115249553E+02   0.1328198871E+02  -0.1283808103E+01   0.3160369935E-02
     97.   4.  -0.1007980717E+02   0.1007980717E+02   0.8354412001E+02   0.2115340781E+02   0.1328288105E+02  -0.1284339979E+01   0.3160605127E-02
     97.   5.  -0.1007980717E+02   0.1007980717E+02   0.8354412001E+02   0.2115360245E+02   0.1328302833E+02  -0.1284490523E+01   0.3160637991E-02
     97.   6.  -0.1007980717E+02   0.1007980717E+02   0.8354412001E+02   0.2115363825E+02   0.1328278246E+02  -0.1284300985E+01   0.3160617887E-02
     98.   1.  -0.1032414217E+02   0.9829400470E+01   0.8357395160E+02   0.2044315853E+02   0.1198351314E+02  -0.1179657022E+01   0.3382198680E-02
     98.   2.  -0.1032414217E+02   0.9829400470E+01   0.8357395160E+02   0.2219339967E+02   0.1316981146E+02  -0.1279704588E+01   0.3375559239E-02
     98.   3.  -0.1032414217E+02   0.9829400470E+01   0.8357395160E+02   0.2220081035E+02   0.1319745139E+02  -0.1280520553E+01   0.3377478061E-02
     98.   4.  -0.1032414217E+02   0.9829400470E+01   0.8357395160E+02   0.2220177540E+02   0.1319838788E+02  -0.1281093628E+01   0.3377733016E-02
     98.   5.  -0.1032414217E+02   0.9829400470E+01   0.8357395160E+02   0.2220198412E+02   0.1319857245E+02  -0.1281281328E+01   0.3377771621E-02
     98.   6.  -0.1032414217E+02   0.9829400470E+01   0.8357395160E+02   0.2220202516E+02   0.1319836189E+02  -0.1281133007E+01   0.3377754658E-02
     99.   1.  -0.1056225829E+02   0.9573072900E+01   0.8360370073E+02   0.2140366301E+02   0.1189657882E+02  -0.1169458656E+01   0.3609791249E-02
     99.   2.  -0.1056225829E+02   0.9573072900E+01   0.8360370073E+02   0.2323624988E+02   0.1308811628E+02  -0.1268575586E+01   0.3602695046E-02
     99.   3.  -0.1056225829E+02   0.9573072900E+01   0.8360370073E+02   0.2324398814E+02   0.1311566748E+02  -0.1269443439E+01   0.3604752373E-02
     99.   4.  -0.1056225829E+02   0.9573072900E+01   0.8360370073E+02   0.2324500552E+02   0.1311665091E+02  -0.1270055920E+01   0.3605028076E-02
     99.   5.  -0.1056225829E+02   0.9573072900E+01   0.8360370073E+02   0.2324522819E+02   0.1311687514E+02  -0.1270279969E+01   0.3605072687E-02
     99.   6.  -0.1056225829E+02   0.9573072900E+01   0.8360370073E+02   0.2324527436E+02   0.1311670224E+02  -0.1270172372E+01   0.3605058940E-02
    100.   1.  -0.1079401211E+02   0.9310978880E+01   0.8363329584E+02   0.2235732080E+02   0.1181208166E+02  -0.1156552604E+01   0.3846806640E-02
    100.   2.  -0.1079401211E+02   0.9310978880E+01   0.8363329584E+02   0.2427147256E+02   0.1300952917E+02  -0.1254516308E+01   0.3839233083E-02
    100.   3.  -0.1079401211E+02   0.9310978880E+01   0.8363329584E+02   0.2427953616E+02   0.1303699979E+02  -0.1255433243E+01   0.3841435003E-02
    100.   4.  -0.1079401211E+02   0.9310978880E+01   0.8363329584E+02   0.2428060540E+02   0.1303803236E+02  -0.1256082437E+01   0.3841732355E-02
    100.   5.  -0.1079401211E+02   0.9310978880E+01   0.8363329584E+02   0.2428084183E+02   0.1303829855E+02  -0.1256341705E+01   0.3841783224E-02
    100.   6.  -0.1079401211E+02   0.9310978880E+01   0.8363329584E+02   0.2428089307E+02   0.1303816593E+02  -0.1256274553E+01   0.3841772785E-02
    101.   1.  -0.1101926401E+02   0.9043276270E+01   0.8366266583E+02   0.2336952901E+02   0.1193207056E+02  -0.1120426449E+01   0.4092391011E-02
    101.   2.  -0.1101926401E+02   0.9043276270E+01   0.8366266583E+02   0.2529668041E+02   0.1293399048E+02  -0.1237344244E+01   0.4084322622E-02
    101.   3.  -0.1101926401E+02   0.9043276270E+01   0.8366266583E+02   0.2530506621E+02   0.1296138738E+02  -0.1238305990E+01   0.4086674753E-02
    101.   4.  -0.1101926401E+02   0.9043276270E+01   0.8366266583E+02   0.2530618669E+02   0.1296247166E+02  -0.1238989595E+01   0.4086994587E-02
    101.   5.  -0.1101926401E+02   0.9043276270E+01   0.8366266583E+02   0.2530643670E+02   0.1296278173E+02  -0.1239282360E+01   0.4087051929E-02
    101.   6.  -0.1101926401E+02   0.9043276270E+01   0.8366266583E+02   0.2530649289E+02   0.1296269158E+02  -0.1239254625E+01   0.4087044862E-02
    102.   1.  -0.1123787833E+02   0.8770126320E+01   0.8369174024E+02   0.2429519843E+02   0.1187600460E+02  -0.1102825282E+01   0.4345603536E-02
    102.   2.  -0.1123787833E+02   0.8770126320E+01   0.8369174024E+02   0.2630938699E+02   0.1286177349E+02  -0.1217684015E+01   0.4337023832E-02
    102.   3.  -0.1123787833E+02   0.8770126320E+01   0.8369174024E+02   0.2631809154E+02   0.1288910447E+02  -0.1218686791E+01   0.4339531025E-02
    102.   4.  -0.1123787833E+02   0.8770126320E+01   0.8369174024E+02   0.2631926252E+02   0.1289024217E+02  -0.1219401296E+01   0.4339874074E-02
    102.   5.  -0.1123787833E+02   0.8770126320E+01   0.8369174024E+02   0.2631952587E+02   0.1289059829E+02  -0.1219726129E+01   0.4339938100E-02
    102.   6.  -0.1123787833E+02   0.8770126320E+01   0.8369174024E+02   0.2631958693E+02   0.1289055247E+02  -0.1219736262E+01   0.4339934440E-02
    103.   1.  -0.1144972336E+02   0.8491693590E+01   0.8372044935E+02   0.2520744507E+02   0.1182210456E+02  -0.1082794718E+01   0.4605421916E-02
    103.   2.  -0.1144972336E+02   0.8491693590E+01   0.8372044935E+02   0.2730728899E+02   0.1279278366E+02  -0.1195355260E+01   0.4596315660E-02
    103.   3.  -0.1144972336E+02   0.8491693590E+01   0.8372044935E+02   0.2731630737E+02   0.1282005588E+02  -0.1196394712E+01   0.4598982309E-02
    103.   4.  -0.1144972336E+02   0.8491693590E+01   0.8372044935E+02   0.2731752806E+02   0.1282124898E+02  -0.1197136976E+01   0.4599349213E-02
    103.   5.  -0.1144972336E+02   0.8491693590E+01   0.8372044935E+02   0.2731780451E+02   0.1282165250E+02  -0.1197491217E+01   0.4599420077E-02
    103.   6.  -0.1144972336E+02   0.8491693590E+01   0.8372044935E+02   0.2731787033E+02   0.1282165319E+02  -0.1197538039E+01   0.4599419888E-02
    104.   1.  -0.1165467151E+02   0.8208145770E+01   0.8374872443E+02   0.2610415034E+02   0.1177035859E+02  -0.1060420488E+01   0.4870745854E-02
    104.   2.  -0.1165467151E+02   0.8208145770E+01   0.8374872443E+02   0.2828808835E+02   0.1272701973E+02  -0.1170452246E+01   0.4861101466E-02
    104.   3.  -0.1165467151E+02   0.8208145770E+01   0.8374872443E+02   0.2829741574E+02   0.1275424006E+02  -0.1171523524E+01   0.4863931218E-02
    104.   4.  -0.1165467151E+02   0.8208145770E+01   0.8374872443E+02   0.2829868516E+02   0.1275549065E+02  -0.1172290604E+01   0.4864322553E-02
    104.   5.  -0.1165467151E+02   0.8208145770E+01   0.8374872443E+02   0.2829897448E+02   0.1275594263E+02  -0.1172671318E+01   0.4864400366E-02
    104.   6.  -0.1165467151E+02   0.8208145770E+01   0.8374872443E+02   0.2829904493E+02   0.1275599157E+02  -0.1172753039E+01   0.4864403671E-02
    105.   1.  -0.1185259932E+02   0.7919653670E+01   0.8377649781E+02   0.2698328915E+02   0.1172081009E+02  -0.1035789314E+01   0.5140410140E-02
    105.   2.  -0.1185259932E+02   0.7919653670E+01   0.8377649781E+02   0.2924954453E+02   0.1266446888E+02  -0.1143073240E+01   0.5130217815E-02
    105.   3.  -0.1185259932E+02   0.7919653670E+01   0.8377649781E+02   0.2925917510E+02   0.1269164312E+02  -0.1144170109E+01   0.5133213559E-02
    105.   4.  -0.1185259932E+02   0.7919653670E+01   0.8377649781E+02   0.2926049226E+02   0.1269295217E+02  -0.1144957665E+01   0.5133629747E-02
    105.   5.  -0.1185259932E+02   0.7919653670E+01   0.8377649781E+02   0.2926079413E+02   0.1269345412E+02  -0.1145362554E+01   0.5133714641E-02
    105.   6.  -0.1185259932E+02   0.7919653670E+01   0.8377649781E+02   0.2926086910E+02   0.1269355243E+02  -0.1145476618E+01   0.5133721439E-02
    106.   1.  -0.1204338757E+02   0.7626391070E+01   0.8380370314E+02   0.2784280995E+02   0.1167339997E+02  -0.1008985005E+01   0.5413189839E-02
    106.   2.  -0.1204338757E+02   0.7626391070E+01   0.8380370314E+02   0.3018947427E+02   0.1260510344E+02  -0.1113312486E+01   0.5402443152E-02
    106.   3.  -0.1204338757E+02   0.7626391070E+01   0.8380370314E+02   0.3019940146E+02   0.1263223865E+02  -0.1114430553E+01   0.5405607066E-02
    106.   4.  -0.1204338757E+02   0.7626391070E+01   0.8380370314E+02   0.3020076523E+02   0.1263360691E+02  -0.1115234043E+01   0.5406048413E-02
    106.   5.  -0.1204338757E+02   0.7626391070E+01   0.8380370314E+02   0.3020107933E+02   0.1263415989E+02  -0.1115660298E+01   0.5406140466E-02
    106.   6.  -0.1204338757E+02   0.7626391070E+01   0.8380370314E+02   0.3020115870E+02   0.1263430875E+02  -0.1115804263E+01   0.5406150753E-02
    107.   1.  -0.1222692134E+02   0.7328534620E+01   0.8383027544E+02   0.2865857418E+02   0.1162257013E+02  -0.9792219953E+00   0.5687811039E-02
    107.   2.  -0.1222692134E+02   0.7328534620E+01   0.8383027544E+02   0.3110577022E+02   0.1254883213E+02  -0.1081204857E+01   0.5676504900E-02
    107.   3.  -0.1222692134E+02   0.7328534620E+01   0.8383027544E+02   0.3111598683E+02   0.1257593377E+02  -0.1082337971E+01   0.5679838358E-02
    107.   4.  -0.1222692134E+02   0.7328534620E+01   0.8383027544E+02   0.3111739597E+02   0.1257736245E+02  -0.1083153715E+01   0.5680305079E-02
    107.   5.  -0.1222692134E+02   0.7328534620E+01   0.8383027544E+02   0.3111772199E+02   0.1257796684E+02  -0.1083597768E+01   0.5680404322E-02
    107.   6.  -0.1222692134E+02   0.7328534620E+01   0.8383027544E+02   0.3111780564E+02   0.1257816715E+02  -0.1083768984E+01   0.5680418086E-02
    108.   1.  -0.1240309006E+02   0.7026263730E+01   0.8385615134E+02   0.2947251283E+02   0.1157958060E+02  -0.9483729221E+00   0.5962958477E-02
    108.   2.  -0.1240309006E+02   0.7026263730E+01   0.8385615134E+02   0.3199635763E+02   0.1249570905E+02  -0.1046983782E+01   0.5951090784E-02
    108.   3.  -0.1240309006E+02   0.7026263730E+01   0.8385615134E+02   0.3200685611E+02   0.1252278305E+02  -0.1048126101E+01   0.5954594379E-02
    108.   4.  -0.1240309006E+02   0.7026263730E+01   0.8385615134E+02   0.3200830932E+02   0.1252427223E+02  -0.1048949165E+01   0.5955086562E-02
    108.   5.  -0.1240309006E+02   0.7026263730E+01   0.8385615134E+02   0.3200864689E+02   0.1252492826E+02  -0.1049407516E+01   0.5955192991E-02
    108.   6.  -0.1240309006E+02   0.7026263730E+01   0.8385615134E+02   0.3200873468E+02   0.1252518088E+02  -0.1049603388E+01   0.5955210216E-02
    109.   1.  -0.1257178762E+02   0.6719760480E+01   0.8388126918E+02   0.3026123632E+02   0.1153868845E+02  -0.9156228752E+00   0.6237284927E-02
    109.   2.  -0.1257178762E+02   0.6719760480E+01   0.8388126918E+02   0.3285926956E+02   0.1244562964E+02  -0.1010681558E+01   0.6224856944E-02
    109.   3.  -0.1257178762E+02   0.6719760480E+01   0.8388126918E+02   0.3287004129E+02   0.1247268045E+02  -0.1011826320E+01   0.6228530300E-02
    109.   4.  -0.1257178762E+02   0.6719760480E+01   0.8388126918E+02   0.3287153724E+02   0.1247423025E+02  -0.1012652041E+01   0.6229047894E-02
    109.   5.  -0.1257178762E+02   0.6719760480E+01   0.8388126918E+02   0.3287188597E+02   0.1247493829E+02  -0.1013121443E+01   0.6229161490E-02
    109.   6.  -0.1257178762E+02   0.6719760480E+01   0.8388126918E+02   0.3287197773E+02   0.1247524327E+02  -0.1013338591E+01   0.6229182111E-02
    110.   1.  -0.1273291241E+02   0.6409209500E+01   0.8390556914E+02   0.3102298527E+02   0.1149990274E+02  -0.8810621365E+00   0.6509421575E-02
    110.   2.  -0.1273291241E+02   0.6409209500E+01   0.8390556914E+02   0.3369259882E+02   0.1239853236E+02  -0.9723972216E+00   0.6496437670E-02
    110.   3.  -0.1273291241E+02   0.6409209500E+01   0.8390556914E+02   0.3370363488E+02   0.1242556439E+02  -0.9735377501E+00   0.6500279651E-02
    110.   4.  -0.1273291241E+02   0.6409209500E+01   0.8390556914E+02   0.3370517204E+02   0.1242717452E+02  -0.9743613289E+00   0.6500822473E-02
    110.   5.  -0.1273291241E+02   0.6409209500E+01   0.8390556914E+02   0.3370553155E+02   0.1242793443E+02  -0.9748381795E+00   0.6500943191E-02
    110.   6.  -0.1273291241E+02   0.6409209500E+01   0.8390556914E+02   0.3370562718E+02   0.1242829144E+02  -0.9750730291E+00   0.6500967137E-02
    111.   1.  -0.1288636737E+02   0.6094797860E+01   0.8392899344E+02   0.3175607598E+02   0.1146315388E+02  -0.8447807196E+00   0.6777990430E-02
    111.   2.  -0.1288636737E+02   0.6094797860E+01   0.8392899344E+02   0.3449451592E+02   0.1235435304E+02  -0.9322316578E+00   0.6764456394E-02
    111.   3.  -0.1288636737E+02   0.6094797860E+01   0.8392899344E+02   0.3450580675E+02   0.1238137094E+02  -0.9333618356E+00   0.6768465009E-02
    111.   4.  -0.1288636737E+02   0.6094797860E+01   0.8392899344E+02   0.3450738355E+02   0.1238304109E+02  -0.9341786431E+00   0.6769032772E-02
    111.   5.  -0.1288636737E+02   0.6094797860E+01   0.8392899344E+02   0.3450775344E+02   0.1238385216E+02  -0.9346589533E+00   0.6769160486E-02
    111.   6.  -0.1288636737E+02   0.6094797860E+01   0.8392899344E+02   0.3450785276E+02   0.1238426121E+02  -0.9349084581E+00   0.6769187699E-02
    112.   1.  -0.1303206007E+02   0.5776714930E+01   0.8395148638E+02   0.3245893245E+02   0.1142847931E+02  -0.8068675183E+00   0.7041609338E-02
    112.   2.  -0.1303206007E+02   0.5776714930E+01   0.8395148638E+02   0.3526327464E+02   0.1231302614E+02  -0.8902829926E+00   0.7027534103E-02
    112.   3.  -0.1303206007E+02   0.5776714930E+01   0.8395148638E+02   0.3527481006E+02   0.1234003287E+02  -0.8913956775E+00   0.7031706494E-02
    112.   4.  -0.1303206007E+02   0.5776714930E+01   0.8395148638E+02   0.3527642480E+02   0.1234176181E+02  -0.8922005590E+00   0.7032298732E-02
    112.   5.  -0.1303206007E+02   0.5776714930E+01   0.8395148638E+02   0.3527680463E+02   0.1234262349E+02  -0.8926807703E+00   0.7032433333E-02
    112.   6.  -0.1303206007E+02   0.5776714930E+01   0.8395148638E+02   0.3527690751E+02   0.1234308378E+02  -0.8929413401E+00   0.7032463716E-02
    113.   1.  -0.1316990274E+02   0.5455152330E+01   0.8397299455E+02   0.3312999867E+02   0.1139583867E+02  -0.7674168602E+00   0.7298902938E-02
    113.   2.  -0.1316990274E+02   0.5455152330E+01   0.8397299455E+02   0.3599720814E+02   0.1227448188E+02  -0.8466536920E+00   0.7284300146E-02
    113.   3.  -0.1316990274E+02   0.5455152330E+01   0.8397299455E+02   0.3600897753E+02   0.1230148146E+02  -0.8477426592E+00   0.7288632491E-02
    113.   4.  -0.1316990274E+02   0.5455152330E+01   0.8397299455E+02   0.3601062849E+02   0.1230326774E+02  -0.8485305745E+00   0.7289248632E-02
    113.   5.  -0.1316990274E+02   0.5455152330E+01   0.8397299455E+02   0.3601101779E+02   0.1230417884E+02  -0.8490067423E+00   0.7289389951E-02
    113.   6.  -0.1316990274E+02   0.5455152330E+01   0.8397299455E+02   0.3601112405E+02   0.1230468954E+02  -0.8492749922E+00   0.7289423411E-02
    114.   1.  -0.1329981235E+02   0.5130303750E+01   0.8399346691E+02   0.3375047776E+02   0.1136006620E+02  -0.7239489342E+00   0.7548517528E-02
    114.   2.  -0.1329981235E+02   0.5130303750E+01   0.8399346691E+02   0.3669485094E+02   0.1223858214E+02  -0.7988433202E+00   0.7533401986E-02
    114.   3.  -0.1329981235E+02   0.5130303750E+01   0.8399346691E+02   0.3670684259E+02   0.1226557722E+02  -0.7999020289E+00   0.7537889696E-02
    114.   4.  -0.1329981235E+02   0.5130303750E+01   0.8399346691E+02   0.3670852803E+02   0.1226741938E+02  -0.8006682209E+00   0.7538529068E-02
    114.   5.  -0.1329981235E+02   0.5130303750E+01   0.8399346691E+02   0.3670892635E+02   0.1226837888E+02  -0.8011368457E+00   0.7538676903E-02
    114.   6.  -0.1329981235E+02   0.5130303750E+01   0.8399346691E+02   0.3670903584E+02   0.1226893854E+02  -0.8014090691E+00   0.7538713320E-02
    115.   1.  -0.1342171065E+02   0.4802364860E+01   0.8401285492E+02   0.3433609272E+02   0.1132644408E+02  -0.6836202713E+00   0.7789124254E-02
    115.   2.  -0.1342171065E+02   0.4802364860E+01   0.8401285492E+02   0.3735437304E+02   0.1220540619E+02  -0.7546918999E+00   0.7773513882E-02
    115.   3.  -0.1342171065E+02   0.4802364860E+01   0.8401285492E+02   0.3736657551E+02   0.1223239953E+02  -0.7557140581E+00   0.7778151484E-02
    115.   4.  -0.1342171065E+02   0.4802364860E+01   0.8401285492E+02   0.3736829352E+02   0.1223429574E+02  -0.7564538750E+00   0.7778813284E-02
    115.   5.  -0.1342171065E+02   0.4802364860E+01   0.8401285492E+02   0.3736870039E+02   0.1223530162E+02  -0.7569108605E+00   0.7778967403E-02
    115.   6.  -0.1342171065E+02   0.4802364860E+01   0.8401285492E+02   0.3736881289E+02   0.1223590879E+02  -0.7571836961E+00   0.7779006637E-02
    116.   1.  -0.1353552421E+02   0.4471533210E+01   0.8403111264E+02   0.3490287767E+02   0.1129982520E+02  -0.6401267100E+00   0.8019431286E-02
    116.   2.  -0.1353552421E+02   0.4471533210E+01   0.8403111264E+02   0.3797470252E+02   0.1216430724E+02  -0.7069642076E+00   0.8003347593E-02
    116.   3.  -0.1353552421E+02   0.4471533210E+01   0.8403111264E+02   0.3798709890E+02   0.1220161674E+02  -0.7048906076E+00   0.8008128830E-02
    116.   4.  -0.1353552421E+02   0.4471533210E+01   0.8403111264E+02   0.3798884759E+02   0.1220356480E+02  -0.7055994266E+00   0.8008812128E-02
    116.   5.  -0.1353552421E+02   0.4471533210E+01   0.8403111264E+02   0.3798926246E+02   0.1220461512E+02  -0.7060411010E+00   0.8008972227E-02
    116.   6.  -0.1353552421E+02   0.4471533210E+01   0.8403111264E+02   0.3798937784E+02   0.1220526824E+02  -0.7063112829E+00   0.8009014178E-02
    117.   1.  -0.1364118449E+02   0.4138008070E+01   0.8404819682E+02   0.3543255896E+02   0.1127521501E+02  -0.5954525359E+00   0.8238195146E-02
    117.   2.  -0.1364118449E+02   0.4138008070E+01   0.8404819682E+02   0.3855441891E+02   0.1213628229E+02  -0.6575611216E+00   0.8221660477E-02
    117.   3.  -0.1364118449E+02   0.4138008070E+01   0.8404819682E+02   0.3856699444E+02   0.1217355864E+02  -0.6554619733E+00   0.8226578311E-02
    117.   4.  -0.1364118449E+02   0.4138008070E+01   0.8404819682E+02   0.3856877176E+02   0.1217555619E+02  -0.6561354501E+00   0.8227282045E-02
    117.   5.  -0.1364118449E+02   0.4138008070E+01   0.8404819682E+02   0.3856919411E+02   0.1217664875E+02  -0.6565582781E+00   0.8227447838E-02
    117.   6.  -0.1364118449E+02   0.4138008070E+01   0.8404819682E+02   0.3856931217E+02   0.1217734540E+02  -0.6568222680E+00   0.8227492333E-02
    118.   1.  -0.1373862782E+02   0.3801990360E+01   0.8406406705E+02   0.3592404851E+02   0.1125256338E+02  -0.5496867057E+00   0.8444224251E-02
    118.   2.  -0.1373862782E+02   0.3801990360E+01   0.8406406705E+02   0.3909229738E+02   0.1211071935E+02  -0.6069653527E+00   0.8427264859E-02
    118.   3.  -0.1373862782E+02   0.3801990360E+01   0.8406406705E+02   0.3910504003E+02   0.1214796742E+02  -0.6048360471E+00   0.8432311472E-02
    118.   4.  -0.1373862782E+02   0.3801990360E+01   0.8406406705E+02   0.3910684394E+02   0.1215001158E+02  -0.6054698130E+00   0.8433034431E-02
    118.   5.  -0.1373862782E+02   0.3801990360E+01   0.8406406705E+02   0.3910727325E+02   0.1215114418E+02  -0.6058705247E+00   0.8433205599E-02
    118.   6.  -0.1373862782E+02   0.3801990360E+01   0.8406406705E+02   0.3910739381E+02   0.1215188209E+02  -0.6061251653E+00   0.8433252483E-02
    119.   1.  -0.1382779551E+02   0.3463682460E+01   0.8407868579E+02   0.3637633424E+02   0.1123187874E+02  -0.5029193007E+00   0.8636390978E-02
    119.   2.  -0.1382779551E+02   0.3463682460E+01   0.8407868579E+02   0.3958721158E+02   0.1208756400E+02  -0.5552755062E+00   0.8619035213E-02
    119.   3.  -0.1382779551E+02   0.3463682460E+01   0.8407868579E+02   0.3960010797E+02   0.1212478871E+02  -0.5531118611E+00   0.8624201889E-02
    119.   4.  -0.1382779551E+02   0.3463682460E+01   0.8407868579E+02   0.3960193635E+02   0.1212687608E+02  -0.5537016872E+00   0.8624942827E-02
    119.   5.  -0.1382779551E+02   0.3463682460E+01   0.8407868579E+02   0.3960237207E+02   0.1212804647E+02  -0.5540772585E+00   0.8625119020E-02
    119.   6.  -0.1382779551E+02   0.3463682460E+01   0.8407868579E+02   0.3960249491E+02   0.1212882288E+02  -0.5543194236E+00   0.8625168110E-02
    120.   1.  -0.1390863386E+02   0.3123288180E+01   0.8409201847E+02   0.3678840696E+02   0.1121317202E+02  -0.4552391539E+00   0.8813638134E-02
    120.   2.  -0.1390863386E+02   0.3123288180E+01   0.8409201847E+02   0.4003812569E+02   0.1206676719E+02  -0.5025899549E+00   0.8795916426E-02
    120.   3.  -0.1390863386E+02   0.3123288180E+01   0.8409201847E+02   0.4005116296E+02   0.1210397175E+02  -0.5003874259E+00   0.8801193991E-02
    120.   4.  -0.1390863386E+02   0.3123288180E+01   0.8409201847E+02   0.4005301365E+02   0.1210609939E+02  -0.5009297733E+00   0.8801951509E-02
    120.   5.  -0.1390863386E+02   0.3123288180E+01   0.8409201847E+02   0.4005345521E+02   0.1210730463E+02  -0.5012771302E+00   0.8802132343E-02
    120.   6.  -0.1390863386E+02   0.3123288180E+01   0.8409201847E+02   0.4005358014E+02   0.1210811651E+02  -0.5015038738E+00   0.8802183463E-02
    121.   1.  -0.1398109417E+02   0.2781012540E+01   0.8410403361E+02   0.3715941401E+02   0.1119642173E+02  -0.4067366965E+00   0.8974987058E-02
    121.   2.  -0.1398109417E+02   0.2781012540E+01   0.8410403361E+02   0.4044409803E+02   0.1203800380E+02  -0.4493403245E+00   0.8956932126E-02
    121.   3.  -0.1398109417E+02   0.2781012540E+01   0.8410403361E+02   0.4045728225E+02   0.1208554850E+02  -0.4494894116E+00   0.8962310681E-02
    121.   4.  -0.1398109417E+02   0.2781012540E+01   0.8410403361E+02   0.4045915302E+02   0.1208771251E+02  -0.4499806504E+00   0.8963083303E-02
    121.   5.  -0.1398109417E+02   0.2781012540E+01   0.8410403361E+02   0.4045959985E+02   0.1208894930E+02  -0.4502968395E+00   0.8963268349E-02
    121.   6.  -0.1398109417E+02   0.2781012540E+01   0.8410403361E+02   0.4045972667E+02   0.1208979398E+02  -0.4505056736E+00   0.8963321322E-02
    122.   1.  -0.1404513279E+02   0.2437061720E+01   0.8411470282E+02   0.3748861533E+02   0.1118164872E+02  -0.3575023592E+00   0.9119542751E-02
    122.   2.  -0.1404513279E+02   0.2437061720E+01   0.8411470282E+02   0.4080430830E+02   0.1202181599E+02  -0.3949287578E+00   0.9101189072E-02
    122.   3.  -0.1404513279E+02   0.2437061720E+01   0.8411470282E+02   0.4081759740E+02   0.1206931140E+02  -0.3950660920E+00   0.9106658169E-02
    122.   4.  -0.1404513279E+02   0.2437061720E+01   0.8411470282E+02   0.4081948601E+02   0.1207150811E+02  -0.3955030915E+00   0.9107444340E-02
    122.   5.  -0.1404513279E+02   0.2437061720E+01   0.8411470282E+02   0.4081993749E+02   0.1207277314E+02  -0.3957855618E+00   0.9107633141E-02
    122.   6.  -0.1404513279E+02   0.2437061720E+01   0.8411470282E+02   0.4082006600E+02   0.1207364701E+02  -0.3959739078E+00   0.9107687763E-02
    123.   1.  -0.1410071115E+02   0.2091642910E+01   0.8412400091E+02   0.3777531028E+02   0.1116886295E+02  -0.3076262861E+00   0.9246501049E-02
    123.   2.  -0.1410071115E+02   0.2091642910E+01   0.8412400091E+02   0.4111799752E+02   0.1200785989E+02  -0.3398163061E+00   0.9227884822E-02
    123.   3.  -0.1410071115E+02   0.2091642910E+01   0.8412400091E+02   0.4113137784E+02   0.1205531274E+02  -0.3399392805E+00   0.9233433442E-02
    123.   4.  -0.1410071115E+02   0.2091642910E+01   0.8412400091E+02   0.4113328193E+02   0.1205753791E+02  -0.3403191530E+00   0.9234231497E-02
    123.   5.  -0.1410071115E+02   0.2091642910E+01   0.8412400091E+02   0.4113373750E+02   0.1205882783E+02  -0.3405656507E+00   0.9234423627E-02
    123.   6.  -0.1410071115E+02   0.2091642910E+01   0.8412400091E+02   0.4113386746E+02   0.1205972728E+02  -0.3407312869E+00   0.9234479694E-02
    124.   1.  -0.1414779577E+02   0.1744964170E+01   0.8413190596E+02   0.3801890011E+02   0.1115802314E+02  -0.2571992718E+00   0.9355154046E-02
    124.   2.  -0.1414779577E+02   0.1744964170E+01   0.8413190596E+02   0.4138452142E+02   0.1199610291E+02  -0.2841017681E+00   0.9336313095E-02
    124.   3.  -0.1414779577E+02   0.1744964170E+01   0.8413190596E+02   0.4139797953E+02   0.1204352015E+02  -0.2842079879E+00   0.9341929907E-02
    124.   4.  -0.1414779577E+02   0.1744964170E+01   0.8413190596E+02   0.4139989687E+02   0.1204577011E+02  -0.2845284135E+00   0.9342738164E-02
    124.   5.  -0.1414779577E+02   0.1744964170E+01   0.8413190596E+02   0.4140035589E+02   0.1204708131E+02  -0.2847369229E+00   0.9342933126E-02
    124.   6.  -0.1414779577E+02   0.1744964170E+01   0.8413190596E+02   0.4140048711E+02   0.1204800273E+02  -0.2848779482E+00   0.9342990420E-02
    125.   1.  -0.1418635828E+02   0.1397234340E+01   0.8413839930E+02   0.3821890060E+02   0.1114916212E+02  -0.2063114375E+00   0.9444893874E-02
    125.   2.  -0.1418635828E+02   0.1397234340E+01   0.8413839930E+02   0.4160333384E+02   0.1198652023E+02  -0.2278840259E+00   0.9425868176E-02
    125.   3.  -0.1418635828E+02   0.1397234340E+01   0.8413839930E+02   0.4161685576E+02   0.1203390821E+02  -0.2279714272E+00   0.9431541286E-02
    125.   4.  -0.1418635828E+02   0.1397234340E+01   0.8413839930E+02   0.4161878389E+02   0.1203617903E+02  -0.2282304127E+00   0.9432357977E-02
    125.   5.  -0.1418635828E+02   0.1397234340E+01   0.8413839930E+02   0.4161924576E+02   0.1203750770E+02  -0.2283992549E+00   0.9432555269E-02
    125.   6.  -0.1418635828E+02   0.1397234340E+01   0.8413839930E+02   0.4161937797E+02   0.1203844748E+02  -0.2285141067E+00   0.9432613577E-02
    126.   1.  -0.1421637546E+02   0.1048662850E+01   0.8414346562E+02   0.3837487073E+02   0.1114225766E+02  -0.1550566040E+00   0.9515220149E-02
    126.   2.  -0.1421637546E+02   0.1048662850E+01   0.8414346562E+02   0.4177398582E+02   0.1197908936E+02  -0.1712658328E+00   0.9496048524E-02
    126.   3.  -0.1421637546E+02   0.1048662850E+01   0.8414346562E+02   0.4178755744E+02   0.1202645528E+02  -0.1713328742E+00   0.9501765791E-02
    126.   4.  -0.1421637546E+02   0.1048662850E+01   0.8414346562E+02   0.4178949404E+02   0.1202874215E+02  -0.1715286147E+00   0.9502589082E-02
    126.   5.  -0.1421637546E+02   0.1048662850E+01   0.8414346562E+02   0.4178995812E+02   0.1203008465E+02  -0.1716564554E+00   0.9502788216E-02
    126.   6.  -0.1421637546E+02   0.1048662850E+01   0.8414346562E+02   0.4179009114E+02   0.1203103871E+02  -0.1717437609E+00   0.9502847322E-02
    127.   1.  -0.1423782923E+02   0.6994597000E+00   0.8414709297E+02   0.3848651684E+02   0.1113734861E+02  -0.1035249500E+00   0.9565737514E-02
    127.   2.  -0.1423782923E+02   0.6994597000E+00   0.8414709297E+02   0.4189612884E+02   0.1197379365E+02  -0.1143453259E+00   0.9546460522E-02
    127.   3.  -0.1423782923E+02   0.6994597000E+00   0.8414709297E+02   0.4190973604E+02   0.1202114390E+02  -0.1143907739E+00   0.9552209431E-02
    127.   4.  -0.1423782923E+02   0.6994597000E+00   0.8414709297E+02   0.4191167866E+02   0.1202344213E+02  -0.1145219683E+00   0.9553037471E-02
    127.   5.  -0.1423782923E+02   0.6994597000E+00   0.8414709297E+02   0.4191214433E+02   0.1202479434E+02  -0.1146077520E+00   0.9553237918E-02
    127.   6.  -0.1423782923E+02   0.6994597000E+00   0.8414709297E+02   0.4191227792E+02   0.1202575868E+02  -0.1146665147E+00   0.9553297598E-02
    128.   1.  -0.1425070666E+02   0.3498352100E+00   0.8414927282E+02   0.3855360455E+02   0.1113438009E+02  -0.5180863844E-01   0.9596161823E-02
    128.   2.  -0.1425070666E+02   0.3498352100E+00   0.8414927282E+02   0.4196951530E+02   0.1197062038E+02  -0.5722301920E-01   0.9576821371E-02
    128.   3.  -0.1425070666E+02   0.3498352100E+00   0.8414927282E+02   0.4198314389E+02   0.1201796101E+02  -0.5724595606E-01   0.9582589365E-02
    128.   4.  -0.1425070666E+02   0.3498352100E+00   0.8414927282E+02   0.4198509017E+02   0.1202026601E+02  -0.5731175821E-01   0.9583420244E-02
    128.   5.  -0.1425070666E+02   0.3498352100E+00   0.8414927282E+02   0.4198555679E+02   0.1202162444E+02  -0.5735483495E-01   0.9583621500E-02
    128.   6.  -0.1425070666E+02   0.3498352100E+00   0.8414927282E+02   0.4198569075E+02   0.1202259491E+02  -0.5738438319E-01   0.9583681519E-02
    129.   1.  -0.1425500000E+02   0.0000000000E+00   0.8415000000E+02   0.3857598105E+02   0.1113340189E+02   0.9246173320E-09   0.9606321845E-02
    129.   2.  -0.1425500000E+02   0.0000000000E+00   0.8415000000E+02   0.4199399372E+02   0.1196956436E+02  -0.2398440709E-08   0.9586960681E-02
    129.   3.  -0.1425500000E+02   0.0000000000E+00   0.8415000000E+02   0.4200762940E+02   0.1201690122E+02  -0.1167879695E-08   0.9592735014E-02
    129.   4.  -0.1425500000E+02   0.0000000000E+00   0.8415000000E+02   0.4200957688E+02   0.1201920857E+02   0.2514042542E-09   0.9593566846E-02
    129.   5.  -0.1425500000E+02   0.0000000000E+00   0.8415000000E+02   0.4201004384E+02   0.1202056903E+02   0.6271180152E-09   0.9593768363E-02
    129.   6.  -0.1425500000E+02   0.0000000000E+00   0.8415000000E+02   0.4201017789E+02   0.1202154152E+02   0.8849131099E-09   0.9593828504E-02
    130.   1.  -0.1425070666E+02  -0.3498352100E+00   0.8414927282E+02   0.3855360455E+02   0.1113438009E+02   0.5180863877E-01   0.9596161822E-02
    130.   2.  -0.1425070666E+02  -0.3498352100E+00   0.8414927282E+02   0.4196951530E+02   0.1197062038E+02   0.5722301899E-01   0.9576821371E-02
    130.   3.  -0.1425070666E+02  -0.3498352100E+00   0.8414927282E+02   0.4198314389E+02   0.1201796101E+02   0.5724595588E-01   0.9582589365E-02
    130.   4.  -0.1425070666E+02  -0.3498352100E+00   0.8414927282E+02   0.4198509017E+02   0.1202026601E+02   0.5731175803E-01   0.9583420244E-02
    130.   5.  -0.1425070666E+02  -0.3498352100E+00   0.8414927282E+02   0.4198555679E+02   0.1202162444E+02   0.5735483477E-01   0.9583621500E-02
    130.   6.  -0.1425070666E+02  -0.3498352100E+00   0.8414927282E+02   0.4198569075E+02   0.1202259491E+02   0.5738438301E-01   0.9583681519E-02
    131.   1.  -0.1423782923E+02  -0.6994597000E+00   0.8414709297E+02   0.3848651684E+02   0.1113734861E+02   0.1035249498E+00   0.9565737514E-02
    131.   2.  -0.1423782923E+02  -0.6994597000E+00   0.8414709297E+02   0.4189612884E+02   0.1197379365E+02   0.1143453258E+00   0.9546460522E-02
    131.   3.  -0.1423782923E+02  -0.6994597000E+00   0.8414709297E+02   0.4190973604E+02   0.1202114390E+02   0.1143907738E+00   0.9552209431E-02
    131.   4.  -0.1423782923E+02  -0.6994597000E+00   0.8414709297E+02   0.4191167866E+02   0.1202344213E+02   0.1145219682E+00   0.9553037471E-02
    131.   5.  -0.1423782923E+02  -0.6994597000E+00   0.8414709297E+02   0.4191214433E+02   0.1202479434E+02   0.1146077519E+00   0.9553237918E-02
    131.   6.  -0.1423782923E+02  -0.6994597000E+00   0.8414709297E+02   0.4191227792E+02   0.1202575868E+02   0.1146665146E+00   0.9553297598E-02
    132.   1.  -0.1421637546E+02  -0.1048662850E+01   0.8414346562E+02   0.3837487073E+02   0.1114225766E+02   0.1550566039E+00   0.9515220149E-02
    132.   2.  -0.1421637546E+02  -0.1048662850E+01   0.8414346562E+02   0.4177398582E+02   0.1197908936E+02   0.1712658326E+00   0.9496048524E-02
    132.   3.  -0.1421637546E+02  -0.1048662850E+01   0.8414346562E+02   0.4178755744E+02   0.1202645528E+02   0.1713328740E+00   0.9501765790E-02
    132.   4.  -0.1421637546E+02  -0.1048662850E+01   0.8414346562E+02   0.4178949404E+02   0.1202874215E+02   0.1715286145E+00   0.9502589082E-02
    132.   5.  -0.1421637546E+02  -0.1048662850E+01   0.8414346562E+02   0.4178995812E+02   0.1203008465E+02   0.1716564553E+00   0.9502788216E-02
    132.   6.  -0.1421637546E+02  -0.1048662850E+01   0.8414346562E+02   0.4179009114E+02   0.1203103871E+02   0.1717437608E+00   0.9502847321E-02
    133.   1.  -0.1418635828E+02  -0.1397234340E+01   0.8413839930E+02   0.3821890060E+02   0.1114916212E+02   0.2063114374E+00   0.9444893873E-02
    133.   2.  -0.1418635828E+02  -0.1397234340E+01   0.8413839930E+02   0.4160333384E+02   0.1198652023E+02   0.2278840258E+00   0.9425868175E-02
    133.   3.  -0.1418635828E+02  -0.1397234340E+01   0.8413839930E+02   0.4161685576E+02   0.1203390821E+02   0.2279714272E+00   0.9431541286E-02
    133.   4.  -0.1418635828E+02  -0.1397234340E+01   0.8413839930E+02   0.4161878389E+02   0.1203617903E+02   0.2282304126E+00   0.9432357976E-02
    133.   5.  -0.1418635828E+02  -0.1397234340E+01   0.8413839930E+02   0.4161924576E+02   0.1203750770E+02   0.2283992549E+00   0.9432555269E-02
    133.   6.  -0.1418635828E+02  -0.1397234340E+01   0.8413839930E+02   0.4161937797E+02   0.1203844748E+02   0.2285141067E+00   0.9432613577E-02
    134.   1.  -0.1414779577E+02  -0.1744964170E+01   0.8413190596E+02   0.3801890011E+02   0.1115802314E+02   0.2571992717E+00   0.9355154045E-02
    134.   2.  -0.1414779577E+02  -0.1744964170E+01   0.8413190596E+02   0.4138452142E+02   0.1199610291E+02   0.2841017681E+00   0.9336313094E-02
    134.   3.  -0.1414779577E+02  -0.1744964170E+01   0.8413190596E+02   0.4139797953E+02   0.1204352015E+02   0.2842079879E+00   0.9341929907E-02
    134.   4.  -0.1414779577E+02  -0.1744964170E+01   0.8413190596E+02   0.4139989686E+02   0.1204577011E+02   0.2845284136E+00   0.9342738164E-02
    134.   5.  -0.1414779577E+02  -0.1744964170E+01   0.8413190596E+02   0.4140035589E+02   0.1204708131E+02   0.2847369230E+00   0.9342933126E-02
    134.   6.  -0.1414779577E+02  -0.1744964170E+01   0.8413190596E+02   0.4140048711E+02   0.1204800273E+02   0.2848779482E+00   0.9342990419E-02
    135.   1.  -0.1410071115E+02  -0.2091642910E+01   0.8412400091E+02   0.3777531028E+02   0.1116886295E+02   0.3076262862E+00   0.9246501048E-02
    135.   2.  -0.1410071115E+02  -0.2091642910E+01   0.8412400091E+02   0.4111799752E+02   0.1200785989E+02   0.3398163061E+00   0.9227884822E-02
    135.   3.  -0.1410071115E+02  -0.2091642910E+01   0.8412400091E+02   0.4113137784E+02   0.1205531274E+02   0.3399392805E+00   0.9233433441E-02
    135.   4.  -0.1410071115E+02  -0.2091642910E+01   0.8412400091E+02   0.4113328192E+02   0.1205753791E+02   0.3403191530E+00   0.9234231496E-02
    135.   5.  -0.1410071115E+02  -0.2091642910E+01   0.8412400091E+02   0.4113373749E+02   0.1205882783E+02   0.3405656507E+00   0.9234423626E-02
    135.   6.  -0.1410071115E+02  -0.2091642910E+01   0.8412400091E+02   0.4113386746E+02   0.1205972728E+02   0.3407312869E+00   0.9234479693E-02
    136.   1.  -0.1404513279E+02  -0.2437061720E+01   0.8411470282E+02   0.3748861533E+02   0.1118164872E+02   0.3575023592E+00   0.9119542751E-02
    136.   2.  -0.1404513279E+02  -0.2437061720E+01   0.8411470282E+02   0.4080430829E+02   0.1202181599E+02   0.3949287578E+00   0.9101189072E-02
    136.   3.  -0.1404513279E+02  -0.2437061720E+01   0.8411470282E+02   0.4081759740E+02   0.1206931140E+02   0.3950660920E+00   0.9106658168E-02
    136.   4.  -0.1404513279E+02  -0.2437061720E+01   0.8411470282E+02   0.4081948601E+02   0.1207150811E+02   0.3955030915E+00   0.9107444339E-02
    136.   5.  -0.1404513279E+02  -0.2437061720E+01   0.8411470282E+02   0.4081993749E+02   0.1207277314E+02   0.3957855617E+00   0.9107633140E-02
    136.   6.  -0.1404513279E+02  -0.2437061720E+01   0.8411470282E+02   0.4082006599E+02   0.1207364701E+02   0.3959739077E+00   0.9107687763E-02
    137.   1.  -0.1398109417E+02  -0.2781012540E+01   0.8410403361E+02   0.3715941401E+02   0.1119642173E+02   0.4067366965E+00   0.8974987058E-02
    137.   2.  -0.1398109417E+02  -0.2781012540E+01   0.8410403361E+02   0.4044409802E+02   0.1203800380E+02   0.4493403245E+00   0.8956932125E-02
    137.   3.  -0.1398109417E+02  -0.2781012540E+01   0.8410403361E+02   0.4045728225E+02   0.1208554850E+02   0.4494894116E+00   0.8962310681E-02
    137.   4.  -0.1398109417E+02  -0.2781012540E+01   0.8410403361E+02   0.4045915302E+02   0.1208771251E+02   0.4499806503E+00   0.8963083302E-02
    137.   5.  -0.1398109417E+02  -0.2781012540E+01   0.8410403361E+02   0.4045959985E+02   0.1208894930E+02   0.4502968395E+00   0.8963268348E-02
    137.   6.  -0.1398109417E+02  -0.2781012540E+01   0.8410403361E+02   0.4045972667E+02   0.1208979398E+02   0.4505056736E+00   0.8963321321E-02
    138.   1.  -0.1390863386E+02  -0.3123288180E+01   0.8409201847E+02   0.3678840696E+02   0.1121317202E+02   0.4552391541E+00   0.8813638134E-02
    138.   2.  -0.1390863386E+02  -0.3123288180E+01   0.8409201847E+02   0.4003812569E+02   0.1206676719E+02   0.5025899551E+00   0.8795916425E-02
    138.   3.  -0.1390863386E+02  -0.3123288180E+01   0.8409201847E+02   0.4005116296E+02   0.1210397175E+02   0.5003874261E+00   0.8801193990E-02
    138.   4.  -0.1390863386E+02  -0.3123288180E+01   0.8409201847E+02   0.4005301365E+02   0.1210609939E+02   0.5009297735E+00   0.8801951508E-02
    138.   5.  -0.1390863386E+02  -0.3123288180E+01   0.8409201847E+02   0.4005345521E+02   0.1210730463E+02   0.5012771303E+00   0.8802132342E-02
    138.   6.  -0.1390863386E+02  -0.3123288180E+01   0.8409201847E+02   0.4005358014E+02   0.1210811651E+02   0.5015038740E+00   0.8802183463E-02
    139.   1.  -0.1382779551E+02  -0.3463682460E+01   0.8407868579E+02   0.3637633424E+02   0.1123187874E+02   0.5029193009E+00   0.8636390976E-02
    139.   2.  -0.1382779551E+02  -0.3463682460E+01   0.8407868579E+02   0.3958721158E+02   0.1208756400E+02   0.5552755061E+00   0.8619035212E-02
    139.   3.  -0.1382779551E+02  -0.3463682460E+01   0.8407868579E+02   0.3960010797E+02   0.1212478871E+02   0.5531118610E+00   0.8624201888E-02
    139.   4.  -0.1382779551E+02  -0.3463682460E+01   0.8407868579E+02   0.3960193635E+02   0.1212687608E+02   0.5537016871E+00   0.8624942825E-02
    139.   5.  -0.1382779551E+02  -0.3463682460E+01   0.8407868579E+02   0.3960237207E+02   0.1212804647E+02   0.5540772584E+00   0.8625119019E-02
    139.   6.  -0.1382779551E+02  -0.3463682460E+01   0.8407868579E+02   0.3960249491E+02   0.1212882288E+02   0.5543194235E+00   0.8625168108E-02
    140.   1.  -0.1373862782E+02  -0.3801990360E+01   0.8406406705E+02   0.3592404851E+02   0.1125256338E+02   0.5496867053E+00   0.8444224251E-02
    140.   2.  -0.1373862782E+02  -0.3801990360E+01   0.8406406705E+02   0.3909229737E+02   0.1211071935E+02   0.6069653523E+00   0.8427264858E-02
    140.   3.  -0.1373862782E+02  -0.3801990360E+01   0.8406406705E+02   0.3910504002E+02   0.1214796742E+02   0.6048360468E+00   0.8432311471E-02
    140.   4.  -0.1373862782E+02  -0.3801990360E+01   0.8406406705E+02   0.3910684394E+02   0.1215001158E+02   0.6054698126E+00   0.8433034430E-02
    140.   5.  -0.1373862782E+02  -0.3801990360E+01   0.8406406705E+02   0.3910727325E+02   0.1215114418E+02   0.6058705243E+00   0.8433205597E-02
    140.   6.  -0.1373862782E+02  -0.3801990360E+01   0.8406406705E+02   0.3910739381E+02   0.1215188209E+02   0.6061251649E+00   0.8433252481E-02
    141.   1.  -0.1364118449E+02  -0.4138008070E+01   0.8404819682E+02   0.3543255896E+02   0.1127521501E+02   0.5954525357E+00   0.8238195145E-02
    141.   2.  -0.1364118449E+02  -0.4138008070E+01   0.8404819682E+02   0.3855441891E+02   0.1213628229E+02   0.6575611213E+00   0.8221660476E-02
    141.   3.  -0.1364118449E+02  -0.4138008070E+01   0.8404819682E+02   0.3856699443E+02   0.1217355864E+02   0.6554619731E+00   0.8226578310E-02
    141.   4.  -0.1364118449E+02  -0.4138008070E+01   0.8404819682E+02   0.3856877175E+02   0.1217555619E+02   0.6561354498E+00   0.8227282044E-02
    141.   5.  -0.1364118449E+02  -0.4138008070E+01   0.8404819682E+02   0.3856919411E+02   0.1217664875E+02   0.6565582779E+00   0.8227447836E-02
    141.   6.  -0.1364118449E+02  -0.4138008070E+01   0.8404819682E+02   0.3856931217E+02   0.1217734540E+02   0.6568222678E+00   0.8227492332E-02
    142.   1.  -0.1353552421E+02  -0.4471533210E+01   0.8403111264E+02   0.3490287766E+02   0.1129982520E+02   0.6401267096E+00   0.8019431285E-02
    142.   2.  -0.1353552421E+02  -0.4471533210E+01   0.8403111264E+02   0.3797470252E+02   0.1216430724E+02   0.7069642073E+00   0.8003347591E-02
    142.   3.  -0.1353552421E+02  -0.4471533210E+01   0.8403111264E+02   0.3798709890E+02   0.1220161674E+02   0.7048906072E+00   0.8008128829E-02
    142.   4.  -0.1353552421E+02  -0.4471533210E+01   0.8403111264E+02   0.3798884759E+02   0.1220356480E+02   0.7055994262E+00   0.8008812127E-02
    142.   5.  -0.1353552421E+02  -0.4471533210E+01   0.8403111264E+02   0.3798926246E+02   0.1220461512E+02   0.7060411007E+00   0.8008972226E-02
    142.   6.  -0.1353552421E+02  -0.4471533210E+01   0.8403111264E+02   0.3798937784E+02   0.1220526824E+02   0.7063112826E+00   0.8009014177E-02
    143.   1.  -0.1342171065E+02  -0.4802364860E+01   0.8401285492E+02   0.3433609271E+02   0.1132644408E+02   0.6836202710E+00   0.7789124253E-02
    143.   2.  -0.1342171065E+02  -0.4802364860E+01   0.8401285492E+02   0.3735437304E+02   0.1220540619E+02   0.7546918996E+00   0.7773513880E-02
    143.   3.  -0.1342171065E+02  -0.4802364860E+01   0.8401285492E+02   0.3736657551E+02   0.1223239953E+02   0.7557140577E+00   0.7778151483E-02
    143.   4.  -0.1342171065E+02  -0.4802364860E+01   0.8401285492E+02   0.3736829352E+02   0.1223429574E+02   0.7564538746E+00   0.7778813283E-02
    143.   5.  -0.1342171065E+02  -0.4802364860E+01   0.8401285492E+02   0.3736870038E+02   0.1223530162E+02   0.7569108602E+00   0.7778967402E-02
    143.   6.  -0.1342171065E+02  -0.4802364860E+01   0.8401285492E+02   0.3736881289E+02   0.1223590879E+02   0.7571836957E+00   0.7779006636E-02
    144.   1.  -0.1329981235E+02  -0.5130303750E+01   0.8399346691E+02   0.3375047776E+02   0.1136006620E+02   0.7239489342E+00   0.7548517527E-02
    144.   2.  -0.1329981235E+02  -0.5130303750E+01   0.8399346691E+02   0.3669485093E+02   0.1223858214E+02   0.7988433200E+00   0.7533401985E-02
    144.   3.  -0.1329981235E+02  -0.5130303750E+01   0.8399346691E+02   0.3670684259E+02   0.1226557722E+02   0.7999020287E+00   0.7537889694E-02
    144.   4.  -0.1329981235E+02  -0.5130303750E+01   0.8399346691E+02   0.3670852802E+02   0.1226741938E+02   0.8006682206E+00   0.7538529067E-02
    144.   5.  -0.1329981235E+02  -0.5130303750E+01   0.8399346691E+02   0.3670892635E+02   0.1226837888E+02   0.8011368454E+00   0.7538676902E-02
    144.   6.  -0.1329981235E+02  -0.5130303750E+01   0.8399346691E+02   0.3670903583E+02   0.1226893854E+02   0.8014090688E+00   0.7538713319E-02
    145.   1.  -0.1316990274E+02  -0.5455152330E+01   0.8397299455E+02   0.3312999866E+02   0.1139583867E+02   0.7674168600E+00   0.7298902937E-02
    145.   2.  -0.1316990274E+02  -0.5455152330E+01   0.8397299455E+02   0.3599720814E+02   0.1227448188E+02   0.8466536918E+00   0.7284300144E-02
    145.   3.  -0.1316990274E+02  -0.5455152330E+01   0.8397299455E+02   0.3600897753E+02   0.1230148146E+02   0.8477426590E+00   0.7288632489E-02
    145.   4.  -0.1316990274E+02  -0.5455152330E+01   0.8397299455E+02   0.3601062848E+02   0.1230326774E+02   0.8485305743E+00   0.7289248631E-02
    145.   5.  -0.1316990274E+02  -0.5455152330E+01   0.8397299455E+02   0.3601101779E+02   0.1230417884E+02   0.8490067421E+00   0.7289389949E-02
    145.   6.  -0.1316990274E+02  -0.5455152330E+01   0.8397299455E+02   0.3601112405E+02   0.1230468954E+02   0.8492749920E+00   0.7289423410E-02
    146.   1.  -0.1303206007E+02  -0.5776714930E+01   0.8395148638E+02   0.3245893244E+02   0.1142847931E+02   0.8068675181E+00   0.7041609337E-02
    146.   2.  -0.1303206007E+02  -0.5776714930E+01   0.8395148638E+02   0.3526327464E+02   0.1231302614E+02   0.8902829923E+00   0.7027534101E-02
    146.   3.  -0.1303206007E+02  -0.5776714930E+01   0.8395148638E+02   0.3527481006E+02   0.1234003287E+02   0.8913956773E+00   0.7031706493E-02
    146.   4.  -0.1303206007E+02  -0.5776714930E+01   0.8395148638E+02   0.3527642480E+02   0.1234176181E+02   0.8922005588E+00   0.7032298731E-02
    146.   5.  -0.1303206007E+02  -0.5776714930E+01   0.8395148638E+02   0.3527680462E+02   0.1234262349E+02   0.8926807702E+00   0.7032433332E-02
    146.   6.  -0.1303206007E+02  -0.5776714930E+01   0.8395148638E+02   0.3527690750E+02   0.1234308378E+02   0.8929413400E+00   0.7032463714E-02
    147.   1.  -0.1288636737E+02  -0.6094797860E+01   0.8392899344E+02   0.3175607598E+02   0.1146315389E+02   0.8447807192E+00   0.6777990429E-02
    147.   2.  -0.1288636737E+02  -0.6094797860E+01   0.8392899344E+02   0.3449451592E+02   0.1235435304E+02   0.9322316575E+00   0.6764456393E-02
    147.   3.  -0.1288636737E+02  -0.6094797860E+01   0.8392899344E+02   0.3450580674E+02   0.1238137094E+02   0.9333618354E+00   0.6768465007E-02
    147.   4.  -0.1288636737E+02  -0.6094797860E+01   0.8392899344E+02   0.3450738354E+02   0.1238304109E+02   0.9341786428E+00   0.6769032771E-02
    147.   5.  -0.1288636737E+02  -0.6094797860E+01   0.8392899344E+02   0.3450775343E+02   0.1238385216E+02   0.9346589531E+00   0.6769160485E-02
    147.   6.  -0.1288636737E+02  -0.6094797860E+01   0.8392899344E+02   0.3450785276E+02   0.1238426120E+02   0.9349084579E+00   0.6769187697E-02
    148.   1.  -0.1273291241E+02  -0.6409209500E+01   0.8390556914E+02   0.3102298527E+02   0.1149990274E+02   0.8810621367E+00   0.6509421574E-02
    148.   2.  -0.1273291241E+02  -0.6409209500E+01   0.8390556914E+02   0.3369259882E+02   0.1239853236E+02   0.9723972213E+00   0.6496437669E-02
    148.   3.  -0.1273291241E+02  -0.6409209500E+01   0.8390556914E+02   0.3370363488E+02   0.1242556439E+02   0.9735377498E+00   0.6500279649E-02
    148.   4.  -0.1273291241E+02  -0.6409209500E+01   0.8390556914E+02   0.3370517204E+02   0.1242717452E+02   0.9743613286E+00   0.6500822471E-02
    148.   5.  -0.1273291241E+02  -0.6409209500E+01   0.8390556914E+02   0.3370553154E+02   0.1242793443E+02   0.9748381791E+00   0.6500943190E-02
    148.   6.  -0.1273291241E+02  -0.6409209500E+01   0.8390556914E+02   0.3370562718E+02   0.1242829144E+02   0.9750730287E+00   0.6500967135E-02
    149.   1.  -0.1257178762E+02  -0.6719760480E+01   0.8388126918E+02   0.3026123632E+02   0.1153868845E+02   0.9156228746E+00   0.6237284926E-02
    149.   2.  -0.1257178762E+02  -0.6719760480E+01   0.8388126918E+02   0.3285926955E+02   0.1244562964E+02   0.1010681558E+01   0.6224856942E-02
    149.   3.  -0.1257178762E+02  -0.6719760480E+01   0.8388126918E+02   0.3287004129E+02   0.1247268045E+02   0.1011826320E+01   0.6228530298E-02
    149.   4.  -0.1257178762E+02  -0.6719760480E+01   0.8388126918E+02   0.3287153723E+02   0.1247423025E+02   0.1012652040E+01   0.6229047892E-02
    149.   5.  -0.1257178762E+02  -0.6719760480E+01   0.8388126918E+02   0.3287188596E+02   0.1247493829E+02   0.1013121442E+01   0.6229161488E-02
    149.   6.  -0.1257178762E+02  -0.6719760480E+01   0.8388126918E+02   0.3287197773E+02   0.1247524327E+02   0.1013338591E+01   0.6229182110E-02
    150.   1.  -0.1240309006E+02  -0.7026263730E+01   0.8385615134E+02   0.2947251282E+02   0.1157958060E+02   0.9483729214E+00   0.5962958476E-02
    150.   2.  -0.1240309006E+02  -0.7026263730E+01   0.8385615134E+02   0.3199635763E+02   0.1249570905E+02   0.1046983781E+01   0.5951090783E-02
    150.   3.  -0.1240309006E+02  -0.7026263730E+01   0.8385615134E+02   0.3200685610E+02   0.1252278305E+02   0.1048126100E+01   0.5954594377E-02
    150.   4.  -0.1240309006E+02  -0.7026263730E+01   0.8385615134E+02   0.3200830932E+02   0.1252427223E+02   0.1048949165E+01   0.5955086561E-02
    150.   5.  -0.1240309006E+02  -0.7026263730E+01   0.8385615134E+02   0.3200864689E+02   0.1252492826E+02   0.1049407516E+01   0.5955192990E-02
    150.   6.  -0.1240309006E+02  -0.7026263730E+01   0.8385615134E+02   0.3200873467E+02   0.1252518088E+02   0.1049603388E+01   0.5955210214E-02
    151.   1.  -0.1222692134E+02  -0.7328534620E+01   0.8383027544E+02   0.2865857417E+02   0.1162257013E+02   0.9792219949E+00   0.5687811037E-02
    151.   2.  -0.1222692134E+02  -0.7328534620E+01   0.8383027544E+02   0.3110577022E+02   0.1254883213E+02   0.1081204857E+01   0.5676504898E-02
    151.   3.  -0.1222692134E+02  -0.7328534620E+01   0.8383027544E+02   0.3111598682E+02   0.1257593377E+02   0.1082337971E+01   0.5679838357E-02
    151.   4.  -0.1222692134E+02  -0.7328534620E+01   0.8383027544E+02   0.3111739597E+02   0.1257736245E+02   0.1083153714E+01   0.5680305078E-02
    151.   5.  -0.1222692134E+02  -0.7328534620E+01   0.8383027544E+02   0.3111772198E+02   0.1257796684E+02   0.1083597767E+01   0.5680404320E-02
    151.   6.  -0.1222692134E+02  -0.7328534620E+01   0.8383027544E+02   0.3111780564E+02   0.1257816715E+02   0.1083768984E+01   0.5680418084E-02
    152.   1.  -0.1204338757E+02  -0.7626391070E+01   0.8380370314E+02   0.2784280995E+02   0.1167339997E+02   0.1008985004E+01   0.5413189838E-02
    152.   2.  -0.1204338757E+02  -0.7626391070E+01   0.8380370314E+02   0.3018947427E+02   0.1260510344E+02   0.1113312486E+01   0.5402443151E-02
    152.   3.  -0.1204338757E+02  -0.7626391070E+01   0.8380370314E+02   0.3019940146E+02   0.1263223865E+02   0.1114430553E+01   0.5405607064E-02
    152.   4.  -0.1204338757E+02  -0.7626391070E+01   0.8380370314E+02   0.3020076523E+02   0.1263360691E+02   0.1115234043E+01   0.5406048412E-02
    152.   5.  -0.1204338757E+02  -0.7626391070E+01   0.8380370314E+02   0.3020107932E+02   0.1263415989E+02   0.1115660298E+01   0.5406140464E-02
    152.   6.  -0.1204338757E+02  -0.7626391070E+01   0.8380370314E+02   0.3020115870E+02   0.1263430875E+02   0.1115804263E+01   0.5406150751E-02
    153.   1.  -0.1185259932E+02  -0.7919653670E+01   0.8377649781E+02   0.2698328915E+02   0.1172081009E+02   0.1035789313E+01   0.5140410139E-02
    153.   2.  -0.1185259932E+02  -0.7919653670E+01   0.8377649781E+02   0.2924954452E+02   0.1266446888E+02   0.1143073239E+01   0.5130217814E-02
    153.   3.  -0.1185259932E+02  -0.7919653670E+01   0.8377649781E+02   0.2925917509E+02   0.1269164312E+02   0.1144170109E+01   0.5133213557E-02
    153.   4.  -0.1185259932E+02  -0.7919653670E+01   0.8377649781E+02   0.2926049226E+02   0.1269295217E+02   0.1144957665E+01   0.5133629746E-02
    153.   5.  -0.1185259932E+02  -0.7919653670E+01   0.8377649781E+02   0.2926079412E+02   0.1269345412E+02   0.1145362554E+01   0.5133714639E-02
    153.   6.  -0.1185259932E+02  -0.7919653670E+01   0.8377649781E+02   0.2926086910E+02   0.1269355243E+02   0.1145476617E+01   0.5133721438E-02
    154.   1.  -0.1165467151E+02  -0.8208145770E+01   0.8374872443E+02   0.2610415033E+02   0.1177035859E+02   0.1060420487E+01   0.4870745853E-02
    154.   2.  -0.1165467151E+02  -0.8208145770E+01   0.8374872443E+02   0.2828808835E+02   0.1272701973E+02   0.1170452245E+01   0.4861101465E-02
    154.   3.  -0.1165467151E+02  -0.8208145770E+01   0.8374872443E+02   0.2829741574E+02   0.1275424006E+02   0.1171523523E+01   0.4863931216E-02
    154.   4.  -0.1165467151E+02  -0.8208145770E+01   0.8374872443E+02   0.2829868515E+02   0.1275549065E+02   0.1172290604E+01   0.4864322552E-02
    154.   5.  -0.1165467151E+02  -0.8208145770E+01   0.8374872443E+02   0.2829897447E+02   0.1275594263E+02   0.1172671318E+01   0.4864400364E-02
    154.   6.  -0.1165467151E+02  -0.8208145770E+01   0.8374872443E+02   0.2829904493E+02   0.1275599157E+02   0.1172753038E+01   0.4864403669E-02
    155.   1.  -0.1144972336E+02  -0.8491693590E+01   0.8372044935E+02   0.2520744506E+02   0.1182210456E+02   0.1082794718E+01   0.4605421915E-02
    155.   2.  -0.1144972336E+02  -0.8491693590E+01   0.8372044935E+02   0.2730728898E+02   0.1279278366E+02   0.1195355259E+01   0.4596315658E-02
    155.   3.  -0.1144972336E+02  -0.8491693590E+01   0.8372044935E+02   0.2731630736E+02   0.1282005588E+02   0.1196394711E+01   0.4598982308E-02
    155.   4.  -0.1144972336E+02  -0.8491693590E+01   0.8372044935E+02   0.2731752805E+02   0.1282124898E+02   0.1197136976E+01   0.4599349211E-02
    155.   5.  -0.1144972336E+02  -0.8491693590E+01   0.8372044935E+02   0.2731780451E+02   0.1282165250E+02   0.1197491217E+01   0.4599420076E-02
    155.   6.  -0.1144972336E+02  -0.8491693590E+01   0.8372044935E+02   0.2731787032E+02   0.1282165319E+02   0.1197538038E+01   0.4599419887E-02
    156.   1.  -0.1123787833E+02  -0.8770126320E+01   0.8369174024E+02   0.2429519843E+02   0.1187600460E+02   0.1102825282E+01   0.4345603535E-02
    156.   2.  -0.1123787833E+02  -0.8770126320E+01   0.8369174024E+02   0.2630938698E+02   0.1286177349E+02   0.1217684015E+01   0.4337023831E-02
    156.   3.  -0.1123787833E+02  -0.8770126320E+01   0.8369174024E+02   0.2631809154E+02   0.1288910447E+02   0.1218686790E+01   0.4339531024E-02
    156.   4.  -0.1123787833E+02  -0.8770126320E+01   0.8369174024E+02   0.2631926251E+02   0.1289024217E+02   0.1219401296E+01   0.4339874072E-02
    156.   5.  -0.1123787833E+02  -0.8770126320E+01   0.8369174024E+02   0.2631952586E+02   0.1289059829E+02   0.1219726129E+01   0.4339938099E-02
    156.   6.  -0.1123787833E+02  -0.8770126320E+01   0.8369174024E+02   0.2631958693E+02   0.1289055247E+02   0.1219736262E+01   0.4339934439E-02
    157.   1.  -0.1101926401E+02  -0.9043276270E+01   0.8366266583E+02   0.2336952900E+02   0.1193207056E+02   0.1120426449E+01   0.4092391009E-02
    157.   2.  -0.1101926401E+02  -0.9043276270E+01   0.8366266583E+02   0.2529668040E+02   0.1293399048E+02   0.1237344244E+01   0.4084322620E-02
    157.   3.  -0.1101926401E+02  -0.9043276270E+01   0.8366266583E+02   0.2530506621E+02   0.1296138737E+02   0.1238305989E+01   0.4086674751E-02
    157.   4.  -0.1101926401E+02  -0.9043276270E+01   0.8366266583E+02   0.2530618669E+02   0.1296247166E+02   0.1238989595E+01   0.4086994585E-02
    157.   5.  -0.1101926401E+02  -0.9043276270E+01   0.8366266583E+02   0.2530643669E+02   0.1296278173E+02   0.1239282359E+01   0.4087051927E-02
    157.   6.  -0.1101926401E+02  -0.9043276270E+01   0.8366266583E+02   0.2530649289E+02   0.1296269158E+02   0.1239254625E+01   0.4087044861E-02
    158.   1.  -0.1079401211E+02  -0.9310978880E+01   0.8363329584E+02   0.2235732079E+02   0.1181208166E+02   0.1156552604E+01   0.3846806638E-02
    158.   2.  -0.1079401211E+02  -0.9310978880E+01   0.8363329584E+02   0.2427147255E+02   0.1300952917E+02   0.1254516307E+01   0.3839233081E-02
    158.   3.  -0.1079401211E+02  -0.9310978880E+01   0.8363329584E+02   0.2427953615E+02   0.1303699979E+02   0.1255433242E+01   0.3841435001E-02
    158.   4.  -0.1079401211E+02  -0.9310978880E+01   0.8363329584E+02   0.2428060539E+02   0.1303803236E+02   0.1256082436E+01   0.3841732354E-02
    158.   5.  -0.1079401211E+02  -0.9310978880E+01   0.8363329584E+02   0.2428084182E+02   0.1303829855E+02   0.1256341704E+01   0.3841783222E-02
    158.   6.  -0.1079401211E+02  -0.9310978880E+01   0.8363329584E+02   0.2428089306E+02   0.1303816593E+02   0.1256274552E+01   0.3841772784E-02
    159.   1.  -0.1056225829E+02  -0.9573072900E+01   0.8360370073E+02   0.2140366301E+02   0.1189657882E+02   0.1169458655E+01   0.3609791248E-02
    159.   2.  -0.1056225829E+02  -0.9573072900E+01   0.8360370073E+02   0.2323624988E+02   0.1308811628E+02   0.1268575585E+01   0.3602695044E-02
    159.   3.  -0.1056225829E+02  -0.9573072900E+01   0.8360370073E+02   0.2324398813E+02   0.1311566748E+02   0.1269443439E+01   0.3604752372E-02
    159.   4.  -0.1056225829E+02  -0.9573072900E+01   0.8360370073E+02   0.2324500551E+02   0.1311665091E+02   0.1270055919E+01   0.3605028074E-02
    159.   5.  -0.1056225829E+02  -0.9573072900E+01   0.8360370073E+02   0.2324522819E+02   0.1311687514E+02   0.1270279968E+01   0.3605072686E-02
    159.   6.  -0.1056225829E+02  -0.9573072900E+01   0.8360370073E+02   0.2324527436E+02   0.1311670224E+02   0.1270172371E+01   0.3605058938E-02
    160.   1.  -0.1032414217E+02  -0.9829400470E+01   0.8357395160E+02   0.2044315852E+02   0.1198351314E+02   0.1179657022E+01   0.3382198678E-02
    160.   2.  -0.1032414217E+02  -0.9829400470E+01   0.8357395160E+02   0.2219339966E+02   0.1316981146E+02   0.1279704587E+01   0.3375559238E-02
    160.   3.  -0.1032414217E+02  -0.9829400470E+01   0.8357395160E+02   0.2220081035E+02   0.1319745139E+02   0.1280520553E+01   0.3377478059E-02
    160.   4.  -0.1032414217E+02  -0.9829400470E+01   0.8357395160E+02   0.2220177539E+02   0.1319838788E+02   0.1281093627E+01   0.3377733015E-02
    160.   5.  -0.1032414217E+02  -0.9829400470E+01   0.8357395160E+02   0.2220198412E+02   0.1319857245E+02   0.1281281328E+01   0.3377771619E-02
    160.   6.  -0.1032414217E+02  -0.9829400470E+01   0.8357395160E+02   0.2220202515E+02   0.1319836189E+02   0.1281133007E+01   0.3377754656E-02
    161.   1.  -0.1007980717E+02  -0.1007980717E+02   0.8354412001E+02   0.1948264176E+02   0.1207560561E+02   0.1185385627E+01   0.3164787370E-02
    161.   2.  -0.1007980717E+02  -0.1007980717E+02   0.8354412001E+02   0.2114563695E+02   0.1326555601E+02   0.1283285962E+01   0.3158583051E-02
    161.   3.  -0.1007980717E+02  -0.1007980717E+02   0.8354412001E+02   0.2115249552E+02   0.1328198871E+02   0.1283808103E+01   0.3160369934E-02
    161.   4.  -0.1007980717E+02  -0.1007980717E+02   0.8354412001E+02   0.2115340780E+02   0.1328288105E+02   0.1284339979E+01   0.3160605126E-02
    161.   5.  -0.1007980717E+02  -0.1007980717E+02   0.8354412001E+02   0.2115360245E+02   0.1328302833E+02   0.1284490522E+01   0.3160637989E-02
    161.   6.  -0.1007980717E+02  -0.1007980717E+02   0.8354412001E+02   0.2115363824E+02   0.1328278246E+02   0.1284300985E+01   0.3160617886E-02
    162.   1.  -0.9829400470E+01  -0.1032414217E+02   0.8351427775E+02   0.1852059653E+02   0.1219192771E+02   0.1192489543E+01   0.2958215808E-02
    162.   2.  -0.9829400470E+01  -0.1032414217E+02   0.8351427775E+02   0.2009493265E+02   0.1335306878E+02   0.1288165043E+01   0.2952423675E-02
    162.   3.  -0.9829400470E+01  -0.1032414217E+02   0.8351427775E+02   0.2010144363E+02   0.1336953191E+02   0.1288627085E+01   0.2954085628E-02
    162.   4.  -0.9829400470E+01  -0.1032414217E+02   0.8351427775E+02   0.2010230291E+02   0.1337038281E+02   0.1289116146E+01   0.2954302096E-02
    162.   5.  -0.9829400470E+01  -0.1032414217E+02   0.8351427775E+02   0.2010248335E+02   0.1337049519E+02   0.1289228809E+01   0.2954329505E-02
    162.   6.  -0.9829400470E+01  -0.1032414217E+02   0.8351427775E+02   0.2010251385E+02   0.1337021671E+02   0.1288998268E+01   0.2954306368E-02
    163.   1.  -0.9573072900E+01  -0.1056225829E+02   0.8348449676E+02   0.1755265593E+02   0.1228609088E+02   0.1194175575E+01   0.2763041035E-02
    163.   2.  -0.9573072900E+01  -0.1056225829E+02   0.8348449676E+02   0.1904434106E+02   0.1345520536E+02   0.1291337288E+01   0.2757636938E-02
    163.   3.  -0.9573072900E+01  -0.1056225829E+02   0.8348449676E+02   0.1905033636E+02   0.1346030936E+02   0.1292579701E+01   0.2759181233E-02
    163.   4.  -0.9573072900E+01  -0.1056225829E+02   0.8348449676E+02   0.1905114246E+02   0.1346112229E+02   0.1293025575E+01   0.2759380117E-02
    163.   5.  -0.9573072900E+01  -0.1056225829E+02   0.8348449676E+02   0.1905130861E+02   0.1346120225E+02   0.1293100075E+01   0.2759402367E-02
    163.   6.  -0.9573072900E+01  -0.1056225829E+02   0.8348449676E+02   0.1905133373E+02   0.1346089412E+02   0.1292829423E+01   0.2759376326E-02
    164.   1.  -0.9310978880E+01  -0.1079401211E+02   0.8345484889E+02   0.1658793626E+02   0.1240418685E+02   0.1193084293E+01   0.2579712938E-02
    164.   2.  -0.9310978880E+01  -0.1079401211E+02   0.8345484889E+02   0.1799602181E+02   0.1354872166E+02   0.1292963994E+01   0.2574671552E-02
    164.   3.  -0.9310978880E+01  -0.1079401211E+02   0.8345484889E+02   0.1800165211E+02   0.1355379580E+02   0.1294140724E+01   0.2576105831E-02
    164.   4.  -0.9310978880E+01  -0.1079401211E+02   0.8345484889E+02   0.1800240498E+02   0.1355457380E+02   0.1294542653E+01   0.2576288267E-02
    164.   5.  -0.9310978880E+01  -0.1079401211E+02   0.8345484889E+02   0.1800255678E+02   0.1355462398E+02   0.1294579072E+01   0.2576305667E-02
    164.   6.  -0.9310978880E+01  -0.1079401211E+02   0.8345484889E+02   0.1800257648E+02   0.1355428921E+02   0.1294269535E+01   0.2576276857E-02
    165.   1.  -0.9043276270E+01  -0.1101926401E+02   0.8342540573E+02   0.1562722840E+02   0.1250188610E+02   0.1188811216E+01   0.2408572382E-02
    165.   2.  -0.9043276270E+01  -0.1101926401E+02   0.8342540573E+02   0.1695267287E+02   0.1364431459E+02   0.1288420968E+01   0.2403868210E-02
    165.   3.  -0.9043276270E+01  -0.1101926401E+02   0.8342540573E+02   0.1695793909E+02   0.1364936510E+02   0.1289529257E+01   0.2405200306E-02
    165.   4.  -0.9043276270E+01  -0.1101926401E+02   0.8342540573E+02   0.1695863883E+02   0.1365011108E+02   0.1289886731E+01   0.2405367457E-02
    165.   5.  -0.9043276270E+01  -0.1101926401E+02   0.8342540573E+02   0.1695877625E+02   0.1365013430E+02   0.1289885845E+01   0.2405380352E-02
    165.   6.  -0.9043276270E+01  -0.1101926401E+02   0.8342540573E+02   0.1695879047E+02   0.1364977568E+02   0.1289538678E+01   0.2405348906E-02
    166.   1.  -0.8770126320E+01  -0.1123787833E+02   0.8339623847E+02   0.1467367021E+02   0.1260094924E+02   0.1181500921E+01   0.2249852447E-02
    166.   2.  -0.8770126320E+01  -0.1123787833E+02   0.8339623847E+02   0.1591686688E+02   0.1374209894E+02   0.1280589173E+01   0.2245459044E-02
    166.   3.  -0.8770126320E+01  -0.1123787833E+02   0.8339623847E+02   0.1592177124E+02   0.1374713217E+02   0.1281627631E+01   0.2246696852E-02
    166.   4.  -0.8770126320E+01  -0.1123787833E+02   0.8339623847E+02   0.1592241804E+02   0.1374784956E+02   0.1281941100E+01   0.2246849941E-02
    166.   5.  -0.8770126320E+01  -0.1123787833E+02   0.8339623847E+02   0.1592254108E+02   0.1374784875E+02   0.1281904132E+01   0.2246858691E-02
    166.   6.  -0.8770126320E+01  -0.1123787833E+02   0.8339623847E+02   0.1592254980E+02   0.1374746901E+02   0.1281520764E+01   0.2246824736E-02
    167.   1.  -0.8491693590E+01  -0.1144972336E+02   0.8336741771E+02   0.1372960249E+02   0.1270111224E+02   0.1171126503E+01   0.2103677015E-02
    167.   2.  -0.8491693590E+01  -0.1144972336E+02   0.8336741771E+02   0.1489116793E+02   0.1384181761E+02   0.1269440021E+01   0.2099567585E-02
    167.   3.  -0.8491693590E+01  -0.1144972336E+02   0.8336741771E+02   0.1489571284E+02   0.1384684079E+02   0.1270409053E+01   0.2100719247E-02
    167.   4.  -0.8491693590E+01  -0.1144972336E+02   0.8336741771E+02   0.1489630706E+02   0.1384753248E+02   0.1270678583E+01   0.2100859456E-02
    167.   5.  -0.8491693590E+01  -0.1144972336E+02   0.8336741771E+02   0.1489641577E+02   0.1384751027E+02   0.1270606555E+01   0.2100864396E-02
    167.   6.  -0.8491693590E+01  -0.1144972336E+02   0.8336741771E+02   0.1489641894E+02   0.1384711258E+02   0.1270189547E+01   0.2100828108E-02
    168.   1.  -0.8208145770E+01  -0.1165467151E+02   0.8333901326E+02   0.1279737758E+02   0.1280210362E+02   0.1157673965E+01   0.1970060730E-02
    168.   2.  -0.8208145770E+01  -0.1165467151E+02   0.8333901326E+02   0.1387813398E+02   0.1394318011E+02   0.1254956291E+01   0.1966208790E-02
    168.   3.  -0.8208145770E+01  -0.1165467151E+02   0.8333901326E+02   0.1388232335E+02   0.1394819931E+02   0.1255855503E+01   0.1967282349E-02
    168.   4.  -0.8208145770E+01  -0.1165467151E+02   0.8333901326E+02   0.1388286540E+02   0.1394886836E+02   0.1256081805E+01   0.1967410891E-02
    168.   5.  -0.8208145770E+01  -0.1165467151E+02   0.8333901326E+02   0.1388295985E+02   0.1394882742E+02   0.1255976205E+01   0.1967412369E-02
    168.   6.  -0.8208145770E+01  -0.1165467151E+02   0.8333901326E+02   0.1388295749E+02   0.1394841464E+02   0.1255528163E+01   0.1967373915E-02
    169.   1.  -0.7919653670E+01  -0.1185259932E+02   0.8331109403E+02   0.1187932707E+02   0.1290361485E+02   0.1141135918E+01   0.1848913455E-02
    169.   2.  -0.7919653670E+01  -0.1185259932E+02   0.8331109403E+02   0.1288031215E+02   0.1404586788E+02   0.1237128760E+01   0.1845292807E-02
    169.   3.  -0.7919653670E+01  -0.1185259932E+02   0.8331109403E+02   0.1288415045E+02   0.1405088928E+02   0.1237958644E+01   0.1846296239E-02
    169.   4.  -0.7919653670E+01  -0.1185259932E+02   0.8331109403E+02   0.1288464096E+02   0.1405153919E+02   0.1238143565E+01   0.1846414354E-02
    169.   5.  -0.7919653670E+01  -0.1185259932E+02   0.8331109403E+02   0.1288472125E+02   0.1405148218E+02   0.1238006247E+01   0.1846412716E-02
    169.   6.  -0.7919653670E+01  -0.1185259932E+02   0.8331109403E+02   0.1288471334E+02   0.1405105722E+02   0.1237530109E+01   0.1846372263E-02
    170.   1.  -0.7626391070E+01  -0.1204338757E+02   0.8328372780E+02   0.1097776366E+02   0.1300533345E+02   0.1121518402E+01   0.1740042610E-02
    170.   2.  -0.7626391070E+01  -0.1204338757E+02   0.8328372780E+02   0.1190022555E+02   0.1414953041E+02   0.1215962527E+01   0.1736627183E-02
    170.   3.  -0.7626391070E+01  -0.1204338757E+02   0.8328372780E+02   0.1190371833E+02   0.1415456002E+02   0.1216724374E+01   0.1737568378E-02
    170.   4.  -0.7626391070E+01  -0.1204338757E+02   0.8328372780E+02   0.1190415801E+02   0.1415519394E+02   0.1216869707E+01   0.1737677262E-02
    170.   5.  -0.7626391070E+01  -0.1204338757E+02   0.8328372780E+02   0.1190422427E+02   0.1415512351E+02   0.1216702964E+01   0.1737672858E-02
    170.   6.  -0.7626391070E+01  -0.1204338757E+02   0.8328372780E+02   0.1190421084E+02   0.1415468909E+02   0.1216201873E+01   0.1737630571E-02
    171.   1.  -0.7328534620E+01  -0.1222692134E+02   0.8325698106E+02   0.1009496811E+02   0.1310691587E+02   0.1098839306E+01   0.1643156713E-02
    171.   2.  -0.7328534620E+01  -0.1222692134E+02   0.8325698106E+02   0.1094037092E+02   0.1425378814E+02   0.1191476463E+01   0.1639921156E-02
    171.   3.  -0.7328534620E+01  -0.1222692134E+02   0.8325698106E+02   0.1094352437E+02   0.1425883133E+02   0.1192171422E+01   0.1640807788E-02
    171.   4.  -0.7328534620E+01  -0.1222692134E+02   0.8325698106E+02   0.1094391407E+02   0.1425945212E+02   0.1192279001E+01   0.1640908599E-02
    171.   5.  -0.7328534620E+01  -0.1222692134E+02   0.8325698106E+02   0.1094396650E+02   0.1425937082E+02   0.1192085362E+01   0.1640901779E-02
    171.   6.  -0.7328534620E+01  -0.1222692134E+02   0.8325698106E+02   0.1094394758E+02   0.1425892943E+02   0.1191562659E+01   0.1640857824E-02
    172.   1.  -0.7026263730E+01  -0.1240309006E+02   0.8323091888E+02   0.9233205354E+01   0.1320801666E+02   0.1073128775E+01   0.1557871623E-02
    172.   2.  -0.7026263730E+01  -0.1240309006E+02   0.8323091888E+02   0.1000321409E+02   0.1435823407E+02   0.1163699052E+01   0.1554791619E-02
    172.   3.  -0.7026263730E+01  -0.1240309006E+02   0.8323091888E+02   0.1000603561E+02   0.1436329607E+02   0.1164329236E+01   0.1555631135E-02
    172.   4.  -0.7026263730E+01  -0.1240309006E+02   0.8323091888E+02   0.1000637634E+02   0.1436390634E+02   0.1164400876E+01   0.1555724974E-02
    172.   5.  -0.7026263730E+01  -0.1240309006E+02   0.8323091888E+02   0.1000641516E+02   0.1436381691E+02   0.1164183581E+01   0.1555716103E-02
    172.   6.  -0.7026263730E+01  -0.1240309006E+02   0.8323091888E+02   0.1000639078E+02   0.1436337106E+02   0.1163642985E+01   0.1555670652E-02
    173.   1.  -0.6719760480E+01  -0.1257178762E+02   0.8320560471E+02   0.8394695312E+01   0.1330826881E+02   0.1044427518E+01   0.1483717642E-02
    173.   2.  -0.6719760480E+01  -0.1257178762E+02   0.8320560471E+02   0.9091176753E+01   0.1446243698E+02   0.1132673379E+01   0.1480769426E-02
    173.   3.  -0.6719760480E+01  -0.1257178762E+02   0.8320560471E+02   0.9093674290E+01   0.1446752233E+02   0.1133240662E+01   0.1481568912E-02
    173.   4.  -0.6719760480E+01  -0.1257178762E+02   0.8320560471E+02   0.9093967167E+01   0.1446812516E+02   0.1133279500E+01   0.1481656909E-02
    173.   5.  -0.6719760480E+01  -0.1257178762E+02   0.8320560471E+02   0.9093992623E+01   0.1446802967E+02   0.1133041152E+01   0.1481646294E-02
    173.   6.  -0.6719760480E+01  -0.1257178762E+02   0.8320560471E+02   0.9093962868E+01   0.1446758155E+02   0.1132486366E+01   0.1481599499E-02
    174.   1.  -0.6409209500E+01  -0.1273291241E+02   0.8318110027E+02   0.7581570657E+01   0.1340724732E+02   0.1012785078E+01   0.1420145218E-02
    174.   2.  -0.6409209500E+01  -0.1273291241E+02   0.8318110027E+02   0.8206630389E+01   0.1456594428E+02   0.1098453682E+01   0.1417306697E-02
    174.   3.  -0.6409209500E+01  -0.1273291241E+02   0.8318110027E+02   0.8208813058E+01   0.1457105737E+02   0.1098961038E+01   0.1418072914E-02
    174.   4.  -0.6409209500E+01  -0.1273291241E+02   0.8318110027E+02   0.8209059354E+01   0.1457165545E+02   0.1098970175E+01   0.1418156106E-02
    174.   5.  -0.6409209500E+01  -0.1273291241E+02   0.8318110027E+02   0.8209071764E+01   0.1457155595E+02   0.1098713787E+01   0.1418144041E-02
    174.   6.  -0.6409209500E+01  -0.1273291241E+02   0.8318110027E+02   0.8209036717E+01   0.1457110788E+02   0.1098149304E+01   0.1418096084E-02
    175.   1.  -0.6094797860E+01  -0.1288636737E+02   0.8315746530E+02   0.6790642558E+01   0.1351395523E+02   0.9771920370E+00   0.1366533867E-02
    175.   2.  -0.6094797860E+01  -0.1288636737E+02   0.8315746530E+02   0.7351843167E+01   0.1466823649E+02   0.1059016111E+01   0.1363784027E-02
    175.   3.  -0.6094797860E+01  -0.1288636737E+02   0.8315746530E+02   0.7353720856E+01   0.1467338107E+02   0.1059466693E+01   0.1364523344E-02
    175.   4.  -0.6094797860E+01  -0.1288636737E+02   0.8315746530E+02   0.7353921959E+01   0.1467397643E+02   0.1059448536E+01   0.1364602668E-02
    175.   5.  -0.6094797860E+01  -0.1288636737E+02   0.8315746530E+02   0.7353921646E+01   0.1467387494E+02   0.1059177451E+01   0.1364589453E-02
    175.   6.  -0.6094797860E+01  -0.1288636737E+02   0.8315746530E+02   0.7353881409E+01   0.1467342893E+02   0.1058607643E+01   0.1364540502E-02
    176.   1.  -0.5776714930E+01  -0.1303206007E+02   0.8313475753E+02   0.6029309360E+01   0.1361885809E+02   0.9422160684E+00   0.1322201471E-02
    176.   2.  -0.5776714930E+01  -0.1303206007E+02   0.8313475753E+02   0.6529210265E+01   0.1476898307E+02   0.1020812701E+01   0.1319521036E-02
    176.   3.  -0.5776714930E+01  -0.1303206007E+02   0.8313475753E+02   0.6530793671E+01   0.1477416264E+02   0.1021210265E+01   0.1320239362E-02
    176.   4.  -0.5776714930E+01  -0.1303206007E+02   0.8313475753E+02   0.6530951099E+01   0.1477475738E+02   0.1021167912E+01   0.1320315708E-02
    176.   5.  -0.5776714930E+01  -0.1303206007E+02   0.8313475753E+02   0.6530938461E+01   0.1477465556E+02   0.1020885411E+01   0.1320301600E-02
    176.   6.  -0.5776714930E+01  -0.1303206007E+02   0.8313475753E+02   0.6530893157E+01   0.1477421337E+02   0.1020314736E+01   0.1320251808E-02
    177.   1.  -0.5455152330E+01  -0.1316990274E+02   0.8311303244E+02   0.5304474694E+01   0.1371261720E+02   0.9021378396E+00   0.1286413980E-02
    177.   2.  -0.5455152330E+01  -0.1316990274E+02   0.8311303244E+02   0.5740779620E+01   0.1486749912E+02   0.9774712204E+00   0.1283785230E-02
    177.   3.  -0.5455152330E+01  -0.1316990274E+02   0.8311303244E+02   0.5742080375E+01   0.1487271611E+02   0.9778190757E+00   0.1284487934E-02
    177.   4.  -0.5455152330E+01  -0.1316990274E+02   0.8311303244E+02   0.5742195789E+01   0.1487331219E+02   0.9777559095E+00   0.1284562126E-02
    177.   5.  -0.5455152330E+01  -0.1316990274E+02   0.8311303244E+02   0.5742171251E+01   0.1487321185E+02   0.9774659112E+00   0.1284547403E-02
    177.   6.  -0.5455152330E+01  -0.1316990274E+02   0.8311303244E+02   0.5742121025E+01   0.1487277481E+02   0.9768985407E+00   0.1284496893E-02
    178.   1.  -0.5130303750E+01  -0.1329981235E+02   0.8309234316E+02   0.4613142410E+01   0.1380342726E+02   0.8594429027E+00   0.1258395447E-02
    178.   2.  -0.5130303750E+01  -0.1329981235E+02   0.8309234316E+02   0.4988698489E+01   0.1496334662E+02   0.9312854969E+00   0.1255802223E-02
    178.   3.  -0.5130303750E+01  -0.1329981235E+02   0.8309234316E+02   0.4989728915E+01   0.1496860286E+02   0.9315870123E+00   0.1256494140E-02
    178.   4.  -0.5130303750E+01  -0.1329981235E+02   0.8309234316E+02   0.4989804119E+01   0.1496920217E+02   0.9315067213E+00   0.1256566938E-02
    178.   5.  -0.5130303750E+01  -0.1329981235E+02   0.8309234316E+02   0.4989768133E+01   0.1496910465E+02   0.9312126782E+00   0.1256551816E-02
    178.   6.  -0.5130303750E+01  -0.1329981235E+02   0.8309234316E+02   0.4989713156E+01   0.1496867428E+02   0.9306534934E+00   0.1256500746E-02
    179.   1.  -0.4802364860E+01  -0.1342171065E+02   0.8307274031E+02   0.3957164771E+01   0.1389085710E+02   0.8142419895E+00   0.1237338202E-02
    179.   2.  -0.4802364860E+01  -0.1342171065E+02   0.8307274031E+02   0.4274986377E+01   0.1505601266E+02   0.8823740667E+00   0.1234766377E-02
    179.   3.  -0.4802364860E+01  -0.1342171065E+02   0.8307274031E+02   0.4275759771E+01   0.1506130964E+02   0.8826331429E+00   0.1235451834E-02
    179.   4.  -0.4802364860E+01  -0.1342171065E+02   0.8307274031E+02   0.4275796650E+01   0.1506191329E+02   0.8825386940E+00   0.1235523871E-02
    179.   5.  -0.4802364860E+01  -0.1342171065E+02   0.8307274031E+02   0.4275749741E+01   0.1506181970E+02   0.8822440754E+00   0.1235508546E-02
    179.   6.  -0.4802364860E+01  -0.1342171065E+02   0.8307274031E+02   0.4275690186E+01   0.1506139703E+02   0.8816975509E+00   0.1235457039E-02
    180.   1.  -0.4471533210E+01  -0.1353552421E+02   0.8305427192E+02   0.3338281001E+01   0.1397447950E+02   0.7666531915E+00   0.1222416142E-02
    180.   2.  -0.4471533210E+01  -0.1353552421E+02   0.8305427192E+02   0.3601572494E+01   0.1514498893E+02   0.8308655061E+00   0.1219853373E-02
    180.   3.  -0.4471533210E+01  -0.1353552421E+02   0.8305427192E+02   0.3602102745E+01   0.1515032699E+02   0.8310853931E+00   0.1220536059E-02
    180.   4.  -0.4471533210E+01  -0.1353552421E+02   0.8305427192E+02   0.3602103377E+01   0.1515093623E+02   0.8309802901E+00   0.1220607895E-02
    180.   5.  -0.4471533210E+01  -0.1353552421E+02   0.8305427192E+02   0.3602046084E+01   0.1515084767E+02   0.8306889664E+00   0.1220592565E-02
    180.   6.  -0.4471533210E+01  -0.1353552421E+02   0.8305427192E+02   0.3601982169E+01   0.1515043333E+02   0.8301592762E+00   0.1220540707E-02
    181.   1.  -0.4138008070E+01  -0.1364118449E+02   0.8303698324E+02   0.2758163446E+01   0.1405386049E+02   0.7168057215E+00   0.1212793747E-02
    181.   2.  -0.4138008070E+01  -0.1364118449E+02   0.8303698324E+02   0.2970282245E+01   0.1522976984E+02   0.7768990384E+00   0.1210229831E-02
    181.   3.  -0.4138008070E+01  -0.1364118449E+02   0.8303698324E+02   0.2970584125E+01   0.1523514951E+02   0.7770841959E+00   0.1210912950E-02
    181.   4.  -0.4138008070E+01  -0.1364118449E+02   0.8303698324E+02   0.2970550632E+01   0.1523576534E+02   0.7769720044E+00   0.1210985086E-02
    181.   5.  -0.4138008070E+01  -0.1364118449E+02   0.8303698324E+02   0.2970483548E+01   0.1523568253E+02   0.7766874123E+00   0.1210969893E-02
    181.   6.  -0.4138008070E+01  -0.1364118449E+02   0.8303698324E+02   0.2970415490E+01   0.1523527719E+02   0.7761790837E+00   0.1210917797E-02
    182.   1.  -0.3801990360E+01  -0.1373862782E+02   0.8302091668E+02   0.2218390405E+01   0.1412861867E+02   0.6648390839E+00   0.1207639666E-02
    182.   2.  -0.3801990360E+01  -0.1373862782E+02   0.8302091668E+02   0.2382840892E+01   0.1530986455E+02   0.7206245210E+00   0.1205066052E-02
    182.   3.  -0.3801990360E+01  -0.1373862782E+02   0.8302091668E+02   0.2382929859E+01   0.1531528533E+02   0.7207790172E+00   0.1205752209E-02
    182.   4.  -0.3801990360E+01  -0.1373862782E+02   0.8302091668E+02   0.2382864544E+01   0.1531590830E+02   0.7206628116E+00   0.1205825009E-02
    182.   5.  -0.3801990360E+01  -0.1373862782E+02   0.8302091668E+02   0.2382788283E+01   0.1531583164E+02   0.7203882027E+00   0.1205810056E-02
    182.   6.  -0.3801990360E+01  -0.1373862782E+02   0.8302091668E+02   0.2382716336E+01   0.1531543577E+02   0.7199056306E+00   0.1205757822E-02
    183.   1.  -0.3463682460E+01  -0.1382779551E+02   0.8300611165E+02   0.1720444686E+01   0.1419837297E+02   0.6109013671E+00   0.1206136752E-02
    183.   2.  -0.3463682460E+01  -0.1382779551E+02   0.8300611165E+02   0.1840860952E+01   0.1538479495E+02   0.6622022979E+00   0.1203546556E-02
    183.   3.  -0.3463682460E+01  -0.1382779551E+02   0.8300611165E+02   0.1840753017E+01   0.1539025515E+02   0.6623290541E+00   0.1204237676E-02
    183.   4.  -0.3463682460E+01  -0.1382779551E+02   0.8300611165E+02   0.1840658242E+01   0.1539088585E+02   0.6622122635E+00   0.1204311478E-02
    183.   5.  -0.3463682460E+01  -0.1382779551E+02   0.8300611165E+02   0.1840573479E+01   0.1539081567E+02   0.6619509470E+00   0.1204296863E-02
    183.   6.  -0.3463682460E+01  -0.1382779551E+02   0.8300611165E+02   0.1840497904E+01   0.1539042921E+02   0.6614979624E+00   0.1204244544E-02
    184.   1.  -0.3123288180E+01  -0.1390863386E+02   0.8299260451E+02   0.1265667300E+01   0.1426271178E+02   0.5551450343E+00   0.1207494157E-02
    184.   2.  -0.3123288180E+01  -0.1390863386E+02   0.8299260451E+02   0.1345833705E+01   0.1545410784E+02   0.6017991072E+00   0.1204882728E-02
    184.   3.  -0.3123288180E+01  -0.1390863386E+02   0.8299260451E+02   0.1345545679E+01   0.1545960608E+02   0.6019020287E+00   0.1205580339E-02
    184.   4.  -0.3123288180E+01  -0.1390863386E+02   0.8299260451E+02   0.1345423935E+01   0.1546024454E+02   0.6017875591E+00   0.1205655332E-02
    184.   5.  -0.3123288180E+01  -0.1390863386E+02   0.8299260451E+02   0.1345331351E+01   0.1546018094E+02   0.6015426302E+00   0.1205641119E-02
    184.   6.  -0.3123288180E+01  -0.1390863386E+02   0.8299260451E+02   0.1345252434E+01   0.1545980388E+02   0.6011231772E+00   0.1205588789E-02
    185.   1.  -0.2781012540E+01  -0.1398109417E+02   0.8298042845E+02   0.8552978853E+00   0.1432129616E+02   0.4977320580E+00   0.1210958889E-02
    185.   2.  -0.2781012540E+01  -0.1398109417E+02   0.8298042845E+02   0.8991293154E+00   0.1551737641E+02   0.5395907893E+00   0.1208323321E-02
    185.   3.  -0.2781012540E+01  -0.1398109417E+02   0.8298042845E+02   0.8986784523E+00   0.1552291026E+02   0.5396731513E+00   0.1209028316E-02
    185.   4.  -0.2781012540E+01  -0.1398109417E+02   0.8298042845E+02   0.8985323108E+00   0.1552355624E+02   0.5395636341E+00   0.1209104608E-02
    185.   5.  -0.2781012540E+01  -0.1398109417E+02   0.8298042845E+02   0.8984326557E+00   0.1552349915E+02   0.5393380773E+00   0.1209090840E-02
    185.   6.  -0.2781012540E+01  -0.1398109417E+02   0.8298042845E+02   0.8983506897E+00   0.1552313109E+02   0.5389556573E+00   0.1209038533E-02
    186.   1.  -0.2437061720E+01  -0.1404513279E+02   0.8296961338E+02   0.4904885587E+00   0.1437381308E+02   0.4388316884E+00   0.1215824959E-02
    186.   2.  -0.2437061720E+01  -0.1404513279E+02   0.8296961338E+02   0.5019890735E+00   0.1557420215E+02   0.4757601290E+00   0.1213163817E-02
    186.   3.  -0.2437061720E+01  -0.1404513279E+02   0.8296961338E+02   0.5013933601E+00   0.1557976881E+02   0.4758249372E+00   0.1213876602E-02
    186.   4.  -0.2437061720E+01  -0.1404513279E+02   0.8296961338E+02   0.5012254409E+00   0.1558042217E+02   0.4757231601E+00   0.1213954272E-02
    186.   5.  -0.2437061720E+01  -0.1404513279E+02   0.8296961338E+02   0.5011194622E+00   0.1558037138E+02   0.4755196876E+00   0.1213940973E-02
    186.   6.  -0.2437061720E+01  -0.1404513279E+02   0.8296961338E+02   0.5010347759E+00   0.1558001180E+02   0.4751775637E+00   0.1213888725E-02
    187.   1.  -0.2091642910E+01  -0.1410071115E+02   0.8296018590E+02   0.1722410370E+00   0.1441995734E+02   0.3786175831E+00   0.1221444008E-02
    187.   2.  -0.2091642910E+01  -0.1410071115E+02   0.8296018590E+02   0.1555198287E+00   0.1562422351E+02   0.4104965976E+00   0.1218757451E-02
    187.   3.  -0.2091642910E+01  -0.1410071115E+02   0.8296018590E+02   0.1547974858E+00   0.1562981967E+02   0.4105467797E+00   0.1219478030E-02
    187.   4.  -0.2091642910E+01  -0.1410071115E+02   0.8296018590E+02   0.1546105738E+00   0.1563047982E+02   0.4104550215E+00   0.1219557040E-02
    187.   5.  -0.2091642910E+01  -0.1410071115E+02   0.8296018590E+02   0.1544990523E+00   0.1563043486E+02   0.4102760021E+00   0.1219544200E-02
    187.   6.  -0.2091642910E+01  -0.1410071115E+02   0.8296018590E+02   0.1544119691E+00   0.1563008294E+02   0.4099770274E+00   0.1219492018E-02
    188.   1.  -0.1744964170E+01  -0.1414779577E+02   0.8295216920E+02  -0.9856726998E-01   0.1445946899E+02   0.3172680521E+00   0.1227234710E-02
    188.   2.  -0.1744964170E+01  -0.1414779577E+02   0.8295216920E+02  -0.1393102560E+00   0.1566711861E+02   0.3439941786E+00   0.1224524050E-02
    188.   3.  -0.1744964170E+01  -0.1414779577E+02   0.8295216920E+02  -0.1401404613E+00   0.1567274049E+02   0.3440321087E+00   0.1225251946E-02
    188.   4.  -0.1744964170E+01  -0.1414779577E+02   0.8295216920E+02  -0.1403435786E+00   0.1567340673E+02   0.3439524135E+00   0.1225332209E-02
    188.   5.  -0.1744964170E+01  -0.1414779577E+02   0.8295216920E+02  -0.1404598272E+00   0.1567336695E+02   0.3437999392E+00   0.1225319791E-02
    188.   6.  -0.1744964170E+01  -0.1414779577E+02   0.8295216920E+02  -0.1405489529E+00   0.1567302194E+02   0.3435468046E+00   0.1225267706E-02
    189.   1.  -0.1397234340E+01  -0.1418635828E+02   0.8294558300E+02  -0.3211770363E+00   0.1449212225E+02   0.2549665551E+00   0.1232689837E-02
    189.   2.  -0.1397234340E+01  -0.1418635828E+02   0.8294558300E+02  -0.3816737392E+00   0.1570260680E+02   0.2764526445E+00   0.1229957753E-02
    189.   3.  -0.1397234340E+01  -0.1418635828E+02   0.8294558300E+02  -0.3825926141E+00   0.1570825026E+02   0.2764804832E+00   0.1230692172E-02
    189.   4.  -0.1397234340E+01  -0.1418635828E+02   0.8294558300E+02  -0.3828090701E+00   0.1570892159E+02   0.2764145344E+00   0.1230773531E-02
    189.   5.  -0.1397234340E+01  -0.1418635828E+02   0.8294558300E+02  -0.3829292194E+00   0.1570888628E+02   0.2762903843E+00   0.1230761489E-02
    189.   6.  -0.1397234340E+01  -0.1418635828E+02   0.8294558300E+02  -0.3830200412E+00   0.1570854703E+02   0.2760851858E+00   0.1230709480E-02
    190.   1.  -0.1048662850E+01  -0.1421637546E+02   0.8294044350E+02  -0.4949579437E+00   0.1451771609E+02   0.1918989742E+00   0.1237384701E-02
    190.   2.  -0.1048662850E+01  -0.1421637546E+02   0.8294044350E+02  -0.5708903531E+00   0.1573045480E+02   0.2080752163E+00   0.1234635044E-02
    190.   3.  -0.1048662850E+01  -0.1421637546E+02   0.8294044350E+02  -0.5718786539E+00   0.1573611548E+02   0.2080945526E+00   0.1235374856E-02
    190.   4.  -0.1048662850E+01  -0.1421637546E+02   0.8294044350E+02  -0.5721055297E+00   0.1573679102E+02   0.2080438326E+00   0.1235457128E-02
    190.   5.  -0.1048662850E+01  -0.1421637546E+02   0.8294044350E+02  -0.5722287222E+00   0.1573675925E+02   0.2079494149E+00   0.1235445388E-02
    190.   6.  -0.1048662850E+01  -0.1421637546E+02   0.8294044350E+02  -0.5723208685E+00   0.1573642456E+02   0.2077939066E+00   0.1235393445E-02
    191.   1.  -0.6994597000E+00  -0.1423782923E+02   0.8293676337E+02  -0.6194407171E+00   0.1453610664E+02   0.1282542267E+00   0.1240982989E-02
    191.   2.  -0.6994597000E+00  -0.1423782923E+02   0.8293676337E+02  -0.7064280380E+00   0.1575047997E+02   0.1390678774E+00   0.1238220113E-02
    191.   3.  -0.6994597000E+00  -0.1423782923E+02   0.8293676337E+02  -0.7074659883E+00   0.1575615294E+02   0.1390800140E+00   0.1238963926E-02
    191.   4.  -0.6994597000E+00  -0.1423782923E+02   0.8293676337E+02  -0.7077003598E+00   0.1575683158E+02   0.1390456000E+00   0.1239046879E-02
    191.   5.  -0.6994597000E+00  -0.1423782923E+02   0.8293676337E+02  -0.7078257420E+00   0.1575680233E+02   0.1389820173E+00   0.1239035356E-02
    191.   6.  -0.6994597000E+00  -0.1423782923E+02   0.8293676337E+02  -0.7079188421E+00   0.1575647107E+02   0.1388776059E+00   0.1238983474E-02
    192.   1.  -0.3498352100E+00  -0.1425070666E+02   0.8293455166E+02  -0.6942697906E+00   0.1454718753E+02   0.6422364323E-01   0.1243240684E-02
    192.   2.  -0.3498352100E+00  -0.1425070666E+02   0.8293455166E+02  -0.7879034586E+00   0.1576254961E+02   0.6963939475E-01   0.1240469684E-02
    192.   3.  -0.3498352100E+00  -0.1425070666E+02   0.8293455166E+02  -0.7889713127E+00   0.1576823007E+02   0.6964522675E-01   0.1241215970E-02
    192.   4.  -0.3498352100E+00  -0.1425070666E+02   0.8293455166E+02  -0.7892101662E+00   0.1576891047E+02   0.6962782631E-01   0.1241299330E-02
    192.   5.  -0.3498352100E+00  -0.1425070666E+02   0.8293455166E+02  -0.7893368646E+00   0.1576888282E+02   0.6959584564E-01   0.1241287945E-02
    192.   6.  -0.3498352100E+00  -0.1425070666E+02   0.8293455166E+02  -0.7894305376E+00   0.1576855362E+02   0.6954341135E-01   0.1241236103E-02
    193.   1.   0.0000000000E+00  -0.1425500000E+02   0.8293381382E+02  -0.7192393579E+00   0.1455088566E+02  -0.3346741509E-07   0.1244009772E-02
    193.   2.   0.0000000000E+00  -0.1425500000E+02   0.8293381382E+02  -0.8150877191E+00   0.1576658195E+02  -0.3379429540E-07   0.1241236126E-02
    193.   3.   0.0000000000E+00  -0.1425500000E+02   0.8293381382E+02  -0.8161655873E+00   0.1577226491E+02  -0.3069308178E-07   0.1241983261E-02
    193.   4.   0.0000000000E+00  -0.1425500000E+02   0.8293381382E+02  -0.8164059458E+00   0.1577294590E+02  -0.3179945601E-07   0.1242066750E-02
    193.   5.   0.0000000000E+00  -0.1425500000E+02   0.8293381382E+02  -0.8165330779E+00   0.1577291881E+02  -0.3276363483E-07   0.1242055420E-02
    193.   6.   0.0000000000E+00  -0.1425500000E+02   0.8293381382E+02  -0.8166269424E+00   0.1577259036E+02  -0.3281483458E-07   0.1242003597E-02
    194.   1.   0.3498352100E+00  -0.1425070666E+02   0.8293455166E+02  -0.6942697917E+00   0.1454718753E+02  -0.6422370438E-01   0.1243240684E-02
    194.   2.   0.3498352100E+00  -0.1425070666E+02   0.8293455166E+02  -0.7879034601E+00   0.1576254961E+02  -0.6963946083E-01   0.1240469683E-02
    194.   3.   0.3498352100E+00  -0.1425070666E+02   0.8293455166E+02  -0.7889713142E+00   0.1576823007E+02  -0.6964529284E-01   0.1241215969E-02
    194.   4.   0.3498352100E+00  -0.1425070666E+02   0.8293455166E+02  -0.7892101679E+00   0.1576891047E+02  -0.6962789239E-01   0.1241299330E-02
    194.   5.   0.3498352100E+00  -0.1425070666E+02   0.8293455166E+02  -0.7893368663E+00   0.1576888282E+02  -0.6959591172E-01   0.1241287945E-02
    194.   6.   0.3498352100E+00  -0.1425070666E+02   0.8293455166E+02  -0.7894305393E+00   0.1576855362E+02  -0.6954347743E-01   0.1241236103E-02
    195.   1.   0.6994597000E+00  -0.1423782923E+02   0.8293676337E+02  -0.6194407204E+00   0.1453610664E+02  -0.1282542878E+00   0.1240982989E-02
    195.   2.   0.6994597000E+00  -0.1423782923E+02   0.8293676337E+02  -0.7064280408E+00   0.1575047997E+02  -0.1390679438E+00   0.1238220113E-02
    195.   3.   0.6994597000E+00  -0.1423782923E+02   0.8293676337E+02  -0.7074659915E+00   0.1575615294E+02  -0.1390800805E+00   0.1238963926E-02
    195.   4.   0.6994597000E+00  -0.1423782923E+02   0.8293676337E+02  -0.7077003629E+00   0.1575683158E+02  -0.1390456664E+00   0.1239046879E-02
    195.   5.   0.6994597000E+00  -0.1423782923E+02   0.8293676337E+02  -0.7078257451E+00   0.1575680234E+02  -0.1389820837E+00   0.1239035356E-02
    195.   6.   0.6994597000E+00  -0.1423782923E+02   0.8293676337E+02  -0.7079188453E+00   0.1575647107E+02  -0.1388776724E+00   0.1238983474E-02
    196.   1.   0.1048662850E+01  -0.1421637546E+02   0.8294044350E+02  -0.4949579476E+00   0.1451771609E+02  -0.1918990354E+00   0.1237384701E-02
    196.   2.   0.1048662850E+01  -0.1421637546E+02   0.8294044350E+02  -0.5708903579E+00   0.1573045480E+02  -0.2080752826E+00   0.1234635044E-02
    196.   3.   0.1048662850E+01  -0.1421637546E+02   0.8294044350E+02  -0.5718786588E+00   0.1573611548E+02  -0.2080946189E+00   0.1235374856E-02
    196.   4.   0.1048662850E+01  -0.1421637546E+02   0.8294044350E+02  -0.5721055347E+00   0.1573679102E+02  -0.2080438989E+00   0.1235457128E-02
    196.   5.   0.1048662850E+01  -0.1421637546E+02   0.8294044350E+02  -0.5722287269E+00   0.1573675925E+02  -0.2079494812E+00   0.1235445388E-02
    196.   6.   0.1048662850E+01  -0.1421637546E+02   0.8294044350E+02  -0.5723208732E+00   0.1573642456E+02  -0.2077939729E+00   0.1235393445E-02
    197.   1.   0.1397234340E+01  -0.1418635828E+02   0.8294558300E+02  -0.3211770412E+00   0.1449212225E+02  -0.2549666159E+00   0.1232689838E-02
    197.   2.   0.1397234340E+01  -0.1418635828E+02   0.8294558300E+02  -0.3816737450E+00   0.1570260680E+02  -0.2764527107E+00   0.1229957753E-02
    197.   3.   0.1397234340E+01  -0.1418635828E+02   0.8294558300E+02  -0.3825926203E+00   0.1570825026E+02  -0.2764805494E+00   0.1230692172E-02
    197.   4.   0.1397234340E+01  -0.1418635828E+02   0.8294558300E+02  -0.3828090763E+00   0.1570892159E+02  -0.2764146006E+00   0.1230773531E-02
    197.   5.   0.1397234340E+01  -0.1418635828E+02   0.8294558300E+02  -0.3829292257E+00   0.1570888628E+02  -0.2762904505E+00   0.1230761489E-02
    197.   6.   0.1397234340E+01  -0.1418635828E+02   0.8294558300E+02  -0.3830200476E+00   0.1570854703E+02  -0.2760852520E+00   0.1230709480E-02
    198.   1.   0.1744964170E+01  -0.1414779577E+02   0.8295216920E+02  -0.9856727678E-01   0.1445946899E+02  -0.3172681132E+00   0.1227234711E-02
    198.   2.   0.1744964170E+01  -0.1414779577E+02   0.8295216920E+02  -0.1393102637E+00   0.1566711861E+02  -0.3439942448E+00   0.1224524050E-02
    198.   3.   0.1744964170E+01  -0.1414779577E+02   0.8295216920E+02  -0.1401404691E+00   0.1567274049E+02  -0.3440321748E+00   0.1225251946E-02
    198.   4.   0.1744964170E+01  -0.1414779577E+02   0.8295216920E+02  -0.1403435864E+00   0.1567340673E+02  -0.3439524796E+00   0.1225332209E-02
    198.   5.   0.1744964170E+01  -0.1414779577E+02   0.8295216920E+02  -0.1404598349E+00   0.1567336695E+02  -0.3438000053E+00   0.1225319791E-02
    198.   6.   0.1744964170E+01  -0.1414779577E+02   0.8295216920E+02  -0.1405489606E+00   0.1567302194E+02  -0.3435468707E+00   0.1225267706E-02
    199.   1.   0.2091642910E+01  -0.1410071115E+02   0.8296018590E+02   0.1722410280E+00   0.1441995734E+02  -0.3786176441E+00   0.1221444008E-02
    199.   2.   0.2091642910E+01  -0.1410071115E+02   0.8296018590E+02   0.1555198193E+00   0.1562422351E+02  -0.4104966636E+00   0.1218757452E-02
    199.   3.   0.2091642910E+01  -0.1410071115E+02   0.8296018590E+02   0.1547974766E+00   0.1562981967E+02  -0.4105468457E+00   0.1219478031E-02
    199.   4.   0.2091642910E+01  -0.1410071115E+02   0.8296018590E+02   0.1546105645E+00   0.1563047982E+02  -0.4104550875E+00   0.1219557041E-02
    199.   5.   0.2091642910E+01  -0.1410071115E+02   0.8296018590E+02   0.1544990431E+00   0.1563043486E+02  -0.4102760681E+00   0.1219544200E-02
    199.   6.   0.2091642910E+01  -0.1410071115E+02   0.8296018590E+02   0.1544119598E+00   0.1563008294E+02  -0.4099770933E+00   0.1219492019E-02
    200.   1.   0.2437061720E+01  -0.1404513279E+02   0.8296961338E+02   0.4904885494E+00   0.1437381308E+02  -0.4388317492E+00   0.1215824959E-02
    200.   2.   0.2437061720E+01  -0.1404513279E+02   0.8296961338E+02   0.5019890626E+00   0.1557420215E+02  -0.4757601948E+00   0.1213163818E-02
    200.   3.   0.2437061720E+01  -0.1404513279E+02   0.8296961338E+02   0.5013933492E+00   0.1557976881E+02  -0.4758250029E+00   0.1213876603E-02
    200.   4.   0.2437061720E+01  -0.1404513279E+02   0.8296961338E+02   0.5012254301E+00   0.1558042217E+02  -0.4757232258E+00   0.1213954273E-02
    200.   5.   0.2437061720E+01  -0.1404513279E+02   0.8296961338E+02   0.5011194514E+00   0.1558037138E+02  -0.4755197534E+00   0.1213940974E-02
    200.   6.   0.2437061720E+01  -0.1404513279E+02   0.8296961338E+02   0.5010347650E+00   0.1558001180E+02  -0.4751776295E+00   0.1213888726E-02
    201.   1.   0.2781012540E+01  -0.1398109417E+02   0.8298042845E+02   0.8552978744E+00   0.1432129616E+02  -0.4977321181E+00   0.1210958890E-02
    201.   2.   0.2781012540E+01  -0.1398109417E+02   0.8298042845E+02   0.8991293030E+00   0.1551737641E+02  -0.5395908547E+00   0.1208323322E-02
    201.   3.   0.2781012540E+01  -0.1398109417E+02   0.8298042845E+02   0.8986784399E+00   0.1552291026E+02  -0.5396732166E+00   0.1209028318E-02
    201.   4.   0.2781012540E+01  -0.1398109417E+02   0.8298042845E+02   0.8985322983E+00   0.1552355625E+02  -0.5395636994E+00   0.1209104609E-02
    201.   5.   0.2781012540E+01  -0.1398109417E+02   0.8298042845E+02   0.8984326434E+00   0.1552349915E+02  -0.5393381427E+00   0.1209090841E-02
    201.   6.   0.2781012540E+01  -0.1398109417E+02   0.8298042845E+02   0.8983506773E+00   0.1552313109E+02  -0.5389557227E+00   0.1209038535E-02
    202.   1.   0.3123288180E+01  -0.1390863386E+02   0.8299260451E+02   0.1265667286E+01   0.1426271178E+02  -0.5551450938E+00   0.1207494158E-02
    202.   2.   0.3123288180E+01  -0.1390863386E+02   0.8299260451E+02   0.1345833690E+01   0.1545410784E+02  -0.6017991722E+00   0.1204882729E-02
    202.   3.   0.3123288180E+01  -0.1390863386E+02   0.8299260451E+02   0.1345545664E+01   0.1545960608E+02  -0.6019020936E+00   0.1205580339E-02
    202.   4.   0.3123288180E+01  -0.1390863386E+02   0.8299260451E+02   0.1345423921E+01   0.1546024454E+02  -0.6017876240E+00   0.1205655332E-02
    202.   5.   0.3123288180E+01  -0.1390863386E+02   0.8299260451E+02   0.1345331337E+01   0.1546018094E+02  -0.6015426952E+00   0.1205641119E-02
    202.   6.   0.3123288180E+01  -0.1390863386E+02   0.8299260451E+02   0.1345252420E+01   0.1545980388E+02  -0.6011232422E+00   0.1205588789E-02
    203.   1.   0.3463682460E+01  -0.1382779551E+02   0.8300611165E+02   0.1720444672E+01   0.1419837297E+02  -0.6109014272E+00   0.1206136753E-02
    203.   2.   0.3463682460E+01  -0.1382779551E+02   0.8300611165E+02   0.1840860936E+01   0.1538479495E+02  -0.6622023627E+00   0.1203546557E-02
    203.   3.   0.3463682460E+01  -0.1382779551E+02   0.8300611165E+02   0.1840753002E+01   0.1539025516E+02  -0.6623291189E+00   0.1204237677E-02
    203.   4.   0.3463682460E+01  -0.1382779551E+02   0.8300611165E+02   0.1840658226E+01   0.1539088585E+02  -0.6622123283E+00   0.1204311478E-02
    203.   5.   0.3463682460E+01  -0.1382779551E+02   0.8300611165E+02   0.1840573464E+01   0.1539081567E+02  -0.6619510117E+00   0.1204296863E-02
    203.   6.   0.3463682460E+01  -0.1382779551E+02   0.8300611165E+02   0.1840497888E+01   0.1539042921E+02  -0.6614980271E+00   0.1204244545E-02
    204.   1.   0.3801990360E+01  -0.1373862782E+02   0.8302091668E+02   0.2218390390E+01   0.1412861867E+02  -0.6648391437E+00   0.1207639666E-02
    204.   2.   0.3801990360E+01  -0.1373862782E+02   0.8302091668E+02   0.2382840875E+01   0.1530986455E+02  -0.7206245853E+00   0.1205066052E-02
    204.   3.   0.3801990360E+01  -0.1373862782E+02   0.8302091668E+02   0.2382929842E+01   0.1531528533E+02  -0.7207790817E+00   0.1205752209E-02
    204.   4.   0.3801990360E+01  -0.1373862782E+02   0.8302091668E+02   0.2382864526E+01   0.1531590830E+02  -0.7206628761E+00   0.1205825010E-02
    204.   5.   0.3801990360E+01  -0.1373862782E+02   0.8302091668E+02   0.2382788266E+01   0.1531583164E+02  -0.7203882671E+00   0.1205810057E-02
    204.   6.   0.3801990360E+01  -0.1373862782E+02   0.8302091668E+02   0.2382716318E+01   0.1531543577E+02  -0.7199056950E+00   0.1205757822E-02
    205.   1.   0.4138008070E+01  -0.1364118449E+02   0.8303698324E+02   0.2758163429E+01   0.1405386049E+02  -0.7168057808E+00   0.1212793748E-02
    205.   2.   0.4138008070E+01  -0.1364118449E+02   0.8303698324E+02   0.2970282226E+01   0.1522976984E+02  -0.7768991023E+00   0.1210229831E-02
    205.   3.   0.4138008070E+01  -0.1364118449E+02   0.8303698324E+02   0.2970584107E+01   0.1523514951E+02  -0.7770842599E+00   0.1210912950E-02
    205.   4.   0.4138008070E+01  -0.1364118449E+02   0.8303698324E+02   0.2970550614E+01   0.1523576535E+02  -0.7769720684E+00   0.1210985086E-02
    205.   5.   0.4138008070E+01  -0.1364118449E+02   0.8303698324E+02   0.2970483529E+01   0.1523568253E+02  -0.7766874763E+00   0.1210969893E-02
    205.   6.   0.4138008070E+01  -0.1364118449E+02   0.8303698324E+02   0.2970415472E+01   0.1523527719E+02  -0.7761791477E+00   0.1210917797E-02
    206.   1.   0.4471533210E+01  -0.1353552421E+02   0.8305427192E+02   0.3338280982E+01   0.1397447950E+02  -0.7666532501E+00   0.1222416142E-02
    206.   2.   0.4471533210E+01  -0.1353552421E+02   0.8305427192E+02   0.3601572474E+01   0.1514498893E+02  -0.8308655696E+00   0.1219853373E-02
    206.   3.   0.4471533210E+01  -0.1353552421E+02   0.8305427192E+02   0.3602102725E+01   0.1515032699E+02  -0.8310854566E+00   0.1220536059E-02
    206.   4.   0.4471533210E+01  -0.1353552421E+02   0.8305427192E+02   0.3602103356E+01   0.1515093623E+02  -0.8309803536E+00   0.1220607895E-02
    206.   5.   0.4471533210E+01  -0.1353552421E+02   0.8305427192E+02   0.3602046064E+01   0.1515084767E+02  -0.8306890299E+00   0.1220592566E-02
    206.   6.   0.4471533210E+01  -0.1353552421E+02   0.8305427192E+02   0.3601982149E+01   0.1515043333E+02  -0.8301593398E+00   0.1220540707E-02
    207.   1.   0.4802364860E+01  -0.1342171065E+02   0.8307274031E+02   0.3957164752E+01   0.1389085710E+02  -0.8142420476E+00   0.1237338202E-02
    207.   2.   0.4802364860E+01  -0.1342171065E+02   0.8307274031E+02   0.4274986356E+01   0.1505601267E+02  -0.8823741298E+00   0.1234766377E-02
    207.   3.   0.4802364860E+01  -0.1342171065E+02   0.8307274031E+02   0.4275759749E+01   0.1506130964E+02  -0.8826332059E+00   0.1235451834E-02
    207.   4.   0.4802364860E+01  -0.1342171065E+02   0.8307274031E+02   0.4275796629E+01   0.1506191329E+02  -0.8825387570E+00   0.1235523871E-02
    207.   5.   0.4802364860E+01  -0.1342171065E+02   0.8307274031E+02   0.4275749720E+01   0.1506181970E+02  -0.8822441385E+00   0.1235508546E-02
    207.   6.   0.4802364860E+01  -0.1342171065E+02   0.8307274031E+02   0.4275690165E+01   0.1506139703E+02  -0.8816976139E+00   0.1235457039E-02
    208.   1.   0.5130303750E+01  -0.1329981235E+02   0.8309234316E+02   0.4613142387E+01   0.1380342726E+02  -0.8594429606E+00   0.1258395446E-02
    208.   2.   0.5130303750E+01  -0.1329981235E+02   0.8309234316E+02   0.4988698466E+01   0.1496334662E+02  -0.9312855595E+00   0.1255802223E-02
    208.   3.   0.5130303750E+01  -0.1329981235E+02   0.8309234316E+02   0.4989728892E+01   0.1496860286E+02  -0.9315870748E+00   0.1256494140E-02
    208.   4.   0.5130303750E+01  -0.1329981235E+02   0.8309234316E+02   0.4989804096E+01   0.1496920217E+02  -0.9315067839E+00   0.1256566938E-02
    208.   5.   0.5130303750E+01  -0.1329981235E+02   0.8309234316E+02   0.4989768110E+01   0.1496910465E+02  -0.9312127407E+00   0.1256551816E-02
    208.   6.   0.5130303750E+01  -0.1329981235E+02   0.8309234316E+02   0.4989713133E+01   0.1496867428E+02  -0.9306535559E+00   0.1256500746E-02
    209.   1.   0.5455152330E+01  -0.1316990274E+02   0.8311303244E+02   0.5304474672E+01   0.1371261720E+02  -0.9021378961E+00   0.1286413979E-02
    209.   2.   0.5455152330E+01  -0.1316990274E+02   0.8311303244E+02   0.5740779595E+01   0.1486749912E+02  -0.9774712822E+00   0.1283785230E-02
    209.   3.   0.5455152330E+01  -0.1316990274E+02   0.8311303244E+02   0.5742080351E+01   0.1487271611E+02  -0.9778191376E+00   0.1284487934E-02
    209.   4.   0.5455152330E+01  -0.1316990274E+02   0.8311303244E+02   0.5742195764E+01   0.1487331219E+02  -0.9777559714E+00   0.1284562126E-02
    209.   5.   0.5455152330E+01  -0.1316990274E+02   0.8311303244E+02   0.5742171226E+01   0.1487321186E+02  -0.9774659731E+00   0.1284547403E-02
    209.   6.   0.5455152330E+01  -0.1316990274E+02   0.8311303244E+02   0.5742121000E+01   0.1487277482E+02  -0.9768986027E+00   0.1284496893E-02
    210.   1.   0.5776714930E+01  -0.1303206007E+02   0.8313475753E+02   0.6029309336E+01   0.1361885809E+02  -0.9422161246E+00   0.1322201470E-02
    210.   2.   0.5776714930E+01  -0.1303206007E+02   0.8313475753E+02   0.6529210238E+01   0.1476898308E+02  -0.1020812762E+01   0.1319521035E-02
    210.   3.   0.5776714930E+01  -0.1303206007E+02   0.8313475753E+02   0.6530793645E+01   0.1477416264E+02  -0.1021210326E+01   0.1320239361E-02
    210.   4.   0.5776714930E+01  -0.1303206007E+02   0.8313475753E+02   0.6530951073E+01   0.1477475738E+02  -0.1021167973E+01   0.1320315707E-02
    210.   5.   0.5776714930E+01  -0.1303206007E+02   0.8313475753E+02   0.6530938435E+01   0.1477465556E+02  -0.1020885472E+01   0.1320301599E-02
    210.   6.   0.5776714930E+01  -0.1303206007E+02   0.8313475753E+02   0.6530893130E+01   0.1477421338E+02  -0.1020314797E+01   0.1320251807E-02
    211.   1.   0.6094797860E+01  -0.1288636737E+02   0.8315746530E+02   0.6790642532E+01   0.1351395523E+02  -0.9771920928E+00   0.1366533866E-02
    211.   2.   0.6094797860E+01  -0.1288636737E+02   0.8315746530E+02   0.7351843139E+01   0.1466823649E+02  -0.1059016171E+01   0.1363784026E-02
    211.   3.   0.6094797860E+01  -0.1288636737E+02   0.8315746530E+02   0.7353720828E+01   0.1467338107E+02  -0.1059466754E+01   0.1364523343E-02
    211.   4.   0.6094797860E+01  -0.1288636737E+02   0.8315746530E+02   0.7353921931E+01   0.1467397643E+02  -0.1059448597E+01   0.1364602667E-02
    211.   5.   0.6094797860E+01  -0.1288636737E+02   0.8315746530E+02   0.7353921618E+01   0.1467387494E+02  -0.1059177512E+01   0.1364589452E-02
    211.   6.   0.6094797860E+01  -0.1288636737E+02   0.8315746530E+02   0.7353881382E+01   0.1467342893E+02  -0.1058607704E+01   0.1364540501E-02
    212.   1.   0.6409209500E+01  -0.1273291241E+02   0.8318110027E+02   0.7581570630E+01   0.1340724732E+02  -0.1012785134E+01   0.1420145216E-02
    212.   2.   0.6409209500E+01  -0.1273291241E+02   0.8318110027E+02   0.8206630360E+01   0.1456594428E+02  -0.1098453742E+01   0.1417306696E-02
    212.   3.   0.6409209500E+01  -0.1273291241E+02   0.8318110027E+02   0.8208813029E+01   0.1457105737E+02  -0.1098961098E+01   0.1418072912E-02
    212.   4.   0.6409209500E+01  -0.1273291241E+02   0.8318110027E+02   0.8209059325E+01   0.1457165545E+02  -0.1098970235E+01   0.1418156104E-02
    212.   5.   0.6409209500E+01  -0.1273291241E+02   0.8318110027E+02   0.8209071735E+01   0.1457155596E+02  -0.1098713847E+01   0.1418144039E-02
    212.   6.   0.6409209500E+01  -0.1273291241E+02   0.8318110027E+02   0.8209036688E+01   0.1457110788E+02  -0.1098149364E+01   0.1418096082E-02
    213.   1.   0.6719760480E+01  -0.1257178762E+02   0.8320560471E+02   0.8394695284E+01   0.1330826881E+02  -0.1044427573E+01   0.1483717640E-02
    213.   2.   0.6719760480E+01  -0.1257178762E+02   0.8320560471E+02   0.9091176722E+01   0.1446243699E+02  -0.1132673439E+01   0.1480769424E-02
    213.   3.   0.6719760480E+01  -0.1257178762E+02   0.8320560471E+02   0.9093674260E+01   0.1446752233E+02  -0.1133240721E+01   0.1481568910E-02
    213.   4.   0.6719760480E+01  -0.1257178762E+02   0.8320560471E+02   0.9093967136E+01   0.1446812516E+02  -0.1133279559E+01   0.1481656908E-02
    213.   5.   0.6719760480E+01  -0.1257178762E+02   0.8320560471E+02   0.9093992593E+01   0.1446802967E+02  -0.1133041212E+01   0.1481646292E-02
    213.   6.   0.6719760480E+01  -0.1257178762E+02   0.8320560471E+02   0.9093962838E+01   0.1446758155E+02  -0.1132486425E+01   0.1481599497E-02
    214.   1.   0.7026263730E+01  -0.1240309006E+02   0.8323091888E+02   0.9233205325E+01   0.1320801667E+02  -0.1073128829E+01   0.1557871621E-02
    214.   2.   0.7026263730E+01  -0.1240309006E+02   0.8323091888E+02   0.1000321405E+02   0.1435823407E+02  -0.1163699111E+01   0.1554791617E-02
    214.   3.   0.7026263730E+01  -0.1240309006E+02   0.8323091888E+02   0.1000603558E+02   0.1436329607E+02  -0.1164329294E+01   0.1555631132E-02
    214.   4.   0.7026263730E+01  -0.1240309006E+02   0.8323091888E+02   0.1000637631E+02   0.1436390634E+02  -0.1164400935E+01   0.1555724972E-02
    214.   5.   0.7026263730E+01  -0.1240309006E+02   0.8323091888E+02   0.1000641513E+02   0.1436381691E+02  -0.1164183640E+01   0.1555716101E-02
    214.   6.   0.7026263730E+01  -0.1240309006E+02   0.8323091888E+02   0.1000639075E+02   0.1436337106E+02  -0.1163643043E+01   0.1555670650E-02
    215.   1.   0.7328534620E+01  -0.1222692134E+02   0.8325698106E+02   0.1009496808E+02   0.1310691587E+02  -0.1098839359E+01   0.1643156710E-02
    215.   2.   0.7328534620E+01  -0.1222692134E+02   0.8325698106E+02   0.1094037089E+02   0.1425378814E+02  -0.1191476521E+01   0.1639921153E-02
    215.   3.   0.7328534620E+01  -0.1222692134E+02   0.8325698106E+02   0.1094352434E+02   0.1425883133E+02  -0.1192171480E+01   0.1640807785E-02
    215.   4.   0.7328534620E+01  -0.1222692134E+02   0.8325698106E+02   0.1094391404E+02   0.1425945212E+02  -0.1192279059E+01   0.1640908597E-02
    215.   5.   0.7328534620E+01  -0.1222692134E+02   0.8325698106E+02   0.1094396647E+02   0.1425937082E+02  -0.1192085420E+01   0.1640901776E-02
    215.   6.   0.7328534620E+01  -0.1222692134E+02   0.8325698106E+02   0.1094394754E+02   0.1425892943E+02  -0.1191562716E+01   0.1640857821E-02
    216.   1.   0.7626391070E+01  -0.1204338757E+02   0.8328372780E+02   0.1097776362E+02   0.1300533345E+02  -0.1121518454E+01   0.1740042607E-02
    216.   2.   0.7626391070E+01  -0.1204338757E+02   0.8328372780E+02   0.1190022552E+02   0.1414953042E+02  -0.1215962584E+01   0.1736627180E-02
    216.   3.   0.7626391070E+01  -0.1204338757E+02   0.8328372780E+02   0.1190371829E+02   0.1415456002E+02  -0.1216724431E+01   0.1737568375E-02
    216.   4.   0.7626391070E+01  -0.1204338757E+02   0.8328372780E+02   0.1190415797E+02   0.1415519394E+02  -0.1216869764E+01   0.1737677259E-02
    216.   5.   0.7626391070E+01  -0.1204338757E+02   0.8328372780E+02   0.1190422424E+02   0.1415512351E+02  -0.1216703021E+01   0.1737672855E-02
    216.   6.   0.7626391070E+01  -0.1204338757E+02   0.8328372780E+02   0.1190421080E+02   0.1415468909E+02  -0.1216201930E+01   0.1737630568E-02
    217.   1.   0.7919653670E+01  -0.1185259932E+02   0.8331109403E+02   0.1187932703E+02   0.1290361485E+02  -0.1141135970E+01   0.1848913451E-02
    217.   2.   0.7919653670E+01  -0.1185259932E+02   0.8331109403E+02   0.1288031212E+02   0.1404586788E+02  -0.1237128816E+01   0.1845292803E-02
    217.   3.   0.7919653670E+01  -0.1185259932E+02   0.8331109403E+02   0.1288415042E+02   0.1405088929E+02  -0.1237958700E+01   0.1846296236E-02
    217.   4.   0.7919653670E+01  -0.1185259932E+02   0.8331109403E+02   0.1288464093E+02   0.1405153919E+02  -0.1238143621E+01   0.1846414351E-02
    217.   5.   0.7919653670E+01  -0.1185259932E+02   0.8331109403E+02   0.1288472121E+02   0.1405148218E+02  -0.1238006303E+01   0.1846412713E-02
    217.   6.   0.7919653670E+01  -0.1185259932E+02   0.8331109403E+02   0.1288471330E+02   0.1405105722E+02  -0.1237530165E+01   0.1846372260E-02
    218.   1.   0.8208145770E+01  -0.1165467151E+02   0.8333901326E+02   0.1279737755E+02   0.1280210362E+02  -0.1157674016E+01   0.1970060726E-02
    218.   2.   0.8208145770E+01  -0.1165467151E+02   0.8333901326E+02   0.1387813395E+02   0.1394318011E+02  -0.1254956346E+01   0.1966208786E-02
    218.   3.   0.8208145770E+01  -0.1165467151E+02   0.8333901326E+02   0.1388232331E+02   0.1394819931E+02  -0.1255855558E+01   0.1967282344E-02
    218.   4.   0.8208145770E+01  -0.1165467151E+02   0.8333901326E+02   0.1388286536E+02   0.1394886836E+02  -0.1256081860E+01   0.1967410887E-02
    218.   5.   0.8208145770E+01  -0.1165467151E+02   0.8333901326E+02   0.1388295981E+02   0.1394882742E+02  -0.1255976260E+01   0.1967412365E-02
    218.   6.   0.8208145770E+01  -0.1165467151E+02   0.8333901326E+02   0.1388295745E+02   0.1394841464E+02  -0.1255528218E+01   0.1967373910E-02
    219.   1.   0.8491693590E+01  -0.1144972336E+02   0.8336741771E+02   0.1372960246E+02   0.1270111224E+02  -0.1171126553E+01   0.2103677010E-02
    219.   2.   0.8491693590E+01  -0.1144972336E+02   0.8336741771E+02   0.1489116789E+02   0.1384181761E+02  -0.1269440075E+01   0.2099567580E-02
    219.   3.   0.8491693590E+01  -0.1144972336E+02   0.8336741771E+02   0.1489571280E+02   0.1384684079E+02  -0.1270409107E+01   0.2100719243E-02
    219.   4.   0.8491693590E+01  -0.1144972336E+02   0.8336741771E+02   0.1489630702E+02   0.1384753248E+02  -0.1270678638E+01   0.2100859452E-02
    219.   5.   0.8491693590E+01  -0.1144972336E+02   0.8336741771E+02   0.1489641573E+02   0.1384751028E+02  -0.1270606609E+01   0.2100864392E-02
    219.   6.   0.8491693590E+01  -0.1144972336E+02   0.8336741771E+02   0.1489641890E+02   0.1384711258E+02  -0.1270189601E+01   0.2100828103E-02
    220.   1.   0.8770126320E+01  -0.1123787833E+02   0.8339623847E+02   0.1467367018E+02   0.1260094924E+02  -0.1181500970E+01   0.2249852441E-02
    220.   2.   0.8770126320E+01  -0.1123787833E+02   0.8339623847E+02   0.1591686684E+02   0.1374209894E+02  -0.1280589227E+01   0.2245459038E-02
    220.   3.   0.8770126320E+01  -0.1123787833E+02   0.8339623847E+02   0.1592177120E+02   0.1374713217E+02  -0.1281627684E+01   0.2246696847E-02
    220.   4.   0.8770126320E+01  -0.1123787833E+02   0.8339623847E+02   0.1592241800E+02   0.1374784956E+02  -0.1281941153E+01   0.2246849935E-02
    220.   5.   0.8770126320E+01  -0.1123787833E+02   0.8339623847E+02   0.1592254104E+02   0.1374784875E+02  -0.1281904185E+01   0.2246858685E-02
    220.   6.   0.8770126320E+01  -0.1123787833E+02   0.8339623847E+02   0.1592254976E+02   0.1374746901E+02  -0.1281520817E+01   0.2246824730E-02
    221.   1.   0.9043276270E+01  -0.1101926401E+02   0.8342540573E+02   0.1562722836E+02   0.1250188610E+02  -0.1188811264E+01   0.2408572375E-02
    221.   2.   0.9043276270E+01  -0.1101926401E+02   0.8342540573E+02   0.1695267283E+02   0.1364431459E+02  -0.1288421020E+01   0.2403868204E-02
    221.   3.   0.9043276270E+01  -0.1101926401E+02   0.8342540573E+02   0.1695793905E+02   0.1364936510E+02  -0.1289529310E+01   0.2405200300E-02
    221.   4.   0.9043276270E+01  -0.1101926401E+02   0.8342540573E+02   0.1695863879E+02   0.1365011108E+02  -0.1289886783E+01   0.2405367450E-02
    221.   5.   0.9043276270E+01  -0.1101926401E+02   0.8342540573E+02   0.1695877621E+02   0.1365013430E+02  -0.1289885898E+01   0.2405380346E-02
    221.   6.   0.9043276270E+01  -0.1101926401E+02   0.8342540573E+02   0.1695879043E+02   0.1364977568E+02  -0.1289538730E+01   0.2405348899E-02
    222.   1.   0.9310978880E+01  -0.1079401211E+02   0.8345484889E+02   0.1658793622E+02   0.1240418685E+02  -0.1193084341E+01   0.2579712931E-02
    222.   2.   0.9310978880E+01  -0.1079401211E+02   0.8345484889E+02   0.1799602177E+02   0.1354872166E+02  -0.1292964046E+01   0.2574671545E-02
    222.   3.   0.9310978880E+01  -0.1079401211E+02   0.8345484889E+02   0.1800165206E+02   0.1355379580E+02  -0.1294140776E+01   0.2576105824E-02
    222.   4.   0.9310978880E+01  -0.1079401211E+02   0.8345484889E+02   0.1800240494E+02   0.1355457380E+02  -0.1294542704E+01   0.2576288261E-02
    222.   5.   0.9310978880E+01  -0.1079401211E+02   0.8345484889E+02   0.1800255674E+02   0.1355462398E+02  -0.1294579123E+01   0.2576305660E-02
    222.   6.   0.9310978880E+01  -0.1079401211E+02   0.8345484889E+02   0.1800257644E+02   0.1355428921E+02  -0.1294269587E+01   0.2576276850E-02
    223.   1.   0.9573072900E+01  -0.1056225829E+02   0.8348449676E+02   0.1755265589E+02   0.1228609088E+02  -0.1194175621E+01   0.2763041027E-02
    223.   2.   0.9573072900E+01  -0.1056225829E+02   0.8348449676E+02   0.1904434102E+02   0.1345520536E+02  -0.1291337338E+01   0.2757636931E-02
    223.   3.   0.9573072900E+01  -0.1056225829E+02   0.8348449676E+02   0.1905033632E+02   0.1346030936E+02  -0.1292579751E+01   0.2759181226E-02
    223.   4.   0.9573072900E+01  -0.1056225829E+02   0.8348449676E+02   0.1905114241E+02   0.1346112229E+02  -0.1293025625E+01   0.2759380109E-02
    223.   5.   0.9573072900E+01  -0.1056225829E+02   0.8348449676E+02   0.1905130857E+02   0.1346120225E+02  -0.1293100125E+01   0.2759402360E-02
    223.   6.   0.9573072900E+01  -0.1056225829E+02   0.8348449676E+02   0.1905133369E+02   0.1346089412E+02  -0.1292829474E+01   0.2759376318E-02
    224.   1.   0.9829400470E+01  -0.1032414217E+02   0.8351427775E+02   0.1852059649E+02   0.1219192771E+02  -0.1192489589E+01   0.2958215800E-02
    224.   2.   0.9829400470E+01  -0.1032414217E+02   0.8351427775E+02   0.2009493261E+02   0.1335306878E+02  -0.1288165092E+01   0.2952423666E-02
    224.   3.   0.9829400470E+01  -0.1032414217E+02   0.8351427775E+02   0.2010144358E+02   0.1336953191E+02  -0.1288627134E+01   0.2954085619E-02
    224.   4.   0.9829400470E+01  -0.1032414217E+02   0.8351427775E+02   0.2010230287E+02   0.1337038281E+02  -0.1289116195E+01   0.2954302088E-02
    224.   5.   0.9829400470E+01  -0.1032414217E+02   0.8351427775E+02   0.2010248331E+02   0.1337049519E+02  -0.1289228858E+01   0.2954329497E-02
    224.   6.   0.9829400470E+01  -0.1032414217E+02   0.8351427775E+02   0.2010251381E+02   0.1337021671E+02  -0.1288998317E+01   0.2954306360E-02
    225.   1.   0.1007980717E+02  -0.1007980717E+02   0.8354412001E+02   0.1948264172E+02   0.1207560561E+02  -0.1185385672E+01   0.3164787361E-02
    225.   2.   0.1007980717E+02  -0.1007980717E+02   0.8354412001E+02   0.2114563690E+02   0.1326555601E+02  -0.1283286010E+01   0.3158583042E-02
    225.   3.   0.1007980717E+02  -0.1007980717E+02   0.8354412001E+02   0.2115249547E+02   0.1328198871E+02  -0.1283808151E+01   0.3160369925E-02
    225.   4.   0.1007980717E+02  -0.1007980717E+02   0.8354412001E+02   0.2115340775E+02   0.1328288105E+02  -0.1284340027E+01   0.3160605117E-02
    225.   5.   0.1007980717E+02  -0.1007980717E+02   0.8354412001E+02   0.2115360240E+02   0.1328302833E+02  -0.1284490570E+01   0.3160637980E-02
    225.   6.   0.1007980717E+02  -0.1007980717E+02   0.8354412001E+02   0.2115363820E+02   0.1328278246E+02  -0.1284301033E+01   0.3160617876E-02
    226.   1.   0.1032414217E+02  -0.9829400470E+01   0.8357395160E+02   0.2044315848E+02   0.1198351314E+02  -0.1179657065E+01   0.3382198668E-02
    226.   2.   0.1032414217E+02  -0.9829400470E+01   0.8357395160E+02   0.2219339961E+02   0.1316981146E+02  -0.1279704634E+01   0.3375559228E-02
    226.   3.   0.1032414217E+02  -0.9829400470E+01   0.8357395160E+02   0.2220081030E+02   0.1319745139E+02  -0.1280520600E+01   0.3377478049E-02
    226.   4.   0.1032414217E+02  -0.9829400470E+01   0.8357395160E+02   0.2220177535E+02   0.1319838788E+02  -0.1281093674E+01   0.3377733005E-02
    226.   5.   0.1032414217E+02  -0.9829400470E+01   0.8357395160E+02   0.2220198407E+02   0.1319857245E+02  -0.1281281375E+01   0.3377771609E-02
    226.   6.   0.1032414217E+02  -0.9829400470E+01   0.8357395160E+02   0.2220202510E+02   0.1319836189E+02  -0.1281133054E+01   0.3377754646E-02
    227.   1.   0.1056225829E+02  -0.9573072900E+01   0.8360370073E+02   0.2140366296E+02   0.1189657882E+02  -0.1169458697E+01   0.3609791237E-02
    227.   2.   0.1056225829E+02  -0.9573072900E+01   0.8360370073E+02   0.2323624983E+02   0.1308811627E+02  -0.1268575631E+01   0.3602695033E-02
    227.   3.   0.1056225829E+02  -0.9573072900E+01   0.8360370073E+02   0.2324398808E+02   0.1311566748E+02  -0.1269443484E+01   0.3604752361E-02
    227.   4.   0.1056225829E+02  -0.9573072900E+01   0.8360370073E+02   0.2324500546E+02   0.1311665091E+02  -0.1270055965E+01   0.3605028064E-02
    227.   5.   0.1056225829E+02  -0.9573072900E+01   0.8360370073E+02   0.2324522814E+02   0.1311687514E+02  -0.1270280014E+01   0.3605072675E-02
    227.   6.   0.1056225829E+02  -0.9573072900E+01   0.8360370073E+02   0.2324527431E+02   0.1311670224E+02  -0.1270172417E+01   0.3605058928E-02
    228.   1.   0.1079401211E+02  -0.9310978880E+01   0.8363329584E+02   0.2235732074E+02   0.1181208166E+02  -0.1156552645E+01   0.3846806627E-02
    228.   2.   0.1079401211E+02  -0.9310978880E+01   0.8363329584E+02   0.2427147250E+02   0.1300952917E+02  -0.1254516352E+01   0.3839233070E-02
    228.   3.   0.1079401211E+02  -0.9310978880E+01   0.8363329584E+02   0.2427953610E+02   0.1303699979E+02  -0.1255433287E+01   0.3841434990E-02
    228.   4.   0.1079401211E+02  -0.9310978880E+01   0.8363329584E+02   0.2428060534E+02   0.1303803236E+02  -0.1256082481E+01   0.3841732342E-02
    228.   5.   0.1079401211E+02  -0.9310978880E+01   0.8363329584E+02   0.2428084177E+02   0.1303829855E+02  -0.1256341749E+01   0.3841783211E-02
    228.   6.   0.1079401211E+02  -0.9310978880E+01   0.8363329584E+02   0.2428089301E+02   0.1303816593E+02  -0.1256274596E+01   0.3841772772E-02
    229.   1.   0.1101926401E+02  -0.9043276270E+01   0.8366266583E+02   0.2336952896E+02   0.1193207056E+02  -0.1120426488E+01   0.4092390997E-02
    229.   2.   0.1101926401E+02  -0.9043276270E+01   0.8366266583E+02   0.2529668035E+02   0.1293399048E+02  -0.1237344287E+01   0.4084322608E-02
    229.   3.   0.1101926401E+02  -0.9043276270E+01   0.8366266583E+02   0.2530506615E+02   0.1296138737E+02  -0.1238306032E+01   0.4086674739E-02
    229.   4.   0.1101926401E+02  -0.9043276270E+01   0.8366266583E+02   0.2530618663E+02   0.1296247166E+02  -0.1238989638E+01   0.4086994573E-02
    229.   5.   0.1101926401E+02  -0.9043276270E+01   0.8366266583E+02   0.2530643664E+02   0.1296278173E+02  -0.1239282402E+01   0.4087051915E-02
    229.   6.   0.1101926401E+02  -0.9043276270E+01   0.8366266583E+02   0.2530649284E+02   0.1296269158E+02  -0.1239254668E+01   0.4087044848E-02
    230.   1.   0.1123787833E+02  -0.8770126320E+01   0.8369174024E+02   0.2429519838E+02   0.1187600460E+02  -0.1102825319E+01   0.4345603522E-02
    230.   2.   0.1123787833E+02  -0.8770126320E+01   0.8369174024E+02   0.2630938693E+02   0.1286177349E+02  -0.1217684056E+01   0.4337023817E-02
    230.   3.   0.1123787833E+02  -0.8770126320E+01   0.8369174024E+02   0.2631809148E+02   0.1288910447E+02  -0.1218686832E+01   0.4339531010E-02
    230.   4.   0.1123787833E+02  -0.8770126320E+01   0.8369174024E+02   0.2631926246E+02   0.1289024217E+02  -0.1219401337E+01   0.4339874059E-02
    230.   5.   0.1123787833E+02  -0.8770126320E+01   0.8369174024E+02   0.2631952581E+02   0.1289059829E+02  -0.1219726170E+01   0.4339938085E-02
    230.   6.   0.1123787833E+02  -0.8770126320E+01   0.8369174024E+02   0.2631958687E+02   0.1289055247E+02  -0.1219736303E+01   0.4339934426E-02
    231.   1.   0.1144972336E+02  -0.8491693590E+01   0.8372044935E+02   0.2520744501E+02   0.1182210456E+02  -0.1082794755E+01   0.4605421901E-02
    231.   2.   0.1144972336E+02  -0.8491693590E+01   0.8372044935E+02   0.2730728893E+02   0.1279278366E+02  -0.1195355300E+01   0.4596315644E-02
    231.   3.   0.1144972336E+02  -0.8491693590E+01   0.8372044935E+02   0.2731630731E+02   0.1282005587E+02  -0.1196394752E+01   0.4598982293E-02
    231.   4.   0.1144972336E+02  -0.8491693590E+01   0.8372044935E+02   0.2731752800E+02   0.1282124898E+02  -0.1197137016E+01   0.4599349197E-02
    231.   5.   0.1144972336E+02  -0.8491693590E+01   0.8372044935E+02   0.2731780445E+02   0.1282165250E+02  -0.1197491257E+01   0.4599420061E-02
    231.   6.   0.1144972336E+02  -0.8491693590E+01   0.8372044935E+02   0.2731787027E+02   0.1282165319E+02  -0.1197538079E+01   0.4599419872E-02
    232.   1.   0.1165467151E+02  -0.8208145770E+01   0.8374872443E+02   0.2610415028E+02   0.1177035859E+02  -0.1060420523E+01   0.4870745837E-02
    232.   2.   0.1165467151E+02  -0.8208145770E+01   0.8374872443E+02   0.2828808829E+02   0.1272701973E+02  -0.1170452285E+01   0.4861101449E-02
    232.   3.   0.1165467151E+02  -0.8208145770E+01   0.8374872443E+02   0.2829741568E+02   0.1275424006E+02  -0.1171523563E+01   0.4863931201E-02
    232.   4.   0.1165467151E+02  -0.8208145770E+01   0.8374872443E+02   0.2829868510E+02   0.1275549065E+02  -0.1172290643E+01   0.4864322537E-02
    232.   5.   0.1165467151E+02  -0.8208145770E+01   0.8374872443E+02   0.2829897442E+02   0.1275594263E+02  -0.1172671357E+01   0.4864400349E-02
    232.   6.   0.1165467151E+02  -0.8208145770E+01   0.8374872443E+02   0.2829904487E+02   0.1275599157E+02  -0.1172753077E+01   0.4864403654E-02
    233.   1.   0.1185259932E+02  -0.7919653670E+01   0.8377649781E+02   0.2698328910E+02   0.1172081009E+02  -0.1035789348E+01   0.5140410122E-02
    233.   2.   0.1185259932E+02  -0.7919653670E+01   0.8377649781E+02   0.2924954447E+02   0.1266446888E+02  -0.1143073277E+01   0.5130217798E-02
    233.   3.   0.1185259932E+02  -0.7919653670E+01   0.8377649781E+02   0.2925917504E+02   0.1269164312E+02  -0.1144170147E+01   0.5133213541E-02
    233.   4.   0.1185259932E+02  -0.7919653670E+01   0.8377649781E+02   0.2926049220E+02   0.1269295217E+02  -0.1144957703E+01   0.5133629730E-02
    233.   5.   0.1185259932E+02  -0.7919653670E+01   0.8377649781E+02   0.2926079406E+02   0.1269345412E+02  -0.1145362592E+01   0.5133714623E-02
    233.   6.   0.1185259932E+02  -0.7919653670E+01   0.8377649781E+02   0.2926086904E+02   0.1269355243E+02  -0.1145476655E+01   0.5133721422E-02
    234.   1.   0.1204338757E+02  -0.7626391070E+01   0.8380370314E+02   0.2784280990E+02   0.1167339997E+02  -0.1008985038E+01   0.5413189821E-02
    234.   2.   0.1204338757E+02  -0.7626391070E+01   0.8380370314E+02   0.3018947421E+02   0.1260510344E+02  -0.1113312522E+01   0.5402443134E-02
    234.   3.   0.1204338757E+02  -0.7626391070E+01   0.8380370314E+02   0.3019940140E+02   0.1263223865E+02  -0.1114430589E+01   0.5405607047E-02
    234.   4.   0.1204338757E+02  -0.7626391070E+01   0.8380370314E+02   0.3020076517E+02   0.1263360691E+02  -0.1115234079E+01   0.5406048395E-02
    234.   5.   0.1204338757E+02  -0.7626391070E+01   0.8380370314E+02   0.3020107926E+02   0.1263415989E+02  -0.1115660334E+01   0.5406140447E-02
    234.   6.   0.1204338757E+02  -0.7626391070E+01   0.8380370314E+02   0.3020115864E+02   0.1263430875E+02  -0.1115804299E+01   0.5406150734E-02
    235.   1.   0.1222692134E+02  -0.7328534620E+01   0.8383027544E+02   0.2865857412E+02   0.1162257013E+02  -0.9792220265E+00   0.5687811019E-02
    235.   2.   0.1222692134E+02  -0.7328534620E+01   0.8383027544E+02   0.3110577016E+02   0.1254883213E+02  -0.1081204892E+01   0.5676504880E-02
    235.   3.   0.1222692134E+02  -0.7328534620E+01   0.8383027544E+02   0.3111598677E+02   0.1257593377E+02  -0.1082338006E+01   0.5679838339E-02
    235.   4.   0.1222692134E+02  -0.7328534620E+01   0.8383027544E+02   0.3111739591E+02   0.1257736245E+02  -0.1083153749E+01   0.5680305060E-02
    235.   5.   0.1222692134E+02  -0.7328534620E+01   0.8383027544E+02   0.3111772192E+02   0.1257796684E+02  -0.1083597802E+01   0.5680404302E-02
    235.   6.   0.1222692134E+02  -0.7328534620E+01   0.8383027544E+02   0.3111780558E+02   0.1257816714E+02  -0.1083769019E+01   0.5680418066E-02
    236.   1.   0.1240309006E+02  -0.7026263730E+01   0.8385615134E+02   0.2947251277E+02   0.1157958060E+02  -0.9483729519E+00   0.5962958457E-02
    236.   2.   0.1240309006E+02  -0.7026263730E+01   0.8385615134E+02   0.3199635757E+02   0.1249570905E+02  -0.1046983815E+01   0.5951090764E-02
    236.   3.   0.1240309006E+02  -0.7026263730E+01   0.8385615134E+02   0.3200685604E+02   0.1252278305E+02  -0.1048126134E+01   0.5954594359E-02
    236.   4.   0.1240309006E+02  -0.7026263730E+01   0.8385615134E+02   0.3200830926E+02   0.1252427223E+02  -0.1048949199E+01   0.5955086542E-02
    236.   5.   0.1240309006E+02  -0.7026263730E+01   0.8385615134E+02   0.3200864683E+02   0.1252492826E+02  -0.1049407549E+01   0.5955192971E-02
    236.   6.   0.1240309006E+02  -0.7026263730E+01   0.8385615134E+02   0.3200873461E+02   0.1252518087E+02  -0.1049603422E+01   0.5955210195E-02
    237.   1.   0.1257178762E+02  -0.6719760480E+01   0.8388126918E+02   0.3026123626E+02   0.1153868845E+02  -0.9156229039E+00   0.6237284906E-02
    237.   2.   0.1257178762E+02  -0.6719760480E+01   0.8388126918E+02   0.3285926949E+02   0.1244562964E+02  -0.1010681590E+01   0.6224856923E-02
    237.   3.   0.1257178762E+02  -0.6719760480E+01   0.8388126918E+02   0.3287004123E+02   0.1247268045E+02  -0.1011826352E+01   0.6228530279E-02
    237.   4.   0.1257178762E+02  -0.6719760480E+01   0.8388126918E+02   0.3287153717E+02   0.1247423025E+02  -0.1012652073E+01   0.6229047873E-02
    237.   5.   0.1257178762E+02  -0.6719760480E+01   0.8388126918E+02   0.3287188590E+02   0.1247493829E+02  -0.1013121475E+01   0.6229161469E-02
    237.   6.   0.1257178762E+02  -0.6719760480E+01   0.8388126918E+02   0.3287197767E+02   0.1247524327E+02  -0.1013338623E+01   0.6229182090E-02
    238.   1.   0.1273291241E+02  -0.6409209500E+01   0.8390556914E+02   0.3102298521E+02   0.1149990273E+02  -0.8810621638E+00   0.6509421553E-02
    238.   2.   0.1273291241E+02  -0.6409209500E+01   0.8390556914E+02   0.3369259875E+02   0.1239853235E+02  -0.9723972520E+00   0.6496437648E-02
    238.   3.   0.1273291241E+02  -0.6409209500E+01   0.8390556914E+02   0.3370363481E+02   0.1242556439E+02  -0.9735377804E+00   0.6500279629E-02
    238.   4.   0.1273291241E+02  -0.6409209500E+01   0.8390556914E+02   0.3370517198E+02   0.1242717452E+02  -0.9743613592E+00   0.6500822451E-02
    238.   5.   0.1273291241E+02  -0.6409209500E+01   0.8390556914E+02   0.3370553148E+02   0.1242793442E+02  -0.9748382098E+00   0.6500943169E-02
    238.   6.   0.1273291241E+02  -0.6409209500E+01   0.8390556914E+02   0.3370562711E+02   0.1242829144E+02  -0.9750730594E+00   0.6500967115E-02
    239.   1.   0.1288636737E+02  -0.6094797860E+01   0.8392899344E+02   0.3175607592E+02   0.1146315388E+02  -0.8447807456E+00   0.6777990407E-02
    239.   2.   0.1288636737E+02  -0.6094797860E+01   0.8392899344E+02   0.3449451585E+02   0.1235435304E+02  -0.9322316865E+00   0.6764456371E-02
    239.   3.   0.1288636737E+02  -0.6094797860E+01   0.8392899344E+02   0.3450580668E+02   0.1238137094E+02  -0.9333618644E+00   0.6768464986E-02
    239.   4.   0.1288636737E+02  -0.6094797860E+01   0.8392899344E+02   0.3450738348E+02   0.1238304109E+02  -0.9341786718E+00   0.6769032749E-02
    239.   5.   0.1288636737E+02  -0.6094797860E+01   0.8392899344E+02   0.3450775337E+02   0.1238385216E+02  -0.9346589821E+00   0.6769160464E-02
    239.   6.   0.1288636737E+02  -0.6094797860E+01   0.8392899344E+02   0.3450785270E+02   0.1238426120E+02  -0.9349084868E+00   0.6769187676E-02
    240.   1.   0.1303206007E+02  -0.5776714930E+01   0.8395148638E+02   0.3245893239E+02   0.1142847930E+02  -0.8068675431E+00   0.7041609314E-02
    240.   2.   0.1303206007E+02  -0.5776714930E+01   0.8395148638E+02   0.3526327457E+02   0.1231302613E+02  -0.8902830199E+00   0.7027534079E-02
    240.   3.   0.1303206007E+02  -0.5776714930E+01   0.8395148638E+02   0.3527480999E+02   0.1234003287E+02  -0.8913957049E+00   0.7031706470E-02
    240.   4.   0.1303206007E+02  -0.5776714930E+01   0.8395148638E+02   0.3527642474E+02   0.1234176181E+02  -0.8922005863E+00   0.7032298708E-02
    240.   5.   0.1303206007E+02  -0.5776714930E+01   0.8395148638E+02   0.3527680456E+02   0.1234262349E+02  -0.8926807977E+00   0.7032433309E-02
    240.   6.   0.1303206007E+02  -0.5776714930E+01   0.8395148638E+02   0.3527690744E+02   0.1234308378E+02  -0.8929413675E+00   0.7032463692E-02
    241.   1.   0.1316990274E+02  -0.5455152330E+01   0.8397299455E+02   0.3312999861E+02   0.1139583867E+02  -0.7674168834E+00   0.7298902914E-02
    241.   2.   0.1316990274E+02  -0.5455152330E+01   0.8397299455E+02   0.3599720808E+02   0.1227448188E+02  -0.8466537178E+00   0.7284300121E-02
    241.   3.   0.1316990274E+02  -0.5455152330E+01   0.8397299455E+02   0.3600897747E+02   0.1230148146E+02  -0.8477426851E+00   0.7288632466E-02
    241.   4.   0.1316990274E+02  -0.5455152330E+01   0.8397299455E+02   0.3601062842E+02   0.1230326774E+02  -0.8485306005E+00   0.7289248608E-02
    241.   5.   0.1316990274E+02  -0.5455152330E+01   0.8397299455E+02   0.3601101773E+02   0.1230417884E+02  -0.8490067683E+00   0.7289389926E-02
    241.   6.   0.1316990274E+02  -0.5455152330E+01   0.8397299455E+02   0.3601112398E+02   0.1230468953E+02  -0.8492750181E+00   0.7289423387E-02
    242.   1.   0.1329981235E+02  -0.5130303750E+01   0.8399346691E+02   0.3375047770E+02   0.1136006619E+02  -0.7239489565E+00   0.7548517503E-02
    242.   2.   0.1329981235E+02  -0.5130303750E+01   0.8399346691E+02   0.3669485087E+02   0.1223858214E+02  -0.7988433444E+00   0.7533401961E-02
    242.   3.   0.1329981235E+02  -0.5130303750E+01   0.8399346691E+02   0.3670684253E+02   0.1226557722E+02  -0.7999020532E+00   0.7537889671E-02
    242.   4.   0.1329981235E+02  -0.5130303750E+01   0.8399346691E+02   0.3670852796E+02   0.1226741938E+02  -0.8006682451E+00   0.7538529043E-02
    242.   5.   0.1329981235E+02  -0.5130303750E+01   0.8399346691E+02   0.3670892628E+02   0.1226837888E+02  -0.8011368699E+00   0.7538676878E-02
    242.   6.   0.1329981235E+02  -0.5130303750E+01   0.8399346691E+02   0.3670903577E+02   0.1226893854E+02  -0.8014090933E+00   0.7538713295E-02
    243.   1.   0.1342171065E+02  -0.4802364860E+01   0.8401285492E+02   0.3433609265E+02   0.1132644407E+02  -0.6836202915E+00   0.7789124228E-02
    243.   2.   0.1342171065E+02  -0.4802364860E+01   0.8401285492E+02   0.3735437297E+02   0.1220540619E+02  -0.7546919225E+00   0.7773513856E-02
    243.   3.   0.1342171065E+02  -0.4802364860E+01   0.8401285492E+02   0.3736657544E+02   0.1223239953E+02  -0.7557140806E+00   0.7778151458E-02
    243.   4.   0.1342171065E+02  -0.4802364860E+01   0.8401285492E+02   0.3736829345E+02   0.1223429574E+02  -0.7564538976E+00   0.7778813258E-02
    243.   5.   0.1342171065E+02  -0.4802364860E+01   0.8401285492E+02   0.3736870032E+02   0.1223530162E+02  -0.7569108831E+00   0.7778967377E-02
    243.   6.   0.1342171065E+02  -0.4802364860E+01   0.8401285492E+02   0.3736881282E+02   0.1223590879E+02  -0.7571837187E+00   0.7779006612E-02
    244.   1.   0.1353552421E+02  -0.4471533210E+01   0.8403111264E+02   0.3490287760E+02   0.1129982520E+02  -0.6401267290E+00   0.8019431260E-02
    244.   2.   0.1353552421E+02  -0.4471533210E+01   0.8403111264E+02   0.3797470245E+02   0.1216430724E+02  -0.7069642285E+00   0.8003347566E-02
    244.   3.   0.1353552421E+02  -0.4471533210E+01   0.8403111264E+02   0.3798709883E+02   0.1220161674E+02  -0.7048906285E+00   0.8008128804E-02
    244.   4.   0.1353552421E+02  -0.4471533210E+01   0.8403111264E+02   0.3798884752E+02   0.1220356480E+02  -0.7055994476E+00   0.8008812102E-02
    244.   5.   0.1353552421E+02  -0.4471533210E+01   0.8403111264E+02   0.3798926239E+02   0.1220461512E+02  -0.7060411220E+00   0.8008972201E-02
    244.   6.   0.1353552421E+02  -0.4471533210E+01   0.8403111264E+02   0.3798937777E+02   0.1220526824E+02  -0.7063113039E+00   0.8009014152E-02
    245.   1.   0.1364118449E+02  -0.4138008070E+01   0.8404819682E+02   0.3543255890E+02   0.1127521500E+02  -0.5954525535E+00   0.8238195119E-02
    245.   2.   0.1364118449E+02  -0.4138008070E+01   0.8404819682E+02   0.3855441884E+02   0.1213628229E+02  -0.6575611409E+00   0.8221660450E-02
    245.   3.   0.1364118449E+02  -0.4138008070E+01   0.8404819682E+02   0.3856699437E+02   0.1217355864E+02  -0.6554619927E+00   0.8226578284E-02
    245.   4.   0.1364118449E+02  -0.4138008070E+01   0.8404819682E+02   0.3856877169E+02   0.1217555619E+02  -0.6561354694E+00   0.8227282018E-02
    245.   5.   0.1364118449E+02  -0.4138008070E+01   0.8404819682E+02   0.3856919404E+02   0.1217664875E+02  -0.6565582975E+00   0.8227447810E-02
    245.   6.   0.1364118449E+02  -0.4138008070E+01   0.8404819682E+02   0.3856931210E+02   0.1217734540E+02  -0.6568222874E+00   0.8227492306E-02
    246.   1.   0.1373862782E+02  -0.3801990360E+01   0.8406406705E+02   0.3592404845E+02   0.1125256338E+02  -0.5496867220E+00   0.8444224224E-02
    246.   2.   0.1373862782E+02  -0.3801990360E+01   0.8406406705E+02   0.3909229731E+02   0.1211071935E+02  -0.6069653704E+00   0.8427264832E-02
    246.   3.   0.1373862782E+02  -0.3801990360E+01   0.8406406705E+02   0.3910503996E+02   0.1214796742E+02  -0.6048360649E+00   0.8432311445E-02
    246.   4.   0.1373862782E+02  -0.3801990360E+01   0.8406406705E+02   0.3910684387E+02   0.1215001158E+02  -0.6054698307E+00   0.8433034403E-02
    246.   5.   0.1373862782E+02  -0.3801990360E+01   0.8406406705E+02   0.3910727318E+02   0.1215114418E+02  -0.6058705424E+00   0.8433205571E-02
    246.   6.   0.1373862782E+02  -0.3801990360E+01   0.8406406705E+02   0.3910739374E+02   0.1215188208E+02  -0.6061251830E+00   0.8433252455E-02
    247.   1.   0.1382779551E+02  -0.3463682460E+01   0.8407868579E+02   0.3637633418E+02   0.1123187874E+02  -0.5029193153E+00   0.8636390949E-02
    247.   2.   0.1382779551E+02  -0.3463682460E+01   0.8407868579E+02   0.3958721151E+02   0.1208756400E+02  -0.5552755222E+00   0.8619035184E-02
    247.   3.   0.1382779551E+02  -0.3463682460E+01   0.8407868579E+02   0.3960010790E+02   0.1212478871E+02  -0.5531118771E+00   0.8624201861E-02
    247.   4.   0.1382779551E+02  -0.3463682460E+01   0.8407868579E+02   0.3960193628E+02   0.1212687607E+02  -0.5537017033E+00   0.8624942798E-02
    247.   5.   0.1382779551E+02  -0.3463682460E+01   0.8407868579E+02   0.3960237200E+02   0.1212804647E+02  -0.5540772746E+00   0.8625118992E-02
    247.   6.   0.1382779551E+02  -0.3463682460E+01   0.8407868579E+02   0.3960249484E+02   0.1212882287E+02  -0.5543194397E+00   0.8625168081E-02
    248.   1.   0.1390863386E+02  -0.3123288180E+01   0.8409201847E+02   0.3678840690E+02   0.1121317202E+02  -0.4552391669E+00   0.8813638106E-02
    248.   2.   0.1390863386E+02  -0.3123288180E+01   0.8409201847E+02   0.4003812562E+02   0.1206676719E+02  -0.5025899694E+00   0.8795916397E-02
    248.   3.   0.1390863386E+02  -0.3123288180E+01   0.8409201847E+02   0.4005116289E+02   0.1210397174E+02  -0.5003874403E+00   0.8801193962E-02
    248.   4.   0.1390863386E+02  -0.3123288180E+01   0.8409201847E+02   0.4005301358E+02   0.1210609939E+02  -0.5009297878E+00   0.8801951480E-02
    248.   5.   0.1390863386E+02  -0.3123288180E+01   0.8409201847E+02   0.4005345514E+02   0.1210730463E+02  -0.5012771446E+00   0.8802132314E-02
    248.   6.   0.1390863386E+02  -0.3123288180E+01   0.8409201847E+02   0.4005358007E+02   0.1210811651E+02  -0.5015038883E+00   0.8802183435E-02
    249.   1.   0.1398109417E+02  -0.2781012540E+01   0.8410403361E+02   0.3715941395E+02   0.1119642172E+02  -0.4067367080E+00   0.8974987029E-02
    249.   2.   0.1398109417E+02  -0.2781012540E+01   0.8410403361E+02   0.4044409795E+02   0.1203800380E+02  -0.4493403372E+00   0.8956932097E-02
    249.   3.   0.1398109417E+02  -0.2781012540E+01   0.8410403361E+02   0.4045728218E+02   0.1208554850E+02  -0.4494894243E+00   0.8962310652E-02
    249.   4.   0.1398109417E+02  -0.2781012540E+01   0.8410403361E+02   0.4045915295E+02   0.1208771250E+02  -0.4499806630E+00   0.8963083274E-02
    249.   5.   0.1398109417E+02  -0.2781012540E+01   0.8410403361E+02   0.4045959978E+02   0.1208894929E+02  -0.4502968522E+00   0.8963268319E-02
    249.   6.   0.1398109417E+02  -0.2781012540E+01   0.8410403361E+02   0.4045972660E+02   0.1208979397E+02  -0.4505056862E+00   0.8963321292E-02
    250.   1.   0.1404513279E+02  -0.2437061720E+01   0.8411470282E+02   0.3748861526E+02   0.1118164872E+02  -0.3575023692E+00   0.9119542722E-02
    250.   2.   0.1404513279E+02  -0.2437061720E+01   0.8411470282E+02   0.4080430822E+02   0.1202181599E+02  -0.3949287688E+00   0.9101189043E-02
    250.   3.   0.1404513279E+02  -0.2437061720E+01   0.8411470282E+02   0.4081759733E+02   0.1206931139E+02  -0.3950661031E+00   0.9106658139E-02
    250.   4.   0.1404513279E+02  -0.2437061720E+01   0.8411470282E+02   0.4081948594E+02   0.1207150810E+02  -0.3955031026E+00   0.9107444310E-02
    250.   5.   0.1404513279E+02  -0.2437061720E+01   0.8411470282E+02   0.4081993742E+02   0.1207277314E+02  -0.3957855728E+00   0.9107633111E-02
    250.   6.   0.1404513279E+02  -0.2437061720E+01   0.8411470282E+02   0.4082006592E+02   0.1207364701E+02  -0.3959739188E+00   0.9107687733E-02
    251.   1.   0.1410071115E+02  -0.2091642910E+01   0.8412400091E+02   0.3777531021E+02   0.1116886295E+02  -0.3076262946E+00   0.9246501018E-02
    251.   2.   0.1410071115E+02  -0.2091642910E+01   0.8412400091E+02   0.4111799745E+02   0.1200785989E+02  -0.3398163156E+00   0.9227884792E-02
    251.   3.   0.1410071115E+02  -0.2091642910E+01   0.8412400091E+02   0.4113137777E+02   0.1205531274E+02  -0.3399392900E+00   0.9233433412E-02
    251.   4.   0.1410071115E+02  -0.2091642910E+01   0.8412400091E+02   0.4113328185E+02   0.1205753791E+02  -0.3403191625E+00   0.9234231467E-02
    251.   5.   0.1410071115E+02  -0.2091642910E+01   0.8412400091E+02   0.4113373742E+02   0.1205882783E+02  -0.3405656602E+00   0.9234423597E-02
    251.   6.   0.1410071115E+02  -0.2091642910E+01   0.8412400091E+02   0.4113386738E+02   0.1205972728E+02  -0.3407312964E+00   0.9234479664E-02
    252.   1.   0.1414779577E+02  -0.1744964170E+01   0.8413190596E+02   0.3801890004E+02   0.1115802313E+02  -0.2571992788E+00   0.9355154015E-02
    252.   2.   0.1414779577E+02  -0.1744964170E+01   0.8413190596E+02   0.4138452135E+02   0.1199610291E+02  -0.2841017759E+00   0.9336313065E-02
    252.   3.   0.1414779577E+02  -0.1744964170E+01   0.8413190596E+02   0.4139797946E+02   0.1204352014E+02  -0.2842079957E+00   0.9341929877E-02
    252.   4.   0.1414779577E+02  -0.1744964170E+01   0.8413190596E+02   0.4139989679E+02   0.1204577011E+02  -0.2845284214E+00   0.9342738134E-02
    252.   5.   0.1414779577E+02  -0.1744964170E+01   0.8413190596E+02   0.4140035582E+02   0.1204708131E+02  -0.2847369308E+00   0.9342933096E-02
    252.   6.   0.1414779577E+02  -0.1744964170E+01   0.8413190596E+02   0.4140048704E+02   0.1204800273E+02  -0.2848779560E+00   0.9342990389E-02
    253.   1.   0.1418635828E+02  -0.1397234340E+01   0.8413839930E+02   0.3821890053E+02   0.1114916211E+02  -0.2063114429E+00   0.9444893843E-02
    253.   2.   0.1418635828E+02  -0.1397234340E+01   0.8413839930E+02   0.4160333377E+02   0.1198652023E+02  -0.2278840319E+00   0.9425868145E-02
    253.   3.   0.1418635828E+02  -0.1397234340E+01   0.8413839930E+02   0.4161685569E+02   0.1203390821E+02  -0.2279714333E+00   0.9431541256E-02
    253.   4.   0.1418635828E+02  -0.1397234340E+01   0.8413839930E+02   0.4161878382E+02   0.1203617903E+02  -0.2282304187E+00   0.9432357946E-02
    253.   5.   0.1418635828E+02  -0.1397234340E+01   0.8413839930E+02   0.4161924569E+02   0.1203750770E+02  -0.2283992610E+00   0.9432555239E-02
    253.   6.   0.1418635828E+02  -0.1397234340E+01   0.8413839930E+02   0.4161937790E+02   0.1203844748E+02  -0.2285141128E+00   0.9432613547E-02
    254.   1.   0.1421637546E+02  -0.1048662850E+01   0.8414346562E+02   0.3837487066E+02   0.1114225766E+02  -0.1550566078E+00   0.9515220118E-02
    254.   2.   0.1421637546E+02  -0.1048662850E+01   0.8414346562E+02   0.4177398575E+02   0.1197908936E+02  -0.1712658370E+00   0.9496048494E-02
    254.   3.   0.1421637546E+02  -0.1048662850E+01   0.8414346562E+02   0.4178755737E+02   0.1202645528E+02  -0.1713328784E+00   0.9501765760E-02
    254.   4.   0.1421637546E+02  -0.1048662850E+01   0.8414346562E+02   0.4178949397E+02   0.1202874215E+02  -0.1715286189E+00   0.9502589051E-02
    254.   5.   0.1421637546E+02  -0.1048662850E+01   0.8414346562E+02   0.4178995805E+02   0.1203008464E+02  -0.1716564596E+00   0.9502788185E-02
    254.   6.   0.1421637546E+02  -0.1048662850E+01   0.8414346562E+02   0.4179009107E+02   0.1203103871E+02  -0.1717437651E+00   0.9502847291E-02
    255.   1.   0.1423782923E+02  -0.6994597000E+00   0.8414709297E+02   0.3848651678E+02   0.1113734861E+02  -0.1035249522E+00   0.9565737483E-02
    255.   2.   0.1423782923E+02  -0.6994597000E+00   0.8414709297E+02   0.4189612877E+02   0.1197379364E+02  -0.1143453285E+00   0.9546460491E-02
    255.   3.   0.1423782923E+02  -0.6994597000E+00   0.8414709297E+02   0.4190973597E+02   0.1202114390E+02  -0.1143907765E+00   0.9552209400E-02
    255.   4.   0.1423782923E+02  -0.6994597000E+00   0.8414709297E+02   0.4191167859E+02   0.1202344212E+02  -0.1145219708E+00   0.9553037440E-02
    255.   5.   0.1423782923E+02  -0.6994597000E+00   0.8414709297E+02   0.4191214426E+02   0.1202479434E+02  -0.1146077545E+00   0.9553237888E-02
    255.   6.   0.1423782923E+02  -0.6994597000E+00   0.8414709297E+02   0.4191227785E+02   0.1202575868E+02  -0.1146665172E+00   0.9553297567E-02
    256.   1.   0.1425070666E+02  -0.3498352100E+00   0.8414927282E+02   0.3855360448E+02   0.1113438009E+02  -0.5180863934E-01   0.9596161792E-02
    256.   2.   0.1425070666E+02  -0.3498352100E+00   0.8414927282E+02   0.4196951523E+02   0.1197062038E+02  -0.5722302003E-01   0.9576821340E-02
    256.   3.   0.1425070666E+02  -0.3498352100E+00   0.8414927282E+02   0.4198314382E+02   0.1201796100E+02  -0.5724595692E-01   0.9582589334E-02
    256.   4.   0.1425070666E+02  -0.3498352100E+00   0.8414927282E+02   0.4198509010E+02   0.1202026600E+02  -0.5731175907E-01   0.9583420213E-02
    256.   5.   0.1425070666E+02  -0.3498352100E+00   0.8414927282E+02   0.4198555672E+02   0.1202162444E+02  -0.5735483581E-01   0.9583621469E-02
    256.   6.   0.1425070666E+02  -0.3498352100E+00   0.8414927282E+02   0.4198569067E+02   0.1202259490E+02  -0.5738438405E-01   0.9583681488E-02
