{
  "vessel_name": "Ship_001_RAOs",
  "solver_names": [
    "AQWA",
    "OrcaWave"
  ],
  "comparison_date": "2026-02-09 08:50:33",
  "overall_consensus": "SPLIT",
  "pairwise_results": {
    "AQWA-vs-OrcaWave": {
      "solver_a": "AQWA",
      "solver_b": "OrcaWave",
      "overall_agreement": "POOR",
      "rao_comparisons": {
        "surge": {
          "magnitude_correlation": 0.9969762327556563,
          "magnitude_rms_error": 0.043676041654009554,
          "phase_correlation": 0.4389458838045685,
          "max_magnitude_diff": 0.11991846980209009,
          "max_phase_diff": 257.8982410485535
        },
        "sway": {
          "magnitude_correlation": 0.9640709378466148,
          "magnitude_rms_error": 0.08708891698534686,
          "phase_correlation": -0.0766939232629649,
          "max_magnitude_diff": 0.3655876115460357,
          "max_phase_diff": 339.00767354068404
        },
        "heave": {
          "magnitude_correlation": 0.8361542686318619,
          "magnitude_rms_error": 0.4440257994647647,
          "phase_correlation": -0.19720167234555402,
          "max_magnitude_diff": 1.5718261602726666,
          "max_phase_diff": 313.56983321740256
        },
        "roll": {
          "magnitude_correlation": 0.26290492429987194,
          "magnitude_rms_error": 0.3118767675304704,
          "phase_correlation": -0.061799333124834425,
          "max_magnitude_diff": 1.0910462141630954,
          "max_phase_diff": 276.09122567404717
        },
        "pitch": {
          "magnitude_correlation": 0.9998133097355886,
          "magnitude_rms_error": 0.008034995551661957,
          "phase_correlation": 0.2694492587795695,
          "max_magnitude_diff": 0.027784210309059892,
          "max_phase_diff": 358.14956924688306
        },
        "yaw": {
          "magnitude_correlation": 0.9994131993981445,
          "magnitude_rms_error": 0.006930491048634419,
          "phase_correlation": 0.06861533084947004,
          "max_magnitude_diff": 0.018104683289960954,
          "max_phase_diff": 323.503416877851
        }
      },
      "added_mass_correlations": {
        "1,1": 0.9999718324018011,
        "1,2": -0.853107543838573,
        "1,3": 0.9968394146867421,
        "1,4": -0.8760226559225813,
        "1,5": 0.9998965510474209,
        "1,6": 0.6903582302623801,
        "2,1": 0.2500123362384497,
        "2,2": 0.9994004800931366,
        "2,3": 0.03420534438243235,
        "2,4": 0.8885300950745937,
        "2,5": 0.350638784047707,
        "2,6": 0.657917812523487,
        "3,1": 0.9900665357271016,
        "3,2": 0.1203512892532075,
        "3,3": 0.999731766556914,
        "3,4": 0.9184973094764247,
        "3,5": -0.8941399722562521,
        "3,6": -0.5892962919650822,
        "4,1": 0.1957283631300561,
        "4,2": 0.8905688116846283,
        "4,3": 0.8644108184934012,
        "4,4": 0.7186678624483386,
        "4,5": -0.7222268957622756,
        "4,6": -0.9313183756371627,
        "5,1": 0.9998029179270963,
        "5,2": -0.7384630552094412,
        "5,3": -0.8934771049026204,
        "5,4": 0.882631136800733,
        "5,5": 0.949899273723631,
        "5,6": 0.5743822685637806,
        "6,1": -0.8888020974653278,
        "6,2": 0.6544110335543128,
        "6,3": 0.5052839433080262,
        "6,4": -0.9315561728708102,
        "6,5": -0.20750596996928986,
        "6,6": 0.9789699701841581
      },
      "damping_correlations": {
        "1,1": 0.998234905432604,
        "1,2": 0.28877407936025495,
        "1,3": 0.9840545709498394,
        "1,4": -0.22019907107603248,
        "1,5": 0.9867605498793788,
        "1,6": 0.8647435534612928,
        "2,1": 0.4948319689216958,
        "2,2": 0.9980236047771521,
        "2,3": 0.5613813641489093,
        "2,4": 0.6344520973947344,
        "2,5": 0.8673274845622462,
        "2,6": 0.03369806026386287,
        "3,1": 0.9938531114014739,
        "3,2": 0.708930491824933,
        "3,3": 0.9983220837025939,
        "3,4": 0.4138289523360423,
        "3,5": 0.5115042854343531,
        "3,6": -0.6054332172416297,
        "4,1": -0.26123678868885036,
        "4,2": 0.6463632155530038,
        "4,3": 0.08282057956462012,
        "4,4": 0.487797645006256,
        "4,5": -0.38095460110904145,
        "4,6": -0.9149648665532212,
        "5,1": 0.9876283336421855,
        "5,2": 0.11426728439731222,
        "5,3": 0.5139135449839706,
        "5,4": 0.7478493914300259,
        "5,5": 0.425201263163595,
        "5,6": 0.7198107338777566,
        "6,1": 0.5894821445848483,
        "6,2": 0.03512912093985908,
        "6,3": 0.9333586292433288,
        "6,4": -0.9042896847977522,
        "6,5": 0.7879731386324242,
        "6,6": 0.9767403050719534
      }
    }
  },
  "consensus_by_dof": {
    "SURGE": {
      "consensus_level": "FULL",
      "mean_pairwise_correlation": 0.9969762327556563,
      "outlier_solver": null,
      "agreement_pairs": [
        [
          "AQWA",
          "OrcaWave"
        ]
      ]
    },
    "SWAY": {
      "consensus_level": "NO_CONSENSUS",
      "mean_pairwise_correlation": 0.9640709378466148,
      "outlier_solver": null,
      "agreement_pairs": []
    },
    "HEAVE": {
      "consensus_level": "NO_CONSENSUS",
      "mean_pairwise_correlation": 0.8361542686318619,
      "outlier_solver": null,
      "agreement_pairs": []
    },
    "ROLL": {
      "consensus_level": "NO_CONSENSUS",
      "mean_pairwise_correlation": 0.26290492429987194,
      "outlier_solver": null,
      "agreement_pairs": []
    },
    "PITCH": {
      "consensus_level": "FULL",
      "mean_pairwise_correlation": 0.9998133097355886,
      "outlier_solver": null,
      "agreement_pairs": [
        [
          "AQWA",
          "OrcaWave"
        ]
      ]
    },
    "YAW": {
      "consensus_level": "FULL",
      "mean_pairwise_correlation": 0.9994131993981445,
      "outlier_solver": null,
      "agreement_pairs": [
        [
          "AQWA",
          "OrcaWave"
        ]
      ]
    }
  },
  "notes": [
    "SWAY: consensus=NO_CONSENSUS",
    "HEAVE: consensus=NO_CONSENSUS",
    "ROLL: consensus=NO_CONSENSUS"
  ]
}