example_type,tension_range_kN,cycle_count_sample,yearly_cycles,normalization_factor,stress_range_MPa,cycles_to_failure,damage_per_year,life_years
Small,4.090317759130016,1.0,63115.2,63115.200000000004,1.022579439782504,561125597714.3917,1.1247963068711243e-07,8890498.607536564
Medium,19.93102847648933,1.0,63115.2,63115.200000000004,4.982757119122333,4850003984.891067,1.3013432606781167e-05,76843.67608580923
Large,57.402842254341095,1.0,63115.2,63115.200000000004,14.350710563585274,203016358.87390077,0.00031088726223881615,3216.6001038402915
