{
  "library": "sectionproperties",
  "version": "3.10.2",
  "sections_analysed": [
    {
      "label": "AISC W14x90 (W360x134)",
      "A": 17389.512499147208,
      "Ix": 422604137.15349483,
      "Iy": 149629548.63762474,
      "Zx": 2374180.545806151,
      "Sx": 2611657.7384193446,
      "J": 1905741.422078967,
      "Cw": 4210689898279.945
    },
    {
      "label": "Offshore CHS 914x25 mm",
      "A": 70825.14684562094,
      "Ix": 6991297094.423222,
      "Iy": 6991297094.423221,
      "Zx": 15291550.95018203,
      "Sx": 20031271.335578535,
      "J": 13978349652.445984,
      "Cw": 73125940.57938625
    }
  ]
}