 Variables = "X", "Y", "Z"
Zone i=   31 j=   41 f=point
 0.46532E+00   0.00000E+00  -0.16522E-01
 0.46576E+00   0.00000E+00  -0.14916E-01
 0.46635E+00   0.00000E+00  -0.13309E-01
 0.46737E+00   0.00000E+00  -0.11827E-01
 0.46856E+00   0.00000E+00  -0.10398E-01
 0.46999E+00   0.00000E+00  -0.90772E-02
 0.47165E+00   0.00000E+00  -0.79237E-02
 0.47346E+00   0.00000E+00  -0.68486E-02
 0.47548E+00   0.00000E+00  -0.60164E-02
 0.47764E+00   0.00000E+00  -0.52842E-02
 0.47992E+00   0.00000E+00  -0.46534E-02
 0.48233E+00   0.00000E+00  -0.41525E-02
 0.48485E+00   0.00000E+00  -0.37104E-02
 0.48749E+00   0.00000E+00  -0.32928E-02
 0.49023E+00   0.00000E+00  -0.28825E-02
 0.49308E+00   0.00000E+00  -0.24709E-02
 0.49593E+00   0.00000E+00  -0.20667E-02
 0.49868E+00   0.00000E+00  -0.16838E-02
 0.50132E+00   0.00000E+00  -0.13158E-02
 0.50386E+00   0.00000E+00  -0.96172E-03
 0.50630E+00   0.00000E+00  -0.62110E-03
 0.50864E+00   0.00000E+00  -0.29065E-03
 0.51090E+00   0.00000E+00   0.25425E-04
 0.51307E+00   0.00000E+00   0.32901E-03
 0.51515E+00   0.00000E+00   0.62519E-03
 0.51716E+00   0.00000E+00   0.90986E-03
 0.51909E+00   0.00000E+00   0.11835E-02
 0.52094E+00   0.00000E+00   0.14460E-02
 0.52272E+00   0.00000E+00   0.16983E-02
 0.52444E+00   0.00000E+00   0.19408E-02
 0.52609E+00   0.00000E+00   0.21739E-02
 0.46532E+00   0.44468E-04  -0.14546E-01
 0.46573E+00   0.24175E-03  -0.12965E-01
 0.46634E+00   0.37179E-03  -0.11375E-01
 0.46732E+00   0.38991E-03  -0.98925E-02
 0.46858E+00   0.61931E-03  -0.85607E-02
 0.47011E+00   0.10780E-02  -0.74918E-02
 0.47191E+00   0.15343E-02  -0.67624E-02
 0.47390E+00   0.17351E-02  -0.61770E-02
 0.47598E+00   0.17724E-02  -0.55700E-02
 0.47815E+00   0.17741E-02  -0.49786E-02
 0.48043E+00   0.17683E-02  -0.44349E-02
 0.48281E+00   0.17598E-02  -0.39304E-02
 0.48530E+00   0.17495E-02  -0.34691E-02
 0.48790E+00   0.17402E-02  -0.30499E-02
 0.49062E+00   0.17326E-02  -0.26533E-02
 0.49344E+00   0.17261E-02  -0.22705E-02
 0.49626E+00   0.17193E-02  -0.18923E-02
 0.49898E+00   0.17120E-02  -0.15298E-02
 0.50159E+00   0.17041E-02  -0.11750E-02
 0.50410E+00   0.16961E-02  -0.82651E-03
 0.50651E+00   0.16880E-02  -0.49115E-03
 0.50883E+00   0.16799E-02  -0.16401E-03
 0.51106E+00   0.16724E-02   0.15068E-03
 0.51321E+00   0.16650E-02   0.45060E-03
 0.51527E+00   0.16578E-02   0.74264E-03
 0.51725E+00   0.16512E-02   0.10187E-02
 0.51916E+00   0.16450E-02   0.12803E-02
 0.52099E+00   0.16391E-02   0.15291E-02
 0.52276E+00   0.16335E-02   0.17642E-02
 0.52445E+00   0.16279E-02   0.19892E-02
 0.52609E+00   0.16224E-02   0.22062E-02
 0.46532E+00   0.26602E-03  -0.12562E-01
 0.46572E+00   0.44228E-03  -0.10993E-01
 0.46636E+00   0.76323E-03  -0.94604E-02
 0.46742E+00   0.13613E-02  -0.81948E-02
 0.46880E+00   0.22032E-02  -0.73445E-02
 0.47046E+00   0.29270E-02  -0.67445E-02
 0.47232E+00   0.33711E-02  -0.62232E-02
 0.47431E+00   0.35292E-02  -0.57237E-02
 0.47639E+00   0.35604E-02  -0.52120E-02
 0.47856E+00   0.35585E-02  -0.46875E-02
 0.48082E+00   0.35456E-02  -0.41654E-02
 0.48319E+00   0.35289E-02  -0.36691E-02
 0.48566E+00   0.35112E-02  -0.32202E-02
 0.48824E+00   0.34958E-02  -0.28215E-02
 0.49093E+00   0.34824E-02  -0.24535E-02
 0.49373E+00   0.34689E-02  -0.20923E-02
 0.49653E+00   0.34546E-02  -0.17318E-02
 0.49922E+00   0.34392E-02  -0.13802E-02
 0.50181E+00   0.34234E-02  -0.10352E-02
 0.50429E+00   0.34072E-02  -0.68979E-03
 0.50668E+00   0.33909E-02  -0.35468E-03
 0.50898E+00   0.33752E-02  -0.31967E-04
 0.51119E+00   0.33600E-02   0.27986E-03
 0.51332E+00   0.33454E-02   0.57589E-03
 0.51536E+00   0.33318E-02   0.85549E-03
 0.51733E+00   0.33187E-02   0.11206E-02
 0.51922E+00   0.33062E-02   0.13733E-02
 0.52104E+00   0.32943E-02   0.16127E-02
 0.52278E+00   0.32829E-02   0.18370E-02
 0.52447E+00   0.32717E-02   0.20484E-02
 0.52609E+00   0.32609E-02   0.22497E-02
 0.46532E+00   0.59604E-03  -0.10573E-01
 0.46574E+00   0.12770E-02  -0.91690E-02
 0.46646E+00   0.21521E-02  -0.79397E-02
 0.46764E+00   0.32187E-02  -0.72252E-02
 0.46909E+00   0.41507E-02  -0.66598E-02
 0.47079E+00   0.48246E-02  -0.61651E-02
 0.47267E+00   0.52099E-02  -0.57345E-02
 0.47467E+00   0.53392E-02  -0.53229E-02
 0.47675E+00   0.53639E-02  -0.48790E-02
 0.47891E+00   0.53558E-02  -0.43903E-02
 0.48116E+00   0.53359E-02  -0.38828E-02
 0.48350E+00   0.53124E-02  -0.34044E-02
 0.48596E+00   0.52894E-02  -0.29830E-02
 0.48852E+00   0.52689E-02  -0.26146E-02
 0.49119E+00   0.52493E-02  -0.22702E-02
 0.49397E+00   0.52282E-02  -0.19240E-02
 0.49675E+00   0.52061E-02  -0.15774E-02
 0.49942E+00   0.51826E-02  -0.12353E-02
 0.50199E+00   0.51585E-02  -0.89260E-03
 0.50446E+00   0.51341E-02  -0.55118E-03
 0.50683E+00   0.51098E-02  -0.21954E-03
 0.50911E+00   0.50865E-02   0.99506E-04
 0.51130E+00   0.50640E-02   0.40544E-03
 0.51341E+00   0.50422E-02   0.69612E-03
 0.51544E+00   0.50218E-02   0.96993E-03
 0.51739E+00   0.50023E-02   0.12267E-02
 0.51927E+00   0.49836E-02   0.14693E-02
 0.52107E+00   0.49658E-02   0.16976E-02
 0.52281E+00   0.49486E-02   0.19108E-02
 0.52448E+00   0.49317E-02   0.21127E-02
 0.52609E+00   0.49153E-02   0.23059E-02
 0.46532E+00   0.15052E-02  -0.87872E-02
 0.46578E+00   0.27876E-02  -0.79284E-02
 0.46654E+00   0.40577E-02  -0.71625E-02
 0.46777E+00   0.51590E-02  -0.66213E-02
 0.46926E+00   0.60661E-02  -0.61379E-02
 0.47098E+00   0.67062E-02  -0.57210E-02
 0.47287E+00   0.70548E-02  -0.53527E-02
 0.47487E+00   0.71636E-02  -0.49803E-02
 0.47694E+00   0.71796E-02  -0.45584E-02
 0.47910E+00   0.71649E-02  -0.40863E-02
 0.48134E+00   0.71405E-02  -0.36046E-02
 0.48368E+00   0.71142E-02  -0.31685E-02
 0.48613E+00   0.70868E-02  -0.27811E-02
 0.48868E+00   0.70602E-02  -0.24321E-02
 0.49134E+00   0.70336E-02  -0.21022E-02
 0.49411E+00   0.70048E-02  -0.17687E-02
 0.49688E+00   0.69746E-02  -0.14316E-02
 0.49954E+00   0.69431E-02  -0.10980E-02
 0.50209E+00   0.69106E-02  -0.75747E-03
 0.50455E+00   0.68778E-02  -0.41497E-03
 0.50691E+00   0.68453E-02  -0.84009E-04
 0.50918E+00   0.68143E-02   0.23139E-03
 0.51136E+00   0.67846E-02   0.53059E-03
 0.51346E+00   0.67559E-02   0.81358E-03
 0.51548E+00   0.67286E-02   0.10806E-02
 0.51743E+00   0.67026E-02   0.13295E-02
 0.51930E+00   0.66777E-02   0.15639E-02
 0.52109E+00   0.66537E-02   0.17846E-02
 0.52282E+00   0.66306E-02   0.19907E-02
 0.52449E+00   0.66080E-02   0.21847E-02
 0.52609E+00   0.65860E-02   0.23693E-02
 0.46532E+00   0.32184E-02  -0.77070E-02
 0.46579E+00   0.46463E-02  -0.71439E-02
 0.46658E+00   0.60022E-02  -0.65953E-02
 0.46784E+00   0.70931E-02  -0.61287E-02
 0.46935E+00   0.79812E-02  -0.57171E-02
 0.47109E+00   0.85929E-02  -0.53528E-02
 0.47299E+00   0.89114E-02  -0.50135E-02
 0.47498E+00   0.90039E-02  -0.46582E-02
 0.47705E+00   0.90102E-02  -0.42391E-02
 0.47920E+00   0.89906E-02  -0.37883E-02
 0.48145E+00   0.89644E-02  -0.33493E-02
 0.48379E+00   0.89347E-02  -0.29503E-02
 0.48624E+00   0.89028E-02  -0.25944E-02
 0.48878E+00   0.88696E-02  -0.22597E-02
 0.49144E+00   0.88355E-02  -0.19394E-02
 0.49420E+00   0.87987E-02  -0.16139E-02
 0.49696E+00   0.87605E-02  -0.12872E-02
 0.49961E+00   0.87206E-02  -0.95893E-03
 0.50216E+00   0.86796E-02  -0.61918E-03
 0.50461E+00   0.86384E-02  -0.27792E-03
 0.50696E+00   0.85978E-02   0.52970E-04
 0.50922E+00   0.85593E-02   0.36290E-03
 0.51140E+00   0.85223E-02   0.65467E-03
 0.51350E+00   0.84865E-02   0.93182E-03
 0.51551E+00   0.84525E-02   0.11905E-02
 0.51745E+00   0.84199E-02   0.14308E-02
 0.51931E+00   0.83886E-02   0.16589E-02
 0.52111E+00   0.83584E-02   0.18753E-02
 0.52283E+00   0.83291E-02   0.20773E-02
 0.52449E+00   0.83006E-02   0.22669E-02
 0.52609E+00   0.82729E-02   0.24470E-02
 0.46532E+00   0.51830E-02  -0.70319E-02
 0.46580E+00   0.66365E-02  -0.65708E-02
 0.46663E+00   0.79988E-02  -0.61129E-02
 0.46792E+00   0.90687E-02  -0.57099E-02
 0.46946E+00   0.99260E-02  -0.53486E-02
 0.47121E+00   0.10502E-01  -0.50147E-02
 0.47311E+00   0.10788E-01  -0.46915E-02
 0.47510E+00   0.10863E-01  -0.43392E-02
 0.47717E+00   0.10860E-01  -0.39278E-02
 0.47932E+00   0.10837E-01  -0.35050E-02
 0.48156E+00   0.10808E-01  -0.31067E-02
 0.48390E+00   0.10774E-01  -0.27394E-02
 0.48634E+00   0.10736E-01  -0.24021E-02
 0.48888E+00   0.10696E-01  -0.20833E-02
 0.49153E+00   0.10655E-01  -0.17720E-02
 0.49429E+00   0.10610E-01  -0.14559E-02
 0.49704E+00   0.10563E-01  -0.11365E-02
 0.49968E+00   0.10515E-01  -0.80983E-03
 0.50222E+00   0.10465E-01  -0.47074E-03
 0.50466E+00   0.10416E-01  -0.12945E-03
 0.50701E+00   0.10367E-01   0.19355E-03
 0.50927E+00   0.10321E-01   0.49630E-03
 0.51144E+00   0.10277E-01   0.78226E-03
 0.51353E+00   0.10234E-01   0.10502E-02
 0.51554E+00   0.10193E-01   0.13009E-02
 0.51747E+00   0.10154E-01   0.15397E-02
 0.51933E+00   0.10116E-01   0.17635E-02
 0.52112E+00   0.10080E-01   0.19726E-02
 0.52284E+00   0.10044E-01   0.21704E-02
 0.52449E+00   0.10010E-01   0.23569E-02
 0.52609E+00   0.99762E-02   0.25338E-02
 0.46532E+00   0.72103E-02  -0.64898E-02
 0.46582E+00   0.86744E-02  -0.61011E-02
 0.46668E+00   0.10029E-01  -0.57078E-02
 0.46801E+00   0.11070E-01  -0.53490E-02
 0.46957E+00   0.11889E-01  -0.50140E-02
 0.47132E+00   0.12427E-01  -0.46944E-02
 0.47322E+00   0.12681E-01  -0.43758E-02
 0.47521E+00   0.12739E-01  -0.40249E-02
 0.47727E+00   0.12730E-01  -0.36274E-02
 0.47942E+00   0.12703E-01  -0.32393E-02
 0.48166E+00   0.12670E-01  -0.28724E-02
 0.48400E+00   0.12631E-01  -0.25329E-02
 0.48644E+00   0.12587E-01  -0.22141E-02
 0.48898E+00   0.12541E-01  -0.19074E-02
 0.49162E+00   0.12491E-01  -0.16037E-02
 0.49437E+00   0.12438E-01  -0.12945E-02
 0.49711E+00   0.12383E-01  -0.97899E-03
 0.49975E+00   0.12326E-01  -0.65288E-03
 0.50228E+00   0.12268E-01  -0.31121E-03
 0.50472E+00   0.12210E-01   0.26360E-04
 0.50706E+00   0.12154E-01   0.33991E-03
 0.50931E+00   0.12100E-01   0.63329E-03
 0.51148E+00   0.12049E-01   0.91003E-03
 0.51356E+00   0.11999E-01   0.11704E-02
 0.51557E+00   0.11951E-01   0.14172E-02
 0.51750E+00   0.11905E-01   0.16516E-02
 0.51935E+00   0.11860E-01   0.18709E-02
 0.52113E+00   0.11818E-01   0.20770E-02
 0.52285E+00   0.11776E-01   0.22735E-02
 0.52450E+00   0.11735E-01   0.24581E-02
 0.52609E+00   0.11696E-01   0.26320E-02
 0.46532E+00   0.92820E-02  -0.60415E-02
 0.46584E+00   0.10748E-01  -0.57036E-02
 0.46673E+00   0.12085E-01  -0.53531E-02
 0.46809E+00   0.13091E-01  -0.50216E-02
 0.46967E+00   0.13871E-01  -0.47040E-02
 0.47143E+00   0.14370E-01  -0.43877E-02
 0.47333E+00   0.14593E-01  -0.40685E-02
 0.47531E+00   0.14635E-01  -0.37177E-02
 0.47737E+00   0.14619E-01  -0.33400E-02
 0.47952E+00   0.14588E-01  -0.29823E-02
 0.48176E+00   0.14551E-01  -0.26458E-02
 0.48410E+00   0.14507E-01  -0.23272E-02
 0.48653E+00   0.14457E-01  -0.20223E-02
 0.48906E+00   0.14403E-01  -0.17269E-02
 0.49170E+00   0.14346E-01  -0.14343E-02
 0.49444E+00   0.14285E-01  -0.11301E-02
 0.49718E+00   0.14220E-01  -0.81246E-03
 0.49981E+00   0.14154E-01  -0.48806E-03
 0.50234E+00   0.14087E-01  -0.14796E-03
 0.50477E+00   0.14021E-01   0.18319E-03
 0.50710E+00   0.13958E-01   0.48696E-03
 0.50935E+00   0.13897E-01   0.77209E-03
 0.51151E+00   0.13838E-01   0.10431E-02
 0.51359E+00   0.13781E-01   0.12979E-02
 0.51559E+00   0.13726E-01   0.15388E-02
 0.51752E+00   0.13673E-01   0.17701E-02
 0.51937E+00   0.13622E-01   0.19862E-02
 0.52115E+00   0.13573E-01   0.21885E-02
 0.52286E+00   0.13525E-01   0.23821E-02
 0.52450E+00   0.13478E-01   0.25657E-02
 0.52609E+00   0.13432E-01   0.27401E-02
 0.46532E+00   0.11388E-01  -0.56565E-02
 0.46586E+00   0.12850E-01  -0.53514E-02
 0.46679E+00   0.14163E-01  -0.50301E-02
 0.46817E+00   0.15132E-01  -0.47188E-02
 0.46977E+00   0.15869E-01  -0.44083E-02
 0.47154E+00   0.16330E-01  -0.40928E-02
 0.47343E+00   0.16523E-01  -0.37681E-02
 0.47541E+00   0.16551E-01  -0.34178E-02
 0.47747E+00   0.16529E-01  -0.30668E-02
 0.47962E+00   0.16494E-01  -0.27355E-02
 0.48186E+00   0.16452E-01  -0.24225E-02
 0.48419E+00   0.16401E-01  -0.21234E-02
 0.48662E+00   0.16344E-01  -0.18341E-02
 0.48915E+00   0.16283E-01  -0.15461E-02
 0.49178E+00   0.16219E-01  -0.12605E-02
 0.49451E+00   0.16149E-01  -0.95801E-03
 0.49724E+00   0.16075E-01  -0.64059E-03
 0.49987E+00   0.16000E-01  -0.31476E-03
 0.50239E+00   0.15924E-01   0.24065E-04
 0.50481E+00   0.15851E-01   0.34153E-03
 0.50715E+00   0.15780E-01   0.63751E-03
 0.50939E+00   0.15711E-01   0.91587E-03
 0.51155E+00   0.15645E-01   0.11795E-02
 0.51362E+00   0.15580E-01   0.14294E-02
 0.51562E+00   0.15518E-01   0.16660E-02
 0.51754E+00   0.15458E-01   0.18931E-02
 0.51938E+00   0.15400E-01   0.21073E-02
 0.52116E+00   0.15344E-01   0.23095E-02
 0.52286E+00   0.15290E-01   0.25023E-02
 0.52451E+00   0.15237E-01   0.26856E-02
 0.52609E+00   0.15186E-01   0.28603E-02
 0.46532E+00   0.13524E-01  -0.53174E-02
 0.46588E+00   0.14979E-01  -0.50354E-02
 0.46685E+00   0.16263E-01  -0.47339E-02
 0.46825E+00   0.17191E-01  -0.44294E-02
 0.46986E+00   0.17884E-01  -0.41199E-02
 0.47164E+00   0.18306E-01  -0.38017E-02
 0.47353E+00   0.18472E-01  -0.34733E-02
 0.47551E+00   0.18487E-01  -0.31284E-02
 0.47757E+00   0.18459E-01  -0.28011E-02
 0.47972E+00   0.18419E-01  -0.24960E-02
 0.48195E+00   0.18371E-01  -0.22033E-02
 0.48428E+00   0.18314E-01  -0.19196E-02
 0.48671E+00   0.18250E-01  -0.16420E-02
 0.48923E+00   0.18182E-01  -0.13643E-02
 0.49185E+00   0.18109E-01  -0.10805E-02
 0.49458E+00   0.18031E-01  -0.78236E-03
 0.49731E+00   0.17948E-01  -0.46123E-03
 0.49993E+00   0.17863E-01  -0.13454E-03
 0.50244E+00   0.17779E-01   0.19773E-03
 0.50486E+00   0.17698E-01   0.50559E-03
 0.50719E+00   0.17619E-01   0.79141E-03
 0.50943E+00   0.17543E-01   0.10604E-02
 0.51158E+00   0.17469E-01   0.13179E-02
 0.51365E+00   0.17397E-01   0.15647E-02
 0.51564E+00   0.17328E-01   0.17997E-02
 0.51756E+00   0.17261E-01   0.20256E-02
 0.51940E+00   0.17196E-01   0.22389E-02
 0.52117E+00   0.17133E-01   0.24404E-02
 0.52287E+00   0.17072E-01   0.26328E-02
 0.52451E+00   0.17013E-01   0.28159E-02
 0.52609E+00   0.16956E-01   0.29907E-02
 0.46532E+00   0.15685E-01  -0.50064E-02
 0.46590E+00   0.17131E-01  -0.47407E-02
 0.46691E+00   0.18381E-01  -0.44486E-02
 0.46834E+00   0.19267E-01  -0.41483E-02
 0.46996E+00   0.19915E-01  -0.38348E-02
 0.47174E+00   0.20300E-01  -0.35099E-02
 0.47363E+00   0.20439E-01  -0.31767E-02
 0.47561E+00   0.20442E-01  -0.28471E-02
 0.47767E+00   0.20409E-01  -0.25482E-02
 0.47981E+00   0.20363E-01  -0.22638E-02
 0.48205E+00   0.20309E-01  -0.19908E-02
 0.48437E+00   0.20246E-01  -0.17218E-02
 0.48679E+00   0.20176E-01  -0.14541E-02
 0.48931E+00   0.20100E-01  -0.11819E-02
 0.49193E+00   0.20018E-01  -0.89918E-03
 0.49465E+00   0.19930E-01  -0.59687E-03
 0.49737E+00   0.19838E-01  -0.27343E-03
 0.49998E+00   0.19744E-01   0.56103E-04
 0.50249E+00   0.19653E-01   0.37510E-03
 0.50491E+00   0.19563E-01   0.67127E-03
 0.50723E+00   0.19477E-01   0.94769E-03
 0.50947E+00   0.19393E-01   0.12115E-02
 0.51161E+00   0.19312E-01   0.14633E-02
 0.51368E+00   0.19232E-01   0.17059E-02
 0.51567E+00   0.19155E-01   0.19405E-02
 0.51758E+00   0.19081E-01   0.21626E-02
 0.51941E+00   0.19009E-01   0.23762E-02
 0.52118E+00   0.18940E-01   0.25802E-02
 0.52288E+00   0.18872E-01   0.27718E-02
 0.52451E+00   0.18806E-01   0.29544E-02
 0.52609E+00   0.18743E-01   0.31301E-02
 0.46532E+00   0.17872E-01  -0.47146E-02
 0.46592E+00   0.19305E-01  -0.44548E-02
 0.46697E+00   0.20518E-01  -0.41677E-02
 0.46842E+00   0.21359E-01  -0.38618E-02
 0.47006E+00   0.21961E-01  -0.35393E-02
 0.47184E+00   0.22308E-01  -0.32073E-02
 0.47373E+00   0.22424E-01  -0.28818E-02
 0.47570E+00   0.22418E-01  -0.25777E-02
 0.47776E+00   0.22379E-01  -0.23037E-02
 0.47991E+00   0.22328E-01  -0.20389E-02
 0.48214E+00   0.22267E-01  -0.17795E-02
 0.48446E+00   0.22197E-01  -0.15223E-02
 0.48688E+00   0.22119E-01  -0.12608E-02
 0.48939E+00   0.22035E-01  -0.99332E-03
 0.49200E+00   0.21946E-01  -0.71138E-03
 0.49471E+00   0.21848E-01  -0.40530E-03
 0.49743E+00   0.21746E-01  -0.80101E-04
 0.50003E+00   0.21643E-01   0.24873E-03
 0.50254E+00   0.21544E-01   0.55277E-03
 0.50495E+00   0.21447E-01   0.83802E-03
 0.50727E+00   0.21352E-01   0.11080E-02
 0.50950E+00   0.21261E-01   0.13671E-02
 0.51165E+00   0.21171E-01   0.16161E-02
 0.51371E+00   0.21084E-01   0.18572E-02
 0.51569E+00   0.21000E-01   0.20908E-02
 0.51760E+00   0.20918E-01   0.23128E-02
 0.51943E+00   0.20839E-01   0.25253E-02
 0.52119E+00   0.20763E-01   0.27289E-02
 0.52289E+00   0.20689E-01   0.29229E-02
 0.52452E+00   0.20617E-01   0.31074E-02
 0.52609E+00   0.20547E-01   0.32836E-02
 0.46532E+00   0.20082E-01  -0.44318E-02
 0.46595E+00   0.21500E-01  -0.41727E-02
 0.46704E+00   0.22670E-01  -0.38786E-02
 0.46851E+00   0.23465E-01  -0.35636E-02
 0.47016E+00   0.24021E-01  -0.32309E-02
 0.47194E+00   0.24334E-01  -0.28989E-02
 0.47383E+00   0.24430E-01  -0.25931E-02
 0.47580E+00   0.24415E-01  -0.23192E-02
 0.47786E+00   0.24370E-01  -0.20636E-02
 0.48000E+00   0.24312E-01  -0.18174E-02
 0.48223E+00   0.24245E-01  -0.15730E-02
 0.48455E+00   0.24167E-01  -0.13208E-02
 0.48696E+00   0.24082E-01  -0.10642E-02
 0.48946E+00   0.23989E-01  -0.79584E-03
 0.49207E+00   0.23891E-01  -0.51186E-03
 0.49478E+00   0.23784E-01  -0.20422E-03
 0.49749E+00   0.23672E-01   0.12460E-03
 0.50009E+00   0.23561E-01   0.44237E-03
 0.50259E+00   0.23454E-01   0.73560E-03
 0.50500E+00   0.23349E-01   0.10118E-02
 0.50731E+00   0.23246E-01   0.12757E-02
 0.50954E+00   0.23147E-01   0.15287E-02
 0.51168E+00   0.23049E-01   0.17754E-02
 0.51374E+00   0.22954E-01   0.20168E-02
 0.51571E+00   0.22862E-01   0.22492E-02
 0.51762E+00   0.22773E-01   0.24706E-02
 0.51945E+00   0.22687E-01   0.26827E-02
 0.52120E+00   0.22604E-01   0.28868E-02
 0.52290E+00   0.22523E-01   0.30829E-02
 0.52452E+00   0.22444E-01   0.32697E-02
 0.52609E+00   0.22368E-01   0.34477E-02
 0.46532E+00   0.22314E-01  -0.41503E-02
 0.46598E+00   0.23715E-01  -0.38827E-02
 0.46710E+00   0.24838E-01  -0.35755E-02
 0.46859E+00   0.25585E-01  -0.32461E-02
 0.47025E+00   0.26097E-01  -0.29105E-02
 0.47204E+00   0.26378E-01  -0.25962E-02
 0.47393E+00   0.26456E-01  -0.23165E-02
 0.47590E+00   0.26433E-01  -0.20722E-02
 0.47796E+00   0.26380E-01  -0.18348E-02
 0.48010E+00   0.26315E-01  -0.15994E-02
 0.48232E+00   0.26241E-01  -0.13608E-02
 0.48463E+00   0.26156E-01  -0.11140E-02
 0.48704E+00   0.26062E-01  -0.85805E-03
 0.48954E+00   0.25962E-01  -0.59186E-03
 0.49214E+00   0.25854E-01  -0.30314E-03
 0.49484E+00   0.25738E-01   0.75549E-05
 0.49754E+00   0.25617E-01   0.33155E-03
 0.50014E+00   0.25498E-01   0.64077E-03
 0.50264E+00   0.25382E-01   0.92318E-03
 0.50504E+00   0.25269E-01   0.11916E-02
 0.50736E+00   0.25158E-01   0.14484E-02
 0.50958E+00   0.25050E-01   0.16976E-02
 0.51171E+00   0.24945E-01   0.19449E-02
 0.51376E+00   0.24842E-01   0.21856E-02
 0.51574E+00   0.24742E-01   0.24163E-02
 0.51764E+00   0.24645E-01   0.26416E-02
 0.51946E+00   0.24552E-01   0.28558E-02
 0.52122E+00   0.24462E-01   0.30600E-02
 0.52290E+00   0.24374E-01   0.32570E-02
 0.52452E+00   0.24289E-01   0.34440E-02
 0.52609E+00   0.24206E-01   0.36214E-02
 0.46532E+00   0.24568E-01  -0.38591E-02
 0.46601E+00   0.25948E-01  -0.35762E-02
 0.46717E+00   0.27019E-01  -0.32487E-02
 0.46868E+00   0.27719E-01  -0.29122E-02
 0.47035E+00   0.28191E-01  -0.25900E-02
 0.47214E+00   0.28443E-01  -0.23033E-02
 0.47403E+00   0.28503E-01  -0.20575E-02
 0.47601E+00   0.28470E-01  -0.18294E-02
 0.47806E+00   0.28410E-01  -0.16040E-02
 0.48019E+00   0.28338E-01  -0.13780E-02
 0.48241E+00   0.28256E-01  -0.11429E-02
 0.48472E+00   0.28163E-01  -0.89913E-03
 0.48712E+00   0.28062E-01  -0.64573E-03
 0.48962E+00   0.27953E-01  -0.37485E-03
 0.49221E+00   0.27836E-01  -0.82467E-04
 0.49491E+00   0.27710E-01   0.23142E-03
 0.49760E+00   0.27580E-01   0.54932E-03
 0.50020E+00   0.27453E-01   0.84285E-03
 0.50269E+00   0.27330E-01   0.11145E-02
 0.50509E+00   0.27208E-01   0.13742E-02
 0.50740E+00   0.27088E-01   0.16282E-02
 0.50961E+00   0.26972E-01   0.18801E-02
 0.51174E+00   0.26858E-01   0.21264E-02
 0.51379E+00   0.26747E-01   0.23654E-02
 0.51576E+00   0.26640E-01   0.25979E-02
 0.51766E+00   0.26536E-01   0.28237E-02
 0.51948E+00   0.26435E-01   0.30385E-02
 0.52123E+00   0.26338E-01   0.32438E-02
 0.52291E+00   0.26243E-01   0.34414E-02
 0.52453E+00   0.26151E-01   0.36296E-02
 0.52609E+00   0.26062E-01   0.38087E-02
 0.46532E+00   0.26842E-01  -0.35461E-02
 0.46604E+00   0.28198E-01  -0.32406E-02
 0.46724E+00   0.29215E-01  -0.29054E-02
 0.46877E+00   0.29872E-01  -0.25785E-02
 0.47045E+00   0.30305E-01  -0.22818E-02
 0.47225E+00   0.30528E-01  -0.20273E-02
 0.47414E+00   0.30570E-01  -0.18015E-02
 0.47611E+00   0.30528E-01  -0.15865E-02
 0.47816E+00   0.30460E-01  -0.13700E-02
 0.48029E+00   0.30380E-01  -0.11479E-02
 0.48250E+00   0.30290E-01  -0.91617E-03
 0.48481E+00   0.30189E-01  -0.67296E-03
 0.48720E+00   0.30079E-01  -0.41432E-03
 0.48969E+00   0.29961E-01  -0.14088E-03
 0.49228E+00   0.29835E-01   0.15080E-03
 0.49497E+00   0.29700E-01   0.46090E-03
 0.49766E+00   0.29562E-01   0.76965E-03
 0.50025E+00   0.29427E-01   0.10481E-02
 0.50274E+00   0.29295E-01   0.13094E-02
 0.50514E+00   0.29165E-01   0.15676E-02
 0.50744E+00   0.29036E-01   0.18223E-02
 0.50965E+00   0.28912E-01   0.20732E-02
 0.51178E+00   0.28789E-01   0.23205E-02
 0.51382E+00   0.28670E-01   0.25620E-02
 0.51578E+00   0.28555E-01   0.27953E-02
 0.51767E+00   0.28443E-01   0.30200E-02
 0.51949E+00   0.28335E-01   0.32365E-02
 0.52124E+00   0.28231E-01   0.34437E-02
 0.52292E+00   0.28130E-01   0.36405E-02
 0.52453E+00   0.28031E-01   0.38276E-02
 0.52609E+00   0.27936E-01   0.40064E-02
 0.46532E+00   0.29136E-01  -0.32057E-02
 0.46607E+00   0.30466E-01  -0.28889E-02
 0.46732E+00   0.31429E-01  -0.25584E-02
 0.46886E+00   0.32045E-01  -0.22575E-02
 0.47055E+00   0.32441E-01  -0.19956E-02
 0.47235E+00   0.32634E-01  -0.17605E-02
 0.47424E+00   0.32658E-01  -0.15508E-02
 0.47621E+00   0.32604E-01  -0.13407E-02
 0.47826E+00   0.32528E-01  -0.11259E-02
 0.48038E+00   0.32441E-01  -0.90763E-03
 0.48259E+00   0.32343E-01  -0.67681E-03
 0.48489E+00   0.32233E-01  -0.43112E-03
 0.48728E+00   0.32115E-01  -0.17083E-03
 0.48977E+00   0.31988E-01   0.10629E-03
 0.49235E+00   0.31853E-01   0.39792E-03
 0.49504E+00   0.31710E-01   0.69994E-03
 0.49772E+00   0.31564E-01   0.99214E-03
 0.50031E+00   0.31421E-01   0.12587E-02
 0.50279E+00   0.31280E-01   0.15146E-02
 0.50518E+00   0.31140E-01   0.17725E-02
 0.50748E+00   0.31002E-01   0.20302E-02
 0.50969E+00   0.30869E-01   0.22816E-02
 0.51181E+00   0.30739E-01   0.25276E-02
 0.51385E+00   0.30611E-01   0.27706E-02
 0.51581E+00   0.30488E-01   0.30074E-02
 0.51769E+00   0.30368E-01   0.32318E-02
 0.51950E+00   0.30253E-01   0.34472E-02
 0.52125E+00   0.30142E-01   0.36538E-02
 0.52292E+00   0.30034E-01   0.38500E-02
 0.52454E+00   0.29929E-01   0.40365E-02
 0.52609E+00   0.29827E-01   0.42148E-02
 0.46532E+00   0.31449E-01  -0.28462E-02
 0.46611E+00   0.32756E-01  -0.25313E-02
 0.46739E+00   0.33664E-01  -0.22248E-02
 0.46896E+00   0.34239E-01  -0.19595E-02
 0.47066E+00   0.34595E-01  -0.17171E-02
 0.47246E+00   0.34758E-01  -0.14981E-02
 0.47435E+00   0.34764E-01  -0.12907E-02
 0.47631E+00   0.34700E-01  -0.10843E-02
 0.47835E+00   0.34616E-01  -0.87140E-03
 0.48047E+00   0.34520E-01  -0.65018E-03
 0.48268E+00   0.34413E-01  -0.41737E-03
 0.48497E+00   0.34296E-01  -0.16896E-03
 0.48736E+00   0.34169E-01   0.93509E-04
 0.48984E+00   0.34033E-01   0.36970E-03
 0.49242E+00   0.33890E-01   0.65726E-03
 0.49510E+00   0.33738E-01   0.94606E-03
 0.49778E+00   0.33585E-01   0.12219E-02
 0.50036E+00   0.33433E-01   0.14794E-02
 0.50285E+00   0.33283E-01   0.17352E-02
 0.50523E+00   0.33133E-01   0.19949E-02
 0.50752E+00   0.32987E-01   0.22519E-02
 0.50972E+00   0.32844E-01   0.25051E-02
 0.51184E+00   0.32705E-01   0.27544E-02
 0.51387E+00   0.32569E-01   0.29987E-02
 0.51583E+00   0.32438E-01   0.32349E-02
 0.51771E+00   0.32311E-01   0.34599E-02
 0.51952E+00   0.32189E-01   0.36754E-02
 0.52126E+00   0.32071E-01   0.38806E-02
 0.52293E+00   0.31956E-01   0.40748E-02
 0.52454E+00   0.31844E-01   0.42600E-02
 0.52609E+00   0.31736E-01   0.44377E-02
 0.46532E+00   0.33787E-01  -0.24843E-02
 0.46615E+00   0.35069E-01  -0.21916E-02
 0.46748E+00   0.35920E-01  -0.19151E-02
 0.46906E+00   0.36451E-01  -0.16671E-02
 0.47076E+00   0.36767E-01  -0.14367E-02
 0.47257E+00   0.36901E-01  -0.12243E-02
 0.47445E+00   0.36889E-01  -0.10191E-02
 0.47641E+00   0.36815E-01  -0.81327E-03
 0.47845E+00   0.36722E-01  -0.60077E-03
 0.48056E+00   0.36617E-01  -0.37441E-03
 0.48276E+00   0.36502E-01  -0.13616E-03
 0.48505E+00   0.36376E-01   0.11254E-03
 0.48743E+00   0.36240E-01   0.37442E-03
 0.48991E+00   0.36097E-01   0.64811E-03
 0.49248E+00   0.35945E-01   0.92717E-03
 0.49516E+00   0.35786E-01   0.11990E-02
 0.49784E+00   0.35624E-01   0.14591E-02
 0.50042E+00   0.35463E-01   0.17121E-02
 0.50289E+00   0.35303E-01   0.19711E-02
 0.50527E+00   0.35145E-01   0.22324E-02
 0.50756E+00   0.34989E-01   0.24928E-02
 0.50975E+00   0.34837E-01   0.27493E-02
 0.51187E+00   0.34689E-01   0.30014E-02
 0.51390E+00   0.34545E-01   0.32469E-02
 0.51585E+00   0.34406E-01   0.34818E-02
 0.51773E+00   0.34272E-01   0.37045E-02
 0.51953E+00   0.34142E-01   0.39188E-02
 0.52127E+00   0.34017E-01   0.41230E-02
 0.52294E+00   0.33895E-01   0.43151E-02
 0.52454E+00   0.33777E-01   0.44975E-02
 0.52609E+00   0.33663E-01   0.46720E-02
 0.46532E+00   0.36151E-01  -0.21440E-02
 0.46619E+00   0.37406E-01  -0.18730E-02
 0.46756E+00   0.38193E-01  -0.16087E-02
 0.46915E+00   0.38678E-01  -0.13699E-02
 0.47086E+00   0.38956E-01  -0.11477E-02
 0.47267E+00   0.39061E-01  -0.93390E-03
 0.47455E+00   0.39032E-01  -0.72785E-03
 0.47650E+00   0.38947E-01  -0.51868E-03
 0.47853E+00   0.38846E-01  -0.30395E-03
 0.48065E+00   0.38732E-01  -0.75411E-04
 0.48284E+00   0.38608E-01   0.16586E-03
 0.48513E+00   0.38474E-01   0.41599E-03
 0.48750E+00   0.38330E-01   0.67618E-03
 0.48997E+00   0.38179E-01   0.94100E-03
 0.49255E+00   0.38021E-01   0.12039E-02
 0.49522E+00   0.37853E-01   0.14640E-02
 0.49790E+00   0.37683E-01   0.17157E-02
 0.50047E+00   0.37512E-01   0.19655E-02
 0.50294E+00   0.37342E-01   0.22259E-02
 0.50531E+00   0.37173E-01   0.24930E-02
 0.50759E+00   0.37008E-01   0.27558E-02
 0.50978E+00   0.36848E-01   0.30151E-02
 0.51189E+00   0.36691E-01   0.32680E-02
 0.51392E+00   0.36538E-01   0.35122E-02
 0.51587E+00   0.36391E-01   0.37471E-02
 0.51774E+00   0.36249E-01   0.39712E-02
 0.51954E+00   0.36112E-01   0.41816E-02
 0.52127E+00   0.35981E-01   0.43812E-02
 0.52294E+00   0.35852E-01   0.45717E-02
 0.52454E+00   0.35728E-01   0.47493E-02
 0.52609E+00   0.35608E-01   0.49157E-02
 0.46532E+00   0.38517E-01  -0.18197E-02
 0.46623E+00   0.39738E-01  -0.15554E-02
 0.46764E+00   0.40460E-01  -0.13012E-02
 0.46924E+00   0.40899E-01  -0.10625E-02
 0.47096E+00   0.41139E-01  -0.83655E-03
 0.47276E+00   0.41215E-01  -0.62058E-03
 0.47463E+00   0.41171E-01  -0.41322E-03
 0.47659E+00   0.41076E-01  -0.20081E-03
 0.47861E+00   0.40965E-01   0.18533E-04
 0.48072E+00   0.40843E-01   0.24973E-03
 0.48292E+00   0.40711E-01   0.49121E-03
 0.48520E+00   0.40569E-01   0.73867E-03
 0.48757E+00   0.40418E-01   0.99087E-03
 0.49004E+00   0.40260E-01   0.12440E-02
 0.49260E+00   0.40094E-01   0.14957E-02
 0.49528E+00   0.39918E-01   0.17474E-02
 0.49795E+00   0.39738E-01   0.19901E-02
 0.50051E+00   0.39558E-01   0.22412E-02
 0.50298E+00   0.39377E-01   0.25089E-02
 0.50535E+00   0.39199E-01   0.27755E-02
 0.50762E+00   0.39024E-01   0.30431E-02
 0.50981E+00   0.38854E-01   0.33060E-02
 0.51191E+00   0.38689E-01   0.35587E-02
 0.51394E+00   0.38529E-01   0.38018E-02
 0.51588E+00   0.38374E-01   0.40342E-02
 0.51775E+00   0.38224E-01   0.42528E-02
 0.51955E+00   0.38081E-01   0.44609E-02
 0.52128E+00   0.37942E-01   0.46570E-02
 0.52294E+00   0.37808E-01   0.48390E-02
 0.52455E+00   0.37678E-01   0.50083E-02
 0.52609E+00   0.37553E-01   0.51679E-02
 0.46532E+00   0.40861E-01  -0.15033E-02
 0.46628E+00   0.42040E-01  -0.12299E-02
 0.46772E+00   0.42695E-01  -0.97421E-03
 0.46933E+00   0.43089E-01  -0.73034E-03
 0.47104E+00   0.43292E-01  -0.50136E-03
 0.47284E+00   0.43343E-01  -0.28387E-03
 0.47472E+00   0.43283E-01  -0.72025E-04
 0.47666E+00   0.43178E-01   0.14532E-03
 0.47869E+00   0.43059E-01   0.36532E-03
 0.48079E+00   0.42929E-01   0.59806E-03
 0.48298E+00   0.42789E-01   0.83796E-03
 0.48526E+00   0.42639E-01   0.10801E-02
 0.48763E+00   0.42482E-01   0.13242E-02
 0.49009E+00   0.42317E-01   0.15652E-02
 0.49266E+00   0.42143E-01   0.18062E-02
 0.49533E+00   0.41958E-01   0.20505E-02
 0.49799E+00   0.41769E-01   0.22905E-02
 0.50056E+00   0.41579E-01   0.25446E-02
 0.50302E+00   0.41389E-01   0.28129E-02
 0.50538E+00   0.41200E-01   0.30862E-02
 0.50765E+00   0.41017E-01   0.33520E-02
 0.50984E+00   0.40838E-01   0.36133E-02
 0.51194E+00   0.40665E-01   0.38655E-02
 0.51395E+00   0.40496E-01   0.41074E-02
 0.51590E+00   0.40334E-01   0.43369E-02
 0.51776E+00   0.40177E-01   0.45510E-02
 0.51956E+00   0.40027E-01   0.47544E-02
 0.52129E+00   0.39882E-01   0.49444E-02
 0.52295E+00   0.39742E-01   0.51187E-02
 0.52455E+00   0.39606E-01   0.52819E-02
 0.52609E+00   0.39475E-01   0.54374E-02
 0.46532E+00   0.43179E-01  -0.11692E-02
 0.46633E+00   0.44311E-01  -0.88245E-03
 0.46779E+00   0.44898E-01  -0.61901E-03
 0.46941E+00   0.45247E-01  -0.36998E-03
 0.47112E+00   0.45415E-01  -0.13303E-03
 0.47292E+00   0.45442E-01   0.89262E-04
 0.47479E+00   0.45368E-01   0.30442E-03
 0.47674E+00   0.45254E-01   0.52061E-03
 0.47876E+00   0.45126E-01   0.74635E-03
 0.48086E+00   0.44988E-01   0.97563E-03
 0.48305E+00   0.44841E-01   0.12078E-02
 0.48532E+00   0.44685E-01   0.14422E-02
 0.48769E+00   0.44521E-01   0.16747E-02
 0.49015E+00   0.44349E-01   0.19064E-02
 0.49271E+00   0.44167E-01   0.21415E-02
 0.49537E+00   0.43974E-01   0.23796E-02
 0.49804E+00   0.43775E-01   0.26236E-02
 0.50059E+00   0.43574E-01   0.28800E-02
 0.50305E+00   0.43375E-01   0.31504E-02
 0.50541E+00   0.43177E-01   0.34217E-02
 0.50768E+00   0.42984E-01   0.36899E-02
 0.50986E+00   0.42798E-01   0.39500E-02
 0.51195E+00   0.42616E-01   0.41986E-02
 0.51397E+00   0.42440E-01   0.44350E-02
 0.51591E+00   0.42271E-01   0.46589E-02
 0.51777E+00   0.42107E-01   0.48688E-02
 0.51957E+00   0.41951E-01   0.50620E-02
 0.52129E+00   0.41801E-01   0.52434E-02
 0.52295E+00   0.41654E-01   0.54162E-02
 0.52455E+00   0.41512E-01   0.55748E-02
 0.52609E+00   0.41376E-01   0.57213E-02
 0.46532E+00   0.45469E-01  -0.81066E-03
 0.46637E+00   0.46549E-01  -0.50133E-03
 0.46786E+00   0.47068E-01  -0.22538E-03
 0.46948E+00   0.47372E-01   0.31378E-04
 0.47120E+00   0.47508E-01   0.27108E-03
 0.47299E+00   0.47511E-01   0.49825E-03
 0.47486E+00   0.47424E-01   0.71644E-03
 0.47680E+00   0.47300E-01   0.93618E-03
 0.47882E+00   0.47165E-01   0.11593E-02
 0.48092E+00   0.47021E-01   0.13796E-02
 0.48310E+00   0.46868E-01   0.16021E-02
 0.48538E+00   0.46706E-01   0.18262E-02
 0.48774E+00   0.46535E-01   0.20489E-02
 0.49020E+00   0.46356E-01   0.22739E-02
 0.49276E+00   0.46166E-01   0.25053E-02
 0.49542E+00   0.45963E-01   0.27445E-02
 0.49808E+00   0.45754E-01   0.29879E-02
 0.50063E+00   0.45544E-01   0.32469E-02
 0.50308E+00   0.45334E-01   0.35202E-02
 0.50544E+00   0.45128E-01   0.37890E-02
 0.50770E+00   0.44927E-01   0.40561E-02
 0.50988E+00   0.44732E-01   0.43136E-02
 0.51197E+00   0.44543E-01   0.45570E-02
 0.51399E+00   0.44360E-01   0.47864E-02
 0.51592E+00   0.44184E-01   0.50012E-02
 0.51779E+00   0.44015E-01   0.52013E-02
 0.51958E+00   0.43852E-01   0.53907E-02
 0.52130E+00   0.43695E-01   0.55684E-02
 0.52296E+00   0.43543E-01   0.57329E-02
 0.52455E+00   0.43395E-01   0.58867E-02
 0.52609E+00   0.43253E-01   0.60324E-02
 0.46532E+00   0.47729E-01  -0.40776E-03
 0.46642E+00   0.48748E-01  -0.69816E-04
 0.46793E+00   0.49201E-01   0.21677E-03
 0.46955E+00   0.49462E-01   0.48371E-03
 0.47127E+00   0.49565E-01   0.72986E-03
 0.47306E+00   0.49547E-01   0.95844E-03
 0.47493E+00   0.49448E-01   0.11783E-02
 0.47686E+00   0.49317E-01   0.13926E-02
 0.47888E+00   0.49175E-01   0.16076E-02
 0.48098E+00   0.49024E-01   0.18232E-02
 0.48316E+00   0.48866E-01   0.20338E-02
 0.48543E+00   0.48698E-01   0.22468E-02
 0.48779E+00   0.48521E-01   0.24631E-02
 0.49025E+00   0.48335E-01   0.26803E-02
 0.49280E+00   0.48136E-01   0.29090E-02
 0.49546E+00   0.47925E-01   0.31450E-02
 0.49811E+00   0.47705E-01   0.33945E-02
 0.50066E+00   0.47485E-01   0.36543E-02
 0.50311E+00   0.47267E-01   0.39238E-02
 0.50546E+00   0.47051E-01   0.41950E-02
 0.50772E+00   0.46842E-01   0.44562E-02
 0.50990E+00   0.46641E-01   0.47048E-02
 0.51199E+00   0.46445E-01   0.49410E-02
 0.51400E+00   0.46256E-01   0.51619E-02
 0.51594E+00   0.46074E-01   0.53672E-02
 0.51780E+00   0.45898E-01   0.55602E-02
 0.51959E+00   0.45730E-01   0.57433E-02
 0.52131E+00   0.45566E-01   0.59166E-02
 0.52296E+00   0.45408E-01   0.60792E-02
 0.52455E+00   0.45254E-01   0.62309E-02
 0.52609E+00   0.45105E-01   0.63740E-02
 0.46532E+00   0.49954E-01   0.55458E-04
 0.46647E+00   0.50906E-01   0.42452E-03
 0.46799E+00   0.51294E-01   0.72172E-03
 0.46962E+00   0.51513E-01   0.99676E-03
 0.47133E+00   0.51585E-01   0.12483E-02
 0.47312E+00   0.51548E-01   0.14769E-02
 0.47498E+00   0.51438E-01   0.16917E-02
 0.47692E+00   0.51300E-01   0.18986E-02
 0.47894E+00   0.51153E-01   0.21024E-02
 0.48103E+00   0.50999E-01   0.23015E-02
 0.48321E+00   0.50835E-01   0.25030E-02
 0.48548E+00   0.50661E-01   0.27081E-02
 0.48784E+00   0.50477E-01   0.29156E-02
 0.49029E+00   0.50284E-01   0.31281E-02
 0.49284E+00   0.50078E-01   0.33514E-02
 0.49549E+00   0.49856E-01   0.35920E-02
 0.49814E+00   0.49626E-01   0.38416E-02
 0.50069E+00   0.49397E-01   0.41031E-02
 0.50313E+00   0.49170E-01   0.43725E-02
 0.50548E+00   0.48947E-01   0.46351E-02
 0.50774E+00   0.48731E-01   0.48888E-02
 0.50992E+00   0.48522E-01   0.51295E-02
 0.51201E+00   0.48321E-01   0.53532E-02
 0.51402E+00   0.48126E-01   0.55645E-02
 0.51595E+00   0.47938E-01   0.57649E-02
 0.51781E+00   0.47756E-01   0.59521E-02
 0.51960E+00   0.47581E-01   0.61295E-02
 0.52131E+00   0.47412E-01   0.62986E-02
 0.52297E+00   0.47247E-01   0.64585E-02
 0.52456E+00   0.47087E-01   0.66086E-02
 0.52609E+00   0.46932E-01   0.67505E-02
 0.46532E+00   0.52140E-01   0.58886E-03
 0.46651E+00   0.53016E-01   0.99330E-03
 0.46804E+00   0.53341E-01   0.13060E-02
 0.46968E+00   0.53518E-01   0.15869E-02
 0.47139E+00   0.53562E-01   0.18383E-02
 0.47318E+00   0.53508E-01   0.20596E-02
 0.47504E+00   0.53390E-01   0.22641E-02
 0.47697E+00   0.53248E-01   0.24552E-02
 0.47899E+00   0.53098E-01   0.26424E-02
 0.48108E+00   0.52938E-01   0.28331E-02
 0.48326E+00   0.52769E-01   0.30240E-02
 0.48553E+00   0.52591E-01   0.32151E-02
 0.48788E+00   0.52403E-01   0.34121E-02
 0.49033E+00   0.52202E-01   0.36201E-02
 0.49288E+00   0.51987E-01   0.38427E-02
 0.49553E+00   0.51756E-01   0.40837E-02
 0.49818E+00   0.51516E-01   0.43378E-02
 0.50072E+00   0.51277E-01   0.45980E-02
 0.50316E+00   0.51043E-01   0.48588E-02
 0.50551E+00   0.50814E-01   0.51132E-02
 0.50776E+00   0.50591E-01   0.53546E-02
 0.50994E+00   0.50378E-01   0.55830E-02
 0.51202E+00   0.50170E-01   0.57992E-02
 0.51403E+00   0.49968E-01   0.60051E-02
 0.51596E+00   0.49773E-01   0.61995E-02
 0.51782E+00   0.49585E-01   0.63815E-02
 0.51960E+00   0.49404E-01   0.65562E-02
 0.52132E+00   0.49229E-01   0.67220E-02
 0.52297E+00   0.49058E-01   0.68767E-02
 0.52456E+00   0.48893E-01   0.70233E-02
 0.52609E+00   0.48732E-01   0.71636E-02
 0.46532E+00   0.54276E-01   0.12189E-02
 0.46655E+00   0.55070E-01   0.16600E-02
 0.46810E+00   0.55336E-01   0.19758E-02
 0.46973E+00   0.55475E-01   0.22539E-02
 0.47145E+00   0.55495E-01   0.24957E-02
 0.47323E+00   0.55428E-01   0.27018E-02
 0.47509E+00   0.55305E-01   0.28895E-02
 0.47703E+00   0.55158E-01   0.30681E-02
 0.47904E+00   0.55005E-01   0.32412E-02
 0.48113E+00   0.54843E-01   0.34144E-02
 0.48331E+00   0.54670E-01   0.35922E-02
 0.48557E+00   0.54486E-01   0.37761E-02
 0.48793E+00   0.54291E-01   0.39665E-02
 0.49038E+00   0.54084E-01   0.41682E-02
 0.49292E+00   0.53861E-01   0.43878E-02
 0.49556E+00   0.53621E-01   0.46288E-02
 0.49821E+00   0.53371E-01   0.48839E-02
 0.50074E+00   0.53124E-01   0.51406E-02
 0.50318E+00   0.52883E-01   0.53938E-02
 0.50553E+00   0.52648E-01   0.56340E-02
 0.50779E+00   0.52420E-01   0.58673E-02
 0.50995E+00   0.52200E-01   0.60882E-02
 0.51204E+00   0.51986E-01   0.62960E-02
 0.51405E+00   0.51778E-01   0.64945E-02
 0.51597E+00   0.51577E-01   0.66844E-02
 0.51783E+00   0.51383E-01   0.68634E-02
 0.51961E+00   0.51196E-01   0.70313E-02
 0.52133E+00   0.51015E-01   0.71905E-02
 0.52298E+00   0.50839E-01   0.73426E-02
 0.52456E+00   0.50668E-01   0.74863E-02
 0.52609E+00   0.50502E-01   0.76226E-02
 0.46532E+00   0.56355E-01   0.19562E-02
 0.46659E+00   0.57061E-01   0.24240E-02
 0.46815E+00   0.57275E-01   0.27303E-02
 0.46978E+00   0.57382E-01   0.29937E-02
 0.47150E+00   0.57383E-01   0.32172E-02
 0.47329E+00   0.57304E-01   0.34072E-02
 0.47515E+00   0.57177E-01   0.35744E-02
 0.47708E+00   0.57029E-01   0.37355E-02
 0.47909E+00   0.56873E-01   0.38923E-02
 0.48118E+00   0.56707E-01   0.40545E-02
 0.48336E+00   0.56530E-01   0.42205E-02
 0.48562E+00   0.56342E-01   0.43943E-02
 0.48797E+00   0.56141E-01   0.45792E-02
 0.49042E+00   0.55926E-01   0.47773E-02
 0.49296E+00   0.55695E-01   0.49970E-02
 0.49560E+00   0.55445E-01   0.52388E-02
 0.49824E+00   0.55188E-01   0.54886E-02
 0.50077E+00   0.54933E-01   0.57402E-02
 0.50321E+00   0.54686E-01   0.59832E-02
 0.50555E+00   0.54446E-01   0.62140E-02
 0.50781E+00   0.54211E-01   0.64386E-02
 0.50997E+00   0.53985E-01   0.66505E-02
 0.51206E+00   0.53765E-01   0.68514E-02
 0.51406E+00   0.53552E-01   0.70420E-02
 0.51599E+00   0.53346E-01   0.72235E-02
 0.51784E+00   0.53146E-01   0.73969E-02
 0.51962E+00   0.52954E-01   0.75600E-02
 0.52133E+00   0.52768E-01   0.77141E-02
 0.52298E+00   0.52586E-01   0.78610E-02
 0.52456E+00   0.52410E-01   0.79994E-02
 0.52609E+00   0.52240E-01   0.81307E-02
 0.46532E+00   0.58368E-01   0.28030E-02
 0.46663E+00   0.58991E-01   0.32721E-02
 0.46819E+00   0.59161E-01   0.35569E-02
 0.46984E+00   0.59238E-01   0.38002E-02
 0.47155E+00   0.59222E-01   0.40021E-02
 0.47334E+00   0.59136E-01   0.41701E-02
 0.47520E+00   0.59005E-01   0.43191E-02
 0.47713E+00   0.58855E-01   0.44634E-02
 0.47914E+00   0.58696E-01   0.46089E-02
 0.48123E+00   0.58527E-01   0.47581E-02
 0.48340E+00   0.58345E-01   0.49176E-02
 0.48566E+00   0.58150E-01   0.50893E-02
 0.48801E+00   0.57941E-01   0.52739E-02
 0.49045E+00   0.57717E-01   0.54741E-02
 0.49299E+00   0.57477E-01   0.56930E-02
 0.49563E+00   0.57220E-01   0.59311E-02
 0.49826E+00   0.56956E-01   0.61732E-02
 0.50079E+00   0.56697E-01   0.64103E-02
 0.50323E+00   0.56445E-01   0.66433E-02
 0.50557E+00   0.56199E-01   0.68642E-02
 0.50782E+00   0.55961E-01   0.70748E-02
 0.50999E+00   0.55730E-01   0.72765E-02
 0.51207E+00   0.55506E-01   0.74669E-02
 0.51407E+00   0.55287E-01   0.76493E-02
 0.51600E+00   0.55076E-01   0.78236E-02
 0.51785E+00   0.54872E-01   0.79873E-02
 0.51963E+00   0.54675E-01   0.81433E-02
 0.52134E+00   0.54484E-01   0.82905E-02
 0.52298E+00   0.54299E-01   0.84285E-02
 0.52456E+00   0.54119E-01   0.85599E-02
 0.52609E+00   0.53944E-01   0.86862E-02
 0.46532E+00   0.60315E-01   0.37427E-02
 0.46667E+00   0.60860E-01   0.41928E-02
 0.46824E+00   0.60989E-01   0.44527E-02
 0.46989E+00   0.61044E-01   0.46656E-02
 0.47160E+00   0.61012E-01   0.48456E-02
 0.47339E+00   0.60918E-01   0.49942E-02
 0.47525E+00   0.60784E-01   0.51283E-02
 0.47718E+00   0.60627E-01   0.52682E-02
 0.47918E+00   0.60463E-01   0.54084E-02
 0.48127E+00   0.60287E-01   0.55563E-02
 0.48344E+00   0.60096E-01   0.57174E-02
 0.48570E+00   0.59892E-01   0.58900E-02
 0.48804E+00   0.59677E-01   0.60724E-02
 0.49048E+00   0.59446E-01   0.62694E-02
 0.49301E+00   0.59199E-01   0.64833E-02
 0.49565E+00   0.58937E-01   0.67094E-02
 0.49828E+00   0.58670E-01   0.69377E-02
 0.50081E+00   0.58408E-01   0.71613E-02
 0.50325E+00   0.58153E-01   0.73786E-02
 0.50559E+00   0.57905E-01   0.75841E-02
 0.50784E+00   0.57664E-01   0.77799E-02
 0.51000E+00   0.57429E-01   0.79706E-02
 0.51208E+00   0.57201E-01   0.81498E-02
 0.51408E+00   0.56979E-01   0.83204E-02
 0.51601E+00   0.56765E-01   0.84832E-02
 0.51785E+00   0.56557E-01   0.86362E-02
 0.51963E+00   0.56357E-01   0.87816E-02
 0.52134E+00   0.56163E-01   0.89206E-02
 0.52299E+00   0.55973E-01   0.90531E-02
 0.52457E+00   0.55788E-01   0.91789E-02
 0.52609E+00   0.55610E-01   0.92987E-02
 0.46532E+00   0.62198E-01   0.47611E-02
 0.46671E+00   0.62660E-01   0.51928E-02
 0.46828E+00   0.62748E-01   0.54314E-02
 0.46993E+00   0.62769E-01   0.56366E-02
 0.47164E+00   0.62718E-01   0.58058E-02
 0.47343E+00   0.62611E-01   0.59481E-02
 0.47528E+00   0.62467E-01   0.60817E-02
 0.47721E+00   0.62307E-01   0.62135E-02
 0.47922E+00   0.62137E-01   0.63494E-02
 0.48130E+00   0.61953E-01   0.64975E-02
 0.48347E+00   0.61758E-01   0.66508E-02
 0.48572E+00   0.61552E-01   0.68137E-02
 0.48806E+00   0.61332E-01   0.69892E-02
 0.49050E+00   0.61099E-01   0.71734E-02
 0.49303E+00   0.60854E-01   0.73684E-02
 0.49567E+00   0.60591E-01   0.75770E-02
 0.49830E+00   0.60323E-01   0.77886E-02
 0.50083E+00   0.60061E-01   0.79932E-02
 0.50326E+00   0.59807E-01   0.81879E-02
 0.50560E+00   0.59557E-01   0.83782E-02
 0.50785E+00   0.59314E-01   0.85596E-02
 0.51001E+00   0.59078E-01   0.87344E-02
 0.51209E+00   0.58847E-01   0.89001E-02
 0.51409E+00   0.58624E-01   0.90574E-02
 0.51601E+00   0.58407E-01   0.92072E-02
 0.51786E+00   0.58196E-01   0.93502E-02
 0.51964E+00   0.57992E-01   0.94880E-02
 0.52135E+00   0.57794E-01   0.96197E-02
 0.52299E+00   0.57601E-01   0.97444E-02
 0.52457E+00   0.57413E-01   0.98630E-02
 0.52609E+00   0.57231E-01   0.99766E-02
 0.46532E+00   0.63978E-01   0.59099E-02
 0.46674E+00   0.64334E-01   0.63452E-02
 0.46831E+00   0.64374E-01   0.65786E-02
 0.46996E+00   0.64363E-01   0.67757E-02
 0.47167E+00   0.64292E-01   0.69358E-02
 0.47345E+00   0.64174E-01   0.70704E-02
 0.47531E+00   0.64027E-01   0.71931E-02
 0.47723E+00   0.63864E-01   0.73158E-02
 0.47924E+00   0.63692E-01   0.74428E-02
 0.48132E+00   0.63509E-01   0.75770E-02
 0.48349E+00   0.63316E-01   0.77179E-02
 0.48574E+00   0.63110E-01   0.78667E-02
 0.48808E+00   0.62893E-01   0.80247E-02
 0.49052E+00   0.62664E-01   0.81894E-02
 0.49305E+00   0.62423E-01   0.83629E-02
 0.49568E+00   0.62166E-01   0.85472E-02
 0.49832E+00   0.61902E-01   0.87331E-02
 0.50085E+00   0.61644E-01   0.89145E-02
 0.50328E+00   0.61393E-01   0.90878E-02
 0.50562E+00   0.61144E-01   0.92583E-02
 0.50787E+00   0.60902E-01   0.94217E-02
 0.51003E+00   0.60667E-01   0.95782E-02
 0.51210E+00   0.60436E-01   0.97279E-02
 0.51410E+00   0.60211E-01   0.98718E-02
 0.51602E+00   0.59992E-01   0.10011E-01
 0.51787E+00   0.59778E-01   0.10145E-01
 0.51964E+00   0.59573E-01   0.10270E-01
 0.52135E+00   0.59374E-01   0.10390E-01
 0.52299E+00   0.59178E-01   0.10507E-01
 0.52457E+00   0.58986E-01   0.10618E-01
 0.52609E+00   0.58801E-01   0.10725E-01
 0.46532E+00   0.65585E-01   0.72561E-02
 0.46676E+00   0.65830E-01   0.76882E-02
 0.46834E+00   0.65829E-01   0.79049E-02
 0.46998E+00   0.65790E-01   0.80871E-02
 0.47169E+00   0.65704E-01   0.82334E-02
 0.47347E+00   0.65584E-01   0.83524E-02
 0.47533E+00   0.65440E-01   0.84588E-02
 0.47725E+00   0.65281E-01   0.85660E-02
 0.47926E+00   0.65115E-01   0.86762E-02
 0.48134E+00   0.64940E-01   0.87907E-02
 0.48351E+00   0.64754E-01   0.89105E-02
 0.48576E+00   0.64558E-01   0.90377E-02
 0.48810E+00   0.64350E-01   0.91723E-02
 0.49053E+00   0.64129E-01   0.93143E-02
 0.49307E+00   0.63896E-01   0.94633E-02
 0.49570E+00   0.63649E-01   0.96198E-02
 0.49833E+00   0.63393E-01   0.97809E-02
 0.50086E+00   0.63142E-01   0.99376E-02
 0.50329E+00   0.62895E-01   0.10090E-01
 0.50563E+00   0.62650E-01   0.10239E-01
 0.50788E+00   0.62411E-01   0.10383E-01
 0.51004E+00   0.62178E-01   0.10521E-01
 0.51211E+00   0.61949E-01   0.10654E-01
 0.51411E+00   0.61726E-01   0.10781E-01
 0.51603E+00   0.61508E-01   0.10905E-01
 0.51787E+00   0.61293E-01   0.11026E-01
 0.51965E+00   0.61088E-01   0.11139E-01
 0.52135E+00   0.60888E-01   0.11247E-01
 0.52299E+00   0.60691E-01   0.11352E-01
 0.52457E+00   0.60499E-01   0.11453E-01
 0.52609E+00   0.60313E-01   0.11550E-01
 0.46532E+00   0.66957E-01   0.88142E-02
 0.46678E+00   0.67103E-01   0.92149E-02
 0.46836E+00   0.67076E-01   0.94018E-02
 0.47000E+00   0.67022E-01   0.95589E-02
 0.47172E+00   0.66931E-01   0.96836E-02
 0.47350E+00   0.66816E-01   0.97805E-02
 0.47535E+00   0.66681E-01   0.98681E-02
 0.47727E+00   0.66535E-01   0.99544E-02
 0.47928E+00   0.66383E-01   0.10042E-01
 0.48136E+00   0.66222E-01   0.10134E-01
 0.48352E+00   0.66050E-01   0.10232E-01
 0.48578E+00   0.65869E-01   0.10334E-01
 0.48812E+00   0.65678E-01   0.10440E-01
 0.49055E+00   0.65472E-01   0.10555E-01
 0.49308E+00   0.65253E-01   0.10678E-01
 0.49572E+00   0.65020E-01   0.10806E-01
 0.49835E+00   0.64775E-01   0.10940E-01
 0.50087E+00   0.64533E-01   0.11072E-01
 0.50331E+00   0.64295E-01   0.11200E-01
 0.50564E+00   0.64058E-01   0.11326E-01
 0.50789E+00   0.63825E-01   0.11449E-01
 0.51005E+00   0.63597E-01   0.11568E-01
 0.51212E+00   0.63373E-01   0.11682E-01
 0.51412E+00   0.63153E-01   0.11792E-01
 0.51604E+00   0.62938E-01   0.11899E-01
 0.51788E+00   0.62728E-01   0.12002E-01
 0.51965E+00   0.62524E-01   0.12101E-01
 0.52136E+00   0.62326E-01   0.12196E-01
 0.52300E+00   0.62131E-01   0.12287E-01
 0.52457E+00   0.61941E-01   0.12374E-01
 0.52609E+00   0.61757E-01   0.12457E-01
 0.46532E+00   0.68064E-01   0.10545E-01
 0.46680E+00   0.68136E-01   0.10888E-01
 0.46838E+00   0.68091E-01   0.11042E-01
 0.47002E+00   0.68029E-01   0.11169E-01
 0.47173E+00   0.67946E-01   0.11266E-01
 0.47352E+00   0.67843E-01   0.11340E-01
 0.47537E+00   0.67726E-01   0.11406E-01
 0.47729E+00   0.67603E-01   0.11468E-01
 0.47929E+00   0.67470E-01   0.11534E-01
 0.48138E+00   0.67328E-01   0.11603E-01
 0.48354E+00   0.67180E-01   0.11674E-01
 0.48579E+00   0.67021E-01   0.11749E-01
 0.48813E+00   0.66849E-01   0.11831E-01
 0.49057E+00   0.66663E-01   0.11920E-01
 0.49310E+00   0.66463E-01   0.12014E-01
 0.49573E+00   0.66247E-01   0.12115E-01
 0.49836E+00   0.66021E-01   0.12219E-01
 0.50089E+00   0.65797E-01   0.12322E-01
 0.50332E+00   0.65573E-01   0.12424E-01
 0.50565E+00   0.65348E-01   0.12526E-01
 0.50790E+00   0.65127E-01   0.12624E-01
 0.51006E+00   0.64908E-01   0.12722E-01
 0.51213E+00   0.64692E-01   0.12815E-01
 0.51412E+00   0.64480E-01   0.12904E-01
 0.51604E+00   0.64273E-01   0.12991E-01
 0.51789E+00   0.64070E-01   0.13075E-01
 0.51966E+00   0.63872E-01   0.13156E-01
 0.52136E+00   0.63678E-01   0.13235E-01
 0.52300E+00   0.63488E-01   0.13311E-01
 0.52457E+00   0.63302E-01   0.13382E-01
 0.52609E+00   0.63122E-01   0.13451E-01
 0.46532E+00   0.68901E-01   0.12399E-01
 0.46682E+00   0.68918E-01   0.12669E-01
 0.46840E+00   0.68872E-01   0.12783E-01
 0.47004E+00   0.68813E-01   0.12878E-01
 0.47175E+00   0.68742E-01   0.12948E-01
 0.47353E+00   0.68657E-01   0.13001E-01
 0.47538E+00   0.68566E-01   0.13044E-01
 0.47731E+00   0.68464E-01   0.13087E-01
 0.47931E+00   0.68357E-01   0.13131E-01
 0.48139E+00   0.68241E-01   0.13178E-01
 0.48355E+00   0.68116E-01   0.13228E-01
 0.48580E+00   0.67981E-01   0.13280E-01
 0.48814E+00   0.67836E-01   0.13336E-01
 0.49058E+00   0.67679E-01   0.13397E-01
 0.49311E+00   0.67506E-01   0.13462E-01
 0.49574E+00   0.67315E-01   0.13535E-01
 0.49837E+00   0.67115E-01   0.13609E-01
 0.50089E+00   0.66916E-01   0.13681E-01
 0.50332E+00   0.66712E-01   0.13756E-01
 0.50566E+00   0.66508E-01   0.13828E-01
 0.50790E+00   0.66303E-01   0.13901E-01
 0.51006E+00   0.66100E-01   0.13973E-01
 0.51214E+00   0.65897E-01   0.14043E-01
 0.51413E+00   0.65697E-01   0.14112E-01
 0.51605E+00   0.65501E-01   0.14177E-01
 0.51789E+00   0.65309E-01   0.14240E-01
 0.51966E+00   0.65119E-01   0.14303E-01
 0.52136E+00   0.64932E-01   0.14366E-01
 0.52300E+00   0.64749E-01   0.14424E-01
 0.52457E+00   0.64570E-01   0.14480E-01
 0.52609E+00   0.64395E-01   0.14533E-01
 0.46532E+00   0.69491E-01   0.14326E-01
 0.46683E+00   0.69479E-01   0.14510E-01
 0.46841E+00   0.69438E-01   0.14586E-01
 0.47005E+00   0.69390E-01   0.14648E-01
 0.47176E+00   0.69334E-01   0.14693E-01
 0.47354E+00   0.69272E-01   0.14725E-01
 0.47539E+00   0.69200E-01   0.14753E-01
 0.47731E+00   0.69124E-01   0.14778E-01
 0.47932E+00   0.69043E-01   0.14805E-01
 0.48140E+00   0.68956E-01   0.14833E-01
 0.48356E+00   0.68861E-01   0.14862E-01
 0.48581E+00   0.68757E-01   0.14893E-01
 0.48815E+00   0.68643E-01   0.14926E-01
 0.49058E+00   0.68516E-01   0.14962E-01
 0.49311E+00   0.68376E-01   0.15001E-01
 0.49574E+00   0.68219E-01   0.15045E-01
 0.49837E+00   0.68050E-01   0.15089E-01
 0.50090E+00   0.67879E-01   0.15134E-01
 0.50333E+00   0.67702E-01   0.15180E-01
 0.50566E+00   0.67521E-01   0.15226E-01
 0.50791E+00   0.67342E-01   0.15271E-01
 0.51006E+00   0.67158E-01   0.15319E-01
 0.51214E+00   0.66976E-01   0.15363E-01
 0.51413E+00   0.66794E-01   0.15407E-01
 0.51605E+00   0.66611E-01   0.15453E-01
 0.51789E+00   0.66431E-01   0.15496E-01
 0.51966E+00   0.66254E-01   0.15539E-01
 0.52136E+00   0.66080E-01   0.15581E-01
 0.52300E+00   0.65908E-01   0.15621E-01
 0.52457E+00   0.65737E-01   0.15660E-01
 0.52609E+00   0.65571E-01   0.15698E-01
 0.46532E+00   0.69844E-01   0.16291E-01
 0.46684E+00   0.69840E-01   0.16381E-01
 0.46842E+00   0.69814E-01   0.16418E-01
 0.47006E+00   0.69788E-01   0.16447E-01
 0.47177E+00   0.69753E-01   0.16469E-01
 0.47355E+00   0.69711E-01   0.16484E-01
 0.47540E+00   0.69669E-01   0.16496E-01
 0.47732E+00   0.69615E-01   0.16508E-01
 0.47932E+00   0.69561E-01   0.16521E-01
 0.48140E+00   0.69500E-01   0.16533E-01
 0.48356E+00   0.69431E-01   0.16547E-01
 0.48581E+00   0.69356E-01   0.16560E-01
 0.48815E+00   0.69271E-01   0.16575E-01
 0.49058E+00   0.69176E-01   0.16591E-01
 0.49311E+00   0.69071E-01   0.16607E-01
 0.49574E+00   0.68948E-01   0.16626E-01
 0.49837E+00   0.68813E-01   0.16646E-01
 0.50089E+00   0.68671E-01   0.16666E-01
 0.50332E+00   0.68526E-01   0.16687E-01
 0.50566E+00   0.68376E-01   0.16707E-01
 0.50790E+00   0.68220E-01   0.16729E-01
 0.51006E+00   0.68065E-01   0.16751E-01
 0.51214E+00   0.67907E-01   0.16771E-01
 0.51413E+00   0.67745E-01   0.16793E-01
 0.51605E+00   0.67584E-01   0.16815E-01
 0.51789E+00   0.67424E-01   0.16836E-01
 0.51966E+00   0.67266E-01   0.16857E-01
 0.52136E+00   0.67108E-01   0.16879E-01
 0.52300E+00   0.66949E-01   0.16901E-01
 0.52457E+00   0.66792E-01   0.16921E-01
 0.52609E+00   0.66639E-01   0.16940E-01
 0.46532E+00   0.69992E-01   0.18261E-01
 0.46684E+00   0.70001E-01   0.18261E-01
 0.46842E+00   0.69996E-01   0.18261E-01
 0.47006E+00   0.69990E-01   0.18261E-01
 0.47177E+00   0.69979E-01   0.18261E-01
 0.47355E+00   0.69966E-01   0.18261E-01
 0.47539E+00   0.69951E-01   0.18261E-01
 0.47732E+00   0.69926E-01   0.18261E-01
 0.47932E+00   0.69902E-01   0.18261E-01
 0.48139E+00   0.69872E-01   0.18261E-01
 0.48356E+00   0.69832E-01   0.18261E-01
 0.48580E+00   0.69785E-01   0.18261E-01
 0.48814E+00   0.69730E-01   0.18261E-01
 0.49057E+00   0.69664E-01   0.18261E-01
 0.49310E+00   0.69588E-01   0.18261E-01
 0.49573E+00   0.69498E-01   0.18261E-01
 0.49836E+00   0.69394E-01   0.18261E-01
 0.50089E+00   0.69284E-01   0.18261E-01
 0.50332E+00   0.69169E-01   0.18261E-01
 0.50565E+00   0.69046E-01   0.18261E-01
 0.50790E+00   0.68922E-01   0.18261E-01
 0.51006E+00   0.68796E-01   0.18261E-01
 0.51213E+00   0.68664E-01   0.18261E-01
 0.51412E+00   0.68529E-01   0.18261E-01
 0.51604E+00   0.68394E-01   0.18261E-01
 0.51789E+00   0.68258E-01   0.18261E-01
 0.51966E+00   0.68124E-01   0.18261E-01
 0.52136E+00   0.67989E-01   0.18261E-01
 0.52300E+00   0.67853E-01   0.18261E-01
 0.52457E+00   0.67716E-01   0.18261E-01
 0.52609E+00   0.67580E-01   0.18261E-01
Zone i=   80 j=   61 f=point
 0.16050E-02   0.00000E+00  -0.46957E-01
 0.21058E-01   0.00000E+00  -0.46957E-01
 0.39763E-01   0.00000E+00  -0.46957E-01
 0.57748E-01   0.00000E+00  -0.46957E-01
 0.75041E-01   0.00000E+00  -0.46957E-01
 0.91670E-01   0.00000E+00  -0.46957E-01
 0.10766E+00   0.00000E+00  -0.46957E-01
 0.12303E+00   0.00000E+00  -0.46957E-01
 0.13782E+00   0.00000E+00  -0.46957E-01
 0.15203E+00   0.00000E+00  -0.46957E-01
 0.16570E+00   0.00000E+00  -0.46957E-01
 0.17884E+00   0.00000E+00  -0.46957E-01
 0.19147E+00   0.00000E+00  -0.46957E-01
 0.20362E+00   0.00000E+00  -0.46957E-01
 0.21531E+00   0.00000E+00  -0.46957E-01
 0.22654E+00   0.00000E+00  -0.46957E-01
 0.23734E+00   0.00000E+00  -0.46957E-01
 0.24773E+00   0.00000E+00  -0.46957E-01
 0.25772E+00   0.00000E+00  -0.46957E-01
 0.26732E+00   0.00000E+00  -0.46957E-01
 0.27655E+00   0.00000E+00  -0.46957E-01
 0.28543E+00   0.00000E+00  -0.46957E-01
 0.29397E+00   0.00000E+00  -0.46957E-01
 0.30217E+00   0.00000E+00  -0.46957E-01
 0.31007E+00   0.00000E+00  -0.46957E-01
 0.31766E+00   0.00000E+00  -0.46957E-01
 0.32495E+00   0.00000E+00  -0.46957E-01
 0.33197E+00   0.00000E+00  -0.46957E-01
 0.33872E+00   0.00000E+00  -0.46957E-01
 0.34520E+00   0.00000E+00  -0.46957E-01
 0.35144E+00   0.00000E+00  -0.46957E-01
 0.35744E+00   0.00000E+00  -0.46957E-01
 0.36321E+00   0.00000E+00  -0.46957E-01
 0.36875E+00   0.00000E+00  -0.46957E-01
 0.37408E+00   0.00000E+00  -0.46957E-01
 0.37921E+00   0.00000E+00  -0.46957E-01
 0.38414E+00   0.00000E+00  -0.46957E-01
 0.38888E+00   0.00000E+00  -0.46957E-01
 0.39344E+00   0.00000E+00  -0.46957E-01
 0.39782E+00   0.00000E+00  -0.46957E-01
 0.40203E+00   0.00000E+00  -0.46957E-01
 0.40609E+00   0.00000E+00  -0.46957E-01
 0.40998E+00   0.00000E+00  -0.46957E-01
 0.41373E+00   0.00000E+00  -0.46957E-01
 0.41733E+00   0.00000E+00  -0.46957E-01
 0.42079E+00   0.00000E+00  -0.46957E-01
 0.42412E+00   0.00000E+00  -0.46957E-01
 0.42733E+00   0.00000E+00  -0.46957E-01
 0.43040E+00   0.00000E+00  -0.46957E-01
 0.43336E+00   0.00000E+00  -0.46957E-01
 0.43621E+00   0.00000E+00  -0.46957E-01
 0.43894E+00   0.00000E+00  -0.46806E-01
 0.44157E+00   0.00000E+00  -0.46577E-01
 0.44408E+00   0.00000E+00  -0.46262E-01
 0.44648E+00   0.00000E+00  -0.45873E-01
 0.44877E+00   0.00000E+00  -0.45410E-01
 0.45096E+00   0.00000E+00  -0.44888E-01
 0.45305E+00   0.00000E+00  -0.44320E-01
 0.45504E+00   0.00000E+00  -0.43706E-01
 0.45692E+00   0.00000E+00  -0.43046E-01
 0.45871E+00   0.00000E+00  -0.42329E-01
 0.46040E+00   0.00000E+00  -0.41576E-01
 0.46199E+00   0.00000E+00  -0.40789E-01
 0.46349E+00   0.00000E+00  -0.39975E-01
 0.46491E+00   0.00000E+00  -0.39143E-01
 0.46625E+00   0.00000E+00  -0.38307E-01
 0.46752E+00   0.00000E+00  -0.37461E-01
 0.46869E+00   0.00000E+00  -0.36590E-01
 0.46979E+00   0.00000E+00  -0.35712E-01
 0.47083E+00   0.00000E+00  -0.34849E-01
 0.47183E+00   0.00000E+00  -0.34020E-01
 0.47283E+00   0.00000E+00  -0.33279E-01
 0.47387E+00   0.00000E+00  -0.32684E-01
 0.47492E+00   0.00000E+00  -0.32221E-01
 0.47602E+00   0.00000E+00  -0.32040E-01
 0.47707E+00   0.00000E+00  -0.31897E-01
 0.47802E+00   0.00000E+00  -0.31517E-01
 0.47875E+00   0.00000E+00  -0.30858E-01
 0.47920E+00   0.00000E+00  -0.30027E-01
 0.47935E+00   0.00000E+00  -0.29130E-01
 0.16050E-02   0.18479E-02  -0.46957E-01
 0.21078E-01   0.18335E-02  -0.46957E-01
 0.39802E-01   0.18177E-02  -0.46957E-01
 0.57806E-01   0.18007E-02  -0.46957E-01
 0.75118E-01   0.17816E-02  -0.46957E-01
 0.91764E-01   0.17600E-02  -0.46957E-01
 0.10777E+00   0.17356E-02  -0.46957E-01
 0.12316E+00   0.17096E-02  -0.46957E-01
 0.13796E+00   0.16828E-02  -0.46957E-01
 0.15219E+00   0.16560E-02  -0.46957E-01
 0.16587E+00   0.16293E-02  -0.46957E-01
 0.17902E+00   0.16028E-02  -0.46957E-01
 0.19167E+00   0.15769E-02  -0.46957E-01
 0.20384E+00   0.15508E-02  -0.46957E-01
 0.21553E+00   0.15252E-02  -0.46957E-01
 0.22678E+00   0.15005E-02  -0.46957E-01
 0.23759E+00   0.14770E-02  -0.46957E-01
 0.24799E+00   0.14550E-02  -0.46957E-01
 0.25798E+00   0.14347E-02  -0.46957E-01
 0.26759E+00   0.14163E-02  -0.46957E-01
 0.27684E+00   0.13992E-02  -0.46957E-01
 0.28572E+00   0.13831E-02  -0.46957E-01
 0.29427E+00   0.13680E-02  -0.46957E-01
 0.30249E+00   0.13541E-02  -0.46957E-01
 0.31039E+00   0.13417E-02  -0.46957E-01
 0.31798E+00   0.13306E-02  -0.46957E-01
 0.32529E+00   0.13208E-02  -0.46957E-01
 0.33231E+00   0.13121E-02  -0.46957E-01
 0.33907E+00   0.13045E-02  -0.46957E-01
 0.34556E+00   0.12979E-02  -0.46957E-01
 0.35180E+00   0.12925E-02  -0.46957E-01
 0.35781E+00   0.12886E-02  -0.46957E-01
 0.36358E+00   0.12861E-02  -0.46957E-01
 0.36913E+00   0.12848E-02  -0.46957E-01
 0.37447E+00   0.12846E-02  -0.46957E-01
 0.37960E+00   0.12849E-02  -0.46957E-01
 0.38454E+00   0.12860E-02  -0.46957E-01
 0.38928E+00   0.12875E-02  -0.46957E-01
 0.39384E+00   0.12893E-02  -0.46957E-01
 0.39823E+00   0.12916E-02  -0.46956E-01
 0.40245E+00   0.12942E-02  -0.46958E-01
 0.40651E+00   0.12965E-02  -0.46944E-01
 0.41041E+00   0.12981E-02  -0.46915E-01
 0.41416E+00   0.13002E-02  -0.46889E-01
 0.41776E+00   0.13021E-02  -0.46863E-01
 0.42123E+00   0.13036E-02  -0.46831E-01
 0.42456E+00   0.13018E-02  -0.46783E-01
 0.42777E+00   0.12916E-02  -0.46702E-01
 0.43085E+00   0.12740E-02  -0.46602E-01
 0.43381E+00   0.12325E-02  -0.46475E-01
 0.43665E+00   0.11790E-02  -0.46323E-01
 0.43939E+00   0.11713E-02  -0.46144E-01
 0.44201E+00   0.11764E-02  -0.45897E-01
 0.44453E+00   0.11977E-02  -0.45605E-01
 0.44694E+00   0.12343E-02  -0.45273E-01
 0.44925E+00   0.12730E-02  -0.44902E-01
 0.45147E+00   0.13007E-02  -0.44488E-01
 0.45357E+00   0.13109E-02  -0.43966E-01
 0.45555E+00   0.13079E-02  -0.43336E-01
 0.45743E+00   0.13009E-02  -0.42636E-01
 0.45920E+00   0.12926E-02  -0.41889E-01
 0.46088E+00   0.12844E-02  -0.41110E-01
 0.46247E+00   0.12792E-02  -0.40315E-01
 0.46399E+00   0.12772E-02  -0.39515E-01
 0.46542E+00   0.12755E-02  -0.38709E-01
 0.46677E+00   0.12790E-02  -0.37881E-01
 0.46802E+00   0.12875E-02  -0.37011E-01
 0.46917E+00   0.12876E-02  -0.36118E-01
 0.47025E+00   0.13016E-02  -0.35206E-01
 0.47127E+00   0.13095E-02  -0.34322E-01
 0.47226E+00   0.13246E-02  -0.33485E-01
 0.47324E+00   0.13466E-02  -0.32701E-01
 0.47423E+00   0.13918E-02  -0.32021E-01
 0.47526E+00   0.15497E-02  -0.31540E-01
 0.47629E+00   0.18669E-02  -0.31265E-01
 0.47723E+00   0.19071E-02  -0.30802E-01
 0.47793E+00   0.15681E-02  -0.30134E-01
 0.47842E+00   0.10724E-02  -0.29435E-01
 0.47880E+00   0.53610E-03  -0.28754E-01
 0.47915E+00   0.00000E+00  -0.28097E-01
 0.16050E-02   0.37142E-02  -0.46957E-01
 0.21085E-01   0.36848E-02  -0.46957E-01
 0.39815E-01   0.36524E-02  -0.46957E-01
 0.57825E-01   0.36176E-02  -0.46957E-01
 0.75143E-01   0.35786E-02  -0.46957E-01
 0.91794E-01   0.35347E-02  -0.46957E-01
 0.10781E+00   0.34851E-02  -0.46957E-01
 0.12320E+00   0.34323E-02  -0.46957E-01
 0.13800E+00   0.33781E-02  -0.46957E-01
 0.15224E+00   0.33238E-02  -0.46957E-01
 0.16592E+00   0.32697E-02  -0.46957E-01
 0.17908E+00   0.32162E-02  -0.46957E-01
 0.19174E+00   0.31637E-02  -0.46957E-01
 0.20390E+00   0.31109E-02  -0.46957E-01
 0.21560E+00   0.30592E-02  -0.46957E-01
 0.22685E+00   0.30093E-02  -0.46957E-01
 0.23767E+00   0.29618E-02  -0.46957E-01
 0.24807E+00   0.29173E-02  -0.46957E-01
 0.25807E+00   0.28763E-02  -0.46957E-01
 0.26768E+00   0.28391E-02  -0.46957E-01
 0.27693E+00   0.28046E-02  -0.46957E-01
 0.28582E+00   0.27720E-02  -0.46957E-01
 0.29437E+00   0.27415E-02  -0.46957E-01
 0.30259E+00   0.27135E-02  -0.46957E-01
 0.31049E+00   0.26883E-02  -0.46957E-01
 0.31809E+00   0.26658E-02  -0.46957E-01
 0.32540E+00   0.26459E-02  -0.46957E-01
 0.33242E+00   0.26284E-02  -0.46957E-01
 0.33918E+00   0.26129E-02  -0.46957E-01
 0.34568E+00   0.25995E-02  -0.46957E-01
 0.35192E+00   0.25887E-02  -0.46957E-01
 0.35793E+00   0.25806E-02  -0.46957E-01
 0.36370E+00   0.25755E-02  -0.46957E-01
 0.36926E+00   0.25728E-02  -0.46957E-01
 0.37460E+00   0.25722E-02  -0.46957E-01
 0.37973E+00   0.25728E-02  -0.46957E-01
 0.38467E+00   0.25747E-02  -0.46956E-01
 0.38941E+00   0.25772E-02  -0.46950E-01
 0.39398E+00   0.25788E-02  -0.46913E-01
 0.39837E+00   0.25822E-02  -0.46884E-01
 0.40259E+00   0.25849E-02  -0.46847E-01
 0.40664E+00   0.25838E-02  -0.46784E-01
 0.41054E+00   0.25826E-02  -0.46715E-01
 0.41429E+00   0.25796E-02  -0.46644E-01
 0.41790E+00   0.25735E-02  -0.46561E-01
 0.42137E+00   0.25612E-02  -0.46459E-01
 0.42470E+00   0.25395E-02  -0.46333E-01
 0.42790E+00   0.25118E-02  -0.46198E-01
 0.43098E+00   0.24753E-02  -0.46043E-01
 0.43394E+00   0.24180E-02  -0.45875E-01
 0.43678E+00   0.23448E-02  -0.45671E-01
 0.43951E+00   0.22954E-02  -0.45410E-01
 0.44213E+00   0.22698E-02  -0.45110E-01
 0.44464E+00   0.22815E-02  -0.44798E-01
 0.44706E+00   0.23413E-02  -0.44497E-01
 0.44938E+00   0.24106E-02  -0.44171E-01
 0.45160E+00   0.24406E-02  -0.43761E-01
 0.45370E+00   0.24605E-02  -0.43256E-01
 0.45570E+00   0.24781E-02  -0.42664E-01
 0.45759E+00   0.24847E-02  -0.41995E-01
 0.45937E+00   0.24842E-02  -0.41272E-01
 0.46106E+00   0.24795E-02  -0.40510E-01
 0.46266E+00   0.24700E-02  -0.39721E-01
 0.46417E+00   0.24585E-02  -0.38917E-01
 0.46560E+00   0.24513E-02  -0.38109E-01
 0.46694E+00   0.24635E-02  -0.37272E-01
 0.46817E+00   0.24609E-02  -0.36373E-01
 0.46930E+00   0.24342E-02  -0.35438E-01
 0.47035E+00   0.24513E-02  -0.34507E-01
 0.47137E+00   0.24614E-02  -0.33616E-01
 0.47232E+00   0.24414E-02  -0.32729E-01
 0.47322E+00   0.24001E-02  -0.31858E-01
 0.47412E+00   0.24158E-02  -0.31070E-01
 0.47506E+00   0.25636E-02  -0.30408E-01
 0.47595E+00   0.27755E-02  -0.29776E-01
 0.47678E+00   0.27405E-02  -0.29115E-01
 0.47743E+00   0.22484E-02  -0.28510E-01
 0.47790E+00   0.15354E-02  -0.28016E-01
 0.47827E+00   0.76642E-03  -0.27594E-01
 0.47858E+00   0.00000E+00  -0.27210E-01
 0.16050E-02   0.55992E-02  -0.46957E-01
 0.21057E-01   0.55540E-02  -0.46957E-01
 0.39760E-01   0.55043E-02  -0.46957E-01
 0.57745E-01   0.54512E-02  -0.46957E-01
 0.75037E-01   0.53918E-02  -0.46957E-01
 0.91665E-01   0.53249E-02  -0.46957E-01
 0.10765E+00   0.52496E-02  -0.46957E-01
 0.12303E+00   0.51695E-02  -0.46957E-01
 0.13781E+00   0.50873E-02  -0.46957E-01
 0.15202E+00   0.50051E-02  -0.46957E-01
 0.16569E+00   0.49231E-02  -0.46957E-01
 0.17883E+00   0.48420E-02  -0.46957E-01
 0.19146E+00   0.47626E-02  -0.46957E-01
 0.20361E+00   0.46829E-02  -0.46957E-01
 0.21529E+00   0.46046E-02  -0.46957E-01
 0.22653E+00   0.45291E-02  -0.46957E-01
 0.23733E+00   0.44572E-02  -0.46957E-01
 0.24771E+00   0.43898E-02  -0.46957E-01
 0.25770E+00   0.43276E-02  -0.46957E-01
 0.26730E+00   0.42712E-02  -0.46957E-01
 0.27653E+00   0.42189E-02  -0.46957E-01
 0.28541E+00   0.41695E-02  -0.46957E-01
 0.29395E+00   0.41233E-02  -0.46957E-01
 0.30215E+00   0.40807E-02  -0.46957E-01
 0.31005E+00   0.40423E-02  -0.46957E-01
 0.31764E+00   0.40081E-02  -0.46957E-01
 0.32493E+00   0.39778E-02  -0.46957E-01
 0.33195E+00   0.39510E-02  -0.46957E-01
 0.33869E+00   0.39273E-02  -0.46957E-01
 0.34518E+00   0.39067E-02  -0.46957E-01
 0.35142E+00   0.38898E-02  -0.46957E-01
 0.35742E+00   0.38772E-02  -0.46957E-01
 0.36318E+00   0.38689E-02  -0.46957E-01
 0.36873E+00   0.38643E-02  -0.46957E-01
 0.37406E+00   0.38628E-02  -0.46953E-01
 0.37918E+00   0.38615E-02  -0.46915E-01
 0.38411E+00   0.38605E-02  -0.46861E-01
 0.38885E+00   0.38582E-02  -0.46793E-01
 0.39341E+00   0.38513E-02  -0.46701E-01
 0.39779E+00   0.38470E-02  -0.46625E-01
 0.40200E+00   0.38463E-02  -0.46552E-01
 0.40606E+00   0.38407E-02  -0.46462E-01
 0.40995E+00   0.38368E-02  -0.46375E-01
 0.41369E+00   0.38289E-02  -0.46275E-01
 0.41729E+00   0.38154E-02  -0.46157E-01
 0.42075E+00   0.37841E-02  -0.45995E-01
 0.42408E+00   0.37408E-02  -0.45811E-01
 0.42727E+00   0.36827E-02  -0.45606E-01
 0.43034E+00   0.36171E-02  -0.45394E-01
 0.43330E+00   0.35471E-02  -0.45191E-01
 0.43613E+00   0.34664E-02  -0.44984E-01
 0.43886E+00   0.33996E-02  -0.44713E-01
 0.44147E+00   0.33553E-02  -0.44402E-01
 0.44398E+00   0.33508E-02  -0.44085E-01
 0.44639E+00   0.33847E-02  -0.43767E-01
 0.44871E+00   0.34280E-02  -0.43426E-01
 0.45092E+00   0.34476E-02  -0.43028E-01
 0.45303E+00   0.34534E-02  -0.42551E-01
 0.45503E+00   0.34623E-02  -0.41994E-01
 0.45694E+00   0.34753E-02  -0.41371E-01
 0.45873E+00   0.34828E-02  -0.40692E-01
 0.46043E+00   0.34736E-02  -0.39959E-01
 0.46203E+00   0.34454E-02  -0.39186E-01
 0.46354E+00   0.34051E-02  -0.38389E-01
 0.46498E+00   0.33817E-02  -0.37591E-01
 0.46634E+00   0.33840E-02  -0.36791E-01
 0.46756E+00   0.33286E-02  -0.35884E-01
 0.46868E+00   0.32260E-02  -0.34947E-01
 0.46972E+00   0.31874E-02  -0.34008E-01
 0.47072E+00   0.31649E-02  -0.33095E-01
 0.47166E+00   0.30704E-02  -0.32203E-01
 0.47251E+00   0.29270E-02  -0.31307E-01
 0.47335E+00   0.28589E-02  -0.30443E-01
 0.47418E+00   0.28610E-02  -0.29643E-01
 0.47500E+00   0.28398E-02  -0.28895E-01
 0.47574E+00   0.26827E-02  -0.28149E-01
 0.47640E+00   0.22985E-02  -0.27469E-01
 0.47695E+00   0.16309E-02  -0.27006E-01
 0.47738E+00   0.82364E-03  -0.26752E-01
 0.47774E+00   0.00000E+00  -0.26590E-01
 0.16050E-02   0.75030E-02  -0.46957E-01
 0.21001E-01   0.74414E-02  -0.46957E-01
 0.39652E-01   0.73739E-02  -0.46957E-01
 0.57585E-01   0.73019E-02  -0.46957E-01
 0.74828E-01   0.72215E-02  -0.46957E-01
 0.91408E-01   0.71313E-02  -0.46957E-01
 0.10735E+00   0.70300E-02  -0.46957E-01
 0.12268E+00   0.69223E-02  -0.46957E-01
 0.13742E+00   0.68117E-02  -0.46957E-01
 0.15159E+00   0.67013E-02  -0.46957E-01
 0.16522E+00   0.65909E-02  -0.46957E-01
 0.17832E+00   0.64821E-02  -0.46957E-01
 0.19092E+00   0.63752E-02  -0.46957E-01
 0.20304E+00   0.62685E-02  -0.46957E-01
 0.21468E+00   0.61634E-02  -0.46957E-01
 0.22589E+00   0.60620E-02  -0.46957E-01
 0.23665E+00   0.59654E-02  -0.46957E-01
 0.24701E+00   0.58746E-02  -0.46957E-01
 0.25697E+00   0.57908E-02  -0.46957E-01
 0.26654E+00   0.57148E-02  -0.46957E-01
 0.27575E+00   0.56443E-02  -0.46957E-01
 0.28460E+00   0.55778E-02  -0.46957E-01
 0.29311E+00   0.55156E-02  -0.46957E-01
 0.30130E+00   0.54579E-02  -0.46957E-01
 0.30916E+00   0.54059E-02  -0.46957E-01
 0.31673E+00   0.53595E-02  -0.46957E-01
 0.32401E+00   0.53182E-02  -0.46957E-01
 0.33100E+00   0.52817E-02  -0.46957E-01
 0.33773E+00   0.52493E-02  -0.46957E-01
 0.34420E+00   0.52210E-02  -0.46957E-01
 0.35042E+00   0.51974E-02  -0.46957E-01
 0.35640E+00   0.51794E-02  -0.46957E-01
 0.36215E+00   0.51665E-02  -0.46939E-01
 0.36768E+00   0.51586E-02  -0.46914E-01
 0.37299E+00   0.51536E-02  -0.46877E-01
 0.37810E+00   0.51441E-02  -0.46766E-01
 0.38302E+00   0.51329E-02  -0.46644E-01
 0.38774E+00   0.51178E-02  -0.46509E-01
 0.39229E+00   0.51024E-02  -0.46380E-01
 0.39665E+00   0.50867E-02  -0.46259E-01
 0.40085E+00   0.50744E-02  -0.46147E-01
 0.40489E+00   0.50621E-02  -0.46036E-01
 0.40878E+00   0.50506E-02  -0.45925E-01
 0.41251E+00   0.50361E-02  -0.45802E-01
 0.41610E+00   0.50062E-02  -0.45643E-01
 0.41954E+00   0.49579E-02  -0.45445E-01
 0.42286E+00   0.48931E-02  -0.45218E-01
 0.42604E+00   0.48074E-02  -0.44962E-01
 0.42909E+00   0.47066E-02  -0.44693E-01
 0.43203E+00   0.46059E-02  -0.44436E-01
 0.43486E+00   0.45025E-02  -0.44204E-01
 0.43758E+00   0.44145E-02  -0.43950E-01
 0.44018E+00   0.43562E-02  -0.43651E-01
 0.44269E+00   0.43304E-02  -0.43338E-01
 0.44509E+00   0.43407E-02  -0.43023E-01
 0.44740E+00   0.43412E-02  -0.42668E-01
 0.44960E+00   0.43149E-02  -0.42264E-01
 0.45171E+00   0.42733E-02  -0.41811E-01
 0.45372E+00   0.42350E-02  -0.41292E-01
 0.45563E+00   0.42143E-02  -0.40715E-01
 0.45744E+00   0.42127E-02  -0.40094E-01
 0.45916E+00   0.41999E-02  -0.39421E-01
 0.46078E+00   0.41579E-02  -0.38695E-01
 0.46230E+00   0.40961E-02  -0.37935E-01
 0.46374E+00   0.40296E-02  -0.37160E-01
 0.46512E+00   0.39793E-02  -0.36386E-01
 0.46641E+00   0.39276E-02  -0.35596E-01
 0.46754E+00   0.37722E-02  -0.34693E-01
 0.46860E+00   0.36315E-02  -0.33788E-01
 0.46959E+00   0.35326E-02  -0.32882E-01
 0.47052E+00   0.33970E-02  -0.31989E-01
 0.47141E+00   0.31987E-02  -0.31137E-01
 0.47222E+00   0.30242E-02  -0.30280E-01
 0.47300E+00   0.29069E-02  -0.29436E-01
 0.47375E+00   0.27952E-02  -0.28634E-01
 0.47448E+00   0.25659E-02  -0.27892E-01
 0.47516E+00   0.21420E-02  -0.27261E-01
 0.47576E+00   0.15070E-02  -0.26815E-01
 0.47627E+00   0.76228E-03  -0.26530E-01
 0.47672E+00   0.00000E+00  -0.26322E-01
 0.16050E-02   0.94259E-02  -0.46957E-01
 0.20944E-01   0.93472E-02  -0.46957E-01
 0.39538E-01   0.92612E-02  -0.46957E-01
 0.57418E-01   0.91697E-02  -0.46957E-01
 0.74610E-01   0.90678E-02  -0.46957E-01
 0.91141E-01   0.89539E-02  -0.46957E-01
 0.10704E+00   0.88261E-02  -0.46957E-01
 0.12232E+00   0.86903E-02  -0.46957E-01
 0.13701E+00   0.85509E-02  -0.46957E-01
 0.15114E+00   0.84118E-02  -0.46957E-01
 0.16473E+00   0.82728E-02  -0.46957E-01
 0.17779E+00   0.81357E-02  -0.46957E-01
 0.19035E+00   0.80012E-02  -0.46957E-01
 0.20243E+00   0.78671E-02  -0.46957E-01
 0.21405E+00   0.77348E-02  -0.46957E-01
 0.22521E+00   0.76072E-02  -0.46957E-01
 0.23595E+00   0.74854E-02  -0.46957E-01
 0.24627E+00   0.73709E-02  -0.46957E-01
 0.25620E+00   0.72651E-02  -0.46957E-01
 0.26575E+00   0.71689E-02  -0.46957E-01
 0.27493E+00   0.70799E-02  -0.46957E-01
 0.28375E+00   0.69960E-02  -0.46957E-01
 0.29224E+00   0.69174E-02  -0.46957E-01
 0.30040E+00   0.68443E-02  -0.46957E-01
 0.30824E+00   0.67782E-02  -0.46957E-01
 0.31579E+00   0.67192E-02  -0.46957E-01
 0.32304E+00   0.66664E-02  -0.46957E-01
 0.33002E+00   0.66199E-02  -0.46957E-01
 0.33672E+00   0.65783E-02  -0.46957E-01
 0.34317E+00   0.65419E-02  -0.46956E-01
 0.34937E+00   0.65106E-02  -0.46934E-01
 0.35533E+00   0.64858E-02  -0.46904E-01
 0.36107E+00   0.64633E-02  -0.46830E-01
 0.36658E+00   0.64468E-02  -0.46755E-01
 0.37188E+00   0.64307E-02  -0.46663E-01
 0.37697E+00   0.64125E-02  -0.46518E-01
 0.38187E+00   0.63929E-02  -0.46357E-01
 0.38658E+00   0.63667E-02  -0.46180E-01
 0.39111E+00   0.63385E-02  -0.46006E-01
 0.39546E+00   0.63106E-02  -0.45843E-01
 0.39965E+00   0.62779E-02  -0.45678E-01
 0.40367E+00   0.62442E-02  -0.45516E-01
 0.40754E+00   0.62143E-02  -0.45365E-01
 0.41126E+00   0.61773E-02  -0.45199E-01
 0.41484E+00   0.61212E-02  -0.44998E-01
 0.41827E+00   0.60448E-02  -0.44761E-01
 0.42157E+00   0.59552E-02  -0.44500E-01
 0.42474E+00   0.58478E-02  -0.44215E-01
 0.42778E+00   0.57230E-02  -0.43913E-01
 0.43071E+00   0.55930E-02  -0.43616E-01
 0.43352E+00   0.54625E-02  -0.43342E-01
 0.43623E+00   0.53392E-02  -0.43084E-01
 0.43883E+00   0.52599E-02  -0.42801E-01
 0.44133E+00   0.52210E-02  -0.42501E-01
 0.44372E+00   0.51957E-02  -0.42183E-01
 0.44602E+00   0.51558E-02  -0.41826E-01
 0.44822E+00   0.50859E-02  -0.41418E-01
 0.45032E+00   0.49934E-02  -0.40973E-01
 0.45233E+00   0.49013E-02  -0.40489E-01
 0.45424E+00   0.48323E-02  -0.39954E-01
 0.45606E+00   0.47850E-02  -0.39374E-01
 0.45779E+00   0.47428E-02  -0.38754E-01
 0.45943E+00   0.46766E-02  -0.38084E-01
 0.46097E+00   0.45821E-02  -0.37370E-01
 0.46242E+00   0.44813E-02  -0.36634E-01
 0.46380E+00   0.43818E-02  -0.35890E-01
 0.46511E+00   0.42709E-02  -0.35143E-01
 0.46634E+00   0.41298E-02  -0.34373E-01
 0.46741E+00   0.39337E-02  -0.33508E-01
 0.46842E+00   0.37484E-02  -0.32642E-01
 0.46937E+00   0.35614E-02  -0.31787E-01
 0.47025E+00   0.33367E-02  -0.30934E-01
 0.47109E+00   0.31060E-02  -0.30124E-01
 0.47189E+00   0.29316E-02  -0.29312E-01
 0.47262E+00   0.27656E-02  -0.28503E-01
 0.47332E+00   0.24801E-02  -0.27761E-01
 0.47399E+00   0.20346E-02  -0.27135E-01
 0.47461E+00   0.14492E-02  -0.26658E-01
 0.47518E+00   0.75553E-03  -0.26361E-01
 0.47566E+00   0.00000E+00  -0.26248E-01
 0.16050E-02   0.11368E-01  -0.46957E-01
 0.20884E-01   0.11272E-01  -0.46957E-01
 0.39422E-01   0.11166E-01  -0.46957E-01
 0.57247E-01   0.11055E-01  -0.46957E-01
 0.74386E-01   0.10931E-01  -0.46957E-01
 0.90865E-01   0.10793E-01  -0.46957E-01
 0.10671E+00   0.10638E-01  -0.46957E-01
 0.12195E+00   0.10474E-01  -0.46957E-01
 0.13660E+00   0.10305E-01  -0.46957E-01
 0.15068E+00   0.10137E-01  -0.46957E-01
 0.16423E+00   0.99689E-02  -0.46957E-01
 0.17725E+00   0.98031E-02  -0.46957E-01
 0.18977E+00   0.96407E-02  -0.46957E-01
 0.20181E+00   0.94788E-02  -0.46957E-01
 0.21339E+00   0.93191E-02  -0.46957E-01
 0.22452E+00   0.91648E-02  -0.46957E-01
 0.23523E+00   0.90176E-02  -0.46957E-01
 0.24552E+00   0.88789E-02  -0.46957E-01
 0.25542E+00   0.87506E-02  -0.46957E-01
 0.26493E+00   0.86337E-02  -0.46957E-01
 0.27408E+00   0.85260E-02  -0.46957E-01
 0.28288E+00   0.84243E-02  -0.46957E-01
 0.29134E+00   0.83290E-02  -0.46957E-01
 0.29947E+00   0.82401E-02  -0.46957E-01
 0.30730E+00   0.81595E-02  -0.46957E-01
 0.31482E+00   0.80874E-02  -0.46957E-01
 0.32205E+00   0.80228E-02  -0.46957E-01
 0.32900E+00   0.79656E-02  -0.46957E-01
 0.33569E+00   0.79145E-02  -0.46945E-01
 0.34212E+00   0.78688E-02  -0.46915E-01
 0.34830E+00   0.78249E-02  -0.46828E-01
 0.35424E+00   0.77861E-02  -0.46729E-01
 0.35996E+00   0.77490E-02  -0.46604E-01
 0.36545E+00   0.77191E-02  -0.46481E-01
 0.37073E+00   0.76857E-02  -0.46335E-01
 0.37581E+00   0.76576E-02  -0.46171E-01
 0.38069E+00   0.76288E-02  -0.45982E-01
 0.38539E+00   0.75903E-02  -0.45770E-01
 0.38990E+00   0.75469E-02  -0.45556E-01
 0.39424E+00   0.75030E-02  -0.45349E-01
 0.39841E+00   0.74382E-02  -0.45118E-01
 0.40241E+00   0.73765E-02  -0.44902E-01
 0.40627E+00   0.73135E-02  -0.44696E-01
 0.40998E+00   0.72380E-02  -0.44475E-01
 0.41353E+00   0.71345E-02  -0.44218E-01
 0.41695E+00   0.70219E-02  -0.43946E-01
 0.42024E+00   0.69060E-02  -0.43663E-01
 0.42340E+00   0.67772E-02  -0.43360E-01
 0.42643E+00   0.66344E-02  -0.43041E-01
 0.42934E+00   0.64825E-02  -0.42720E-01
 0.43214E+00   0.63287E-02  -0.42413E-01
 0.43484E+00   0.61730E-02  -0.42134E-01
 0.43743E+00   0.60469E-02  -0.41853E-01
 0.43991E+00   0.59657E-02  -0.41551E-01
 0.44230E+00   0.59012E-02  -0.41230E-01
 0.44459E+00   0.58198E-02  -0.40878E-01
 0.44679E+00   0.57181E-02  -0.40486E-01
 0.44888E+00   0.56031E-02  -0.40059E-01
 0.45089E+00   0.54835E-02  -0.39608E-01
 0.45281E+00   0.53790E-02  -0.39121E-01
 0.45464E+00   0.52957E-02  -0.38589E-01
 0.45638E+00   0.52111E-02  -0.38015E-01
 0.45803E+00   0.51084E-02  -0.37400E-01
 0.45958E+00   0.49790E-02  -0.36742E-01
 0.46105E+00   0.48281E-02  -0.36049E-01
 0.46244E+00   0.46709E-02  -0.35343E-01
 0.46376E+00   0.45095E-02  -0.34634E-01
 0.46501E+00   0.43292E-02  -0.33923E-01
 0.46617E+00   0.41198E-02  -0.33196E-01
 0.46721E+00   0.38894E-02  -0.32384E-01
 0.46817E+00   0.36541E-02  -0.31560E-01
 0.46909E+00   0.34070E-02  -0.30766E-01
 0.46993E+00   0.31511E-02  -0.29959E-01
 0.47073E+00   0.29451E-02  -0.29171E-01
 0.47150E+00   0.27426E-02  -0.28412E-01
 0.47221E+00   0.24420E-02  -0.27686E-01
 0.47287E+00   0.19917E-02  -0.27060E-01
 0.47350E+00   0.14015E-02  -0.26598E-01
 0.47408E+00   0.71943E-03  -0.26314E-01
 0.47461E+00   0.00000E+00  -0.26179E-01
 0.16050E-02   0.13330E-01  -0.46957E-01
 0.20825E-01   0.13215E-01  -0.46957E-01
 0.39306E-01   0.13090E-01  -0.46957E-01
 0.57076E-01   0.12957E-01  -0.46957E-01
 0.74162E-01   0.12811E-01  -0.46957E-01
 0.90590E-01   0.12648E-01  -0.46957E-01
 0.10639E+00   0.12466E-01  -0.46957E-01
 0.12158E+00   0.12273E-01  -0.46957E-01
 0.13618E+00   0.12074E-01  -0.46957E-01
 0.15022E+00   0.11877E-01  -0.46957E-01
 0.16373E+00   0.11679E-01  -0.46957E-01
 0.17671E+00   0.11484E-01  -0.46957E-01
 0.18919E+00   0.11294E-01  -0.46957E-01
 0.20119E+00   0.11104E-01  -0.46957E-01
 0.21274E+00   0.10916E-01  -0.46957E-01
 0.22383E+00   0.10735E-01  -0.46957E-01
 0.23450E+00   0.10562E-01  -0.46957E-01
 0.24476E+00   0.10399E-01  -0.46957E-01
 0.25463E+00   0.10247E-01  -0.46957E-01
 0.26412E+00   0.10109E-01  -0.46957E-01
 0.27324E+00   0.99825E-02  -0.46957E-01
 0.28201E+00   0.98627E-02  -0.46957E-01
 0.29044E+00   0.97504E-02  -0.46957E-01
 0.29855E+00   0.96454E-02  -0.46957E-01
 0.30635E+00   0.95498E-02  -0.46957E-01
 0.31385E+00   0.94642E-02  -0.46957E-01
 0.32106E+00   0.93873E-02  -0.46951E-01
 0.32799E+00   0.93187E-02  -0.46929E-01
 0.33466E+00   0.92555E-02  -0.46875E-01
 0.34106E+00   0.91957E-02  -0.46781E-01
 0.34722E+00   0.91350E-02  -0.46633E-01
 0.35315E+00   0.90762E-02  -0.46466E-01
 0.35884E+00   0.90214E-02  -0.46294E-01
 0.36432E+00   0.89721E-02  -0.46120E-01
 0.36958E+00   0.89193E-02  -0.45925E-01
 0.37464E+00   0.88719E-02  -0.45725E-01
 0.37951E+00   0.88259E-02  -0.45501E-01
 0.38419E+00   0.87675E-02  -0.45251E-01
 0.38868E+00   0.87045E-02  -0.44997E-01
 0.39300E+00   0.86297E-02  -0.44732E-01
 0.39716E+00   0.85341E-02  -0.44452E-01
 0.40115E+00   0.84371E-02  -0.44184E-01
 0.40499E+00   0.83371E-02  -0.43926E-01
 0.40868E+00   0.82026E-02  -0.43641E-01
 0.41222E+00   0.80448E-02  -0.43335E-01
 0.41562E+00   0.78948E-02  -0.43035E-01
 0.41890E+00   0.77440E-02  -0.42729E-01
 0.42204E+00   0.75867E-02  -0.42410E-01
 0.42506E+00   0.74212E-02  -0.42080E-01
 0.42796E+00   0.72462E-02  -0.41742E-01
 0.43075E+00   0.70654E-02  -0.41411E-01
 0.43343E+00   0.68876E-02  -0.41106E-01
 0.43601E+00   0.67209E-02  -0.40823E-01
 0.43849E+00   0.65862E-02  -0.40520E-01
 0.44087E+00   0.64672E-02  -0.40195E-01
 0.44315E+00   0.63439E-02  -0.39850E-01
 0.44534E+00   0.62087E-02  -0.39477E-01
 0.44743E+00   0.60673E-02  -0.39074E-01
 0.44944E+00   0.59304E-02  -0.38649E-01
 0.45136E+00   0.58049E-02  -0.38204E-01
 0.45319E+00   0.56864E-02  -0.37722E-01
 0.45494E+00   0.55640E-02  -0.37196E-01
 0.45660E+00   0.54233E-02  -0.36634E-01
 0.45817E+00   0.52623E-02  -0.36036E-01
 0.45965E+00   0.50858E-02  -0.35401E-01
 0.46105E+00   0.48949E-02  -0.34740E-01
 0.46238E+00   0.46883E-02  -0.34074E-01
 0.46365E+00   0.44655E-02  -0.33409E-01
 0.46484E+00   0.42276E-02  -0.32742E-01
 0.46596E+00   0.39758E-02  -0.32064E-01
 0.46697E+00   0.37107E-02  -0.31316E-01
 0.46788E+00   0.34415E-02  -0.30532E-01
 0.46877E+00   0.31842E-02  -0.29788E-01
 0.46959E+00   0.29501E-02  -0.29022E-01
 0.47034E+00   0.27109E-02  -0.28267E-01
 0.47109E+00   0.24097E-02  -0.27580E-01
 0.47178E+00   0.19604E-02  -0.26997E-01
 0.47241E+00   0.13672E-02  -0.26552E-01
 0.47300E+00   0.69379E-03  -0.26270E-01
 0.47355E+00   0.00000E+00  -0.26110E-01
 0.16050E-02   0.15311E-01  -0.46957E-01
 0.20769E-01   0.15177E-01  -0.46957E-01
 0.39195E-01   0.15031E-01  -0.46957E-01
 0.56912E-01   0.14878E-01  -0.46957E-01
 0.73948E-01   0.14708E-01  -0.46957E-01
 0.90328E-01   0.14520E-01  -0.46957E-01
 0.10608E+00   0.14310E-01  -0.46957E-01
 0.12122E+00   0.14087E-01  -0.46957E-01
 0.13578E+00   0.13859E-01  -0.46957E-01
 0.14978E+00   0.13631E-01  -0.46957E-01
 0.16325E+00   0.13403E-01  -0.46957E-01
 0.17619E+00   0.13179E-01  -0.46957E-01
 0.18864E+00   0.12960E-01  -0.46957E-01
 0.20060E+00   0.12741E-01  -0.46957E-01
 0.21211E+00   0.12526E-01  -0.46957E-01
 0.22318E+00   0.12317E-01  -0.46957E-01
 0.23382E+00   0.12118E-01  -0.46957E-01
 0.24405E+00   0.11930E-01  -0.46957E-01
 0.25388E+00   0.11755E-01  -0.46957E-01
 0.26334E+00   0.11595E-01  -0.46957E-01
 0.27244E+00   0.11449E-01  -0.46957E-01
 0.28118E+00   0.11311E-01  -0.46957E-01
 0.28959E+00   0.11181E-01  -0.46957E-01
 0.29767E+00   0.11060E-01  -0.46957E-01
 0.30545E+00   0.10949E-01  -0.46956E-01
 0.31292E+00   0.10849E-01  -0.46936E-01
 0.32011E+00   0.10758E-01  -0.46889E-01
 0.32702E+00   0.10674E-01  -0.46819E-01
 0.33367E+00   0.10595E-01  -0.46714E-01
 0.34006E+00   0.10516E-01  -0.46559E-01
 0.34620E+00   0.10435E-01  -0.46357E-01
 0.35210E+00   0.10354E-01  -0.46133E-01
 0.35778E+00   0.10279E-01  -0.45916E-01
 0.36324E+00   0.10204E-01  -0.45685E-01
 0.36848E+00   0.10128E-01  -0.45443E-01
 0.37353E+00   0.10054E-01  -0.45196E-01
 0.37837E+00   0.99735E-02  -0.44915E-01
 0.38303E+00   0.98870E-02  -0.44621E-01
 0.38751E+00   0.97936E-02  -0.44321E-01
 0.39182E+00   0.96828E-02  -0.44006E-01
 0.39595E+00   0.95497E-02  -0.43679E-01
 0.39993E+00   0.94104E-02  -0.43361E-01
 0.40375E+00   0.92528E-02  -0.43044E-01
 0.40742E+00   0.90636E-02  -0.42712E-01
 0.41095E+00   0.88639E-02  -0.42376E-01
 0.41434E+00   0.86742E-02  -0.42052E-01
 0.41760E+00   0.84821E-02  -0.41723E-01
 0.42073E+00   0.82820E-02  -0.41386E-01
 0.42374E+00   0.80812E-02  -0.41042E-01
 0.42662E+00   0.78786E-02  -0.40693E-01
 0.42940E+00   0.76759E-02  -0.40349E-01
 0.43207E+00   0.74765E-02  -0.40022E-01
 0.43464E+00   0.72819E-02  -0.39726E-01
 0.43711E+00   0.71010E-02  -0.39430E-01
 0.43948E+00   0.69333E-02  -0.39107E-01
 0.44175E+00   0.67635E-02  -0.38767E-01
 0.44393E+00   0.65898E-02  -0.38410E-01
 0.44602E+00   0.64181E-02  -0.38031E-01
 0.44802E+00   0.62552E-02  -0.37629E-01
 0.44994E+00   0.61022E-02  -0.37210E-01
 0.45178E+00   0.59527E-02  -0.36772E-01
 0.45353E+00   0.57943E-02  -0.36296E-01
 0.45520E+00   0.56221E-02  -0.35784E-01
 0.45678E+00   0.54350E-02  -0.35242E-01
 0.45828E+00   0.52329E-02  -0.34670E-01
 0.45970E+00   0.50161E-02  -0.34067E-01
 0.46104E+00   0.47841E-02  -0.33444E-01
 0.46232E+00   0.45354E-02  -0.32819E-01
 0.46353E+00   0.42720E-02  -0.32199E-01
 0.46467E+00   0.40016E-02  -0.31579E-01
 0.46575E+00   0.37308E-02  -0.30951E-01
 0.46673E+00   0.34537E-02  -0.30262E-01
 0.46761E+00   0.31812E-02  -0.29515E-01
 0.46846E+00   0.29421E-02  -0.28800E-01
 0.46926E+00   0.26818E-02  -0.28097E-01
 0.46998E+00   0.23353E-02  -0.27416E-01
 0.47068E+00   0.18600E-02  -0.26870E-01
 0.47136E+00   0.12842E-02  -0.26470E-01
 0.47197E+00   0.64987E-03  -0.26155E-01
 0.47253E+00   0.00000E+00  -0.25882E-01
 0.16050E-02   0.17312E-01  -0.46957E-01
 0.20715E-01   0.17158E-01  -0.46957E-01
 0.39089E-01   0.16991E-01  -0.46957E-01
 0.56757E-01   0.16816E-01  -0.46957E-01
 0.73745E-01   0.16623E-01  -0.46957E-01
 0.90080E-01   0.16408E-01  -0.46957E-01
 0.10579E+00   0.16170E-01  -0.46957E-01
 0.12089E+00   0.15917E-01  -0.46957E-01
 0.13541E+00   0.15658E-01  -0.46957E-01
 0.14937E+00   0.15400E-01  -0.46957E-01
 0.16279E+00   0.15142E-01  -0.46957E-01
 0.17570E+00   0.14888E-01  -0.46957E-01
 0.18811E+00   0.14639E-01  -0.46957E-01
 0.20005E+00   0.14391E-01  -0.46957E-01
 0.21152E+00   0.14148E-01  -0.46957E-01
 0.22255E+00   0.13911E-01  -0.46957E-01
 0.23316E+00   0.13685E-01  -0.46957E-01
 0.24336E+00   0.13472E-01  -0.46957E-01
 0.25317E+00   0.13273E-01  -0.46957E-01
 0.26260E+00   0.13092E-01  -0.46957E-01
 0.27167E+00   0.12925E-01  -0.46957E-01
 0.28039E+00   0.12768E-01  -0.46957E-01
 0.28878E+00   0.12621E-01  -0.46956E-01
 0.29684E+00   0.12483E-01  -0.46949E-01
 0.30459E+00   0.12355E-01  -0.46921E-01
 0.31205E+00   0.12239E-01  -0.46850E-01
 0.31921E+00   0.12129E-01  -0.46746E-01
 0.32611E+00   0.12026E-01  -0.46614E-01
 0.33273E+00   0.11928E-01  -0.46465E-01
 0.33910E+00   0.11824E-01  -0.46250E-01
 0.34522E+00   0.11720E-01  -0.45999E-01
 0.35111E+00   0.11613E-01  -0.45723E-01
 0.35676E+00   0.11512E-01  -0.45455E-01
 0.36220E+00   0.11408E-01  -0.45172E-01
 0.36743E+00   0.11302E-01  -0.44878E-01
 0.37246E+00   0.11192E-01  -0.44577E-01
 0.37729E+00   0.11072E-01  -0.44242E-01
 0.38193E+00   0.10950E-01  -0.43902E-01
 0.38639E+00   0.10817E-01  -0.43554E-01
 0.39068E+00   0.10663E-01  -0.43191E-01
 0.39480E+00   0.10490E-01  -0.42823E-01
 0.39876E+00   0.10300E-01  -0.42457E-01
 0.40256E+00   0.10083E-01  -0.42090E-01
 0.40622E+00   0.98406E-02  -0.41721E-01
 0.40973E+00   0.96012E-02  -0.41361E-01
 0.41310E+00   0.93611E-02  -0.41009E-01
 0.41635E+00   0.91187E-02  -0.40659E-01
 0.41946E+00   0.88720E-02  -0.40306E-01
 0.42246E+00   0.86316E-02  -0.39951E-01
 0.42534E+00   0.83948E-02  -0.39594E-01
 0.42810E+00   0.81664E-02  -0.39241E-01
 0.43076E+00   0.79471E-02  -0.38901E-01
 0.43332E+00   0.77294E-02  -0.38586E-01
 0.43578E+00   0.75121E-02  -0.38293E-01
 0.43814E+00   0.72988E-02  -0.37980E-01
 0.44040E+00   0.70881E-02  -0.37648E-01
 0.44257E+00   0.68801E-02  -0.37304E-01
 0.44466E+00   0.66783E-02  -0.36945E-01
 0.44666E+00   0.64852E-02  -0.36568E-01
 0.44857E+00   0.62990E-02  -0.36171E-01
 0.45041E+00   0.61130E-02  -0.35762E-01
 0.45216E+00   0.59219E-02  -0.35333E-01
 0.45384E+00   0.57219E-02  -0.34872E-01
 0.45543E+00   0.55124E-02  -0.34380E-01
 0.45694E+00   0.52924E-02  -0.33863E-01
 0.45838E+00   0.50564E-02  -0.33321E-01
 0.45974E+00   0.47998E-02  -0.32754E-01
 0.46102E+00   0.45271E-02  -0.32173E-01
 0.46224E+00   0.42467E-02  -0.31592E-01
 0.46340E+00   0.39656E-02  -0.31015E-01
 0.46450E+00   0.36895E-02  -0.30435E-01
 0.46554E+00   0.34230E-02  -0.29840E-01
 0.46650E+00   0.31612E-02  -0.29204E-01
 0.46735E+00   0.28903E-02  -0.28498E-01
 0.46815E+00   0.26046E-02  -0.27819E-01
 0.46893E+00   0.22420E-02  -0.27222E-01
 0.46964E+00   0.17248E-02  -0.26725E-01
 0.47029E+00   0.11386E-02  -0.26303E-01
 0.47091E+00   0.55912E-03  -0.25921E-01
 0.47152E+00   0.00000E+00  -0.25564E-01
 0.16050E-02   0.19333E-01  -0.46957E-01
 0.20663E-01   0.19158E-01  -0.46957E-01
 0.38987E-01   0.18970E-01  -0.46957E-01
 0.56607E-01   0.18772E-01  -0.46957E-01
 0.73550E-01   0.18554E-01  -0.46957E-01
 0.89839E-01   0.18314E-01  -0.46957E-01
 0.10550E+00   0.18046E-01  -0.46957E-01
 0.12056E+00   0.17763E-01  -0.46957E-01
 0.13504E+00   0.17473E-01  -0.46957E-01
 0.14897E+00   0.17183E-01  -0.46957E-01
 0.16235E+00   0.16895E-01  -0.46957E-01
 0.17523E+00   0.16610E-01  -0.46957E-01
 0.18760E+00   0.16332E-01  -0.46957E-01
 0.19950E+00   0.16055E-01  -0.46957E-01
 0.21095E+00   0.15782E-01  -0.46957E-01
 0.22195E+00   0.15518E-01  -0.46957E-01
 0.23253E+00   0.15265E-01  -0.46957E-01
 0.24270E+00   0.15026E-01  -0.46957E-01
 0.25249E+00   0.14803E-01  -0.46957E-01
 0.26189E+00   0.14598E-01  -0.46957E-01
 0.27094E+00   0.14412E-01  -0.46957E-01
 0.27963E+00   0.14236E-01  -0.46957E-01
 0.28799E+00   0.14070E-01  -0.46941E-01
 0.29603E+00   0.13913E-01  -0.46888E-01
 0.30376E+00   0.13766E-01  -0.46799E-01
 0.31120E+00   0.13629E-01  -0.46684E-01
 0.31834E+00   0.13498E-01  -0.46527E-01
 0.32522E+00   0.13370E-01  -0.46335E-01
 0.33182E+00   0.13246E-01  -0.46126E-01
 0.33817E+00   0.13115E-01  -0.45860E-01
 0.34427E+00   0.12981E-01  -0.45556E-01
 0.35014E+00   0.12848E-01  -0.45236E-01
 0.35578E+00   0.12714E-01  -0.44911E-01
 0.36120E+00   0.12572E-01  -0.44572E-01
 0.36641E+00   0.12430E-01  -0.44226E-01
 0.37142E+00   0.12275E-01  -0.43867E-01
 0.37623E+00   0.12114E-01  -0.43488E-01
 0.38085E+00   0.11953E-01  -0.43105E-01
 0.38530E+00   0.11774E-01  -0.42710E-01
 0.38957E+00   0.11569E-01  -0.42302E-01
 0.39367E+00   0.11346E-01  -0.41893E-01
 0.39761E+00   0.11103E-01  -0.41486E-01
 0.40140E+00   0.10835E-01  -0.41081E-01
 0.40503E+00   0.10543E-01  -0.40684E-01
 0.40853E+00   0.10248E-01  -0.40297E-01
 0.41189E+00   0.99511E-02  -0.39920E-01
 0.41512E+00   0.96512E-02  -0.39550E-01
 0.41822E+00   0.93575E-02  -0.39185E-01
 0.42120E+00   0.90773E-02  -0.38823E-01
 0.42407E+00   0.88072E-02  -0.38462E-01
 0.42682E+00   0.85530E-02  -0.38105E-01
 0.42947E+00   0.83039E-02  -0.37756E-01
 0.43201E+00   0.80502E-02  -0.37424E-01
 0.43446E+00   0.77968E-02  -0.37122E-01
 0.43681E+00   0.75491E-02  -0.36825E-01
 0.43907E+00   0.73082E-02  -0.36506E-01
 0.44124E+00   0.70749E-02  -0.36175E-01
 0.44332E+00   0.68472E-02  -0.35834E-01
 0.44531E+00   0.66240E-02  -0.35480E-01
 0.44722E+00   0.64057E-02  -0.35109E-01
 0.44905E+00   0.61889E-02  -0.34724E-01
 0.45081E+00   0.59688E-02  -0.34330E-01
 0.45249E+00   0.57430E-02  -0.33916E-01
 0.45409E+00   0.55102E-02  -0.33475E-01
 0.45561E+00   0.52708E-02  -0.33008E-01
 0.45706E+00   0.50234E-02  -0.32519E-01
 0.45843E+00   0.47619E-02  -0.32010E-01
 0.45973E+00   0.44815E-02  -0.31480E-01
 0.46096E+00   0.41891E-02  -0.30938E-01
 0.46213E+00   0.38955E-02  -0.30396E-01
 0.46325E+00   0.36092E-02  -0.29858E-01
 0.46431E+00   0.33355E-02  -0.29313E-01
 0.46532E+00   0.30783E-02  -0.28755E-01
 0.46625E+00   0.28197E-02  -0.28166E-01
 0.46707E+00   0.24972E-02  -0.27533E-01
 0.46783E+00   0.20799E-02  -0.26952E-01
 0.46858E+00   0.15767E-02  -0.26510E-01
 0.46928E+00   0.10447E-02  -0.26103E-01
 0.46991E+00   0.51563E-03  -0.25676E-01
 0.47051E+00   0.00000E+00  -0.25247E-01
 0.16050E-02   0.21374E-01  -0.46957E-01
 0.20617E-01   0.21178E-01  -0.46957E-01
 0.38899E-01   0.20968E-01  -0.46957E-01
 0.56477E-01   0.20746E-01  -0.46957E-01
 0.73378E-01   0.20503E-01  -0.46957E-01
 0.89629E-01   0.20235E-01  -0.46957E-01
 0.10525E+00   0.19939E-01  -0.46957E-01
 0.12028E+00   0.19624E-01  -0.46957E-01
 0.13472E+00   0.19302E-01  -0.46957E-01
 0.14861E+00   0.18981E-01  -0.46957E-01
 0.16197E+00   0.18661E-01  -0.46957E-01
 0.17481E+00   0.18345E-01  -0.46957E-01
 0.18716E+00   0.18037E-01  -0.46957E-01
 0.19903E+00   0.17730E-01  -0.46957E-01
 0.21044E+00   0.17428E-01  -0.46957E-01
 0.22142E+00   0.17135E-01  -0.46957E-01
 0.23197E+00   0.16855E-01  -0.46957E-01
 0.24212E+00   0.16589E-01  -0.46957E-01
 0.25188E+00   0.16342E-01  -0.46957E-01
 0.26126E+00   0.16114E-01  -0.46957E-01
 0.27029E+00   0.15907E-01  -0.46956E-01
 0.27896E+00   0.15711E-01  -0.46937E-01
 0.28730E+00   0.15525E-01  -0.46864E-01
 0.29532E+00   0.15346E-01  -0.46752E-01
 0.30303E+00   0.15175E-01  -0.46605E-01
 0.31045E+00   0.15013E-01  -0.46434E-01
 0.31758E+00   0.14858E-01  -0.46230E-01
 0.32443E+00   0.14702E-01  -0.45980E-01
 0.33101E+00   0.14544E-01  -0.45704E-01
 0.33734E+00   0.14383E-01  -0.45388E-01
 0.34343E+00   0.14213E-01  -0.45028E-01
 0.34928E+00   0.14045E-01  -0.44657E-01
 0.35490E+00   0.13869E-01  -0.44272E-01
 0.36030E+00   0.13687E-01  -0.43881E-01
 0.36549E+00   0.13503E-01  -0.43486E-01
 0.37048E+00   0.13303E-01  -0.43076E-01
 0.37528E+00   0.13098E-01  -0.42657E-01
 0.37989E+00   0.12888E-01  -0.42229E-01
 0.38432E+00   0.12651E-01  -0.41786E-01
 0.38857E+00   0.12388E-01  -0.41335E-01
 0.39265E+00   0.12107E-01  -0.40887E-01
 0.39658E+00   0.11809E-01  -0.40445E-01
 0.40034E+00   0.11478E-01  -0.40008E-01
 0.40397E+00   0.11135E-01  -0.39586E-01
 0.40744E+00   0.10782E-01  -0.39177E-01
 0.41079E+00   0.10432E-01  -0.38782E-01
 0.41400E+00   0.10090E-01  -0.38401E-01
 0.41709E+00   0.97610E-02  -0.38029E-01
 0.42006E+00   0.94500E-02  -0.37664E-01
 0.42292E+00   0.91479E-02  -0.37301E-01
 0.42566E+00   0.88568E-02  -0.36941E-01
 0.42830E+00   0.85678E-02  -0.36587E-01
 0.43083E+00   0.82755E-02  -0.36246E-01
 0.43327E+00   0.79859E-02  -0.35930E-01
 0.43561E+00   0.77069E-02  -0.35639E-01
 0.43786E+00   0.74339E-02  -0.35337E-01
 0.44002E+00   0.71695E-02  -0.35018E-01
 0.44210E+00   0.69150E-02  -0.34691E-01
 0.44409E+00   0.66634E-02  -0.34357E-01
 0.44599E+00   0.64130E-02  -0.34011E-01
 0.44782E+00   0.61644E-02  -0.33651E-01
 0.44957E+00   0.59174E-02  -0.33282E-01
 0.45125E+00   0.56711E-02  -0.32904E-01
 0.45286E+00   0.54230E-02  -0.32506E-01
 0.45439E+00   0.51704E-02  -0.32083E-01
 0.45584E+00   0.49105E-02  -0.31640E-01
 0.45723E+00   0.46406E-02  -0.31179E-01
 0.45854E+00   0.43576E-02  -0.30701E-01
 0.45979E+00   0.40608E-02  -0.30204E-01
 0.46097E+00   0.37601E-02  -0.29696E-01
 0.46210E+00   0.34669E-02  -0.29186E-01
 0.46317E+00   0.31864E-02  -0.28677E-01
 0.46419E+00   0.29104E-02  -0.28169E-01
 0.46516E+00   0.26295E-02  -0.27657E-01
 0.46606E+00   0.23170E-02  -0.27144E-01
 0.46687E+00   0.18754E-02  -0.26648E-01
 0.46758E+00   0.13485E-02  -0.26188E-01
 0.46831E+00   0.89058E-03  -0.25748E-01
 0.46899E+00   0.46459E-03  -0.25288E-01
 0.46957E+00   0.00000E+00  -0.24787E-01
 0.16050E-02   0.23435E-01  -0.46957E-01
 0.20579E-01   0.23218E-01  -0.46957E-01
 0.38824E-01   0.22984E-01  -0.46957E-01
 0.56367E-01   0.22738E-01  -0.46957E-01
 0.73234E-01   0.22470E-01  -0.46957E-01
 0.89452E-01   0.22174E-01  -0.46957E-01
 0.10505E+00   0.21847E-01  -0.46957E-01
 0.12004E+00   0.21500E-01  -0.46957E-01
 0.13445E+00   0.21146E-01  -0.46957E-01
 0.14831E+00   0.20792E-01  -0.46957E-01
 0.16164E+00   0.20440E-01  -0.46957E-01
 0.17446E+00   0.20093E-01  -0.46957E-01
 0.18678E+00   0.19754E-01  -0.46957E-01
 0.19863E+00   0.19417E-01  -0.46957E-01
 0.21002E+00   0.19085E-01  -0.46957E-01
 0.22097E+00   0.18763E-01  -0.46957E-01
 0.23150E+00   0.18454E-01  -0.46957E-01
 0.24163E+00   0.18162E-01  -0.46957E-01
 0.25137E+00   0.17889E-01  -0.46956E-01
 0.26073E+00   0.17639E-01  -0.46951E-01
 0.26974E+00   0.17410E-01  -0.46936E-01
 0.27839E+00   0.17192E-01  -0.46854E-01
 0.28672E+00   0.16981E-01  -0.46711E-01
 0.29472E+00   0.16776E-01  -0.46540E-01
 0.30241E+00   0.16579E-01  -0.46342E-01
 0.30981E+00   0.16390E-01  -0.46117E-01
 0.31692E+00   0.16204E-01  -0.45854E-01
 0.32376E+00   0.16019E-01  -0.45555E-01
 0.33033E+00   0.15822E-01  -0.45210E-01
 0.33664E+00   0.15619E-01  -0.44830E-01
 0.34271E+00   0.15409E-01  -0.44415E-01
 0.34854E+00   0.15198E-01  -0.43987E-01
 0.35414E+00   0.14975E-01  -0.43547E-01
 0.35953E+00   0.14752E-01  -0.43111E-01
 0.36470E+00   0.14519E-01  -0.42665E-01
 0.36968E+00   0.14273E-01  -0.42212E-01
 0.37446E+00   0.14019E-01  -0.41753E-01
 0.37905E+00   0.13747E-01  -0.41277E-01
 0.38346E+00   0.13443E-01  -0.40788E-01
 0.38769E+00   0.13117E-01  -0.40299E-01
 0.39176E+00   0.12770E-01  -0.39814E-01
 0.39567E+00   0.12404E-01  -0.39340E-01
 0.39942E+00   0.12012E-01  -0.38877E-01
 0.40302E+00   0.11615E-01  -0.38436E-01
 0.40649E+00   0.11216E-01  -0.38014E-01
 0.40982E+00   0.10831E-01  -0.37608E-01
 0.41303E+00   0.10462E-01  -0.37221E-01
 0.41611E+00   0.10106E-01  -0.36846E-01
 0.41907E+00   0.97575E-02  -0.36477E-01
 0.42191E+00   0.94158E-02  -0.36112E-01
 0.42465E+00   0.90878E-02  -0.35750E-01
 0.42727E+00   0.87588E-02  -0.35394E-01
 0.42979E+00   0.84177E-02  -0.35049E-01
 0.43222E+00   0.80930E-02  -0.34725E-01
 0.43455E+00   0.77809E-02  -0.34431E-01
 0.43680E+00   0.74777E-02  -0.34144E-01
 0.43895E+00   0.71834E-02  -0.33838E-01
 0.44102E+00   0.68955E-02  -0.33525E-01
 0.44300E+00   0.66115E-02  -0.33208E-01
 0.44490E+00   0.63300E-02  -0.32884E-01
 0.44673E+00   0.60514E-02  -0.32548E-01
 0.44848E+00   0.57787E-02  -0.32201E-01
 0.45015E+00   0.55156E-02  -0.31847E-01
 0.45176E+00   0.52570E-02  -0.31482E-01
 0.45330E+00   0.49938E-02  -0.31098E-01
 0.45476E+00   0.47228E-02  -0.30693E-01
 0.45615E+00   0.44449E-02  -0.30273E-01
 0.45748E+00   0.41585E-02  -0.29837E-01
 0.45874E+00   0.38604E-02  -0.29385E-01
 0.45993E+00   0.35513E-02  -0.28919E-01
 0.46107E+00   0.32436E-02  -0.28443E-01
 0.46215E+00   0.29507E-02  -0.27960E-01
 0.46318E+00   0.26697E-02  -0.27480E-01
 0.46416E+00   0.23645E-02  -0.27017E-01
 0.46508E+00   0.20045E-02  -0.26587E-01
 0.46595E+00   0.15761E-02  -0.26192E-01
 0.46673E+00   0.11271E-02  -0.25760E-01
 0.46744E+00   0.70897E-03  -0.25255E-01
 0.46809E+00   0.33624E-03  -0.24714E-01
 0.46871E+00   0.00000E+00  -0.24169E-01
 0.16050E-02   0.25518E-01  -0.46957E-01
 0.20543E-01   0.25277E-01  -0.46957E-01
 0.38753E-01   0.25019E-01  -0.46957E-01
 0.56261E-01   0.24748E-01  -0.46957E-01
 0.73096E-01   0.24454E-01  -0.46957E-01
 0.89283E-01   0.24129E-01  -0.46957E-01
 0.10485E+00   0.23771E-01  -0.46957E-01
 0.11981E+00   0.23392E-01  -0.46957E-01
 0.13420E+00   0.23005E-01  -0.46957E-01
 0.14803E+00   0.22617E-01  -0.46957E-01
 0.16133E+00   0.22233E-01  -0.46957E-01
 0.17412E+00   0.21854E-01  -0.46957E-01
 0.18642E+00   0.21484E-01  -0.46957E-01
 0.19824E+00   0.21116E-01  -0.46957E-01
 0.20961E+00   0.20754E-01  -0.46957E-01
 0.22054E+00   0.20402E-01  -0.46957E-01
 0.23105E+00   0.20065E-01  -0.46957E-01
 0.24116E+00   0.19746E-01  -0.46956E-01
 0.25088E+00   0.19448E-01  -0.46949E-01
 0.26022E+00   0.19171E-01  -0.46893E-01
 0.26921E+00   0.18919E-01  -0.46842E-01
 0.27785E+00   0.18675E-01  -0.46695E-01
 0.28615E+00   0.18436E-01  -0.46487E-01
 0.29414E+00   0.18203E-01  -0.46259E-01
 0.30182E+00   0.17976E-01  -0.46011E-01
 0.30920E+00   0.17757E-01  -0.45736E-01
 0.31629E+00   0.17537E-01  -0.45414E-01
 0.32311E+00   0.17312E-01  -0.45049E-01
 0.32966E+00   0.17076E-01  -0.44646E-01
 0.33596E+00   0.16824E-01  -0.44198E-01
 0.34200E+00   0.16571E-01  -0.43732E-01
 0.34782E+00   0.16310E-01  -0.43247E-01
 0.35341E+00   0.16045E-01  -0.42764E-01
 0.35878E+00   0.15775E-01  -0.42282E-01
 0.36394E+00   0.15488E-01  -0.41788E-01
 0.36889E+00   0.15190E-01  -0.41292E-01
 0.37366E+00   0.14873E-01  -0.40787E-01
 0.37823E+00   0.14522E-01  -0.40260E-01
 0.38262E+00   0.14149E-01  -0.39732E-01
 0.38683E+00   0.13755E-01  -0.39210E-01
 0.39088E+00   0.13347E-01  -0.38698E-01
 0.39477E+00   0.12906E-01  -0.38197E-01
 0.39851E+00   0.12463E-01  -0.37718E-01
 0.40210E+00   0.12021E-01  -0.37263E-01
 0.40555E+00   0.11590E-01  -0.36833E-01
 0.40888E+00   0.11177E-01  -0.36421E-01
 0.41207E+00   0.10773E-01  -0.36027E-01
 0.41514E+00   0.10378E-01  -0.35648E-01
 0.41809E+00   0.99933E-02  -0.35278E-01
 0.42092E+00   0.96113E-02  -0.34913E-01
 0.42364E+00   0.92395E-02  -0.34553E-01
 0.42626E+00   0.88789E-02  -0.34199E-01
 0.42877E+00   0.85002E-02  -0.33854E-01
 0.43119E+00   0.81324E-02  -0.33526E-01
 0.43351E+00   0.77887E-02  -0.33225E-01
 0.43575E+00   0.74574E-02  -0.32947E-01
 0.43790E+00   0.71337E-02  -0.32659E-01
 0.43996E+00   0.68155E-02  -0.32360E-01
 0.44193E+00   0.65021E-02  -0.32058E-01
 0.44383E+00   0.61942E-02  -0.31753E-01
 0.44565E+00   0.58927E-02  -0.31440E-01
 0.44740E+00   0.55983E-02  -0.31116E-01
 0.44907E+00   0.53140E-02  -0.30783E-01
 0.45068E+00   0.50404E-02  -0.30445E-01
 0.45222E+00   0.47700E-02  -0.30094E-01
 0.45369E+00   0.44954E-02  -0.29724E-01
 0.45509E+00   0.42137E-02  -0.29338E-01
 0.45642E+00   0.39240E-02  -0.28941E-01
 0.45769E+00   0.36273E-02  -0.28530E-01
 0.45890E+00   0.33256E-02  -0.28100E-01
 0.46004E+00   0.30191E-02  -0.27656E-01
 0.46113E+00   0.27005E-02  -0.27212E-01
 0.46217E+00   0.23657E-02  -0.26784E-01
 0.46315E+00   0.20124E-02  -0.26380E-01
 0.46409E+00   0.16502E-02  -0.25987E-01
 0.46499E+00   0.12868E-02  -0.25594E-01
 0.46583E+00   0.92949E-03  -0.25188E-01
 0.46659E+00   0.59097E-03  -0.24714E-01
 0.46725E+00   0.28346E-03  -0.24149E-01
 0.46785E+00   0.00000E+00  -0.23552E-01
 0.16050E-02   0.27621E-01  -0.46957E-01
 0.20514E-01   0.27357E-01  -0.46957E-01
 0.38695E-01   0.27074E-01  -0.46957E-01
 0.56177E-01   0.26777E-01  -0.46957E-01
 0.72985E-01   0.26455E-01  -0.46957E-01
 0.89146E-01   0.26101E-01  -0.46957E-01
 0.10468E+00   0.25712E-01  -0.46957E-01
 0.11962E+00   0.25299E-01  -0.46957E-01
 0.13399E+00   0.24878E-01  -0.46957E-01
 0.14780E+00   0.24456E-01  -0.46957E-01
 0.16108E+00   0.24039E-01  -0.46957E-01
 0.17385E+00   0.23627E-01  -0.46957E-01
 0.18613E+00   0.23225E-01  -0.46957E-01
 0.19793E+00   0.22827E-01  -0.46957E-01
 0.20928E+00   0.22433E-01  -0.46957E-01
 0.22020E+00   0.22050E-01  -0.46957E-01
 0.23069E+00   0.21685E-01  -0.46956E-01
 0.24078E+00   0.21338E-01  -0.46949E-01
 0.25048E+00   0.21012E-01  -0.46881E-01
 0.25981E+00   0.20706E-01  -0.46752E-01
 0.26878E+00   0.20425E-01  -0.46647E-01
 0.27741E+00   0.20151E-01  -0.46444E-01
 0.28570E+00   0.19883E-01  -0.46187E-01
 0.29367E+00   0.19621E-01  -0.45916E-01
 0.30133E+00   0.19362E-01  -0.45616E-01
 0.30870E+00   0.19107E-01  -0.45282E-01
 0.31578E+00   0.18849E-01  -0.44903E-01
 0.32258E+00   0.18577E-01  -0.44466E-01
 0.32911E+00   0.18293E-01  -0.43997E-01
 0.33539E+00   0.17990E-01  -0.43488E-01
 0.34142E+00   0.17688E-01  -0.42970E-01
 0.34722E+00   0.17379E-01  -0.42439E-01
 0.35280E+00   0.17073E-01  -0.41919E-01
 0.35815E+00   0.16744E-01  -0.41385E-01
 0.36329E+00   0.16395E-01  -0.40842E-01
 0.36823E+00   0.16034E-01  -0.40300E-01
 0.37298E+00   0.15630E-01  -0.39742E-01
 0.37753E+00   0.15204E-01  -0.39175E-01
 0.38190E+00   0.14759E-01  -0.38615E-01
 0.38610E+00   0.14298E-01  -0.38066E-01
 0.39013E+00   0.13813E-01  -0.37530E-01
 0.39401E+00   0.13323E-01  -0.37014E-01
 0.39773E+00   0.12833E-01  -0.36524E-01
 0.40131E+00   0.12357E-01  -0.36061E-01
 0.40476E+00   0.11894E-01  -0.35624E-01
 0.40807E+00   0.11443E-01  -0.35207E-01
 0.41125E+00   0.10998E-01  -0.34808E-01
 0.41431E+00   0.10565E-01  -0.34426E-01
 0.41725E+00   0.10139E-01  -0.34056E-01
 0.42007E+00   0.97195E-02  -0.33693E-01
 0.42278E+00   0.93071E-02  -0.33336E-01
 0.42539E+00   0.88841E-02  -0.32989E-01
 0.42789E+00   0.84800E-02  -0.32648E-01
 0.43030E+00   0.80999E-02  -0.32316E-01
 0.43262E+00   0.77252E-02  -0.32011E-01
 0.43485E+00   0.73676E-02  -0.31735E-01
 0.43699E+00   0.70220E-02  -0.31461E-01
 0.43904E+00   0.66810E-02  -0.31175E-01
 0.44102E+00   0.63446E-02  -0.30885E-01
 0.44291E+00   0.60153E-02  -0.30593E-01
 0.44473E+00   0.56952E-02  -0.30298E-01
 0.44647E+00   0.53836E-02  -0.29994E-01
 0.44814E+00   0.50801E-02  -0.29680E-01
 0.44975E+00   0.47856E-02  -0.29362E-01
 0.45129E+00   0.44979E-02  -0.29039E-01
 0.45276E+00   0.42118E-02  -0.28701E-01
 0.45416E+00   0.39230E-02  -0.28347E-01
 0.45550E+00   0.36282E-02  -0.27980E-01
 0.45678E+00   0.33252E-02  -0.27603E-01
 0.45800E+00   0.30145E-02  -0.27214E-01
 0.45915E+00   0.26975E-02  -0.26815E-01
 0.46025E+00   0.23741E-02  -0.26405E-01
 0.46129E+00   0.20448E-02  -0.25994E-01
 0.46228E+00   0.17084E-02  -0.25585E-01
 0.46323E+00   0.13722E-02  -0.25182E-01
 0.46413E+00   0.10517E-02  -0.24787E-01
 0.46500E+00   0.76141E-03  -0.24400E-01
 0.46584E+00   0.50554E-03  -0.24008E-01
 0.46656E+00   0.25575E-03  -0.23498E-01
 0.46710E+00   0.00000E+00  -0.22837E-01
 0.16050E-02   0.29745E-01  -0.46957E-01
 0.20496E-01   0.29456E-01  -0.46957E-01
 0.38659E-01   0.29147E-01  -0.46957E-01
 0.56124E-01   0.28824E-01  -0.46957E-01
 0.72916E-01   0.28474E-01  -0.46957E-01
 0.89062E-01   0.28090E-01  -0.46957E-01
 0.10458E+00   0.27667E-01  -0.46957E-01
 0.11951E+00   0.27220E-01  -0.46957E-01
 0.13386E+00   0.26764E-01  -0.46957E-01
 0.14766E+00   0.26308E-01  -0.46957E-01
 0.16092E+00   0.25856E-01  -0.46957E-01
 0.17368E+00   0.25411E-01  -0.46957E-01
 0.18594E+00   0.24976E-01  -0.46957E-01
 0.19774E+00   0.24546E-01  -0.46957E-01
 0.20907E+00   0.24119E-01  -0.46957E-01
 0.21998E+00   0.23706E-01  -0.46957E-01
 0.23046E+00   0.23311E-01  -0.46951E-01
 0.24054E+00   0.22934E-01  -0.46878E-01
 0.25023E+00   0.22575E-01  -0.46725E-01
 0.25955E+00   0.22237E-01  -0.46532E-01
 0.26851E+00   0.21923E-01  -0.46366E-01
 0.27712E+00   0.21616E-01  -0.46110E-01
 0.28540E+00   0.21315E-01  -0.45805E-01
 0.29336E+00   0.21020E-01  -0.45489E-01
 0.30101E+00   0.20728E-01  -0.45143E-01
 0.30837E+00   0.20429E-01  -0.44744E-01
 0.31543E+00   0.20122E-01  -0.44292E-01
 0.32222E+00   0.19801E-01  -0.43794E-01
 0.32874E+00   0.19459E-01  -0.43254E-01
 0.33501E+00   0.19110E-01  -0.42699E-01
 0.34103E+00   0.18754E-01  -0.42130E-01
 0.34682E+00   0.18398E-01  -0.41559E-01
 0.35238E+00   0.18030E-01  -0.40987E-01
 0.35772E+00   0.17634E-01  -0.40403E-01
 0.36284E+00   0.17216E-01  -0.39813E-01
 0.36777E+00   0.16768E-01  -0.39217E-01
 0.37249E+00   0.16285E-01  -0.38619E-01
 0.37703E+00   0.15789E-01  -0.38023E-01
 0.38139E+00   0.15276E-01  -0.37438E-01
 0.38557E+00   0.14748E-01  -0.36868E-01
 0.38959E+00   0.14206E-01  -0.36317E-01
 0.39345E+00   0.13668E-01  -0.35791E-01
 0.39717E+00   0.13137E-01  -0.35292E-01
 0.40074E+00   0.12623E-01  -0.34822E-01
 0.40417E+00   0.12118E-01  -0.34379E-01
 0.40747E+00   0.11622E-01  -0.33958E-01
 0.41064E+00   0.11138E-01  -0.33556E-01
 0.41369E+00   0.10664E-01  -0.33174E-01
 0.41662E+00   0.10196E-01  -0.32804E-01
 0.41944E+00   0.97337E-02  -0.32445E-01
 0.42214E+00   0.92842E-02  -0.32092E-01
 0.42474E+00   0.88202E-02  -0.31751E-01
 0.42723E+00   0.83749E-02  -0.31417E-01
 0.42964E+00   0.79848E-02  -0.31085E-01
 0.43195E+00   0.75970E-02  -0.30775E-01
 0.43417E+00   0.72218E-02  -0.30496E-01
 0.43631E+00   0.68638E-02  -0.30230E-01
 0.43836E+00   0.65095E-02  -0.29953E-01
 0.44033E+00   0.61587E-02  -0.29670E-01
 0.44222E+00   0.58141E-02  -0.29388E-01
 0.44404E+00   0.54776E-02  -0.29104E-01
 0.44578E+00   0.51477E-02  -0.28815E-01
 0.44745E+00   0.48225E-02  -0.28519E-01
 0.44905E+00   0.45024E-02  -0.28219E-01
 0.45059E+00   0.41880E-02  -0.27917E-01
 0.45206E+00   0.38777E-02  -0.27607E-01
 0.45347E+00   0.35695E-02  -0.27281E-01
 0.45481E+00   0.32593E-02  -0.26943E-01
 0.45609E+00   0.29432E-02  -0.26598E-01
 0.45731E+00   0.26218E-02  -0.26245E-01
 0.45848E+00   0.23001E-02  -0.25872E-01
 0.45958E+00   0.19826E-02  -0.25468E-01
 0.46062E+00   0.16781E-02  -0.25054E-01
 0.46163E+00   0.13950E-02  -0.24651E-01
 0.46261E+00   0.11383E-02  -0.24277E-01
 0.46355E+00   0.90216E-03  -0.23910E-01
 0.46443E+00   0.67515E-03  -0.23506E-01
 0.46523E+00   0.44904E-03  -0.23032E-01
 0.46594E+00   0.22217E-03  -0.22485E-01
 0.46658E+00   0.00000E+00  -0.21913E-01
 0.16050E-02   0.31890E-01  -0.46957E-01
 0.20479E-01   0.31576E-01  -0.46957E-01
 0.38626E-01   0.31240E-01  -0.46957E-01
 0.56074E-01   0.30890E-01  -0.46957E-01
 0.72851E-01   0.30511E-01  -0.46957E-01
 0.88981E-01   0.30095E-01  -0.46957E-01
 0.10449E+00   0.29640E-01  -0.46957E-01
 0.11940E+00   0.29157E-01  -0.46957E-01
 0.13374E+00   0.28665E-01  -0.46957E-01
 0.14752E+00   0.28174E-01  -0.46957E-01
 0.16077E+00   0.27687E-01  -0.46957E-01
 0.17352E+00   0.27208E-01  -0.46957E-01
 0.18577E+00   0.26739E-01  -0.46957E-01
 0.19755E+00   0.26277E-01  -0.46957E-01
 0.20888E+00   0.25818E-01  -0.46957E-01
 0.21977E+00   0.25373E-01  -0.46955E-01
 0.23024E+00   0.24946E-01  -0.46885E-01
 0.24031E+00   0.24534E-01  -0.46716E-01
 0.24999E+00   0.24140E-01  -0.46500E-01
 0.25930E+00   0.23765E-01  -0.46240E-01
 0.26825E+00   0.23413E-01  -0.46010E-01
 0.27685E+00   0.23071E-01  -0.45704E-01
 0.28512E+00   0.22737E-01  -0.45361E-01
 0.29307E+00   0.22405E-01  -0.44995E-01
 0.30071E+00   0.22068E-01  -0.44585E-01
 0.30805E+00   0.21722E-01  -0.44124E-01
 0.31510E+00   0.21359E-01  -0.43601E-01
 0.32188E+00   0.20984E-01  -0.43041E-01
 0.32838E+00   0.20590E-01  -0.42450E-01
 0.33464E+00   0.20188E-01  -0.41848E-01
 0.34064E+00   0.19781E-01  -0.41236E-01
 0.34642E+00   0.19367E-01  -0.40620E-01
 0.35196E+00   0.18923E-01  -0.39990E-01
 0.35728E+00   0.18452E-01  -0.39358E-01
 0.36239E+00   0.17954E-01  -0.38722E-01
 0.36730E+00   0.17431E-01  -0.38089E-01
 0.37201E+00   0.16883E-01  -0.37464E-01
 0.37653E+00   0.16327E-01  -0.36848E-01
 0.38088E+00   0.15751E-01  -0.36242E-01
 0.38505E+00   0.15164E-01  -0.35657E-01
 0.38906E+00   0.14576E-01  -0.35096E-01
 0.39291E+00   0.13996E-01  -0.34561E-01
 0.39661E+00   0.13425E-01  -0.34055E-01
 0.40017E+00   0.12861E-01  -0.33577E-01
 0.40359E+00   0.12313E-01  -0.33129E-01
 0.40688E+00   0.11773E-01  -0.32705E-01
 0.41004E+00   0.11245E-01  -0.32302E-01
 0.41308E+00   0.10727E-01  -0.31919E-01
 0.41601E+00   0.10218E-01  -0.31552E-01
 0.41881E+00   0.97208E-02  -0.31197E-01
 0.42151E+00   0.92328E-02  -0.30850E-01
 0.42410E+00   0.87529E-02  -0.30511E-01
 0.42659E+00   0.82936E-02  -0.30179E-01
 0.42899E+00   0.78718E-02  -0.29851E-01
 0.43129E+00   0.74732E-02  -0.29539E-01
 0.43351E+00   0.70919E-02  -0.29253E-01
 0.43565E+00   0.67257E-02  -0.28989E-01
 0.43770E+00   0.63624E-02  -0.28721E-01
 0.43967E+00   0.59994E-02  -0.28446E-01
 0.44155E+00   0.56393E-02  -0.28171E-01
 0.44336E+00   0.52835E-02  -0.27898E-01
 0.44510E+00   0.49311E-02  -0.27624E-01
 0.44677E+00   0.45791E-02  -0.27346E-01
 0.44837E+00   0.42302E-02  -0.27064E-01
 0.44990E+00   0.38908E-02  -0.26781E-01
 0.45137E+00   0.35590E-02  -0.26494E-01
 0.45277E+00   0.32273E-02  -0.26198E-01
 0.45412E+00   0.28955E-02  -0.25889E-01
 0.45540E+00   0.25739E-02  -0.25566E-01
 0.45663E+00   0.22703E-02  -0.25226E-01
 0.45781E+00   0.19850E-02  -0.24866E-01
 0.45892E+00   0.17166E-02  -0.24479E-01
 0.45998E+00   0.14645E-02  -0.24070E-01
 0.46100E+00   0.12317E-02  -0.23653E-01
 0.46197E+00   0.10201E-02  -0.23247E-01
 0.46291E+00   0.82824E-03  -0.22856E-01
 0.46381E+00   0.64196E-03  -0.22468E-01
 0.46466E+00   0.44634E-03  -0.22064E-01
 0.46544E+00   0.23088E-03  -0.21634E-01
 0.46617E+00   0.00000E+00  -0.21185E-01
 0.16050E-02   0.34057E-01  -0.46957E-01
 0.20464E-01   0.33717E-01  -0.46957E-01
 0.38596E-01   0.33353E-01  -0.46957E-01
 0.56031E-01   0.32975E-01  -0.46957E-01
 0.72794E-01   0.32566E-01  -0.46957E-01
 0.88911E-01   0.32118E-01  -0.46957E-01
 0.10441E+00   0.31628E-01  -0.46957E-01
 0.11930E+00   0.31110E-01  -0.46957E-01
 0.13363E+00   0.30582E-01  -0.46957E-01
 0.14740E+00   0.30054E-01  -0.46957E-01
 0.16064E+00   0.29532E-01  -0.46957E-01
 0.17337E+00   0.29018E-01  -0.46957E-01
 0.18562E+00   0.28515E-01  -0.46957E-01
 0.19739E+00   0.28020E-01  -0.46957E-01
 0.20870E+00   0.27527E-01  -0.46957E-01
 0.21958E+00   0.27050E-01  -0.46900E-01
 0.23005E+00   0.26585E-01  -0.46727E-01
 0.24010E+00   0.26134E-01  -0.46484E-01
 0.24977E+00   0.25700E-01  -0.46195E-01
 0.25907E+00   0.25288E-01  -0.45885E-01
 0.26801E+00   0.24894E-01  -0.45584E-01
 0.27660E+00   0.24513E-01  -0.45231E-01
 0.28486E+00   0.24142E-01  -0.44843E-01
 0.29280E+00   0.23769E-01  -0.44427E-01
 0.30043E+00   0.23381E-01  -0.43953E-01
 0.30776E+00   0.22978E-01  -0.43421E-01
 0.31480E+00   0.22563E-01  -0.42843E-01
 0.32156E+00   0.22130E-01  -0.42226E-01
 0.32805E+00   0.21687E-01  -0.41592E-01
 0.33429E+00   0.21226E-01  -0.40941E-01
 0.34029E+00   0.20763E-01  -0.40288E-01
 0.34604E+00   0.20273E-01  -0.39616E-01
 0.35157E+00   0.19758E-01  -0.38941E-01
 0.35688E+00   0.19215E-01  -0.38268E-01
 0.36197E+00   0.18650E-01  -0.37599E-01
 0.36686E+00   0.18065E-01  -0.36939E-01
 0.37156E+00   0.17465E-01  -0.36295E-01
 0.37607E+00   0.16854E-01  -0.35661E-01
 0.38040E+00   0.16210E-01  -0.35035E-01
 0.38456E+00   0.15574E-01  -0.34437E-01
 0.38855E+00   0.14941E-01  -0.33866E-01
 0.39239E+00   0.14316E-01  -0.33323E-01
 0.39609E+00   0.13699E-01  -0.32809E-01
 0.39963E+00   0.13091E-01  -0.32326E-01
 0.40304E+00   0.12494E-01  -0.31872E-01
 0.40632E+00   0.11911E-01  -0.31446E-01
 0.40948E+00   0.11339E-01  -0.31041E-01
 0.41251E+00   0.10780E-01  -0.30659E-01
 0.41542E+00   0.10235E-01  -0.30295E-01
 0.41822E+00   0.97069E-02  -0.29942E-01
 0.42091E+00   0.91966E-02  -0.29598E-01
 0.42350E+00   0.87075E-02  -0.29261E-01
 0.42598E+00   0.82449E-02  -0.28930E-01
 0.42838E+00   0.78046E-02  -0.28604E-01
 0.43068E+00   0.73868E-02  -0.28291E-01
 0.43289E+00   0.69897E-02  -0.28001E-01
 0.43502E+00   0.66043E-02  -0.27738E-01
 0.43707E+00   0.62201E-02  -0.27480E-01
 0.43903E+00   0.58342E-02  -0.27215E-01
 0.44091E+00   0.54507E-02  -0.26949E-01
 0.44272E+00   0.50696E-02  -0.26687E-01
 0.44445E+00   0.46903E-02  -0.26428E-01
 0.44612E+00   0.43194E-02  -0.26165E-01
 0.44771E+00   0.39609E-02  -0.25895E-01
 0.44924E+00   0.36112E-02  -0.25623E-01
 0.45071E+00   0.32671E-02  -0.25351E-01
 0.45212E+00   0.29286E-02  -0.25073E-01
 0.45347E+00   0.25979E-02  -0.24783E-01
 0.45476E+00   0.22870E-02  -0.24475E-01
 0.45599E+00   0.20088E-02  -0.24144E-01
 0.45718E+00   0.17648E-02  -0.23789E-01
 0.45831E+00   0.15448E-02  -0.23413E-01
 0.45938E+00   0.13382E-02  -0.23020E-01
 0.46041E+00   0.11389E-02  -0.22615E-01
 0.46139E+00   0.94373E-03  -0.22208E-01
 0.46232E+00   0.74989E-03  -0.21808E-01
 0.46322E+00   0.55665E-03  -0.21418E-01
 0.46407E+00   0.36616E-03  -0.21040E-01
 0.46490E+00   0.18016E-03  -0.20674E-01
 0.46569E+00   0.00000E+00  -0.20322E-01
 0.16050E-02   0.36245E-01  -0.46957E-01
 0.20465E-01   0.35878E-01  -0.46957E-01
 0.38600E-01   0.35486E-01  -0.46957E-01
 0.56036E-01   0.35078E-01  -0.46957E-01
 0.72800E-01   0.34637E-01  -0.46957E-01
 0.88918E-01   0.34157E-01  -0.46957E-01
 0.10441E+00   0.33631E-01  -0.46957E-01
 0.11931E+00   0.33075E-01  -0.46957E-01
 0.13364E+00   0.32509E-01  -0.46957E-01
 0.14741E+00   0.31944E-01  -0.46957E-01
 0.16065E+00   0.31385E-01  -0.46957E-01
 0.17338E+00   0.30835E-01  -0.46957E-01
 0.18562E+00   0.30296E-01  -0.46957E-01
 0.19739E+00   0.29767E-01  -0.46956E-01
 0.20871E+00   0.29239E-01  -0.46919E-01
 0.21959E+00   0.28722E-01  -0.46740E-01
 0.23005E+00   0.28216E-01  -0.46484E-01
 0.24011E+00   0.27722E-01  -0.46168E-01
 0.24977E+00   0.27247E-01  -0.45823E-01
 0.25907E+00   0.26795E-01  -0.45459E-01
 0.26800E+00   0.26356E-01  -0.45097E-01
 0.27659E+00   0.25934E-01  -0.44693E-01
 0.28485E+00   0.25520E-01  -0.44256E-01
 0.29278E+00   0.25093E-01  -0.43770E-01
 0.30040E+00   0.24652E-01  -0.43233E-01
 0.30772E+00   0.24192E-01  -0.42641E-01
 0.31475E+00   0.23718E-01  -0.42004E-01
 0.32151E+00   0.23229E-01  -0.41337E-01
 0.32800E+00   0.22725E-01  -0.40652E-01
 0.33423E+00   0.22208E-01  -0.39959E-01
 0.34021E+00   0.21671E-01  -0.39252E-01
 0.34595E+00   0.21109E-01  -0.38534E-01
 0.35147E+00   0.20527E-01  -0.37823E-01
 0.35677E+00   0.19923E-01  -0.37119E-01
 0.36185E+00   0.19298E-01  -0.36423E-01
 0.36673E+00   0.18650E-01  -0.35738E-01
 0.37142E+00   0.17994E-01  -0.35073E-01
 0.37592E+00   0.17329E-01  -0.34422E-01
 0.38024E+00   0.16627E-01  -0.33779E-01
 0.38439E+00   0.15942E-01  -0.33170E-01
 0.38838E+00   0.15266E-01  -0.32590E-01
 0.39221E+00   0.14593E-01  -0.32038E-01
 0.39589E+00   0.13927E-01  -0.31517E-01
 0.39943E+00   0.13269E-01  -0.31027E-01
 0.40283E+00   0.12626E-01  -0.30570E-01
 0.40610E+00   0.11997E-01  -0.30141E-01
 0.40925E+00   0.11386E-01  -0.29736E-01
 0.41227E+00   0.10793E-01  -0.29353E-01
 0.41518E+00   0.10223E-01  -0.28989E-01
 0.41798E+00   0.96759E-02  -0.28638E-01
 0.42067E+00   0.91515E-02  -0.28294E-01
 0.42325E+00   0.86522E-02  -0.27957E-01
 0.42574E+00   0.81690E-02  -0.27627E-01
 0.42812E+00   0.77092E-02  -0.27303E-01
 0.43042E+00   0.72669E-02  -0.26990E-01
 0.43263E+00   0.68319E-02  -0.26702E-01
 0.43475E+00   0.64046E-02  -0.26445E-01
 0.43679E+00   0.59805E-02  -0.26197E-01
 0.43875E+00   0.55571E-02  -0.25943E-01
 0.44063E+00   0.51385E-02  -0.25689E-01
 0.44243E+00   0.47327E-02  -0.25436E-01
 0.44416E+00   0.43474E-02  -0.25181E-01
 0.44583E+00   0.39815E-02  -0.24921E-01
 0.44742E+00   0.36301E-02  -0.24652E-01
 0.44896E+00   0.32839E-02  -0.24383E-01
 0.45043E+00   0.29374E-02  -0.24117E-01
 0.45183E+00   0.26021E-02  -0.23845E-01
 0.45319E+00   0.22920E-02  -0.23557E-01
 0.45448E+00   0.20128E-02  -0.23247E-01
 0.45573E+00   0.17643E-02  -0.22918E-01
 0.45692E+00   0.15437E-02  -0.22568E-01
 0.45805E+00   0.13427E-02  -0.22199E-01
 0.45914E+00   0.11529E-02  -0.21813E-01
 0.46017E+00   0.96992E-03  -0.21413E-01
 0.46115E+00   0.79330E-03  -0.21011E-01
 0.46209E+00   0.62283E-03  -0.20615E-01
 0.46300E+00   0.45833E-03  -0.20230E-01
 0.46386E+00   0.29973E-03  -0.19859E-01
 0.46470E+00   0.14699E-03  -0.19500E-01
 0.46550E+00   0.00000E+00  -0.19155E-01
 0.16050E-02   0.38456E-01  -0.46957E-01
 0.20471E-01   0.38060E-01  -0.46957E-01
 0.38610E-01   0.37638E-01  -0.46957E-01
 0.56051E-01   0.37200E-01  -0.46957E-01
 0.72819E-01   0.36727E-01  -0.46957E-01
 0.88941E-01   0.36212E-01  -0.46957E-01
 0.10444E+00   0.35649E-01  -0.46957E-01
 0.11934E+00   0.35055E-01  -0.46957E-01
 0.13367E+00   0.34450E-01  -0.46957E-01
 0.14744E+00   0.33847E-01  -0.46957E-01
 0.16069E+00   0.33250E-01  -0.46957E-01
 0.17342E+00   0.32663E-01  -0.46957E-01
 0.18567E+00   0.32089E-01  -0.46956E-01
 0.19744E+00   0.31523E-01  -0.46940E-01
 0.20876E+00   0.30955E-01  -0.46773E-01
 0.21963E+00   0.30392E-01  -0.46492E-01
 0.23009E+00   0.29841E-01  -0.46166E-01
 0.24015E+00   0.29303E-01  -0.45788E-01
 0.24981E+00   0.28785E-01  -0.45389E-01
 0.25910E+00   0.28291E-01  -0.44977E-01
 0.26804E+00   0.27806E-01  -0.44553E-01
 0.27662E+00   0.27339E-01  -0.44096E-01
 0.28488E+00   0.26875E-01  -0.43600E-01
 0.29281E+00   0.26394E-01  -0.43053E-01
 0.30042E+00   0.25893E-01  -0.42451E-01
 0.30774E+00   0.25376E-01  -0.41803E-01
 0.31476E+00   0.24840E-01  -0.41111E-01
 0.32151E+00   0.24290E-01  -0.40393E-01
 0.32799E+00   0.23726E-01  -0.39664E-01
 0.33421E+00   0.23144E-01  -0.38925E-01
 0.34018E+00   0.22541E-01  -0.38177E-01
 0.34592E+00   0.21921E-01  -0.37427E-01
 0.35143E+00   0.21280E-01  -0.36684E-01
 0.35671E+00   0.20614E-01  -0.35952E-01
 0.36179E+00   0.19930E-01  -0.35230E-01
 0.36666E+00   0.19224E-01  -0.34522E-01
 0.37134E+00   0.18507E-01  -0.33836E-01
 0.37583E+00   0.17778E-01  -0.33165E-01
 0.38014E+00   0.17043E-01  -0.32514E-01
 0.38428E+00   0.16317E-01  -0.31895E-01
 0.38826E+00   0.15592E-01  -0.31304E-01
 0.39208E+00   0.14869E-01  -0.30743E-01
 0.39576E+00   0.14154E-01  -0.30215E-01
 0.39929E+00   0.13449E-01  -0.29720E-01
 0.40268E+00   0.12762E-01  -0.29258E-01
 0.40595E+00   0.12097E-01  -0.28827E-01
 0.40909E+00   0.11454E-01  -0.28421E-01
 0.41211E+00   0.10839E-01  -0.28037E-01
 0.41501E+00   0.10250E-01  -0.27672E-01
 0.41780E+00   0.96837E-02  -0.27320E-01
 0.42049E+00   0.91401E-02  -0.26977E-01
 0.42307E+00   0.86184E-02  -0.26641E-01
 0.42555E+00   0.81154E-02  -0.26312E-01
 0.42794E+00   0.76224E-02  -0.25989E-01
 0.43022E+00   0.71324E-02  -0.25681E-01
 0.43242E+00   0.66455E-02  -0.25399E-01
 0.43454E+00   0.61692E-02  -0.25149E-01
 0.43657E+00   0.57048E-02  -0.24911E-01
 0.43852E+00   0.52534E-02  -0.24666E-01
 0.44040E+00   0.48233E-02  -0.24416E-01
 0.44220E+00   0.44179E-02  -0.24164E-01
 0.44394E+00   0.40355E-02  -0.23910E-01
 0.44560E+00   0.36747E-02  -0.23651E-01
 0.44720E+00   0.33323E-02  -0.23383E-01
 0.44874E+00   0.29961E-02  -0.23114E-01
 0.45021E+00   0.26554E-02  -0.22849E-01
 0.45162E+00   0.23249E-02  -0.22581E-01
 0.45298E+00   0.20278E-02  -0.22296E-01
 0.45428E+00   0.17697E-02  -0.21990E-01
 0.45553E+00   0.15420E-02  -0.21663E-01
 0.45672E+00   0.13372E-02  -0.21318E-01
 0.45786E+00   0.11539E-02  -0.20954E-01
 0.45895E+00   0.99041E-03  -0.20574E-01
 0.45999E+00   0.84425E-03  -0.20178E-01
 0.46098E+00   0.70645E-03  -0.19778E-01
 0.46193E+00   0.56945E-03  -0.19382E-01
 0.46284E+00   0.42787E-03  -0.18996E-01
 0.46371E+00   0.28371E-03  -0.18623E-01
 0.46454E+00   0.14022E-03  -0.18262E-01
 0.46534E+00   0.00000E+00  -0.17915E-01
 0.16050E-02   0.40688E-01  -0.46957E-01
 0.20484E-01   0.40263E-01  -0.46957E-01
 0.38636E-01   0.39810E-01  -0.46957E-01
 0.56089E-01   0.39341E-01  -0.46957E-01
 0.72870E-01   0.38835E-01  -0.46957E-01
 0.89002E-01   0.38284E-01  -0.46957E-01
 0.10451E+00   0.37683E-01  -0.46957E-01
 0.11942E+00   0.37049E-01  -0.46957E-01
 0.13376E+00   0.36404E-01  -0.46957E-01
 0.14754E+00   0.35761E-01  -0.46957E-01
 0.16079E+00   0.35126E-01  -0.46957E-01
 0.17354E+00   0.34500E-01  -0.46957E-01
 0.18579E+00   0.33889E-01  -0.46953E-01
 0.19757E+00   0.33284E-01  -0.46834E-01
 0.20889E+00   0.32666E-01  -0.46529E-01
 0.21977E+00   0.32056E-01  -0.46169E-01
 0.23023E+00   0.31458E-01  -0.45780E-01
 0.24029E+00   0.30874E-01  -0.45345E-01
 0.24995E+00   0.30311E-01  -0.44897E-01
 0.25925E+00   0.29772E-01  -0.44436E-01
 0.26818E+00   0.29240E-01  -0.43957E-01
 0.27677E+00   0.28724E-01  -0.43445E-01
 0.28502E+00   0.28203E-01  -0.42883E-01
 0.29295E+00   0.27661E-01  -0.42269E-01
 0.30056E+00   0.27102E-01  -0.41612E-01
 0.30787E+00   0.26521E-01  -0.40905E-01
 0.31489E+00   0.25923E-01  -0.40161E-01
 0.32163E+00   0.25313E-01  -0.39398E-01
 0.32810E+00   0.24688E-01  -0.38626E-01
 0.33432E+00   0.24042E-01  -0.37846E-01
 0.34029E+00   0.23384E-01  -0.37067E-01
 0.34602E+00   0.22705E-01  -0.36286E-01
 0.35152E+00   0.22006E-01  -0.35516E-01
 0.35680E+00   0.21282E-01  -0.34757E-01
 0.36187E+00   0.20540E-01  -0.34012E-01
 0.36673E+00   0.19782E-01  -0.33284E-01
 0.37140E+00   0.19008E-01  -0.32578E-01
 0.37588E+00   0.18225E-01  -0.31890E-01
 0.38019E+00   0.17455E-01  -0.31230E-01
 0.38432E+00   0.16682E-01  -0.30599E-01
 0.38829E+00   0.15903E-01  -0.29996E-01
 0.39211E+00   0.15128E-01  -0.29426E-01
 0.39577E+00   0.14365E-01  -0.28890E-01
 0.39930E+00   0.13619E-01  -0.28390E-01
 0.40269E+00   0.12895E-01  -0.27926E-01
 0.40595E+00   0.12199E-01  -0.27492E-01
 0.40908E+00   0.11533E-01  -0.27084E-01
 0.41210E+00   0.10895E-01  -0.26699E-01
 0.41501E+00   0.10285E-01  -0.26333E-01
 0.41780E+00   0.96996E-02  -0.25980E-01
 0.42048E+00   0.91355E-02  -0.25636E-01
 0.42306E+00   0.85889E-02  -0.25299E-01
 0.42554E+00   0.80506E-02  -0.24971E-01
 0.42791E+00   0.75114E-02  -0.24651E-01
 0.43019E+00   0.69732E-02  -0.24347E-01
 0.43238E+00   0.64451E-02  -0.24070E-01
 0.43449E+00   0.59340E-02  -0.23825E-01
 0.43652E+00   0.54452E-02  -0.23591E-01
 0.43847E+00   0.49823E-02  -0.23348E-01
 0.44035E+00   0.45484E-02  -0.23098E-01
 0.44215E+00   0.41453E-02  -0.22845E-01
 0.44389E+00   0.37729E-02  -0.22589E-01
 0.44556E+00   0.34227E-02  -0.22328E-01
 0.44716E+00   0.30830E-02  -0.22061E-01
 0.44870E+00   0.27414E-02  -0.21795E-01
 0.45017E+00   0.23902E-02  -0.21535E-01
 0.45158E+00   0.20504E-02  -0.21272E-01
 0.45294E+00   0.17528E-02  -0.20990E-01
 0.45424E+00   0.15080E-02  -0.20685E-01
 0.45550E+00   0.13081E-02  -0.20356E-01
 0.45670E+00   0.11443E-02  -0.20007E-01
 0.45785E+00   0.10055E-02  -0.19641E-01
 0.45894E+00   0.88020E-03  -0.19262E-01
 0.45999E+00   0.76039E-03  -0.18872E-01
 0.46098E+00   0.64101E-03  -0.18476E-01
 0.46193E+00   0.51841E-03  -0.18077E-01
 0.46284E+00   0.39015E-03  -0.17678E-01
 0.46370E+00   0.25896E-03  -0.17283E-01
 0.46453E+00   0.12806E-03  -0.16896E-01
 0.46532E+00   0.00000E+00  -0.16522E-01
 0.16050E-02   0.42943E-01  -0.46957E-01
 0.20503E-01   0.42519E-01  -0.46957E-01
 0.38674E-01   0.42066E-01  -0.46957E-01
 0.56144E-01   0.41593E-01  -0.46957E-01
 0.72941E-01   0.41081E-01  -0.46957E-01
 0.89090E-01   0.40520E-01  -0.46957E-01
 0.10461E+00   0.39905E-01  -0.46957E-01
 0.11954E+00   0.39254E-01  -0.46957E-01
 0.13389E+00   0.38590E-01  -0.46957E-01
 0.14769E+00   0.37928E-01  -0.46957E-01
 0.16095E+00   0.37271E-01  -0.46957E-01
 0.17370E+00   0.36625E-01  -0.46954E-01
 0.18597E+00   0.35990E-01  -0.46866E-01
 0.19775E+00   0.35349E-01  -0.46579E-01
 0.20908E+00   0.34691E-01  -0.46142E-01
 0.21996E+00   0.34040E-01  -0.45696E-01
 0.23043E+00   0.33403E-01  -0.45234E-01
 0.24049E+00   0.32779E-01  -0.44735E-01
 0.25016E+00   0.32175E-01  -0.44220E-01
 0.25946E+00   0.31592E-01  -0.43690E-01
 0.26840E+00   0.31012E-01  -0.43137E-01
 0.27698E+00   0.30440E-01  -0.42538E-01
 0.28523E+00   0.29855E-01  -0.41887E-01
 0.29316E+00   0.29250E-01  -0.41193E-01
 0.30076E+00   0.28622E-01  -0.40456E-01
 0.30807E+00   0.27969E-01  -0.39672E-01
 0.31508E+00   0.27302E-01  -0.38860E-01
 0.32181E+00   0.26625E-01  -0.38038E-01
 0.32828E+00   0.25935E-01  -0.37212E-01
 0.33449E+00   0.25224E-01  -0.36382E-01
 0.34045E+00   0.24497E-01  -0.35553E-01
 0.34617E+00   0.23757E-01  -0.34731E-01
 0.35166E+00   0.22988E-01  -0.33917E-01
 0.35693E+00   0.22197E-01  -0.33118E-01
 0.36199E+00   0.21392E-01  -0.32337E-01
 0.36685E+00   0.20571E-01  -0.31576E-01
 0.37151E+00   0.19740E-01  -0.30840E-01
 0.37598E+00   0.18902E-01  -0.30126E-01
 0.38027E+00   0.18061E-01  -0.29436E-01
 0.38439E+00   0.17208E-01  -0.28775E-01
 0.38835E+00   0.16363E-01  -0.28149E-01
 0.39215E+00   0.15529E-01  -0.27560E-01
 0.39581E+00   0.14715E-01  -0.27009E-01
 0.39932E+00   0.13925E-01  -0.26495E-01
 0.40271E+00   0.13164E-01  -0.26019E-01
 0.40596E+00   0.12435E-01  -0.25575E-01
 0.40909E+00   0.11739E-01  -0.25157E-01
 0.41211E+00   0.11074E-01  -0.24762E-01
 0.41501E+00   0.10435E-01  -0.24387E-01
 0.41779E+00   0.98179E-02  -0.24026E-01
 0.42047E+00   0.92131E-02  -0.23673E-01
 0.42304E+00   0.86133E-02  -0.23329E-01
 0.42550E+00   0.80100E-02  -0.22996E-01
 0.42786E+00   0.74110E-02  -0.22673E-01
 0.43013E+00   0.68220E-02  -0.22367E-01
 0.43232E+00   0.62463E-02  -0.22087E-01
 0.43442E+00   0.56968E-02  -0.21840E-01
 0.43644E+00   0.51820E-02  -0.21604E-01
 0.43839E+00   0.47069E-02  -0.21357E-01
 0.44027E+00   0.42765E-02  -0.21102E-01
 0.44208E+00   0.38885E-02  -0.20842E-01
 0.44382E+00   0.35316E-02  -0.20579E-01
 0.44549E+00   0.31831E-02  -0.20316E-01
 0.44709E+00   0.28199E-02  -0.20052E-01
 0.44862E+00   0.24443E-02  -0.19791E-01
 0.45009E+00   0.20711E-02  -0.19534E-01
 0.45150E+00   0.17333E-02  -0.19273E-01
 0.45287E+00   0.14696E-02  -0.18989E-01
 0.45419E+00   0.12852E-02  -0.18678E-01
 0.45545E+00   0.11503E-02  -0.18345E-01
 0.45666E+00   0.10393E-02  -0.17995E-01
 0.45781E+00   0.93871E-03  -0.17630E-01
 0.45891E+00   0.83954E-03  -0.17254E-01
 0.45996E+00   0.73610E-03  -0.16869E-01
 0.46096E+00   0.62794E-03  -0.16478E-01
 0.46191E+00   0.51504E-03  -0.16084E-01
 0.46282E+00   0.39767E-03  -0.15689E-01
 0.46369E+00   0.27850E-03  -0.15299E-01
 0.46452E+00   0.16009E-03  -0.14916E-01
 0.46532E+00   0.44468E-04  -0.14546E-01
 0.16050E-02   0.45220E-01  -0.46957E-01
 0.20522E-01   0.44798E-01  -0.46957E-01
 0.38710E-01   0.44344E-01  -0.46957E-01
 0.56197E-01   0.43868E-01  -0.46957E-01
 0.73010E-01   0.43350E-01  -0.46957E-01
 0.89174E-01   0.42779E-01  -0.46957E-01
 0.10471E+00   0.42149E-01  -0.46957E-01
 0.11965E+00   0.41481E-01  -0.46957E-01
 0.13401E+00   0.40798E-01  -0.46957E-01
 0.14782E+00   0.40115E-01  -0.46957E-01
 0.16110E+00   0.39438E-01  -0.46953E-01
 0.17386E+00   0.38768E-01  -0.46854E-01
 0.18613E+00   0.38101E-01  -0.46625E-01
 0.19793E+00   0.37417E-01  -0.46197E-01
 0.20926E+00   0.36719E-01  -0.45675E-01
 0.22015E+00   0.36028E-01  -0.45156E-01
 0.23062E+00   0.35348E-01  -0.44621E-01
 0.24068E+00   0.34681E-01  -0.44053E-01
 0.25036E+00   0.34030E-01  -0.43464E-01
 0.25966E+00   0.33399E-01  -0.42863E-01
 0.26859E+00   0.32764E-01  -0.42228E-01
 0.27718E+00   0.32131E-01  -0.41545E-01
 0.28542E+00   0.31482E-01  -0.40812E-01
 0.29334E+00   0.30810E-01  -0.40042E-01
 0.30094E+00   0.30109E-01  -0.39226E-01
 0.30824E+00   0.29389E-01  -0.38377E-01
 0.31525E+00   0.28665E-01  -0.37515E-01
 0.32197E+00   0.27925E-01  -0.36640E-01
 0.32843E+00   0.27175E-01  -0.35767E-01
 0.33464E+00   0.26407E-01  -0.34894E-01
 0.34059E+00   0.25621E-01  -0.34024E-01
 0.34630E+00   0.24816E-01  -0.33159E-01
 0.35178E+00   0.23989E-01  -0.32309E-01
 0.35705E+00   0.23144E-01  -0.31478E-01
 0.36210E+00   0.22286E-01  -0.30665E-01
 0.36694E+00   0.21409E-01  -0.29872E-01
 0.37159E+00   0.20518E-01  -0.29104E-01
 0.37605E+00   0.19617E-01  -0.28359E-01
 0.38033E+00   0.18712E-01  -0.27639E-01
 0.38444E+00   0.17805E-01  -0.26955E-01
 0.38838E+00   0.16910E-01  -0.26308E-01
 0.39218E+00   0.16032E-01  -0.25701E-01
 0.39583E+00   0.15177E-01  -0.25134E-01
 0.39934E+00   0.14357E-01  -0.24607E-01
 0.40272E+00   0.13574E-01  -0.24120E-01
 0.40597E+00   0.12827E-01  -0.23665E-01
 0.40910E+00   0.12114E-01  -0.23236E-01
 0.41211E+00   0.11424E-01  -0.22830E-01
 0.41500E+00   0.10747E-01  -0.22442E-01
 0.41778E+00   0.10080E-01  -0.22067E-01
 0.42044E+00   0.94218E-02  -0.21702E-01
 0.42300E+00   0.87694E-02  -0.21347E-01
 0.42545E+00   0.81231E-02  -0.21005E-01
 0.42781E+00   0.74827E-02  -0.20674E-01
 0.43007E+00   0.68535E-02  -0.20361E-01
 0.43224E+00   0.62463E-02  -0.20075E-01
 0.43434E+00   0.56727E-02  -0.19820E-01
 0.43636E+00   0.51409E-02  -0.19579E-01
 0.43831E+00   0.46543E-02  -0.19327E-01
 0.44018E+00   0.42103E-02  -0.19068E-01
 0.44199E+00   0.38000E-02  -0.18804E-01
 0.44373E+00   0.34090E-02  -0.18542E-01
 0.44539E+00   0.30243E-02  -0.18281E-01
 0.44699E+00   0.26378E-02  -0.18018E-01
 0.44852E+00   0.22676E-02  -0.17757E-01
 0.45000E+00   0.19426E-02  -0.17496E-01
 0.45143E+00   0.16777E-02  -0.17229E-01
 0.45281E+00   0.14788E-02  -0.16944E-01
 0.45413E+00   0.13353E-02  -0.16634E-01
 0.45540E+00   0.12172E-02  -0.16305E-01
 0.45661E+00   0.11022E-02  -0.15960E-01
 0.45776E+00   0.99250E-03  -0.15600E-01
 0.45887E+00   0.89684E-03  -0.15230E-01
 0.45992E+00   0.81845E-03  -0.14850E-01
 0.46093E+00   0.74590E-03  -0.14466E-01
 0.46189E+00   0.66807E-03  -0.14078E-01
 0.46281E+00   0.57697E-03  -0.13689E-01
 0.46368E+00   0.47602E-03  -0.13304E-01
 0.46452E+00   0.37086E-03  -0.12928E-01
 0.46532E+00   0.26602E-03  -0.12562E-01
 0.16050E-02   0.47520E-01  -0.46957E-01
 0.20540E-01   0.47100E-01  -0.46957E-01
 0.38745E-01   0.46645E-01  -0.46957E-01
 0.56249E-01   0.46166E-01  -0.46957E-01
 0.73077E-01   0.45641E-01  -0.46957E-01
 0.89256E-01   0.45060E-01  -0.46957E-01
 0.10481E+00   0.44416E-01  -0.46957E-01
 0.11976E+00   0.43730E-01  -0.46957E-01
 0.13414E+00   0.43028E-01  -0.46957E-01
 0.14796E+00   0.42325E-01  -0.46955E-01
 0.16125E+00   0.41624E-01  -0.46857E-01
 0.17402E+00   0.40919E-01  -0.46594E-01
 0.18629E+00   0.40210E-01  -0.46229E-01
 0.19809E+00   0.39482E-01  -0.45700E-01
 0.20942E+00   0.38747E-01  -0.45118E-01
 0.22032E+00   0.38012E-01  -0.44528E-01
 0.23079E+00   0.37283E-01  -0.43911E-01
 0.24086E+00   0.36570E-01  -0.43280E-01
 0.25054E+00   0.35873E-01  -0.42629E-01
 0.25984E+00   0.35189E-01  -0.41955E-01
 0.26877E+00   0.34496E-01  -0.41242E-01
 0.27735E+00   0.33801E-01  -0.40478E-01
 0.28559E+00   0.33087E-01  -0.39670E-01
 0.29350E+00   0.32345E-01  -0.38825E-01
 0.30110E+00   0.31578E-01  -0.37946E-01
 0.30839E+00   0.30803E-01  -0.37048E-01
 0.31539E+00   0.30021E-01  -0.36137E-01
 0.32212E+00   0.29228E-01  -0.35219E-01
 0.32857E+00   0.28423E-01  -0.34304E-01
 0.33477E+00   0.27600E-01  -0.33391E-01
 0.34071E+00   0.26760E-01  -0.32484E-01
 0.34642E+00   0.25906E-01  -0.31586E-01
 0.35189E+00   0.25031E-01  -0.30705E-01
 0.35715E+00   0.24142E-01  -0.29846E-01
 0.36219E+00   0.23232E-01  -0.29002E-01
 0.36702E+00   0.22303E-01  -0.28177E-01
 0.37166E+00   0.21355E-01  -0.27377E-01
 0.37611E+00   0.20406E-01  -0.26604E-01
 0.38038E+00   0.19459E-01  -0.25862E-01
 0.38449E+00   0.18524E-01  -0.25161E-01
 0.38843E+00   0.17606E-01  -0.24499E-01
 0.39222E+00   0.16709E-01  -0.23879E-01
 0.39587E+00   0.15837E-01  -0.23298E-01
 0.39937E+00   0.14996E-01  -0.22758E-01
 0.40275E+00   0.14195E-01  -0.22257E-01
 0.40600E+00   0.13430E-01  -0.21790E-01
 0.40913E+00   0.12689E-01  -0.21346E-01
 0.41213E+00   0.11961E-01  -0.20921E-01
 0.41501E+00   0.11240E-01  -0.20515E-01
 0.41777E+00   0.10525E-01  -0.20121E-01
 0.42043E+00   0.98214E-02  -0.19740E-01
 0.42297E+00   0.91278E-02  -0.19371E-01
 0.42542E+00   0.84464E-02  -0.19016E-01
 0.42777E+00   0.77799E-02  -0.18676E-01
 0.43002E+00   0.71321E-02  -0.18353E-01
 0.43219E+00   0.65083E-02  -0.18057E-01
 0.43428E+00   0.59154E-02  -0.17792E-01
 0.43630E+00   0.53571E-02  -0.17541E-01
 0.43824E+00   0.48336E-02  -0.17282E-01
 0.44010E+00   0.43429E-02  -0.17015E-01
 0.44190E+00   0.38832E-02  -0.16748E-01
 0.44363E+00   0.34539E-02  -0.16483E-01
 0.44529E+00   0.30593E-02  -0.16221E-01
 0.44690E+00   0.27068E-02  -0.15958E-01
 0.44845E+00   0.23996E-02  -0.15696E-01
 0.44994E+00   0.21379E-02  -0.15436E-01
 0.45138E+00   0.19164E-02  -0.15171E-01
 0.45276E+00   0.17273E-02  -0.14887E-01
 0.45408E+00   0.15649E-02  -0.14580E-01
 0.45535E+00   0.14254E-02  -0.14253E-01
 0.45656E+00   0.13058E-02  -0.13913E-01
 0.45772E+00   0.12029E-02  -0.13559E-01
 0.45883E+00   0.11125E-02  -0.13195E-01
 0.45989E+00   0.10318E-02  -0.12820E-01
 0.46090E+00   0.95669E-03  -0.12440E-01
 0.46186E+00   0.88381E-03  -0.12058E-01
 0.46278E+00   0.81070E-03  -0.11676E-01
 0.46366E+00   0.73770E-03  -0.11299E-01
 0.46451E+00   0.66586E-03  -0.10930E-01
 0.46532E+00   0.59604E-03  -0.10573E-01
 0.16050E-02   0.49843E-01  -0.46957E-01
 0.20552E-01   0.49425E-01  -0.46957E-01
 0.38769E-01   0.48969E-01  -0.46957E-01
 0.56285E-01   0.48488E-01  -0.46957E-01
 0.73125E-01   0.47957E-01  -0.46957E-01
 0.89314E-01   0.47365E-01  -0.46957E-01
 0.10488E+00   0.46706E-01  -0.46957E-01
 0.11984E+00   0.46003E-01  -0.46957E-01
 0.13422E+00   0.45281E-01  -0.46954E-01
 0.14805E+00   0.44555E-01  -0.46844E-01
 0.16134E+00   0.43819E-01  -0.46584E-01
 0.17412E+00   0.43073E-01  -0.46195E-01
 0.18640E+00   0.42316E-01  -0.45706E-01
 0.19819E+00   0.41546E-01  -0.45101E-01
 0.20953E+00   0.40769E-01  -0.44459E-01
 0.22043E+00   0.39988E-01  -0.43802E-01
 0.23090E+00   0.39213E-01  -0.43124E-01
 0.24097E+00   0.38456E-01  -0.42438E-01
 0.25064E+00   0.37714E-01  -0.41735E-01
 0.25994E+00   0.36973E-01  -0.40986E-01
 0.26887E+00   0.36220E-01  -0.40196E-01
 0.27744E+00   0.35463E-01  -0.39361E-01
 0.28568E+00   0.34685E-01  -0.38484E-01
 0.29358E+00   0.33881E-01  -0.37577E-01
 0.30117E+00   0.33057E-01  -0.36647E-01
 0.30845E+00   0.32228E-01  -0.35704E-01
 0.31545E+00   0.31396E-01  -0.34752E-01
 0.32217E+00   0.30554E-01  -0.33796E-01
 0.32861E+00   0.29699E-01  -0.32844E-01
 0.33480E+00   0.28829E-01  -0.31897E-01
 0.34074E+00   0.27949E-01  -0.30962E-01
 0.34644E+00   0.27059E-01  -0.30041E-01
 0.35191E+00   0.26151E-01  -0.29138E-01
 0.35716E+00   0.25221E-01  -0.28250E-01
 0.36219E+00   0.24267E-01  -0.27376E-01
 0.36702E+00   0.23303E-01  -0.26527E-01
 0.37165E+00   0.22330E-01  -0.25707E-01
 0.37609E+00   0.21359E-01  -0.24917E-01
 0.38036E+00   0.20396E-01  -0.24160E-01
 0.38446E+00   0.19448E-01  -0.23446E-01
 0.38841E+00   0.18526E-01  -0.22776E-01
 0.39220E+00   0.17628E-01  -0.22148E-01
 0.39585E+00   0.16758E-01  -0.21562E-01
 0.39936E+00   0.15922E-01  -0.21016E-01
 0.40273E+00   0.15116E-01  -0.20504E-01
 0.40598E+00   0.14330E-01  -0.20018E-01
 0.40909E+00   0.13552E-01  -0.19548E-01
 0.41208E+00   0.12778E-01  -0.19096E-01
 0.41495E+00   0.12016E-01  -0.18664E-01
 0.41770E+00   0.11264E-01  -0.18250E-01
 0.42035E+00   0.10528E-01  -0.17850E-01
 0.42289E+00   0.98112E-02  -0.17466E-01
 0.42533E+00   0.91141E-02  -0.17100E-01
 0.42767E+00   0.84370E-02  -0.16747E-01
 0.42993E+00   0.77777E-02  -0.16412E-01
 0.43209E+00   0.71340E-02  -0.16102E-01
 0.43417E+00   0.65126E-02  -0.15821E-01
 0.43618E+00   0.59277E-02  -0.15557E-01
 0.43812E+00   0.53892E-02  -0.15289E-01
 0.43998E+00   0.48786E-02  -0.15014E-01
 0.44177E+00   0.43953E-02  -0.14736E-01
 0.44350E+00   0.39743E-02  -0.14470E-01
 0.44517E+00   0.36221E-02  -0.14217E-01
 0.44679E+00   0.33180E-02  -0.13965E-01
 0.44835E+00   0.30460E-02  -0.13711E-01
 0.44985E+00   0.27955E-02  -0.13454E-01
 0.45129E+00   0.25660E-02  -0.13188E-01
 0.45267E+00   0.23651E-02  -0.12906E-01
 0.45399E+00   0.21957E-02  -0.12602E-01
 0.45526E+00   0.20541E-02  -0.12281E-01
 0.45647E+00   0.19356E-02  -0.11947E-01
 0.45764E+00   0.18335E-02  -0.11599E-01
 0.45875E+00   0.17398E-02  -0.11241E-01
 0.45981E+00   0.16515E-02  -0.10872E-01
 0.46082E+00   0.15756E-02  -0.10502E-01
 0.46179E+00   0.15208E-02  -0.10136E-01
 0.46273E+00   0.14933E-02  -0.97800E-02
 0.46362E+00   0.14871E-02  -0.94366E-02
 0.46449E+00   0.14934E-02  -0.91057E-02
 0.46532E+00   0.15052E-02  -0.87872E-02
 0.16050E-02   0.52189E-01  -0.46957E-01
 0.20554E-01   0.51773E-01  -0.46957E-01
 0.38773E-01   0.51317E-01  -0.46957E-01
 0.56290E-01   0.50833E-01  -0.46957E-01
 0.73131E-01   0.50296E-01  -0.46957E-01
 0.89321E-01   0.49696E-01  -0.46957E-01
 0.10489E+00   0.49022E-01  -0.46957E-01
 0.11985E+00   0.48302E-01  -0.46940E-01
 0.13423E+00   0.47555E-01  -0.46798E-01
 0.14806E+00   0.46793E-01  -0.46534E-01
 0.16134E+00   0.46018E-01  -0.46161E-01
 0.17411E+00   0.45227E-01  -0.45663E-01
 0.18639E+00   0.44421E-01  -0.45074E-01
 0.19818E+00   0.43607E-01  -0.44402E-01
 0.20951E+00   0.42788E-01  -0.43709E-01
 0.22040E+00   0.41964E-01  -0.43000E-01
 0.23087E+00   0.41149E-01  -0.42282E-01
 0.24093E+00   0.40349E-01  -0.41552E-01
 0.25060E+00   0.39556E-01  -0.40785E-01
 0.25988E+00   0.38758E-01  -0.39968E-01
 0.26880E+00   0.37945E-01  -0.39107E-01
 0.27737E+00   0.37131E-01  -0.38210E-01
 0.28559E+00   0.36295E-01  -0.37276E-01
 0.29348E+00   0.35438E-01  -0.36321E-01
 0.30106E+00   0.34562E-01  -0.35347E-01
 0.30834E+00   0.33686E-01  -0.34366E-01
 0.31532E+00   0.32808E-01  -0.33379E-01
 0.32203E+00   0.31922E-01  -0.32391E-01
 0.32847E+00   0.31033E-01  -0.31414E-01
 0.33465E+00   0.30134E-01  -0.30449E-01
 0.34058E+00   0.29230E-01  -0.29498E-01
 0.34628E+00   0.28319E-01  -0.28563E-01
 0.35174E+00   0.27386E-01  -0.27640E-01
 0.35698E+00   0.26427E-01  -0.26729E-01
 0.36200E+00   0.25452E-01  -0.25836E-01
 0.36683E+00   0.24474E-01  -0.24973E-01
 0.37146E+00   0.23495E-01  -0.24144E-01
 0.37590E+00   0.22526E-01  -0.23348E-01
 0.38017E+00   0.21567E-01  -0.22587E-01
 0.38427E+00   0.20626E-01  -0.21869E-01
 0.38822E+00   0.19706E-01  -0.21193E-01
 0.39201E+00   0.18824E-01  -0.20568E-01
 0.39567E+00   0.17972E-01  -0.19987E-01
 0.39918E+00   0.17143E-01  -0.19437E-01
 0.40255E+00   0.16328E-01  -0.18909E-01
 0.40579E+00   0.15524E-01  -0.18400E-01
 0.40889E+00   0.14728E-01  -0.17909E-01
 0.41188E+00   0.13938E-01  -0.17436E-01
 0.41474E+00   0.13161E-01  -0.16986E-01
 0.41749E+00   0.12406E-01  -0.16560E-01
 0.42013E+00   0.11675E-01  -0.16157E-01
 0.42268E+00   0.10970E-01  -0.15772E-01
 0.42512E+00   0.10281E-01  -0.15401E-01
 0.42746E+00   0.96048E-02  -0.15041E-01
 0.42972E+00   0.89477E-02  -0.14699E-01
 0.43188E+00   0.83162E-02  -0.14386E-01
 0.43397E+00   0.77129E-02  -0.14107E-01
 0.43599E+00   0.71419E-02  -0.13845E-01
 0.43792E+00   0.66074E-02  -0.13575E-01
 0.43978E+00   0.61056E-02  -0.13301E-01
 0.44158E+00   0.56389E-02  -0.13036E-01
 0.44331E+00   0.52272E-02  -0.12778E-01
 0.44499E+00   0.48727E-02  -0.12524E-01
 0.44661E+00   0.45550E-02  -0.12263E-01
 0.44816E+00   0.42605E-02  -0.11992E-01
 0.44965E+00   0.39841E-02  -0.11717E-01
 0.45108E+00   0.37298E-02  -0.11441E-01
 0.45246E+00   0.35123E-02  -0.11157E-01
 0.45378E+00   0.33386E-02  -0.10861E-01
 0.45505E+00   0.31990E-02  -0.10554E-01
 0.45627E+00   0.30829E-02  -0.10235E-01
 0.45744E+00   0.29898E-02  -0.99080E-02
 0.45857E+00   0.29225E-02  -0.95819E-02
 0.45964E+00   0.28856E-02  -0.92616E-02
 0.46068E+00   0.28790E-02  -0.89539E-02
 0.46168E+00   0.29031E-02  -0.86647E-02
 0.46264E+00   0.29583E-02  -0.83985E-02
 0.46357E+00   0.30359E-02  -0.81533E-02
 0.46446E+00   0.31254E-02  -0.79242E-02
 0.46532E+00   0.32184E-02  -0.77070E-02
 0.16050E-02   0.54559E-01  -0.46943E-01
 0.20551E-01   0.54145E-01  -0.46957E-01
 0.38767E-01   0.53689E-01  -0.46957E-01
 0.56280E-01   0.53203E-01  -0.46957E-01
 0.73119E-01   0.52660E-01  -0.46957E-01
 0.89306E-01   0.52050E-01  -0.46952E-01
 0.10487E+00   0.51360E-01  -0.46879E-01
 0.11982E+00   0.50610E-01  -0.46691E-01
 0.13420E+00   0.49827E-01  -0.46415E-01
 0.14802E+00   0.49027E-01  -0.46058E-01
 0.16130E+00   0.48211E-01  -0.45597E-01
 0.17406E+00   0.47375E-01  -0.45018E-01
 0.18632E+00   0.46520E-01  -0.44343E-01
 0.19811E+00   0.45664E-01  -0.43620E-01
 0.20943E+00   0.44803E-01  -0.42881E-01
 0.22031E+00   0.43941E-01  -0.42139E-01
 0.23078E+00   0.43088E-01  -0.41387E-01
 0.24083E+00   0.42239E-01  -0.40603E-01
 0.25048E+00   0.41388E-01  -0.39769E-01
 0.25976E+00   0.40532E-01  -0.38885E-01
 0.26866E+00   0.39670E-01  -0.37976E-01
 0.27722E+00   0.38802E-01  -0.37027E-01
 0.28543E+00   0.37916E-01  -0.36047E-01
 0.29331E+00   0.37009E-01  -0.35050E-01
 0.30087E+00   0.36089E-01  -0.34042E-01
 0.30814E+00   0.35169E-01  -0.33028E-01
 0.31512E+00   0.34254E-01  -0.32014E-01
 0.32181E+00   0.33339E-01  -0.31007E-01
 0.32825E+00   0.32428E-01  -0.30017E-01
 0.33442E+00   0.31518E-01  -0.29046E-01
 0.34036E+00   0.30603E-01  -0.28090E-01
 0.34605E+00   0.29674E-01  -0.27141E-01
 0.35150E+00   0.28726E-01  -0.26206E-01
 0.35674E+00   0.27756E-01  -0.25284E-01
 0.36176E+00   0.26778E-01  -0.24386E-01
 0.36658E+00   0.25798E-01  -0.23516E-01
 0.37121E+00   0.24826E-01  -0.22686E-01
 0.37565E+00   0.23865E-01  -0.21890E-01
 0.37993E+00   0.22926E-01  -0.21138E-01
 0.38403E+00   0.22005E-01  -0.20429E-01
 0.38799E+00   0.21114E-01  -0.19769E-01
 0.39179E+00   0.20247E-01  -0.19148E-01
 0.39544E+00   0.19398E-01  -0.18559E-01
 0.39895E+00   0.18569E-01  -0.17999E-01
 0.40232E+00   0.17753E-01  -0.17460E-01
 0.40555E+00   0.16950E-01  -0.16943E-01
 0.40866E+00   0.16162E-01  -0.16448E-01
 0.41165E+00   0.15389E-01  -0.15981E-01
 0.41452E+00   0.14639E-01  -0.15546E-01
 0.41728E+00   0.13913E-01  -0.15139E-01
 0.41994E+00   0.13209E-01  -0.14752E-01
 0.42249E+00   0.12524E-01  -0.14378E-01
 0.42493E+00   0.11856E-01  -0.14019E-01
 0.42729E+00   0.11204E-01  -0.13676E-01
 0.42955E+00   0.10570E-01  -0.13350E-01
 0.43172E+00   0.99553E-02  -0.13045E-01
 0.43381E+00   0.93597E-02  -0.12763E-01
 0.43582E+00   0.87913E-02  -0.12495E-01
 0.43776E+00   0.82631E-02  -0.12226E-01
 0.43963E+00   0.77744E-02  -0.11961E-01
 0.44143E+00   0.73222E-02  -0.11706E-01
 0.44316E+00   0.69121E-02  -0.11448E-01
 0.44483E+00   0.65437E-02  -0.11176E-01
 0.44644E+00   0.62061E-02  -0.10892E-01
 0.44798E+00   0.58926E-02  -0.10602E-01
 0.44947E+00   0.56034E-02  -0.10317E-01
 0.45090E+00   0.53437E-02  -0.10042E-01
 0.45228E+00   0.51274E-02  -0.97700E-02
 0.45361E+00   0.49633E-02  -0.94976E-02
 0.45490E+00   0.48453E-02  -0.92274E-02
 0.45613E+00   0.47646E-02  -0.89635E-02
 0.45732E+00   0.47175E-02  -0.87087E-02
 0.45846E+00   0.47005E-02  -0.84647E-02
 0.45957E+00   0.47134E-02  -0.82325E-02
 0.46062E+00   0.47516E-02  -0.80114E-02
 0.46164E+00   0.48120E-02  -0.77998E-02
 0.46262E+00   0.48918E-02  -0.75965E-02
 0.46355E+00   0.49846E-02  -0.74009E-02
 0.46445E+00   0.50834E-02  -0.72128E-02
 0.46532E+00   0.51830E-02  -0.70319E-02
 0.16050E-02   0.56937E-01  -0.46694E-01
 0.20546E-01   0.56536E-01  -0.46843E-01
 0.38758E-01   0.56082E-01  -0.46884E-01
 0.56268E-01   0.55594E-01  -0.46887E-01
 0.73102E-01   0.55044E-01  -0.46855E-01
 0.89285E-01   0.54420E-01  -0.46781E-01
 0.10484E+00   0.53700E-01  -0.46546E-01
 0.11979E+00   0.52913E-01  -0.46237E-01
 0.13416E+00   0.52093E-01  -0.45880E-01
 0.14797E+00   0.51254E-01  -0.45450E-01
 0.16124E+00   0.50395E-01  -0.44918E-01
 0.17399E+00   0.49512E-01  -0.44261E-01
 0.18625E+00   0.48610E-01  -0.43524E-01
 0.19802E+00   0.47715E-01  -0.42762E-01
 0.20934E+00   0.46817E-01  -0.41993E-01
 0.22021E+00   0.45917E-01  -0.41222E-01
 0.23067E+00   0.45017E-01  -0.40422E-01
 0.24070E+00   0.44111E-01  -0.39573E-01
 0.25035E+00   0.43203E-01  -0.38679E-01
 0.25961E+00   0.42302E-01  -0.37757E-01
 0.26851E+00   0.41392E-01  -0.36804E-01
 0.27705E+00   0.40478E-01  -0.35814E-01
 0.28525E+00   0.39545E-01  -0.34795E-01
 0.29312E+00   0.38593E-01  -0.33762E-01
 0.30067E+00   0.37634E-01  -0.32725E-01
 0.30793E+00   0.36679E-01  -0.31688E-01
 0.31490E+00   0.35741E-01  -0.30663E-01
 0.32159E+00   0.34816E-01  -0.29654E-01
 0.32802E+00   0.33899E-01  -0.28666E-01
 0.33420E+00   0.32982E-01  -0.27695E-01
 0.34013E+00   0.32060E-01  -0.26735E-01
 0.34581E+00   0.31119E-01  -0.25778E-01
 0.35127E+00   0.30162E-01  -0.24835E-01
 0.35650E+00   0.29194E-01  -0.23914E-01
 0.36152E+00   0.28220E-01  -0.23015E-01
 0.36634E+00   0.27252E-01  -0.22152E-01
 0.37097E+00   0.26291E-01  -0.21325E-01
 0.37542E+00   0.25352E-01  -0.20546E-01
 0.37971E+00   0.24437E-01  -0.19810E-01
 0.38382E+00   0.23544E-01  -0.19122E-01
 0.38778E+00   0.22674E-01  -0.18476E-01
 0.39159E+00   0.21823E-01  -0.17862E-01
 0.39524E+00   0.20986E-01  -0.17276E-01
 0.39875E+00   0.20168E-01  -0.16718E-01
 0.40213E+00   0.19369E-01  -0.16188E-01
 0.40537E+00   0.18586E-01  -0.15684E-01
 0.40848E+00   0.17821E-01  -0.15208E-01
 0.41148E+00   0.17076E-01  -0.14765E-01
 0.41436E+00   0.16351E-01  -0.14353E-01
 0.41713E+00   0.15648E-01  -0.13966E-01
 0.41979E+00   0.14968E-01  -0.13601E-01
 0.42235E+00   0.14304E-01  -0.13248E-01
 0.42481E+00   0.13659E-01  -0.12911E-01
 0.42717E+00   0.13029E-01  -0.12590E-01
 0.42944E+00   0.12414E-01  -0.12281E-01
 0.43162E+00   0.11813E-01  -0.11983E-01
 0.43371E+00   0.11228E-01  -0.11705E-01
 0.43572E+00   0.10668E-01  -0.11439E-01
 0.43766E+00   0.10143E-01  -0.11165E-01
 0.43953E+00   0.96536E-02  -0.10888E-01
 0.44132E+00   0.91968E-02  -0.10617E-01
 0.44305E+00   0.87822E-02  -0.10346E-01
 0.44472E+00   0.84128E-02  -0.10071E-01
 0.44633E+00   0.80788E-02  -0.97923E-02
 0.44788E+00   0.77727E-02  -0.95151E-02
 0.44937E+00   0.74937E-02  -0.92486E-02
 0.45080E+00   0.72454E-02  -0.89963E-02
 0.45219E+00   0.70406E-02  -0.87524E-02
 0.45353E+00   0.68885E-02  -0.85123E-02
 0.45482E+00   0.67844E-02  -0.82802E-02
 0.45607E+00   0.67198E-02  -0.80621E-02
 0.45727E+00   0.66900E-02  -0.78596E-02
 0.45842E+00   0.66892E-02  -0.76691E-02
 0.45953E+00   0.67156E-02  -0.74880E-02
 0.46060E+00   0.67641E-02  -0.73133E-02
 0.46162E+00   0.68317E-02  -0.71428E-02
 0.46260E+00   0.69158E-02  -0.69744E-02
 0.46354E+00   0.70107E-02  -0.68085E-02
 0.46445E+00   0.71104E-02  -0.66466E-02
 0.46532E+00   0.72103E-02  -0.64898E-02
 0.16050E-02   0.59283E-01  -0.46119E-01
 0.20541E-01   0.58906E-01  -0.46368E-01
 0.38747E-01   0.58464E-01  -0.46471E-01
 0.56253E-01   0.57976E-01  -0.46493E-01
 0.73082E-01   0.57416E-01  -0.46438E-01
 0.89259E-01   0.56773E-01  -0.46308E-01
 0.10481E+00   0.56027E-01  -0.46014E-01
 0.11975E+00   0.55211E-01  -0.45654E-01
 0.13411E+00   0.54355E-01  -0.45237E-01
 0.14791E+00   0.53474E-01  -0.44736E-01
 0.16118E+00   0.52563E-01  -0.44118E-01
 0.17392E+00   0.51630E-01  -0.43391E-01
 0.18616E+00   0.50687E-01  -0.42611E-01
 0.19793E+00   0.49759E-01  -0.41829E-01
 0.20924E+00   0.48824E-01  -0.41037E-01
 0.22010E+00   0.47877E-01  -0.40221E-01
 0.23054E+00   0.46924E-01  -0.39369E-01
 0.24057E+00   0.45967E-01  -0.38472E-01
 0.25020E+00   0.45017E-01  -0.37547E-01
 0.25946E+00   0.44073E-01  -0.36590E-01
 0.26834E+00   0.43121E-01  -0.35602E-01
 0.27687E+00   0.42161E-01  -0.34575E-01
 0.28506E+00   0.41186E-01  -0.33523E-01
 0.29292E+00   0.40196E-01  -0.32463E-01
 0.30046E+00   0.39204E-01  -0.31406E-01
 0.30771E+00   0.38234E-01  -0.30366E-01
 0.31468E+00   0.37288E-01  -0.29345E-01
 0.32138E+00   0.36364E-01  -0.28349E-01
 0.32781E+00   0.35444E-01  -0.27365E-01
 0.33398E+00   0.34524E-01  -0.26399E-01
 0.33990E+00   0.33596E-01  -0.25437E-01
 0.34559E+00   0.32652E-01  -0.24478E-01
 0.35104E+00   0.31694E-01  -0.23535E-01
 0.35627E+00   0.30730E-01  -0.22618E-01
 0.36130E+00   0.29773E-01  -0.21735E-01
 0.36612E+00   0.28822E-01  -0.20885E-01
 0.37076E+00   0.27885E-01  -0.20081E-01
 0.37522E+00   0.26969E-01  -0.19320E-01
 0.37951E+00   0.26079E-01  -0.18607E-01
 0.38364E+00   0.25212E-01  -0.17944E-01
 0.38760E+00   0.24364E-01  -0.17318E-01
 0.39141E+00   0.23537E-01  -0.16727E-01
 0.39508E+00   0.22727E-01  -0.16170E-01
 0.39860E+00   0.21936E-01  -0.15640E-01
 0.40198E+00   0.21157E-01  -0.15130E-01
 0.40523E+00   0.20393E-01  -0.14643E-01
 0.40835E+00   0.19650E-01  -0.14190E-01
 0.41136E+00   0.18928E-01  -0.13774E-01
 0.41424E+00   0.18224E-01  -0.13387E-01
 0.41702E+00   0.17541E-01  -0.13024E-01
 0.41969E+00   0.16878E-01  -0.12680E-01
 0.42226E+00   0.16235E-01  -0.12354E-01
 0.42472E+00   0.15607E-01  -0.12036E-01
 0.42709E+00   0.14991E-01  -0.11728E-01
 0.42936E+00   0.14390E-01  -0.11433E-01
 0.43154E+00   0.13802E-01  -0.11149E-01
 0.43364E+00   0.13230E-01  -0.10880E-01
 0.43566E+00   0.12680E-01  -0.10620E-01
 0.43760E+00   0.12163E-01  -0.10351E-01
 0.43946E+00   0.11679E-01  -0.10076E-01
 0.44126E+00   0.11229E-01  -0.98095E-02
 0.44299E+00   0.10820E-01  -0.95446E-02
 0.44466E+00   0.10455E-01  -0.92763E-02
 0.44627E+00   0.10126E-01  -0.90074E-02
 0.44782E+00   0.98258E-02  -0.87429E-02
 0.44932E+00   0.95518E-02  -0.84890E-02
 0.45076E+00   0.93073E-02  -0.82494E-02
 0.45215E+00   0.91063E-02  -0.80231E-02
 0.45349E+00   0.89592E-02  -0.78089E-02
 0.45479E+00   0.88609E-02  -0.76082E-02
 0.45604E+00   0.88015E-02  -0.74227E-02
 0.45724E+00   0.87754E-02  -0.72515E-02
 0.45840E+00   0.87767E-02  -0.70895E-02
 0.45951E+00   0.88033E-02  -0.69331E-02
 0.46058E+00   0.88507E-02  -0.67799E-02
 0.46161E+00   0.89161E-02  -0.66285E-02
 0.46259E+00   0.89974E-02  -0.64779E-02
 0.46354E+00   0.90891E-02  -0.63289E-02
 0.46445E+00   0.91855E-02  -0.61830E-02
 0.46532E+00   0.92820E-02  -0.60415E-02
 0.16050E-02   0.61547E-01  -0.45212E-01
 0.20534E-01   0.61197E-01  -0.45525E-01
 0.38735E-01   0.60776E-01  -0.45690E-01
 0.56235E-01   0.60298E-01  -0.45746E-01
 0.73058E-01   0.59734E-01  -0.45696E-01
 0.89229E-01   0.59074E-01  -0.45544E-01
 0.10477E+00   0.58315E-01  -0.45252E-01
 0.11971E+00   0.57475E-01  -0.44877E-01
 0.13406E+00   0.56582E-01  -0.44414E-01
 0.14785E+00   0.55651E-01  -0.43841E-01
 0.16110E+00   0.54687E-01  -0.43152E-01
 0.17384E+00   0.53713E-01  -0.42388E-01
 0.18607E+00   0.52746E-01  -0.41608E-01
 0.19783E+00   0.51784E-01  -0.40807E-01
 0.20913E+00   0.50807E-01  -0.39983E-01
 0.21999E+00   0.49811E-01  -0.39125E-01
 0.23042E+00   0.48811E-01  -0.38236E-01
 0.24043E+00   0.47815E-01  -0.37317E-01
 0.25006E+00   0.46828E-01  -0.36370E-01
 0.25930E+00   0.45846E-01  -0.35387E-01
 0.26817E+00   0.44852E-01  -0.34368E-01
 0.27669E+00   0.43852E-01  -0.33312E-01
 0.28487E+00   0.42840E-01  -0.32235E-01
 0.29272E+00   0.41821E-01  -0.31158E-01
 0.30026E+00   0.40817E-01  -0.30104E-01
 0.30751E+00   0.39843E-01  -0.29076E-01
 0.31448E+00   0.38902E-01  -0.28075E-01
 0.32118E+00   0.37980E-01  -0.27092E-01
 0.32761E+00   0.37063E-01  -0.26122E-01
 0.33378E+00   0.36141E-01  -0.25159E-01
 0.33970E+00   0.35207E-01  -0.24196E-01
 0.34538E+00   0.34264E-01  -0.23242E-01
 0.35083E+00   0.33312E-01  -0.22306E-01
 0.35607E+00   0.32361E-01  -0.21404E-01
 0.36110E+00   0.31421E-01  -0.20541E-01
 0.36594E+00   0.30496E-01  -0.19721E-01
 0.37058E+00   0.29585E-01  -0.18944E-01
 0.37505E+00   0.28695E-01  -0.18213E-01
 0.37935E+00   0.27832E-01  -0.17532E-01
 0.38348E+00   0.26989E-01  -0.16897E-01
 0.38746E+00   0.26169E-01  -0.16306E-01
 0.39128E+00   0.25370E-01  -0.15753E-01
 0.39495E+00   0.24584E-01  -0.15225E-01
 0.39848E+00   0.23814E-01  -0.14723E-01
 0.40187E+00   0.23056E-01  -0.14240E-01
 0.40513E+00   0.22314E-01  -0.13786E-01
 0.40826E+00   0.21592E-01  -0.13363E-01
 0.41127E+00   0.20888E-01  -0.12972E-01
 0.41416E+00   0.20201E-01  -0.12608E-01
 0.41695E+00   0.19534E-01  -0.12268E-01
 0.41962E+00   0.18888E-01  -0.11946E-01
 0.42219E+00   0.18256E-01  -0.11628E-01
 0.42466E+00   0.17640E-01  -0.11323E-01
 0.42703E+00   0.17040E-01  -0.11038E-01
 0.42931E+00   0.16454E-01  -0.10767E-01
 0.43150E+00   0.15879E-01  -0.10500E-01
 0.43360E+00   0.15317E-01  -0.10242E-01
 0.43562E+00   0.14777E-01  -0.99922E-02
 0.43756E+00   0.14270E-01  -0.97368E-02
 0.43943E+00   0.13796E-01  -0.94756E-02
 0.44123E+00   0.13352E-01  -0.92139E-02
 0.44296E+00   0.12947E-01  -0.89486E-02
 0.44463E+00   0.12584E-01  -0.86792E-02
 0.44624E+00   0.12258E-01  -0.84152E-02
 0.44780E+00   0.11962E-01  -0.81630E-02
 0.44929E+00   0.11693E-01  -0.79234E-02
 0.45073E+00   0.11451E-01  -0.76962E-02
 0.45213E+00   0.11252E-01  -0.74824E-02
 0.45347E+00   0.11105E-01  -0.72830E-02
 0.45477E+00   0.11007E-01  -0.70992E-02
 0.45602E+00   0.10946E-01  -0.69317E-02
 0.45723E+00   0.10919E-01  -0.67784E-02
 0.45839E+00   0.10918E-01  -0.66334E-02
 0.45950E+00   0.10941E-01  -0.64918E-02
 0.46057E+00   0.10984E-01  -0.63513E-02
 0.46160E+00   0.11045E-01  -0.62108E-02
 0.46259E+00   0.11121E-01  -0.60697E-02
 0.46354E+00   0.11207E-01  -0.59291E-02
 0.46444E+00   0.11297E-01  -0.57908E-02
 0.46532E+00   0.11388E-01  -0.56565E-02
 0.16050E-02   0.63668E-01  -0.43960E-01
 0.20527E-01   0.63345E-01  -0.44314E-01
 0.38721E-01   0.62958E-01  -0.44541E-01
 0.56214E-01   0.62503E-01  -0.44648E-01
 0.73032E-01   0.61949E-01  -0.44631E-01
 0.89197E-01   0.61285E-01  -0.44491E-01
 0.10473E+00   0.60520E-01  -0.44223E-01
 0.11966E+00   0.59662E-01  -0.43847E-01
 0.13401E+00   0.58734E-01  -0.43354E-01
 0.14779E+00   0.57762E-01  -0.42746E-01
 0.16103E+00   0.56765E-01  -0.42039E-01
 0.17376E+00   0.55766E-01  -0.41274E-01
 0.18599E+00   0.54771E-01  -0.40489E-01
 0.19774E+00   0.53774E-01  -0.39671E-01
 0.20903E+00   0.52755E-01  -0.38822E-01
 0.21987E+00   0.51723E-01  -0.37948E-01
 0.23029E+00   0.50690E-01  -0.37048E-01
 0.24030E+00   0.49660E-01  -0.36115E-01
 0.24992E+00   0.48638E-01  -0.35150E-01
 0.25915E+00   0.47618E-01  -0.34145E-01
 0.26801E+00   0.46585E-01  -0.33100E-01
 0.27652E+00   0.45551E-01  -0.32023E-01
 0.28469E+00   0.44514E-01  -0.30935E-01
 0.29254E+00   0.43486E-01  -0.29868E-01
 0.30008E+00   0.42483E-01  -0.28835E-01
 0.30733E+00   0.41515E-01  -0.27831E-01
 0.31430E+00   0.40581E-01  -0.26853E-01
 0.32100E+00   0.39660E-01  -0.25885E-01
 0.32743E+00   0.38742E-01  -0.24922E-01
 0.33360E+00   0.37818E-01  -0.23964E-01
 0.33952E+00   0.36886E-01  -0.23011E-01
 0.34520E+00   0.35948E-01  -0.22067E-01
 0.35065E+00   0.35006E-01  -0.21146E-01
 0.35590E+00   0.34072E-01  -0.20268E-01
 0.36093E+00   0.33156E-01  -0.19438E-01
 0.36578E+00   0.32255E-01  -0.18648E-01
 0.37043E+00   0.31371E-01  -0.17908E-01
 0.37491E+00   0.30510E-01  -0.17218E-01
 0.37922E+00   0.29673E-01  -0.16573E-01
 0.38336E+00   0.28857E-01  -0.15978E-01
 0.38734E+00   0.28062E-01  -0.15423E-01
 0.39117E+00   0.27282E-01  -0.14897E-01
 0.39485E+00   0.26516E-01  -0.14400E-01
 0.39839E+00   0.25766E-01  -0.13926E-01
 0.40178E+00   0.25028E-01  -0.13476E-01
 0.40505E+00   0.24305E-01  -0.13050E-01
 0.40819E+00   0.23600E-01  -0.12656E-01
 0.41120E+00   0.22913E-01  -0.12290E-01
 0.41410E+00   0.22241E-01  -0.11949E-01
 0.41689E+00   0.21588E-01  -0.11629E-01
 0.41957E+00   0.20954E-01  -0.11323E-01
 0.42214E+00   0.20334E-01  -0.11021E-01
 0.42461E+00   0.19731E-01  -0.10737E-01
 0.42699E+00   0.19145E-01  -0.10477E-01
 0.42928E+00   0.18573E-01  -0.10228E-01
 0.43147E+00   0.18010E-01  -0.99805E-02
 0.43357E+00   0.17459E-01  -0.97332E-02
 0.43559E+00   0.16927E-01  -0.94852E-02
 0.43754E+00   0.16427E-01  -0.92320E-02
 0.43941E+00   0.15959E-01  -0.89730E-02
 0.44121E+00   0.15520E-01  -0.87098E-02
 0.44294E+00   0.15119E-01  -0.84444E-02
 0.44461E+00   0.14760E-01  -0.81803E-02
 0.44623E+00   0.14438E-01  -0.79239E-02
 0.44778E+00   0.14145E-01  -0.76798E-02
 0.44928E+00   0.13878E-01  -0.74486E-02
 0.45072E+00   0.13638E-01  -0.72313E-02
 0.45211E+00   0.13440E-01  -0.70309E-02
 0.45346E+00   0.13294E-01  -0.68498E-02
 0.45476E+00   0.13195E-01  -0.66860E-02
 0.45602E+00   0.13134E-01  -0.65361E-02
 0.45722E+00   0.13103E-01  -0.63959E-02
 0.45838E+00   0.13098E-01  -0.62597E-02
 0.45950E+00   0.13115E-01  -0.61229E-02
 0.46057E+00   0.13152E-01  -0.59851E-02
 0.46160E+00   0.13206E-01  -0.58473E-02
 0.46259E+00   0.13275E-01  -0.57104E-02
 0.46353E+00   0.13355E-01  -0.55758E-02
 0.46444E+00   0.13439E-01  -0.54445E-02
 0.46532E+00   0.13524E-01  -0.53174E-02
 0.16050E-02   0.65551E-01  -0.42373E-01
 0.20518E-01   0.65262E-01  -0.42763E-01
 0.38705E-01   0.64924E-01  -0.43050E-01
 0.56191E-01   0.64514E-01  -0.43220E-01
 0.73002E-01   0.63991E-01  -0.43257E-01
 0.89161E-01   0.63350E-01  -0.43166E-01
 0.10469E+00   0.62591E-01  -0.42932E-01
 0.11961E+00   0.61723E-01  -0.42571E-01
 0.13395E+00   0.60776E-01  -0.42084E-01
 0.14773E+00   0.59782E-01  -0.41477E-01
 0.16096E+00   0.58765E-01  -0.40778E-01
 0.17368E+00   0.57750E-01  -0.40028E-01
 0.18590E+00   0.56728E-01  -0.39240E-01
 0.19765E+00   0.55704E-01  -0.38419E-01
 0.20893E+00   0.54663E-01  -0.37578E-01
 0.21977E+00   0.53606E-01  -0.36706E-01
 0.23018E+00   0.52546E-01  -0.35806E-01
 0.24018E+00   0.51487E-01  -0.34867E-01
 0.24979E+00   0.50431E-01  -0.33888E-01
 0.25901E+00   0.49377E-01  -0.32866E-01
 0.26787E+00   0.48313E-01  -0.31804E-01
 0.27637E+00   0.47257E-01  -0.30723E-01
 0.28453E+00   0.46214E-01  -0.29649E-01
 0.29238E+00   0.45192E-01  -0.28609E-01
 0.29993E+00   0.44199E-01  -0.27608E-01
 0.30718E+00   0.43237E-01  -0.26630E-01
 0.31415E+00   0.42307E-01  -0.25673E-01
 0.32084E+00   0.41390E-01  -0.24723E-01
 0.32727E+00   0.40472E-01  -0.23769E-01
 0.33344E+00   0.39546E-01  -0.22818E-01
 0.33936E+00   0.38620E-01  -0.21877E-01
 0.34504E+00   0.37687E-01  -0.20946E-01
 0.35050E+00   0.36759E-01  -0.20048E-01
 0.35575E+00   0.35848E-01  -0.19204E-01
 0.36080E+00   0.34957E-01  -0.18412E-01
 0.36565E+00   0.34082E-01  -0.17664E-01
 0.37031E+00   0.33226E-01  -0.16966E-01
 0.37480E+00   0.32391E-01  -0.16318E-01
 0.37912E+00   0.31582E-01  -0.15720E-01
 0.38327E+00   0.30788E-01  -0.15161E-01
 0.38726E+00   0.30011E-01  -0.14634E-01
 0.39109E+00   0.29249E-01  -0.14134E-01
 0.39478E+00   0.28502E-01  -0.13667E-01
 0.39832E+00   0.27769E-01  -0.13223E-01
 0.40172E+00   0.27047E-01  -0.12795E-01
 0.40499E+00   0.26338E-01  -0.12390E-01
 0.40813E+00   0.25649E-01  -0.12017E-01
 0.41115E+00   0.24976E-01  -0.11677E-01
 0.41406E+00   0.24320E-01  -0.11365E-01
 0.41685E+00   0.23681E-01  -0.11071E-01
 0.41953E+00   0.23060E-01  -0.10787E-01
 0.42211E+00   0.22454E-01  -0.10508E-01
 0.42459E+00   0.21864E-01  -0.10247E-01
 0.42697E+00   0.21290E-01  -0.10003E-01
 0.42925E+00   0.20727E-01  -0.97633E-02
 0.43145E+00   0.20175E-01  -0.95248E-02
 0.43355E+00   0.19632E-01  -0.92826E-02
 0.43558E+00   0.19108E-01  -0.90338E-02
 0.43752E+00   0.18615E-01  -0.87790E-02
 0.43939E+00   0.18153E-01  -0.85194E-02
 0.44119E+00   0.17719E-01  -0.82563E-02
 0.44293E+00   0.17323E-01  -0.79923E-02
 0.44460E+00   0.16968E-01  -0.77311E-02
 0.44621E+00   0.16648E-01  -0.74789E-02
 0.44777E+00   0.16358E-01  -0.72412E-02
 0.44927E+00   0.16094E-01  -0.70226E-02
 0.45071E+00   0.15858E-01  -0.68253E-02
 0.45211E+00   0.15662E-01  -0.66472E-02
 0.45346E+00   0.15517E-01  -0.64854E-02
 0.45476E+00   0.15417E-01  -0.63366E-02
 0.45601E+00   0.15353E-01  -0.61972E-02
 0.45722E+00   0.15318E-01  -0.60633E-02
 0.45838E+00   0.15307E-01  -0.59303E-02
 0.45950E+00   0.15318E-01  -0.57944E-02
 0.46057E+00   0.15348E-01  -0.56566E-02
 0.46160E+00   0.15395E-01  -0.55194E-02
 0.46258E+00   0.15457E-01  -0.53849E-02
 0.46353E+00   0.15530E-01  -0.52543E-02
 0.46444E+00   0.15607E-01  -0.51281E-02
 0.46532E+00   0.15685E-01  -0.50064E-02
 0.16050E-02   0.67125E-01  -0.40510E-01
 0.20508E-01   0.66892E-01  -0.40942E-01
 0.38686E-01   0.66613E-01  -0.41279E-01
 0.56164E-01   0.66269E-01  -0.41513E-01
 0.72968E-01   0.65808E-01  -0.41621E-01
 0.89122E-01   0.65215E-01  -0.41595E-01
 0.10465E+00   0.64481E-01  -0.41410E-01
 0.11956E+00   0.63618E-01  -0.41080E-01
 0.13389E+00   0.62664E-01  -0.40612E-01
 0.14766E+00   0.61667E-01  -0.40031E-01
 0.16089E+00   0.60647E-01  -0.39359E-01
 0.17360E+00   0.59624E-01  -0.38631E-01
 0.18582E+00   0.58597E-01  -0.37871E-01
 0.19756E+00   0.57573E-01  -0.37083E-01
 0.20884E+00   0.56521E-01  -0.36264E-01
 0.21967E+00   0.55448E-01  -0.35407E-01
 0.23008E+00   0.54366E-01  -0.34511E-01
 0.24007E+00   0.53282E-01  -0.33571E-01
 0.24967E+00   0.52200E-01  -0.32588E-01
 0.25888E+00   0.51119E-01  -0.31558E-01
 0.26773E+00   0.50040E-01  -0.30501E-01
 0.27623E+00   0.48979E-01  -0.29436E-01
 0.28440E+00   0.47943E-01  -0.28393E-01
 0.29225E+00   0.46932E-01  -0.27388E-01
 0.29979E+00   0.45948E-01  -0.26419E-01
 0.30705E+00   0.44998E-01  -0.25475E-01
 0.31402E+00   0.44071E-01  -0.24537E-01
 0.32071E+00   0.43153E-01  -0.23597E-01
 0.32714E+00   0.42237E-01  -0.22656E-01
 0.33330E+00   0.41316E-01  -0.21717E-01
 0.33922E+00   0.40390E-01  -0.20783E-01
 0.34491E+00   0.39469E-01  -0.19874E-01
 0.35037E+00   0.38566E-01  -0.19019E-01
 0.35563E+00   0.37679E-01  -0.18217E-01
 0.36069E+00   0.36813E-01  -0.17468E-01
 0.36555E+00   0.35965E-01  -0.16765E-01
 0.37022E+00   0.35134E-01  -0.16113E-01
 0.37472E+00   0.34325E-01  -0.15510E-01
 0.37904E+00   0.33535E-01  -0.14943E-01
 0.38319E+00   0.32761E-01  -0.14418E-01
 0.38719E+00   0.32001E-01  -0.13919E-01
 0.39103E+00   0.31256E-01  -0.13443E-01
 0.39472E+00   0.30524E-01  -0.12999E-01
 0.39826E+00   0.29804E-01  -0.12571E-01
 0.40166E+00   0.29094E-01  -0.12154E-01
 0.40494E+00   0.28402E-01  -0.11779E-01
 0.40809E+00   0.27729E-01  -0.11440E-01
 0.41111E+00   0.27073E-01  -0.11129E-01
 0.41402E+00   0.26430E-01  -0.10841E-01
 0.41682E+00   0.25806E-01  -0.10571E-01
 0.41951E+00   0.25198E-01  -0.10311E-01
 0.42209E+00   0.24605E-01  -0.10057E-01
 0.42457E+00   0.24026E-01  -0.98146E-02
 0.42695E+00   0.23462E-01  -0.95801E-02
 0.42924E+00   0.22908E-01  -0.93425E-02
 0.43143E+00   0.22364E-01  -0.91009E-02
 0.43354E+00   0.21830E-01  -0.88573E-02
 0.43556E+00   0.21314E-01  -0.86108E-02
 0.43751E+00   0.20828E-01  -0.83569E-02
 0.43938E+00   0.20373E-01  -0.80967E-02
 0.44118E+00   0.19945E-01  -0.78344E-02
 0.44292E+00   0.19553E-01  -0.75720E-02
 0.44459E+00   0.19202E-01  -0.73131E-02
 0.44620E+00   0.18886E-01  -0.70665E-02
 0.44776E+00   0.18599E-01  -0.68399E-02
 0.44926E+00   0.18338E-01  -0.66384E-02
 0.45071E+00   0.18106E-01  -0.64626E-02
 0.45211E+00   0.17913E-01  -0.63062E-02
 0.45346E+00   0.17768E-01  -0.61623E-02
 0.45476E+00   0.17667E-01  -0.60253E-02
 0.45601E+00   0.17598E-01  -0.58907E-02
 0.45722E+00   0.17558E-01  -0.57556E-02
 0.45838E+00   0.17541E-01  -0.56196E-02
 0.45949E+00   0.17546E-01  -0.54820E-02
 0.46056E+00   0.17569E-01  -0.53447E-02
 0.46159E+00   0.17609E-01  -0.52097E-02
 0.46258E+00   0.17664E-01  -0.50788E-02
 0.46353E+00   0.17730E-01  -0.49527E-02
 0.46444E+00   0.17800E-01  -0.48314E-02
 0.46532E+00   0.17872E-01  -0.47146E-02
 0.16050E-02   0.68367E-01  -0.38439E-01
 0.20498E-01   0.68203E-01  -0.38905E-01
 0.38665E-01   0.67985E-01  -0.39277E-01
 0.56133E-01   0.67716E-01  -0.39562E-01
 0.72929E-01   0.67325E-01  -0.39727E-01
 0.89075E-01   0.66795E-01  -0.39760E-01
 0.10459E+00   0.66103E-01  -0.39626E-01
 0.11950E+00   0.65269E-01  -0.39340E-01
 0.13383E+00   0.64349E-01  -0.38925E-01
 0.14759E+00   0.63370E-01  -0.38387E-01
 0.16082E+00   0.62375E-01  -0.37768E-01
 0.17353E+00   0.61379E-01  -0.37096E-01
 0.18575E+00   0.60378E-01  -0.36395E-01
 0.19748E+00   0.59367E-01  -0.35654E-01
 0.20876E+00   0.58317E-01  -0.34872E-01
 0.21959E+00   0.57235E-01  -0.34035E-01
 0.22998E+00   0.56139E-01  -0.33153E-01
 0.23997E+00   0.55041E-01  -0.32226E-01
 0.24956E+00   0.53944E-01  -0.31253E-01
 0.25877E+00   0.52850E-01  -0.30231E-01
 0.26762E+00   0.51771E-01  -0.29198E-01
 0.27611E+00   0.50720E-01  -0.28168E-01
 0.28428E+00   0.49697E-01  -0.27162E-01
 0.29214E+00   0.48699E-01  -0.26196E-01
 0.29968E+00   0.47728E-01  -0.25264E-01
 0.30694E+00   0.46784E-01  -0.24345E-01
 0.31391E+00   0.45862E-01  -0.23429E-01
 0.32060E+00   0.44947E-01  -0.22504E-01
 0.32702E+00   0.44032E-01  -0.21574E-01
 0.33319E+00   0.43113E-01  -0.20646E-01
 0.33911E+00   0.42198E-01  -0.19734E-01
 0.34480E+00   0.41298E-01  -0.18865E-01
 0.35027E+00   0.40421E-01  -0.18059E-01
 0.35554E+00   0.39560E-01  -0.17306E-01
 0.36060E+00   0.38716E-01  -0.16599E-01
 0.36547E+00   0.37893E-01  -0.15943E-01
 0.37015E+00   0.37084E-01  -0.15331E-01
 0.37465E+00   0.36294E-01  -0.14762E-01
 0.37898E+00   0.35524E-01  -0.14230E-01
 0.38314E+00   0.34766E-01  -0.13731E-01
 0.38714E+00   0.34022E-01  -0.13255E-01
 0.39098E+00   0.33292E-01  -0.12802E-01
 0.39467E+00   0.32570E-01  -0.12363E-01
 0.39821E+00   0.31861E-01  -0.11943E-01
 0.40162E+00   0.31168E-01  -0.11557E-01
 0.40490E+00   0.30493E-01  -0.11216E-01
 0.40805E+00   0.29837E-01  -0.10908E-01
 0.41108E+00   0.29195E-01  -0.10626E-01
 0.41400E+00   0.28567E-01  -0.10363E-01
 0.41680E+00   0.27956E-01  -0.10117E-01
 0.41949E+00   0.27360E-01  -0.98758E-02
 0.42207E+00   0.26778E-01  -0.96380E-02
 0.42455E+00   0.26211E-01  -0.94057E-02
 0.42694E+00   0.25655E-01  -0.91728E-02
 0.42923E+00   0.25110E-01  -0.89324E-02
 0.43142E+00   0.24574E-01  -0.86900E-02
 0.43353E+00   0.24049E-01  -0.84485E-02
 0.43555E+00   0.23542E-01  -0.82047E-02
 0.43750E+00   0.23064E-01  -0.79501E-02
 0.43937E+00   0.22614E-01  -0.76868E-02
 0.44117E+00   0.22192E-01  -0.74227E-02
 0.44291E+00   0.21806E-01  -0.71647E-02
 0.44458E+00   0.21460E-01  -0.69184E-02
 0.44620E+00   0.21149E-01  -0.66887E-02
 0.44776E+00   0.20867E-01  -0.64795E-02
 0.44926E+00   0.20610E-01  -0.62941E-02
 0.45071E+00   0.20380E-01  -0.61320E-02
 0.45211E+00   0.20188E-01  -0.59862E-02
 0.45346E+00   0.20042E-01  -0.58494E-02
 0.45476E+00   0.19938E-01  -0.57167E-02
 0.45601E+00   0.19866E-01  -0.55842E-02
 0.45722E+00   0.19821E-01  -0.54501E-02
 0.45838E+00   0.19798E-01  -0.53155E-02
 0.45949E+00   0.19797E-01  -0.51809E-02
 0.46056E+00   0.19814E-01  -0.50477E-02
 0.46159E+00   0.19847E-01  -0.49169E-02
 0.46258E+00   0.19895E-01  -0.47895E-02
 0.46353E+00   0.19954E-01  -0.46661E-02
 0.46444E+00   0.20017E-01  -0.45468E-02
 0.46532E+00   0.20082E-01  -0.44318E-02
 0.16050E-02   0.69265E-01  -0.36222E-01
 0.20485E-01   0.69164E-01  -0.36706E-01
 0.38640E-01   0.69013E-01  -0.37101E-01
 0.56099E-01   0.68801E-01  -0.37409E-01
 0.72885E-01   0.68483E-01  -0.37612E-01
 0.89022E-01   0.68023E-01  -0.37689E-01
 0.10453E+00   0.67408E-01  -0.37611E-01
 0.11944E+00   0.66643E-01  -0.37387E-01
 0.13376E+00   0.65780E-01  -0.37031E-01
 0.14752E+00   0.64862E-01  -0.36561E-01
 0.16075E+00   0.63935E-01  -0.36020E-01
 0.17346E+00   0.63007E-01  -0.35436E-01
 0.18568E+00   0.62058E-01  -0.34813E-01
 0.19741E+00   0.61079E-01  -0.34133E-01
 0.20868E+00   0.60041E-01  -0.33394E-01
 0.21951E+00   0.58961E-01  -0.32590E-01
 0.22990E+00   0.57863E-01  -0.31734E-01
 0.23988E+00   0.56760E-01  -0.30830E-01
 0.24947E+00   0.55661E-01  -0.29879E-01
 0.25868E+00   0.54573E-01  -0.28891E-01
 0.26752E+00   0.53507E-01  -0.27896E-01
 0.27602E+00   0.52472E-01  -0.26907E-01
 0.28419E+00   0.51467E-01  -0.25945E-01
 0.29205E+00   0.50485E-01  -0.25021E-01
 0.29960E+00   0.49528E-01  -0.24128E-01
 0.30685E+00   0.48593E-01  -0.23239E-01
 0.31382E+00   0.47675E-01  -0.22343E-01
 0.32051E+00   0.46764E-01  -0.21435E-01
 0.32693E+00   0.45851E-01  -0.20516E-01
 0.33309E+00   0.44940E-01  -0.19607E-01
 0.33902E+00   0.44046E-01  -0.18738E-01
 0.34472E+00   0.43174E-01  -0.17925E-01
 0.35020E+00   0.42320E-01  -0.17167E-01
 0.35547E+00   0.41482E-01  -0.16460E-01
 0.36054E+00   0.40660E-01  -0.15797E-01
 0.36541E+00   0.39856E-01  -0.15178E-01
 0.37010E+00   0.39068E-01  -0.14604E-01
 0.37460E+00   0.38295E-01  -0.14067E-01
 0.37894E+00   0.37541E-01  -0.13562E-01
 0.38310E+00   0.36797E-01  -0.13080E-01
 0.38710E+00   0.36066E-01  -0.12621E-01
 0.39094E+00   0.35347E-01  -0.12177E-01
 0.39463E+00   0.34637E-01  -0.11751E-01
 0.39818E+00   0.33943E-01  -0.11353E-01
 0.40159E+00   0.33267E-01  -0.10996E-01
 0.40487E+00   0.32609E-01  -0.10691E-01
 0.40803E+00   0.31969E-01  -0.10412E-01
 0.41106E+00   0.31342E-01  -0.10159E-01
 0.41398E+00   0.30727E-01  -0.99167E-02
 0.41678E+00   0.30127E-01  -0.96843E-02
 0.41947E+00   0.29542E-01  -0.94547E-02
 0.42206E+00   0.28971E-01  -0.92262E-02
 0.42454E+00   0.28412E-01  -0.89928E-02
 0.42692E+00   0.27865E-01  -0.87528E-02
 0.42921E+00   0.27329E-01  -0.85122E-02
 0.43141E+00   0.26803E-01  -0.82755E-02
 0.43352E+00   0.26288E-01  -0.80383E-02
 0.43555E+00   0.25789E-01  -0.77937E-02
 0.43749E+00   0.25318E-01  -0.75390E-02
 0.43937E+00   0.24877E-01  -0.72791E-02
 0.44117E+00   0.24462E-01  -0.70226E-02
 0.44291E+00   0.24082E-01  -0.67762E-02
 0.44458E+00   0.23743E-01  -0.65451E-02
 0.44620E+00   0.23437E-01  -0.63333E-02
 0.44776E+00   0.23159E-01  -0.61429E-02
 0.44926E+00   0.22906E-01  -0.59733E-02
 0.45071E+00   0.22678E-01  -0.58219E-02
 0.45211E+00   0.22487E-01  -0.56829E-02
 0.45346E+00   0.22340E-01  -0.55507E-02
 0.45476E+00   0.22233E-01  -0.54209E-02
 0.45602E+00   0.22157E-01  -0.52904E-02
 0.45722E+00   0.22107E-01  -0.51578E-02
 0.45838E+00   0.22079E-01  -0.50248E-02
 0.45949E+00   0.22072E-01  -0.48923E-02
 0.46056E+00   0.22083E-01  -0.47613E-02
 0.46159E+00   0.22109E-01  -0.46326E-02
 0.46258E+00   0.22150E-01  -0.45066E-02
 0.46353E+00   0.22201E-01  -0.43839E-02
 0.46444E+00   0.22257E-01  -0.42651E-02
 0.46532E+00   0.22314E-01  -0.41503E-02
 0.16050E-02   0.69801E-01  -0.33917E-01
 0.20472E-01   0.69761E-01  -0.34404E-01
 0.38615E-01   0.69687E-01  -0.34811E-01
 0.56061E-01   0.69605E-01  -0.35154E-01
 0.72836E-01   0.69370E-01  -0.35386E-01
 0.88964E-01   0.68969E-01  -0.35489E-01
 0.10447E+00   0.68430E-01  -0.35453E-01
 0.11937E+00   0.67744E-01  -0.35281E-01
 0.13368E+00   0.66968E-01  -0.34987E-01
 0.14745E+00   0.66151E-01  -0.34595E-01
 0.16067E+00   0.65333E-01  -0.34148E-01
 0.17339E+00   0.64499E-01  -0.33659E-01
 0.18560E+00   0.63621E-01  -0.33121E-01
 0.19734E+00   0.62687E-01  -0.32507E-01
 0.20861E+00   0.61678E-01  -0.31822E-01
 0.21943E+00   0.60617E-01  -0.31065E-01
 0.22982E+00   0.59531E-01  -0.30249E-01
 0.23980E+00   0.58439E-01  -0.29382E-01
 0.24938E+00   0.57353E-01  -0.28473E-01
 0.25859E+00   0.56287E-01  -0.27532E-01
 0.26744E+00   0.55243E-01  -0.26585E-01
 0.27594E+00   0.54230E-01  -0.25646E-01
 0.28411E+00   0.53247E-01  -0.24734E-01
 0.29197E+00   0.52288E-01  -0.23861E-01
 0.29952E+00   0.51344E-01  -0.23007E-01
 0.30678E+00   0.50419E-01  -0.22148E-01
 0.31374E+00   0.49506E-01  -0.21271E-01
 0.32043E+00   0.48599E-01  -0.20381E-01
 0.32685E+00   0.47695E-01  -0.19484E-01
 0.33302E+00   0.46804E-01  -0.18619E-01
 0.33895E+00   0.45935E-01  -0.17801E-01
 0.34466E+00   0.45088E-01  -0.17042E-01
 0.35015E+00   0.44257E-01  -0.16332E-01
 0.35542E+00   0.43438E-01  -0.15667E-01
 0.36050E+00   0.42635E-01  -0.15046E-01
 0.36537E+00   0.41849E-01  -0.14461E-01
 0.37006E+00   0.41077E-01  -0.13919E-01
 0.37457E+00   0.40320E-01  -0.13407E-01
 0.37890E+00   0.39580E-01  -0.12922E-01
 0.38306E+00   0.38849E-01  -0.12456E-01
 0.38706E+00   0.38129E-01  -0.12006E-01
 0.39091E+00   0.37422E-01  -0.11572E-01
 0.39460E+00   0.36727E-01  -0.11166E-01
 0.39815E+00   0.36049E-01  -0.10794E-01
 0.40157E+00   0.35390E-01  -0.10474E-01
 0.40485E+00   0.34748E-01  -0.10195E-01
 0.40801E+00   0.34122E-01  -0.99410E-02
 0.41105E+00   0.33508E-01  -0.97058E-02
 0.41397E+00   0.32905E-01  -0.94787E-02
 0.41677E+00   0.32316E-01  -0.92524E-02
 0.41946E+00   0.31740E-01  -0.90214E-02
 0.42205E+00   0.31178E-01  -0.87906E-02
 0.42453E+00   0.30628E-01  -0.85544E-02
 0.42691E+00   0.30090E-01  -0.83147E-02
 0.42920E+00   0.29565E-01  -0.80814E-02
 0.43140E+00   0.29049E-01  -0.78491E-02
 0.43351E+00   0.28544E-01  -0.76138E-02
 0.43554E+00   0.28054E-01  -0.73720E-02
 0.43749E+00   0.27592E-01  -0.71203E-02
 0.43936E+00   0.27159E-01  -0.68671E-02
 0.44117E+00   0.26753E-01  -0.66256E-02
 0.44291E+00   0.26381E-01  -0.63997E-02
 0.44459E+00   0.26049E-01  -0.61906E-02
 0.44621E+00   0.25749E-01  -0.59984E-02
 0.44777E+00   0.25475E-01  -0.58231E-02
 0.44927E+00   0.25225E-01  -0.56643E-02
 0.45072E+00   0.24999E-01  -0.55200E-02
 0.45212E+00   0.24809E-01  -0.53853E-02
 0.45347E+00   0.24661E-01  -0.52554E-02
 0.45477E+00   0.24551E-01  -0.51270E-02
 0.45602E+00   0.24471E-01  -0.49977E-02
 0.45723E+00   0.24416E-01  -0.48666E-02
 0.45838E+00   0.24383E-01  -0.47355E-02
 0.45950E+00   0.24370E-01  -0.46053E-02
 0.46057E+00   0.24374E-01  -0.44766E-02
 0.46159E+00   0.24394E-01  -0.43492E-02
 0.46258E+00   0.24428E-01  -0.42228E-02
 0.46353E+00   0.24471E-01  -0.40983E-02
 0.46444E+00   0.24519E-01  -0.39768E-02
 0.46532E+00   0.24568E-01  -0.38591E-02
 0.16050E-02   0.69999E-01  -0.31582E-01
 0.20459E-01   0.69994E-01  -0.32058E-01
 0.38589E-01   0.69982E-01  -0.32462E-01
 0.56022E-01   0.69952E-01  -0.32804E-01
 0.72786E-01   0.69834E-01  -0.33054E-01
 0.88904E-01   0.69577E-01  -0.33188E-01
 0.10440E+00   0.69154E-01  -0.33191E-01
 0.11929E+00   0.68591E-01  -0.33071E-01
 0.13361E+00   0.67940E-01  -0.32841E-01
 0.14737E+00   0.67259E-01  -0.32531E-01
 0.16060E+00   0.66569E-01  -0.32174E-01
 0.17331E+00   0.65844E-01  -0.31775E-01
 0.18553E+00   0.65051E-01  -0.31319E-01
 0.19726E+00   0.64179E-01  -0.30777E-01
 0.20853E+00   0.63216E-01  -0.30156E-01
 0.21935E+00   0.62189E-01  -0.29455E-01
 0.22974E+00   0.61136E-01  -0.28696E-01
 0.23972E+00   0.60073E-01  -0.27883E-01
 0.24931E+00   0.59019E-01  -0.27032E-01
 0.25852E+00   0.57984E-01  -0.26149E-01
 0.26737E+00   0.56971E-01  -0.25259E-01
 0.27587E+00   0.55991E-01  -0.24382E-01
 0.28405E+00   0.55037E-01  -0.23529E-01
 0.29191E+00   0.54099E-01  -0.22704E-01
 0.29946E+00   0.53171E-01  -0.21890E-01
 0.30672E+00   0.52259E-01  -0.21067E-01
 0.31368E+00   0.51353E-01  -0.20214E-01
 0.32037E+00   0.50456E-01  -0.19349E-01
 0.32679E+00   0.49571E-01  -0.18494E-01
 0.33297E+00   0.48704E-01  -0.17680E-01
 0.33891E+00   0.47858E-01  -0.16914E-01
 0.34462E+00   0.47031E-01  -0.16200E-01
 0.35011E+00   0.46219E-01  -0.15535E-01
 0.35539E+00   0.45419E-01  -0.14911E-01
 0.36046E+00   0.44634E-01  -0.14327E-01
 0.36534E+00   0.43864E-01  -0.13776E-01
 0.37004E+00   0.43108E-01  -0.13260E-01
 0.37454E+00   0.42366E-01  -0.12769E-01
 0.37888E+00   0.41637E-01  -0.12295E-01
 0.38304E+00   0.40917E-01  -0.11839E-01
 0.38704E+00   0.40210E-01  -0.11399E-01
 0.39088E+00   0.39517E-01  -0.10986E-01
 0.39458E+00   0.38837E-01  -0.10604E-01
 0.39813E+00   0.38177E-01  -0.10266E-01
 0.40155E+00   0.37534E-01  -0.99730E-02
 0.40484E+00   0.36906E-01  -0.97173E-02
 0.40800E+00   0.36293E-01  -0.94822E-02
 0.41104E+00   0.35691E-01  -0.92543E-02
 0.41396E+00   0.35098E-01  -0.90304E-02
 0.41676E+00   0.34519E-01  -0.88037E-02
 0.41945E+00   0.33953E-01  -0.85710E-02
 0.42204E+00   0.33400E-01  -0.83384E-02
 0.42452E+00   0.32860E-01  -0.81050E-02
 0.42690E+00   0.32333E-01  -0.78705E-02
 0.42920E+00   0.31818E-01  -0.76381E-02
 0.43139E+00   0.31312E-01  -0.74067E-02
 0.43351E+00   0.30817E-01  -0.71750E-02
 0.43553E+00   0.30338E-01  -0.69406E-02
 0.43749E+00   0.29886E-01  -0.67010E-02
 0.43936E+00   0.29462E-01  -0.64631E-02
 0.44117E+00   0.29065E-01  -0.62383E-02
 0.44291E+00   0.28702E-01  -0.60318E-02
 0.44460E+00   0.28377E-01  -0.58445E-02
 0.44622E+00   0.28083E-01  -0.56717E-02
 0.44778E+00   0.27814E-01  -0.55100E-02
 0.44929E+00   0.27566E-01  -0.53600E-02
 0.45074E+00   0.27343E-01  -0.52211E-02
 0.45213E+00   0.27152E-01  -0.50888E-02
 0.45348E+00   0.27003E-01  -0.49592E-02
 0.45478E+00   0.26890E-01  -0.48305E-02
 0.45603E+00   0.26807E-01  -0.47019E-02
 0.45723E+00   0.26747E-01  -0.45726E-02
 0.45839E+00   0.26709E-01  -0.44431E-02
 0.45950E+00   0.26690E-01  -0.43132E-02
 0.46057E+00   0.26688E-01  -0.41833E-02
 0.46160E+00   0.26700E-01  -0.40533E-02
 0.46258E+00   0.26726E-01  -0.39233E-02
 0.46353E+00   0.26761E-01  -0.37946E-02
 0.46444E+00   0.26801E-01  -0.36684E-02
 0.46532E+00   0.26842E-01  -0.35461E-02
 0.16050E-02   0.70000E-01  -0.29259E-01
 0.20445E-01   0.70000E-01  -0.29720E-01
 0.38562E-01   0.70000E-01  -0.30112E-01
 0.55983E-01   0.70000E-01  -0.30445E-01
 0.72735E-01   0.70000E-01  -0.30696E-01
 0.88843E-01   0.69947E-01  -0.30849E-01
 0.10433E+00   0.69646E-01  -0.30879E-01
 0.11922E+00   0.69234E-01  -0.30804E-01
 0.13353E+00   0.68740E-01  -0.30635E-01
 0.14729E+00   0.68201E-01  -0.30394E-01
 0.16051E+00   0.67641E-01  -0.30113E-01
 0.17323E+00   0.67026E-01  -0.29790E-01
 0.18544E+00   0.66324E-01  -0.29408E-01
 0.19718E+00   0.65529E-01  -0.28936E-01
 0.20845E+00   0.64629E-01  -0.28385E-01
 0.21927E+00   0.63665E-01  -0.27757E-01
 0.22966E+00   0.62670E-01  -0.27071E-01
 0.23965E+00   0.61662E-01  -0.26333E-01
 0.24924E+00   0.60657E-01  -0.25554E-01
 0.25845E+00   0.59664E-01  -0.24739E-01
 0.26730E+00   0.58693E-01  -0.23919E-01
 0.27582E+00   0.57751E-01  -0.23107E-01
 0.28400E+00   0.56829E-01  -0.22316E-01
 0.29186E+00   0.55918E-01  -0.21548E-01
 0.29941E+00   0.55013E-01  -0.20784E-01
 0.30667E+00   0.54112E-01  -0.19993E-01
 0.31363E+00   0.53219E-01  -0.19171E-01
 0.32032E+00   0.52339E-01  -0.18346E-01
 0.32675E+00   0.51475E-01  -0.17537E-01
 0.33293E+00   0.50629E-01  -0.16771E-01
 0.33887E+00   0.49805E-01  -0.16056E-01
 0.34459E+00   0.48998E-01  -0.15389E-01
 0.35008E+00   0.48204E-01  -0.14766E-01
 0.35536E+00   0.47422E-01  -0.14182E-01
 0.36044E+00   0.46653E-01  -0.13632E-01
 0.36532E+00   0.45900E-01  -0.13112E-01
 0.37002E+00   0.45156E-01  -0.12614E-01
 0.37452E+00   0.44426E-01  -0.12138E-01
 0.37886E+00   0.43707E-01  -0.11670E-01
 0.38302E+00   0.43001E-01  -0.11225E-01
 0.38702E+00   0.42307E-01  -0.10803E-01
 0.39087E+00   0.41630E-01  -0.10413E-01
 0.39457E+00   0.40969E-01  -0.10066E-01
 0.39813E+00   0.40325E-01  -0.97585E-02
 0.40155E+00   0.39698E-01  -0.94930E-02
 0.40484E+00   0.39084E-01  -0.92532E-02
 0.40800E+00   0.38483E-01  -0.90272E-02
 0.41104E+00   0.37892E-01  -0.88079E-02
 0.41395E+00   0.37310E-01  -0.85873E-02
 0.41676E+00   0.36740E-01  -0.83574E-02
 0.41945E+00   0.36184E-01  -0.81240E-02
 0.42203E+00   0.35641E-01  -0.78893E-02
 0.42452E+00   0.35111E-01  -0.76539E-02
 0.42690E+00   0.34594E-01  -0.74203E-02
 0.42919E+00   0.34089E-01  -0.71901E-02
 0.43139E+00   0.33593E-01  -0.69599E-02
 0.43350E+00   0.33109E-01  -0.67331E-02
 0.43554E+00   0.32641E-01  -0.65110E-02
 0.43749E+00   0.32200E-01  -0.62864E-02
 0.43937E+00   0.31787E-01  -0.60662E-02
 0.44118E+00   0.31400E-01  -0.58626E-02
 0.44293E+00   0.31045E-01  -0.56766E-02
 0.44461E+00   0.30727E-01  -0.55052E-02
 0.44623E+00   0.30438E-01  -0.53446E-02
 0.44780E+00   0.30173E-01  -0.51924E-02
 0.44930E+00   0.29929E-01  -0.50492E-02
 0.45075E+00   0.29707E-01  -0.49145E-02
 0.45215E+00   0.29517E-01  -0.47848E-02
 0.45350E+00   0.29367E-01  -0.46567E-02
 0.45479E+00   0.29252E-01  -0.45284E-02
 0.45604E+00   0.29164E-01  -0.43987E-02
 0.45724E+00   0.29100E-01  -0.42671E-02
 0.45840E+00   0.29056E-01  -0.41350E-02
 0.45951E+00   0.29031E-01  -0.40030E-02
 0.46058E+00   0.29022E-01  -0.38710E-02
 0.46160E+00   0.29027E-01  -0.37381E-02
 0.46259E+00   0.29045E-01  -0.36034E-02
 0.46353E+00   0.29071E-01  -0.34684E-02
 0.46444E+00   0.29103E-01  -0.33353E-02
 0.46532E+00   0.29136E-01  -0.32057E-02
 0.16050E-02   0.70000E-01  -0.26959E-01
 0.20432E-01   0.70000E-01  -0.27402E-01
 0.38536E-01   0.70000E-01  -0.27780E-01
 0.55944E-01   0.70000E-01  -0.28102E-01
 0.72684E-01   0.70000E-01  -0.28345E-01
 0.88781E-01   0.70000E-01  -0.28497E-01
 0.10426E+00   0.69944E-01  -0.28548E-01
 0.11914E+00   0.69699E-01  -0.28505E-01
 0.13345E+00   0.69361E-01  -0.28381E-01
 0.14720E+00   0.68951E-01  -0.28191E-01
 0.16042E+00   0.68521E-01  -0.27970E-01
 0.17313E+00   0.68030E-01  -0.27715E-01
 0.18535E+00   0.67421E-01  -0.27396E-01
 0.19708E+00   0.66714E-01  -0.26989E-01
 0.20835E+00   0.65911E-01  -0.26519E-01
 0.21918E+00   0.65040E-01  -0.25976E-01
 0.22958E+00   0.64131E-01  -0.25378E-01
 0.23957E+00   0.63198E-01  -0.24728E-01
 0.24916E+00   0.62258E-01  -0.24033E-01
 0.25838E+00   0.61320E-01  -0.23295E-01
 0.26724E+00   0.60399E-01  -0.22549E-01
 0.27576E+00   0.59502E-01  -0.21812E-01
 0.28395E+00   0.58623E-01  -0.21094E-01
 0.29181E+00   0.57747E-01  -0.20394E-01
 0.29937E+00   0.56864E-01  -0.19680E-01
 0.30662E+00   0.55977E-01  -0.18923E-01
 0.31359E+00   0.55098E-01  -0.18137E-01
 0.32028E+00   0.54237E-01  -0.17354E-01
 0.32671E+00   0.53395E-01  -0.16594E-01
 0.33290E+00   0.52574E-01  -0.15882E-01
 0.33884E+00   0.51772E-01  -0.15217E-01
 0.34456E+00   0.50984E-01  -0.14595E-01
 0.35006E+00   0.50208E-01  -0.14012E-01
 0.35535E+00   0.49443E-01  -0.13469E-01
 0.36043E+00   0.48689E-01  -0.12946E-01
 0.36531E+00   0.47948E-01  -0.12448E-01
 0.37000E+00   0.47218E-01  -0.11965E-01
 0.37451E+00   0.46497E-01  -0.11493E-01
 0.37884E+00   0.45791E-01  -0.11039E-01
 0.38300E+00   0.45099E-01  -0.10612E-01
 0.38701E+00   0.44423E-01  -0.10217E-01
 0.39086E+00   0.43764E-01  -0.98609E-02
 0.39456E+00   0.43121E-01  -0.95461E-02
 0.39812E+00   0.42494E-01  -0.92706E-02
 0.40155E+00   0.41881E-01  -0.90246E-02
 0.40484E+00   0.41280E-01  -0.87977E-02
 0.40800E+00   0.40691E-01  -0.85800E-02
 0.41104E+00   0.40111E-01  -0.83635E-02
 0.41395E+00   0.39539E-01  -0.81400E-02
 0.41675E+00   0.38979E-01  -0.79107E-02
 0.41945E+00   0.38433E-01  -0.76769E-02
 0.42203E+00   0.37900E-01  -0.74417E-02
 0.42451E+00   0.37381E-01  -0.72068E-02
 0.42690E+00   0.36874E-01  -0.69730E-02
 0.42919E+00   0.36379E-01  -0.67421E-02
 0.43139E+00   0.35895E-01  -0.65174E-02
 0.43351E+00   0.35422E-01  -0.63004E-02
 0.43554E+00   0.34967E-01  -0.60900E-02
 0.43750E+00   0.34537E-01  -0.58820E-02
 0.43938E+00   0.34135E-01  -0.56823E-02
 0.44119E+00   0.33758E-01  -0.54992E-02
 0.44294E+00   0.33411E-01  -0.53293E-02
 0.44463E+00   0.33099E-01  -0.51680E-02
 0.44625E+00   0.32815E-01  -0.50149E-02
 0.44781E+00   0.32554E-01  -0.48696E-02
 0.44932E+00   0.32312E-01  -0.47311E-02
 0.45077E+00   0.32092E-01  -0.45977E-02
 0.45216E+00   0.31903E-01  -0.44674E-02
 0.45351E+00   0.31752E-01  -0.43382E-02
 0.45481E+00   0.31634E-01  -0.42084E-02
 0.45605E+00   0.31542E-01  -0.40768E-02
 0.45725E+00   0.31473E-01  -0.39426E-02
 0.45841E+00   0.31423E-01  -0.38069E-02
 0.45952E+00   0.31392E-01  -0.36699E-02
 0.46058E+00   0.31375E-01  -0.35322E-02
 0.46161E+00   0.31373E-01  -0.33936E-02
 0.46259E+00   0.31382E-01  -0.32541E-02
 0.46354E+00   0.31401E-01  -0.31152E-02
 0.46445E+00   0.31424E-01  -0.29787E-02
 0.46532E+00   0.31449E-01  -0.28462E-02
 0.16050E-02   0.70000E-01  -0.24682E-01
 0.20419E-01   0.70000E-01  -0.25105E-01
 0.38510E-01   0.70000E-01  -0.25467E-01
 0.55906E-01   0.70000E-01  -0.25775E-01
 0.72634E-01   0.70000E-01  -0.26009E-01
 0.88720E-01   0.69997E-01  -0.26156E-01
 0.10419E+00   0.69998E-01  -0.26208E-01
 0.11906E+00   0.69935E-01  -0.26180E-01
 0.13336E+00   0.69790E-01  -0.26091E-01
 0.14711E+00   0.69545E-01  -0.25947E-01
 0.16032E+00   0.69217E-01  -0.25766E-01
 0.17303E+00   0.68809E-01  -0.25551E-01
 0.18524E+00   0.68314E-01  -0.25288E-01
 0.19697E+00   0.67731E-01  -0.24951E-01
 0.20825E+00   0.67056E-01  -0.24566E-01
 0.21908E+00   0.66306E-01  -0.24116E-01
 0.22949E+00   0.65501E-01  -0.23611E-01
 0.23948E+00   0.64655E-01  -0.23049E-01
 0.24909E+00   0.63791E-01  -0.22439E-01
 0.25831E+00   0.62923E-01  -0.21787E-01
 0.26718E+00   0.62072E-01  -0.21134E-01
 0.27570E+00   0.61240E-01  -0.20489E-01
 0.28390E+00   0.60415E-01  -0.19859E-01
 0.29177E+00   0.59572E-01  -0.19222E-01
 0.29932E+00   0.58710E-01  -0.18552E-01
 0.30658E+00   0.57841E-01  -0.17836E-01
 0.31354E+00   0.56982E-01  -0.17092E-01
 0.32024E+00   0.56144E-01  -0.16358E-01
 0.32668E+00   0.55327E-01  -0.15652E-01
 0.33287E+00   0.54531E-01  -0.14994E-01
 0.33882E+00   0.53751E-01  -0.14380E-01
 0.34454E+00   0.52984E-01  -0.13806E-01
 0.35004E+00   0.52225E-01  -0.13264E-01
 0.35533E+00   0.51475E-01  -0.12752E-01
 0.36041E+00   0.50736E-01  -0.12256E-01
 0.36529E+00   0.50005E-01  -0.11767E-01
 0.36998E+00   0.49286E-01  -0.11293E-01
 0.37449E+00   0.48580E-01  -0.10839E-01
 0.37882E+00   0.47890E-01  -0.10406E-01
 0.38299E+00   0.47215E-01  -0.10006E-01
 0.38700E+00   0.46558E-01  -0.96440E-02
 0.39085E+00   0.45918E-01  -0.93234E-02
 0.39455E+00   0.45292E-01  -0.90391E-02
 0.39812E+00   0.44681E-01  -0.87892E-02
 0.40154E+00   0.44082E-01  -0.85573E-02
 0.40483E+00   0.43493E-01  -0.83399E-02
 0.40800E+00   0.42916E-01  -0.81295E-02
 0.41103E+00   0.42347E-01  -0.79126E-02
 0.41395E+00   0.41786E-01  -0.76881E-02
 0.41675E+00   0.41236E-01  -0.74551E-02
 0.41944E+00   0.40700E-01  -0.72184E-02
 0.42203E+00   0.40178E-01  -0.69817E-02
 0.42451E+00   0.39669E-01  -0.67474E-02
 0.42690E+00   0.39173E-01  -0.65179E-02
 0.42919E+00   0.38691E-01  -0.62963E-02
 0.43140E+00   0.38219E-01  -0.60844E-02
 0.43351E+00   0.37759E-01  -0.58805E-02
 0.43555E+00   0.37315E-01  -0.56824E-02
 0.43751E+00   0.36897E-01  -0.54911E-02
 0.43939E+00   0.36506E-01  -0.53087E-02
 0.44121E+00   0.36138E-01  -0.51371E-02
 0.44296E+00   0.35799E-01  -0.49750E-02
 0.44464E+00   0.35493E-01  -0.48205E-02
 0.44627E+00   0.35213E-01  -0.46735E-02
 0.44783E+00   0.34956E-01  -0.45332E-02
 0.44933E+00   0.34717E-01  -0.43972E-02
 0.45078E+00   0.34499E-01  -0.42638E-02
 0.45218E+00   0.34310E-01  -0.41315E-02
 0.45352E+00   0.34157E-01  -0.39994E-02
 0.45482E+00   0.34036E-01  -0.38658E-02
 0.45606E+00   0.33940E-01  -0.37291E-02
 0.45726E+00   0.33866E-01  -0.35887E-02
 0.45841E+00   0.33810E-01  -0.34459E-02
 0.45952E+00   0.33771E-01  -0.33015E-02
 0.46058E+00   0.33747E-01  -0.31574E-02
 0.46161E+00   0.33737E-01  -0.30152E-02
 0.46259E+00   0.33739E-01  -0.28761E-02
 0.46354E+00   0.33751E-01  -0.27410E-02
 0.46444E+00   0.33768E-01  -0.26103E-02
 0.46532E+00   0.33787E-01  -0.24843E-02
 0.16050E-02   0.70000E-01  -0.22427E-01
 0.20406E-01   0.70000E-01  -0.22829E-01
 0.38485E-01   0.70000E-01  -0.23172E-01
 0.55869E-01   0.70000E-01  -0.23466E-01
 0.72586E-01   0.70000E-01  -0.23688E-01
 0.88660E-01   0.70000E-01  -0.23828E-01
 0.10412E+00   0.70000E-01  -0.23879E-01
 0.11898E+00   0.70000E-01  -0.23856E-01
 0.13327E+00   0.70000E-01  -0.23783E-01
 0.14701E+00   0.69948E-01  -0.23671E-01
 0.16022E+00   0.69766E-01  -0.23525E-01
 0.17292E+00   0.69471E-01  -0.23352E-01
 0.18512E+00   0.69028E-01  -0.23117E-01
 0.19686E+00   0.68570E-01  -0.22835E-01
 0.20813E+00   0.68030E-01  -0.22524E-01
 0.21897E+00   0.67413E-01  -0.22157E-01
 0.22938E+00   0.66725E-01  -0.21738E-01
 0.23938E+00   0.65984E-01  -0.21264E-01
 0.24899E+00   0.65222E-01  -0.20748E-01
 0.25823E+00   0.64462E-01  -0.20208E-01
 0.26711E+00   0.63709E-01  -0.19668E-01
 0.27564E+00   0.62954E-01  -0.19126E-01
 0.28384E+00   0.62179E-01  -0.18574E-01
 0.29171E+00   0.61372E-01  -0.17997E-01
 0.29927E+00   0.60536E-01  -0.17377E-01
 0.30652E+00   0.59691E-01  -0.16709E-01
 0.31349E+00   0.58861E-01  -0.16020E-01
 0.32020E+00   0.58053E-01  -0.15345E-01
 0.32664E+00   0.57265E-01  -0.14698E-01
 0.33283E+00   0.56495E-01  -0.14096E-01
 0.33879E+00   0.55740E-01  -0.13536E-01
 0.34451E+00   0.54993E-01  -0.13008E-01
 0.35002E+00   0.54253E-01  -0.12506E-01
 0.35530E+00   0.53518E-01  -0.12023E-01
 0.36038E+00   0.52788E-01  -0.11538E-01
 0.36526E+00   0.52070E-01  -0.11064E-01
 0.36996E+00   0.51366E-01  -0.10610E-01
 0.37447E+00   0.50677E-01  -0.10179E-01
 0.37880E+00   0.50006E-01  -0.97785E-02
 0.38297E+00   0.49351E-01  -0.94143E-02
 0.38698E+00   0.48713E-01  -0.90880E-02
 0.39084E+00   0.48092E-01  -0.87992E-02
 0.39455E+00   0.47483E-01  -0.85429E-02
 0.39811E+00   0.46886E-01  -0.83049E-02
 0.40154E+00   0.46299E-01  -0.80821E-02
 0.40483E+00   0.45722E-01  -0.78684E-02
 0.40799E+00   0.45157E-01  -0.76577E-02
 0.41103E+00   0.44598E-01  -0.74414E-02
 0.41394E+00   0.44048E-01  -0.72167E-02
 0.41674E+00   0.43509E-01  -0.69834E-02
 0.41944E+00   0.42985E-01  -0.67462E-02
 0.42202E+00   0.42473E-01  -0.65084E-02
 0.42451E+00   0.41976E-01  -0.62793E-02
 0.42689E+00   0.41493E-01  -0.60601E-02
 0.42919E+00   0.41023E-01  -0.58466E-02
 0.43139E+00   0.40564E-01  -0.56468E-02
 0.43352E+00   0.40117E-01  -0.54577E-02
 0.43555E+00   0.39686E-01  -0.52731E-02
 0.43751E+00   0.39279E-01  -0.50931E-02
 0.43940E+00   0.38897E-01  -0.49208E-02
 0.44122E+00   0.38538E-01  -0.47590E-02
 0.44297E+00   0.38207E-01  -0.46057E-02
 0.44465E+00   0.37907E-01  -0.44584E-02
 0.44628E+00   0.37633E-01  -0.43157E-02
 0.44784E+00   0.37379E-01  -0.41765E-02
 0.44934E+00   0.37142E-01  -0.40402E-02
 0.45079E+00   0.36926E-01  -0.39058E-02
 0.45219E+00   0.36737E-01  -0.37710E-02
 0.45353E+00   0.36583E-01  -0.36340E-02
 0.45482E+00   0.36458E-01  -0.34937E-02
 0.45606E+00   0.36357E-01  -0.33500E-02
 0.45726E+00   0.36278E-01  -0.32034E-02
 0.45841E+00   0.36215E-01  -0.30567E-02
 0.45952E+00   0.36170E-01  -0.29114E-02
 0.46058E+00   0.36140E-01  -0.27697E-02
 0.46160E+00   0.36124E-01  -0.26329E-02
 0.46259E+00   0.36121E-01  -0.25021E-02
 0.46353E+00   0.36126E-01  -0.23775E-02
 0.46444E+00   0.36138E-01  -0.22583E-02
 0.46532E+00   0.36151E-01  -0.21440E-02
 0.16050E-02   0.70000E-01  -0.20195E-01
 0.20393E-01   0.70000E-01  -0.20574E-01
 0.38460E-01   0.70000E-01  -0.20899E-01
 0.55833E-01   0.70000E-01  -0.21176E-01
 0.72538E-01   0.70000E-01  -0.21386E-01
 0.88601E-01   0.70000E-01  -0.21519E-01
 0.10405E+00   0.70000E-01  -0.21567E-01
 0.11890E+00   0.69998E-01  -0.21545E-01
 0.13318E+00   0.70000E-01  -0.21476E-01
 0.14691E+00   0.70000E-01  -0.21373E-01
 0.16011E+00   0.69967E-01  -0.21248E-01
 0.17281E+00   0.69783E-01  -0.21090E-01
 0.18501E+00   0.69550E-01  -0.20904E-01
 0.19674E+00   0.69212E-01  -0.20667E-01
 0.20802E+00   0.68811E-01  -0.20413E-01
 0.21885E+00   0.68319E-01  -0.20111E-01
 0.22927E+00   0.67758E-01  -0.19766E-01
 0.23927E+00   0.67155E-01  -0.19384E-01
 0.24889E+00   0.66524E-01  -0.18969E-01
 0.25814E+00   0.65899E-01  -0.18548E-01
 0.26702E+00   0.65253E-01  -0.18117E-01
 0.27556E+00   0.64581E-01  -0.17673E-01
 0.28376E+00   0.63869E-01  -0.17204E-01
 0.29164E+00   0.63108E-01  -0.16696E-01
 0.29920E+00   0.62311E-01  -0.16138E-01
 0.30647E+00   0.61504E-01  -0.15534E-01
 0.31344E+00   0.60712E-01  -0.14912E-01
 0.32015E+00   0.59939E-01  -0.14302E-01
 0.32660E+00   0.59186E-01  -0.13722E-01
 0.33280E+00   0.58446E-01  -0.13182E-01
 0.33876E+00   0.57716E-01  -0.12675E-01
 0.34448E+00   0.56992E-01  -0.12197E-01
 0.34999E+00   0.56270E-01  -0.11734E-01
 0.35528E+00   0.55549E-01  -0.11275E-01
 0.36036E+00   0.54832E-01  -0.10808E-01
 0.36524E+00   0.54128E-01  -0.10353E-01
 0.36993E+00   0.53442E-01  -0.99267E-02
 0.37444E+00   0.52772E-01  -0.95265E-02
 0.37878E+00   0.52122E-01  -0.91643E-02
 0.38296E+00   0.51488E-01  -0.88388E-02
 0.38697E+00   0.50869E-01  -0.85457E-02
 0.39083E+00   0.50264E-01  -0.82792E-02
 0.39454E+00   0.49667E-01  -0.80301E-02
 0.39810E+00   0.49083E-01  -0.77982E-02
 0.40152E+00   0.48508E-01  -0.75785E-02
 0.40482E+00   0.47944E-01  -0.73696E-02
 0.40798E+00   0.47390E-01  -0.71630E-02
 0.41102E+00   0.46844E-01  -0.69497E-02
 0.41393E+00   0.46305E-01  -0.67244E-02
 0.41673E+00   0.45777E-01  -0.64911E-02
 0.41942E+00   0.45264E-01  -0.62572E-02
 0.42201E+00   0.44765E-01  -0.60258E-02
 0.42450E+00   0.44280E-01  -0.58016E-02
 0.42689E+00   0.43809E-01  -0.55899E-02
 0.42918E+00   0.43353E-01  -0.53922E-02
 0.43139E+00   0.42908E-01  -0.52053E-02
 0.43351E+00   0.42473E-01  -0.50271E-02
 0.43556E+00   0.42054E-01  -0.48557E-02
 0.43752E+00   0.41659E-01  -0.46871E-02
 0.43941E+00   0.41287E-01  -0.45239E-02
 0.44123E+00   0.40937E-01  -0.43703E-02
 0.44298E+00   0.40613E-01  -0.42221E-02
 0.44466E+00   0.40319E-01  -0.40760E-02
 0.44628E+00   0.40048E-01  -0.39332E-02
 0.44785E+00   0.39797E-01  -0.37943E-02
 0.44935E+00   0.39564E-01  -0.36572E-02
 0.45080E+00   0.39349E-01  -0.35198E-02
 0.45219E+00   0.39160E-01  -0.33802E-02
 0.45353E+00   0.39003E-01  -0.32370E-02
 0.45482E+00   0.38875E-01  -0.30915E-02
 0.45606E+00   0.38770E-01  -0.29456E-02
 0.45726E+00   0.38686E-01  -0.28007E-02
 0.45841E+00   0.38620E-01  -0.26588E-02
 0.45951E+00   0.38570E-01  -0.25213E-02
 0.46058E+00   0.38535E-01  -0.23891E-02
 0.46160E+00   0.38514E-01  -0.22631E-02
 0.46258E+00   0.38504E-01  -0.21437E-02
 0.46353E+00   0.38504E-01  -0.20306E-02
 0.46444E+00   0.38510E-01  -0.19228E-02
 0.46532E+00   0.38517E-01  -0.18197E-02
 0.16050E-02   0.70000E-01  -0.17984E-01
 0.20382E-01   0.70000E-01  -0.18342E-01
 0.38438E-01   0.70000E-01  -0.18648E-01
 0.55799E-01   0.70000E-01  -0.18909E-01
 0.72494E-01   0.70000E-01  -0.19107E-01
 0.88547E-01   0.70000E-01  -0.19232E-01
 0.10398E+00   0.70000E-01  -0.19277E-01
 0.11883E+00   0.70000E-01  -0.19257E-01
 0.13310E+00   0.70000E-01  -0.19193E-01
 0.14682E+00   0.70000E-01  -0.19096E-01
 0.16001E+00   0.69998E-01  -0.18978E-01
 0.17270E+00   0.69968E-01  -0.18838E-01
 0.18490E+00   0.69885E-01  -0.18678E-01
 0.19662E+00   0.69779E-01  -0.18502E-01
 0.20789E+00   0.69414E-01  -0.18268E-01
 0.21873E+00   0.69045E-01  -0.18017E-01
 0.22914E+00   0.68613E-01  -0.17735E-01
 0.23915E+00   0.68150E-01  -0.17430E-01
 0.24878E+00   0.67666E-01  -0.17110E-01
 0.25803E+00   0.67181E-01  -0.16793E-01
 0.26692E+00   0.66656E-01  -0.16467E-01
 0.27547E+00   0.66082E-01  -0.16120E-01
 0.28368E+00   0.65445E-01  -0.15735E-01
 0.29156E+00   0.64745E-01  -0.15304E-01
 0.29913E+00   0.64003E-01  -0.14823E-01
 0.30639E+00   0.63249E-01  -0.14297E-01
 0.31338E+00   0.62508E-01  -0.13755E-01
 0.32009E+00   0.61780E-01  -0.13222E-01
 0.32655E+00   0.61068E-01  -0.12717E-01
 0.33275E+00   0.60363E-01  -0.12245E-01
 0.33872E+00   0.59665E-01  -0.11804E-01
 0.34445E+00   0.58965E-01  -0.11377E-01
 0.34996E+00   0.58260E-01  -0.10949E-01
 0.35524E+00   0.57552E-01  -0.10510E-01
 0.36032E+00   0.56850E-01  -0.10070E-01
 0.36521E+00   0.56165E-01  -0.96441E-02
 0.36990E+00   0.55499E-01  -0.92546E-02
 0.37442E+00   0.54851E-01  -0.88961E-02
 0.37876E+00   0.54221E-01  -0.85712E-02
 0.38294E+00   0.53604E-01  -0.82697E-02
 0.38695E+00   0.53000E-01  -0.79939E-02
 0.39081E+00   0.52407E-01  -0.77346E-02
 0.39452E+00   0.51823E-01  -0.74919E-02
 0.39808E+00   0.51252E-01  -0.72662E-02
 0.40151E+00   0.50690E-01  -0.70517E-02
 0.40480E+00   0.50138E-01  -0.68497E-02
 0.40796E+00   0.49596E-01  -0.66481E-02
 0.41100E+00   0.49063E-01  -0.64411E-02
 0.41392E+00   0.48535E-01  -0.62166E-02
 0.41672E+00   0.48020E-01  -0.59904E-02
 0.41941E+00   0.47518E-01  -0.57594E-02
 0.42200E+00   0.47032E-01  -0.55365E-02
 0.42449E+00   0.46559E-01  -0.53207E-02
 0.42688E+00   0.46101E-01  -0.51162E-02
 0.42918E+00   0.45659E-01  -0.49335E-02
 0.43139E+00   0.45226E-01  -0.47595E-02
 0.43351E+00   0.44804E-01  -0.45905E-02
 0.43555E+00   0.44397E-01  -0.44271E-02
 0.43752E+00   0.44013E-01  -0.42664E-02
 0.43941E+00   0.43650E-01  -0.41104E-02
 0.44123E+00   0.43309E-01  -0.39620E-02
 0.44298E+00   0.42992E-01  -0.38178E-02
 0.44466E+00   0.42703E-01  -0.36745E-02
 0.44629E+00   0.42437E-01  -0.35314E-02
 0.44785E+00   0.42189E-01  -0.33886E-02
 0.44935E+00   0.41957E-01  -0.32471E-02
 0.45079E+00   0.41743E-01  -0.31069E-02
 0.45219E+00   0.41554E-01  -0.29659E-02
 0.45353E+00   0.41396E-01  -0.28232E-02
 0.45482E+00   0.41266E-01  -0.26808E-02
 0.45606E+00   0.41159E-01  -0.25414E-02
 0.45725E+00   0.41072E-01  -0.24065E-02
 0.45840E+00   0.41002E-01  -0.22768E-02
 0.45951E+00   0.40948E-01  -0.21523E-02
 0.46058E+00   0.40909E-01  -0.20330E-02
 0.46160E+00   0.40882E-01  -0.19185E-02
 0.46258E+00   0.40868E-01  -0.18085E-02
 0.46353E+00   0.40861E-01  -0.17027E-02
 0.46444E+00   0.40860E-01  -0.16011E-02
 0.46532E+00   0.40861E-01  -0.15033E-02
 0.16050E-02   0.70000E-01  -0.15796E-01
 0.20371E-01   0.70000E-01  -0.16132E-01
 0.38415E-01   0.70000E-01  -0.16419E-01
 0.55767E-01   0.70000E-01  -0.16664E-01
 0.72451E-01   0.70000E-01  -0.16850E-01
 0.88495E-01   0.70000E-01  -0.16968E-01
 0.10392E+00   0.70000E-01  -0.17011E-01
 0.11875E+00   0.70000E-01  -0.16992E-01
 0.13302E+00   0.70000E-01  -0.16932E-01
 0.14673E+00   0.70000E-01  -0.16841E-01
 0.15992E+00   0.70000E-01  -0.16731E-01
 0.17260E+00   0.70000E-01  -0.16600E-01
 0.18479E+00   0.70000E-01  -0.16454E-01
 0.19651E+00   0.69984E-01  -0.16297E-01
 0.20778E+00   0.69836E-01  -0.16103E-01
 0.21861E+00   0.69611E-01  -0.15897E-01
 0.22903E+00   0.69327E-01  -0.15672E-01
 0.23904E+00   0.68999E-01  -0.15432E-01
 0.24867E+00   0.68652E-01  -0.15188E-01
 0.25792E+00   0.68289E-01  -0.14948E-01
 0.26682E+00   0.67886E-01  -0.14711E-01
 0.27537E+00   0.67418E-01  -0.14451E-01
 0.28358E+00   0.66870E-01  -0.14151E-01
 0.29147E+00   0.66250E-01  -0.13803E-01
 0.29904E+00   0.65585E-01  -0.13411E-01
 0.30632E+00   0.64905E-01  -0.12977E-01
 0.31331E+00   0.64231E-01  -0.12529E-01
 0.32004E+00   0.63566E-01  -0.12093E-01
 0.32650E+00   0.62911E-01  -0.11685E-01
 0.33271E+00   0.62251E-01  -0.11298E-01
 0.33868E+00   0.61581E-01  -0.10915E-01
 0.34442E+00   0.60901E-01  -0.10525E-01
 0.34992E+00   0.60211E-01  -0.10126E-01
 0.35521E+00   0.59519E-01  -0.97150E-02
 0.36029E+00   0.58839E-01  -0.93125E-02
 0.36518E+00   0.58178E-01  -0.89367E-02
 0.36988E+00   0.57533E-01  -0.85843E-02
 0.37440E+00   0.56905E-01  -0.82584E-02
 0.37874E+00   0.56290E-01  -0.79495E-02
 0.38292E+00   0.55686E-01  -0.76622E-02
 0.38693E+00   0.55094E-01  -0.73898E-02
 0.39079E+00   0.54515E-01  -0.71413E-02
 0.39450E+00   0.53945E-01  -0.69091E-02
 0.39806E+00   0.53388E-01  -0.66962E-02
 0.40149E+00   0.52840E-01  -0.64946E-02
 0.40478E+00   0.52302E-01  -0.63037E-02
 0.40795E+00   0.51774E-01  -0.61086E-02
 0.41098E+00   0.51252E-01  -0.59061E-02
 0.41390E+00   0.50737E-01  -0.56886E-02
 0.41671E+00   0.50235E-01  -0.54695E-02
 0.41940E+00   0.49746E-01  -0.52494E-02
 0.42199E+00   0.49272E-01  -0.50330E-02
 0.42448E+00   0.48812E-01  -0.48259E-02
 0.42687E+00   0.48367E-01  -0.46340E-02
 0.42917E+00   0.47937E-01  -0.44597E-02
 0.43138E+00   0.47518E-01  -0.42963E-02
 0.43351E+00   0.47108E-01  -0.41379E-02
 0.43555E+00   0.46713E-01  -0.39820E-02
 0.43752E+00   0.46339E-01  -0.38292E-02
 0.43941E+00   0.45986E-01  -0.36795E-02
 0.44123E+00   0.45652E-01  -0.35327E-02
 0.44298E+00   0.45342E-01  -0.33881E-02
 0.44467E+00   0.45059E-01  -0.32448E-02
 0.44629E+00   0.44796E-01  -0.31013E-02
 0.44785E+00   0.44551E-01  -0.29578E-02
 0.44935E+00   0.44322E-01  -0.28170E-02
 0.45080E+00   0.44110E-01  -0.26805E-02
 0.45219E+00   0.43923E-01  -0.25460E-02
 0.45353E+00   0.43766E-01  -0.24121E-02
 0.45482E+00   0.43635E-01  -0.22802E-02
 0.45606E+00   0.43525E-01  -0.21526E-02
 0.45725E+00   0.43436E-01  -0.20301E-02
 0.45841E+00   0.43363E-01  -0.19122E-02
 0.45951E+00   0.43305E-01  -0.17980E-02
 0.46058E+00   0.43260E-01  -0.16870E-02
 0.46160E+00   0.43228E-01  -0.15787E-02
 0.46259E+00   0.43207E-01  -0.14723E-02
 0.46353E+00   0.43193E-01  -0.13682E-02
 0.46444E+00   0.43185E-01  -0.12670E-02
 0.46532E+00   0.43179E-01  -0.11692E-02
 0.16050E-02   0.70000E-01  -0.13629E-01
 0.20361E-01   0.70000E-01  -0.13944E-01
 0.38395E-01   0.70000E-01  -0.14212E-01
 0.55738E-01   0.70000E-01  -0.14442E-01
 0.72413E-01   0.70000E-01  -0.14616E-01
 0.88447E-01   0.70000E-01  -0.14726E-01
 0.10387E+00   0.70000E-01  -0.14767E-01
 0.11869E+00   0.70000E-01  -0.14750E-01
 0.13295E+00   0.70000E-01  -0.14693E-01
 0.14665E+00   0.70000E-01  -0.14608E-01
 0.15983E+00   0.70000E-01  -0.14505E-01
 0.17250E+00   0.70000E-01  -0.14383E-01
 0.18469E+00   0.70000E-01  -0.14247E-01
 0.19640E+00   0.70000E-01  -0.14101E-01
 0.20767E+00   0.69980E-01  -0.13925E-01
 0.21850E+00   0.69897E-01  -0.13745E-01
 0.22891E+00   0.69783E-01  -0.13562E-01
 0.23892E+00   0.69615E-01  -0.13375E-01
 0.24855E+00   0.69420E-01  -0.13193E-01
 0.25780E+00   0.69180E-01  -0.13016E-01
 0.26670E+00   0.68895E-01  -0.12846E-01
 0.27525E+00   0.68539E-01  -0.12658E-01
 0.28347E+00   0.68090E-01  -0.12431E-01
 0.29136E+00   0.67579E-01  -0.12172E-01
 0.29895E+00   0.67023E-01  -0.11881E-01
 0.30624E+00   0.66455E-01  -0.11566E-01
 0.31325E+00   0.65888E-01  -0.11249E-01
 0.31998E+00   0.65307E-01  -0.10932E-01
 0.32645E+00   0.64707E-01  -0.10614E-01
 0.33267E+00   0.64083E-01  -0.10289E-01
 0.33864E+00   0.63439E-01  -0.99518E-02
 0.34437E+00   0.62781E-01  -0.96026E-02
 0.34988E+00   0.62115E-01  -0.92452E-02
 0.35517E+00   0.61449E-01  -0.88821E-02
 0.36026E+00   0.60795E-01  -0.85303E-02
 0.36515E+00   0.60155E-01  -0.81901E-02
 0.36985E+00   0.59527E-01  -0.78616E-02
 0.37437E+00   0.58913E-01  -0.75488E-02
 0.37871E+00   0.58311E-01  -0.72504E-02
 0.38289E+00   0.57723E-01  -0.69779E-02
 0.38691E+00   0.57148E-01  -0.67258E-02
 0.39077E+00   0.56587E-01  -0.64985E-02
 0.39448E+00   0.56034E-01  -0.62896E-02
 0.39804E+00   0.55494E-01  -0.60957E-02
 0.40147E+00   0.54961E-01  -0.59114E-02
 0.40476E+00   0.54437E-01  -0.57302E-02
 0.40793E+00   0.53921E-01  -0.55427E-02
 0.41097E+00   0.53411E-01  -0.53398E-02
 0.41388E+00   0.52909E-01  -0.51303E-02
 0.41669E+00   0.52420E-01  -0.49217E-02
 0.41939E+00   0.51944E-01  -0.47104E-02
 0.42198E+00   0.51483E-01  -0.45058E-02
 0.42447E+00   0.51037E-01  -0.43136E-02
 0.42686E+00   0.50607E-01  -0.41363E-02
 0.42917E+00   0.50190E-01  -0.39740E-02
 0.43138E+00   0.49782E-01  -0.38180E-02
 0.43351E+00   0.49384E-01  -0.36642E-02
 0.43555E+00   0.49000E-01  -0.35127E-02
 0.43752E+00   0.48636E-01  -0.33653E-02
 0.43941E+00   0.48293E-01  -0.32208E-02
 0.44123E+00   0.47967E-01  -0.30766E-02
 0.44298E+00   0.47664E-01  -0.29336E-02
 0.44467E+00   0.47386E-01  -0.27930E-02
 0.44629E+00   0.47128E-01  -0.26550E-02
 0.44785E+00   0.46888E-01  -0.25203E-02
 0.44935E+00   0.46663E-01  -0.23901E-02
 0.45080E+00   0.46455E-01  -0.22646E-02
 0.45219E+00   0.46270E-01  -0.21415E-02
 0.45353E+00   0.46113E-01  -0.20193E-02
 0.45482E+00   0.45981E-01  -0.18983E-02
 0.45606E+00   0.45870E-01  -0.17798E-02
 0.45726E+00   0.45777E-01  -0.16639E-02
 0.45841E+00   0.45700E-01  -0.15505E-02
 0.45952E+00   0.45637E-01  -0.14391E-02
 0.46058E+00   0.45586E-01  -0.13295E-02
 0.46160E+00   0.45547E-01  -0.12216E-02
 0.46259E+00   0.45519E-01  -0.11152E-02
 0.46353E+00   0.45498E-01  -0.10107E-02
 0.46444E+00   0.45482E-01  -0.90903E-03
 0.46532E+00   0.45469E-01  -0.81066E-03
 0.16050E-02   0.70000E-01  -0.11484E-01
 0.20351E-01   0.70000E-01  -0.11777E-01
 0.38378E-01   0.70000E-01  -0.12027E-01
 0.55711E-01   0.70000E-01  -0.12241E-01
 0.72377E-01   0.70000E-01  -0.12404E-01
 0.88404E-01   0.70000E-01  -0.12507E-01
 0.10381E+00   0.70000E-01  -0.12545E-01
 0.11863E+00   0.70000E-01  -0.12529E-01
 0.13288E+00   0.70000E-01  -0.12477E-01
 0.14658E+00   0.70000E-01  -0.12398E-01
 0.15975E+00   0.70000E-01  -0.12302E-01
 0.17242E+00   0.70000E-01  -0.12188E-01
 0.18459E+00   0.70000E-01  -0.12061E-01
 0.19630E+00   0.70000E-01  -0.11925E-01
 0.20756E+00   0.70000E-01  -0.11761E-01
 0.21839E+00   0.69991E-01  -0.11596E-01
 0.22880E+00   0.69970E-01  -0.11432E-01
 0.23881E+00   0.69924E-01  -0.11271E-01
 0.24843E+00   0.69852E-01  -0.11122E-01
 0.25768E+00   0.69721E-01  -0.10982E-01
 0.26658E+00   0.69548E-01  -0.10853E-01
 0.27513E+00   0.69319E-01  -0.10717E-01
 0.28335E+00   0.69007E-01  -0.10558E-01
 0.29125E+00   0.68644E-01  -0.10385E-01
 0.29885E+00   0.68259E-01  -0.10212E-01
 0.30615E+00   0.67851E-01  -0.10032E-01
 0.31316E+00   0.67406E-01  -0.98393E-02
 0.31991E+00   0.66906E-01  -0.96195E-02
 0.32638E+00   0.66369E-01  -0.93823E-02
 0.33260E+00   0.65796E-01  -0.91272E-02
 0.33858E+00   0.65198E-01  -0.88584E-02
 0.34432E+00   0.64580E-01  -0.85717E-02
 0.34983E+00   0.63951E-01  -0.82752E-02
 0.35513E+00   0.63316E-01  -0.79648E-02
 0.36022E+00   0.62686E-01  -0.76506E-02
 0.36511E+00   0.62064E-01  -0.73339E-02
 0.36981E+00   0.61457E-01  -0.70313E-02
 0.37434E+00   0.60861E-01  -0.67416E-02
 0.37868E+00   0.60286E-01  -0.64831E-02
 0.38286E+00   0.59720E-01  -0.62435E-02
 0.38688E+00   0.59169E-01  -0.60298E-02
 0.39074E+00   0.58628E-01  -0.58312E-02
 0.39445E+00   0.58094E-01  -0.56465E-02
 0.39802E+00   0.57569E-01  -0.54694E-02
 0.40145E+00   0.57049E-01  -0.52917E-02
 0.40474E+00   0.56536E-01  -0.51114E-02
 0.40791E+00   0.56030E-01  -0.49200E-02
 0.41095E+00   0.55533E-01  -0.47249E-02
 0.41387E+00   0.55044E-01  -0.45250E-02
 0.41667E+00   0.54570E-01  -0.43298E-02
 0.41937E+00   0.54110E-01  -0.41386E-02
 0.42197E+00   0.53665E-01  -0.39553E-02
 0.42446E+00   0.53235E-01  -0.37839E-02
 0.42686E+00   0.52818E-01  -0.36237E-02
 0.42916E+00   0.52414E-01  -0.34696E-02
 0.43138E+00   0.52018E-01  -0.33173E-02
 0.43351E+00   0.51631E-01  -0.31671E-02
 0.43555E+00   0.51259E-01  -0.30210E-02
 0.43752E+00   0.50905E-01  -0.28793E-02
 0.43941E+00   0.50571E-01  -0.27411E-02
 0.44124E+00   0.50255E-01  -0.26049E-02
 0.44299E+00   0.49959E-01  -0.24706E-02
 0.44468E+00   0.49688E-01  -0.23391E-02
 0.44630E+00   0.49436E-01  -0.22127E-02
 0.44786E+00   0.49201E-01  -0.20918E-02
 0.44936E+00   0.48981E-01  -0.19739E-02
 0.45081E+00   0.48776E-01  -0.18572E-02
 0.45220E+00   0.48593E-01  -0.17405E-02
 0.45354E+00   0.48436E-01  -0.16233E-02
 0.45483E+00   0.48302E-01  -0.15063E-02
 0.45607E+00   0.48188E-01  -0.13905E-02
 0.45727E+00   0.48091E-01  -0.12760E-02
 0.45842E+00   0.48008E-01  -0.11626E-02
 0.45952E+00   0.47940E-01  -0.10498E-02
 0.46059E+00   0.47883E-01  -0.93795E-03
 0.46161E+00   0.47837E-01  -0.82742E-03
 0.46259E+00   0.47801E-01  -0.71849E-03
 0.46354E+00   0.47773E-01  -0.61181E-03
 0.46444E+00   0.47750E-01  -0.50807E-03
 0.46532E+00   0.47729E-01  -0.40776E-03
 0.16050E-02   0.70000E-01  -0.93598E-02
 0.20343E-01   0.70000E-01  -0.96319E-02
 0.38361E-01   0.70000E-01  -0.98642E-02
 0.55685E-01   0.70000E-01  -0.10063E-01
 0.72344E-01   0.70000E-01  -0.10214E-01
 0.88363E-01   0.70000E-01  -0.10310E-01
 0.10377E+00   0.70000E-01  -0.10345E-01
 0.11858E+00   0.70000E-01  -0.10330E-01
 0.13282E+00   0.70000E-01  -0.10282E-01
 0.14651E+00   0.70000E-01  -0.10209E-01
 0.15968E+00   0.70000E-01  -0.10120E-01
 0.17234E+00   0.70000E-01  -0.10014E-01
 0.18451E+00   0.70000E-01  -0.98964E-02
 0.19621E+00   0.70000E-01  -0.97711E-02
 0.20747E+00   0.70000E-01  -0.96185E-02
 0.21829E+00   0.70000E-01  -0.94655E-02
 0.22869E+00   0.70000E-01  -0.93133E-02
 0.23869E+00   0.70000E-01  -0.91663E-02
 0.24831E+00   0.69991E-01  -0.90302E-02
 0.25756E+00   0.69955E-01  -0.89088E-02
 0.26646E+00   0.69907E-01  -0.88048E-02
 0.27501E+00   0.69818E-01  -0.87044E-02
 0.28323E+00   0.69676E-01  -0.86020E-02
 0.29114E+00   0.69482E-01  -0.85014E-02
 0.29873E+00   0.69219E-01  -0.83955E-02
 0.30604E+00   0.68919E-01  -0.82838E-02
 0.31306E+00   0.68594E-01  -0.81713E-02
 0.31981E+00   0.68217E-01  -0.80484E-02
 0.32629E+00   0.67788E-01  -0.79079E-02
 0.33252E+00   0.67310E-01  -0.77491E-02
 0.33850E+00   0.66790E-01  -0.75676E-02
 0.34425E+00   0.66236E-01  -0.73605E-02
 0.34977E+00   0.65657E-01  -0.71303E-02
 0.35507E+00   0.65065E-01  -0.68778E-02
 0.36017E+00   0.64471E-01  -0.66108E-02
 0.36506E+00   0.63887E-01  -0.63487E-02
 0.36977E+00   0.63317E-01  -0.61020E-02
 0.37430E+00   0.62761E-01  -0.58754E-02
 0.37865E+00   0.62219E-01  -0.56716E-02
 0.38284E+00   0.61686E-01  -0.54878E-02
 0.38686E+00   0.61159E-01  -0.53103E-02
 0.39072E+00   0.60638E-01  -0.51419E-02
 0.39443E+00   0.60118E-01  -0.49676E-02
 0.39800E+00   0.59604E-01  -0.47913E-02
 0.40143E+00   0.59095E-01  -0.46105E-02
 0.40472E+00   0.58593E-01  -0.44293E-02
 0.40789E+00   0.58099E-01  -0.42425E-02
 0.41093E+00   0.57616E-01  -0.40582E-02
 0.41385E+00   0.57145E-01  -0.38787E-02
 0.41666E+00   0.56687E-01  -0.37061E-02
 0.41936E+00   0.56245E-01  -0.35406E-02
 0.42196E+00   0.55818E-01  -0.33852E-02
 0.42446E+00   0.55404E-01  -0.32350E-02
 0.42686E+00   0.55000E-01  -0.30855E-02
 0.42916E+00   0.54608E-01  -0.29368E-02
 0.43138E+00   0.54223E-01  -0.27889E-02
 0.43351E+00   0.53849E-01  -0.26450E-02
 0.43556E+00   0.53488E-01  -0.25074E-02
 0.43753E+00   0.53146E-01  -0.23747E-02
 0.43942E+00   0.52822E-01  -0.22468E-02
 0.44125E+00   0.52516E-01  -0.21243E-02
 0.44300E+00   0.52230E-01  -0.20043E-02
 0.44469E+00   0.51965E-01  -0.18850E-02
 0.44631E+00   0.51720E-01  -0.17681E-02
 0.44788E+00   0.51489E-01  -0.16540E-02
 0.44938E+00   0.51272E-01  -0.15404E-02
 0.45082E+00   0.51069E-01  -0.14257E-02
 0.45222E+00   0.50887E-01  -0.13098E-02
 0.45355E+00   0.50728E-01  -0.11929E-02
 0.45484E+00   0.50592E-01  -0.10752E-02
 0.45608E+00   0.50474E-01  -0.95723E-03
 0.45728E+00   0.50372E-01  -0.83926E-03
 0.45843E+00   0.50284E-01  -0.72216E-03
 0.45953E+00   0.50209E-01  -0.60620E-03
 0.46059E+00   0.50146E-01  -0.49165E-03
 0.46161E+00   0.50093E-01  -0.37840E-03
 0.46259E+00   0.50049E-01  -0.26632E-03
 0.46354E+00   0.50013E-01  -0.15609E-03
 0.46445E+00   0.49982E-01  -0.48596E-04
 0.46532E+00   0.49954E-01   0.55458E-04
 0.16050E-02   0.70000E-01  -0.72568E-02
 0.20335E-01   0.70000E-01  -0.75080E-02
 0.38344E-01   0.70000E-01  -0.77226E-02
 0.55661E-01   0.70000E-01  -0.79061E-02
 0.72313E-01   0.70000E-01  -0.80456E-02
 0.88324E-01   0.70000E-01  -0.81343E-02
 0.10372E+00   0.70000E-01  -0.81671E-02
 0.11852E+00   0.70000E-01  -0.81537E-02
 0.13276E+00   0.70000E-01  -0.81090E-02
 0.14644E+00   0.70000E-01  -0.80417E-02
 0.15960E+00   0.70000E-01  -0.79593E-02
 0.17226E+00   0.70000E-01  -0.78618E-02
 0.18443E+00   0.70000E-01  -0.77532E-02
 0.19612E+00   0.70000E-01  -0.76380E-02
 0.20737E+00   0.70000E-01  -0.74970E-02
 0.21819E+00   0.70000E-01  -0.73557E-02
 0.22859E+00   0.69998E-01  -0.72152E-02
 0.23859E+00   0.69996E-01  -0.70794E-02
 0.24820E+00   0.70000E-01  -0.69537E-02
 0.25745E+00   0.70000E-01  -0.68424E-02
 0.26634E+00   0.70000E-01  -0.67491E-02
 0.27489E+00   0.70000E-01  -0.66666E-02
 0.28311E+00   0.69996E-01  -0.65894E-02
 0.29101E+00   0.69919E-01  -0.65165E-02
 0.29861E+00   0.69779E-01  -0.64436E-02
 0.30591E+00   0.69608E-01  -0.63749E-02
 0.31294E+00   0.69417E-01  -0.63180E-02
 0.31969E+00   0.69173E-01  -0.62622E-02
 0.32618E+00   0.68870E-01  -0.61979E-02
 0.33241E+00   0.68511E-01  -0.61208E-02
 0.33840E+00   0.68098E-01  -0.60225E-02
 0.34416E+00   0.67641E-01  -0.58984E-02
 0.34969E+00   0.67150E-01  -0.57502E-02
 0.35500E+00   0.66641E-01  -0.55852E-02
 0.36011E+00   0.66129E-01  -0.54147E-02
 0.36502E+00   0.65620E-01  -0.52502E-02
 0.36973E+00   0.65113E-01  -0.50951E-02
 0.37427E+00   0.64611E-01  -0.49525E-02
 0.37862E+00   0.64104E-01  -0.48045E-02
 0.38281E+00   0.63597E-01  -0.46554E-02
 0.38683E+00   0.63089E-01  -0.44997E-02
 0.39070E+00   0.62582E-01  -0.43390E-02
 0.39441E+00   0.62076E-01  -0.41714E-02
 0.39798E+00   0.61576E-01  -0.40028E-02
 0.40141E+00   0.61082E-01  -0.38321E-02
 0.40470E+00   0.60597E-01  -0.36662E-02
 0.40787E+00   0.60124E-01  -0.35033E-02
 0.41092E+00   0.59661E-01  -0.33471E-02
 0.41384E+00   0.59211E-01  -0.31999E-02
 0.41666E+00   0.58773E-01  -0.30535E-02
 0.41936E+00   0.58347E-01  -0.29099E-02
 0.42196E+00   0.57934E-01  -0.27668E-02
 0.42446E+00   0.57532E-01  -0.26235E-02
 0.42686E+00   0.57141E-01  -0.24804E-02
 0.42917E+00   0.56761E-01  -0.23384E-02
 0.43138E+00   0.56390E-01  -0.22021E-02
 0.43352E+00   0.56030E-01  -0.20735E-02
 0.43557E+00   0.55683E-01  -0.19517E-02
 0.43754E+00   0.55354E-01  -0.18341E-02
 0.43944E+00   0.55041E-01  -0.17195E-02
 0.44126E+00   0.54745E-01  -0.16072E-02
 0.44302E+00   0.54467E-01  -0.14954E-02
 0.44470E+00   0.54209E-01  -0.13830E-02
 0.44633E+00   0.53968E-01  -0.12701E-02
 0.44789E+00   0.53741E-01  -0.11570E-02
 0.44939E+00   0.53526E-01  -0.10436E-02
 0.45084E+00   0.53325E-01  -0.92968E-03
 0.45223E+00   0.53143E-01  -0.81350E-03
 0.45357E+00   0.52983E-01  -0.69405E-03
 0.45486E+00   0.52844E-01  -0.57263E-03
 0.45609E+00   0.52722E-01  -0.45094E-03
 0.45729E+00   0.52615E-01  -0.32980E-03
 0.45843E+00   0.52521E-01  -0.20979E-03
 0.45954E+00   0.52440E-01  -0.90975E-04
 0.46060E+00   0.52370E-01   0.26487E-04
 0.46162E+00   0.52309E-01   0.14272E-03
 0.46260E+00   0.52259E-01   0.25788E-03
 0.46354E+00   0.52215E-01   0.37122E-03
 0.46445E+00   0.52176E-01   0.48180E-03
 0.46532E+00   0.52140E-01   0.58886E-03
 0.16050E-02   0.70000E-01  -0.51746E-02
 0.20327E-01   0.70000E-01  -0.54052E-02
 0.38328E-01   0.70000E-01  -0.56022E-02
 0.55638E-01   0.70000E-01  -0.57707E-02
 0.72282E-01   0.70000E-01  -0.58988E-02
 0.88287E-01   0.70000E-01  -0.59804E-02
 0.10368E+00   0.70000E-01  -0.60106E-02
 0.11847E+00   0.70000E-01  -0.59984E-02
 0.13270E+00   0.70000E-01  -0.59575E-02
 0.14638E+00   0.70000E-01  -0.58958E-02
 0.15954E+00   0.70000E-01  -0.58202E-02
 0.17218E+00   0.70000E-01  -0.57308E-02
 0.18435E+00   0.70000E-01  -0.56312E-02
 0.19604E+00   0.70000E-01  -0.55257E-02
 0.20728E+00   0.70000E-01  -0.53962E-02
 0.21810E+00   0.70000E-01  -0.52666E-02
 0.22849E+00   0.70000E-01  -0.51376E-02
 0.23849E+00   0.70000E-01  -0.50129E-02
 0.24810E+00   0.70000E-01  -0.48975E-02
 0.25734E+00   0.70000E-01  -0.47951E-02
 0.26623E+00   0.70000E-01  -0.47093E-02
 0.27477E+00   0.70000E-01  -0.46336E-02
 0.28299E+00   0.70000E-01  -0.45626E-02
 0.29089E+00   0.69996E-01  -0.44979E-02
 0.29848E+00   0.69978E-01  -0.44398E-02
 0.30579E+00   0.69932E-01  -0.43920E-02
 0.31281E+00   0.69837E-01  -0.43553E-02
 0.31956E+00   0.69693E-01  -0.43252E-02
 0.32605E+00   0.69504E-01  -0.42980E-02
 0.33229E+00   0.69271E-01  -0.42682E-02
 0.33829E+00   0.68990E-01  -0.42294E-02
 0.34405E+00   0.68674E-01  -0.41796E-02
 0.34959E+00   0.68328E-01  -0.41227E-02
 0.35492E+00   0.67961E-01  -0.40639E-02
 0.36003E+00   0.67571E-01  -0.40004E-02
 0.36495E+00   0.67162E-01  -0.39355E-02
 0.36967E+00   0.66731E-01  -0.38612E-02
 0.37421E+00   0.66284E-01  -0.37783E-02
 0.37857E+00   0.65821E-01  -0.36785E-02
 0.38277E+00   0.65351E-01  -0.35706E-02
 0.38679E+00   0.64874E-01  -0.34467E-02
 0.39066E+00   0.64396E-01  -0.33152E-02
 0.39438E+00   0.63920E-01  -0.31815E-02
 0.39795E+00   0.63449E-01  -0.30458E-02
 0.40138E+00   0.62987E-01  -0.29169E-02
 0.40468E+00   0.62530E-01  -0.27889E-02
 0.40785E+00   0.62084E-01  -0.26631E-02
 0.41090E+00   0.61645E-01  -0.25393E-02
 0.41383E+00   0.61213E-01  -0.24110E-02
 0.41665E+00   0.60791E-01  -0.22785E-02
 0.41935E+00   0.60381E-01  -0.21464E-02
 0.42195E+00   0.59982E-01  -0.20126E-02
 0.42445E+00   0.59595E-01  -0.18796E-02
 0.42686E+00   0.59220E-01  -0.17512E-02
 0.42917E+00   0.58857E-01  -0.16291E-02
 0.43139E+00   0.58504E-01  -0.15139E-02
 0.43352E+00   0.58160E-01  -0.14059E-02
 0.43558E+00   0.57829E-01  -0.13031E-02
 0.43755E+00   0.57513E-01  -0.12004E-02
 0.43945E+00   0.57212E-01  -0.10971E-02
 0.44127E+00   0.56925E-01  -0.99410E-03
 0.44303E+00   0.56656E-01  -0.88949E-03
 0.44472E+00   0.56404E-01  -0.78178E-03
 0.44634E+00   0.56168E-01  -0.67136E-03
 0.44791E+00   0.55944E-01  -0.55906E-03
 0.44941E+00   0.55731E-01  -0.44590E-03
 0.45085E+00   0.55532E-01  -0.33186E-03
 0.45224E+00   0.55350E-01  -0.21480E-03
 0.45358E+00   0.55189E-01  -0.93479E-04
 0.45487E+00   0.55047E-01   0.30179E-04
 0.45611E+00   0.54921E-01   0.15373E-03
 0.45730E+00   0.54809E-01   0.27643E-03
 0.45844E+00   0.54710E-01   0.39849E-03
 0.45954E+00   0.54622E-01   0.52050E-03
 0.46060E+00   0.54545E-01   0.64189E-03
 0.46162E+00   0.54477E-01   0.76209E-03
 0.46260E+00   0.54418E-01   0.88064E-03
 0.46354E+00   0.54367E-01   0.99675E-03
 0.46445E+00   0.54320E-01   0.11097E-02
 0.46532E+00   0.54276E-01   0.12189E-02
 0.16050E-02   0.70000E-01  -0.31130E-02
 0.20319E-01   0.70000E-01  -0.33233E-02
 0.38313E-01   0.70000E-01  -0.35029E-02
 0.55615E-01   0.70000E-01  -0.36565E-02
 0.72253E-01   0.70000E-01  -0.37734E-02
 0.88251E-01   0.70000E-01  -0.38478E-02
 0.10363E+00   0.70000E-01  -0.38754E-02
 0.11842E+00   0.70000E-01  -0.38644E-02
 0.13265E+00   0.70000E-01  -0.38272E-02
 0.14632E+00   0.70000E-01  -0.37712E-02
 0.15947E+00   0.70000E-01  -0.37022E-02
 0.17211E+00   0.70000E-01  -0.36208E-02
 0.18427E+00   0.70000E-01  -0.35300E-02
 0.19596E+00   0.70000E-01  -0.34342E-02
 0.20720E+00   0.70000E-01  -0.33160E-02
 0.21801E+00   0.70000E-01  -0.31979E-02
 0.22840E+00   0.70000E-01  -0.30804E-02
 0.23839E+00   0.70000E-01  -0.29666E-02
 0.24800E+00   0.70000E-01  -0.28613E-02
 0.25723E+00   0.70000E-01  -0.27679E-02
 0.26612E+00   0.70000E-01  -0.26896E-02
 0.27466E+00   0.70000E-01  -0.26205E-02
 0.28287E+00   0.70000E-01  -0.25558E-02
 0.29077E+00   0.70000E-01  -0.24968E-02
 0.29836E+00   0.70000E-01  -0.24439E-02
 0.30566E+00   0.69992E-01  -0.24015E-02
 0.31268E+00   0.69960E-01  -0.23708E-02
 0.31943E+00   0.69902E-01  -0.23496E-02
 0.32592E+00   0.69810E-01  -0.23359E-02
 0.33216E+00   0.69685E-01  -0.23259E-02
 0.33816E+00   0.69529E-01  -0.23173E-02
 0.34393E+00   0.69340E-01  -0.23072E-02
 0.34947E+00   0.69122E-01  -0.22997E-02
 0.35480E+00   0.68874E-01  -0.22938E-02
 0.35992E+00   0.68595E-01  -0.22867E-02
 0.36485E+00   0.68284E-01  -0.22758E-02
 0.36958E+00   0.67946E-01  -0.22579E-02
 0.37412E+00   0.67584E-01  -0.22301E-02
 0.37849E+00   0.67206E-01  -0.21909E-02
 0.38269E+00   0.66810E-01  -0.21405E-02
 0.38672E+00   0.66408E-01  -0.20820E-02
 0.39060E+00   0.65997E-01  -0.20148E-02
 0.39432E+00   0.65582E-01  -0.19432E-02
 0.39790E+00   0.65163E-01  -0.18637E-02
 0.40134E+00   0.64740E-01  -0.17765E-02
 0.40464E+00   0.64318E-01  -0.16860E-02
 0.40782E+00   0.63901E-01  -0.15891E-02
 0.41087E+00   0.63487E-01  -0.14876E-02
 0.41380E+00   0.63079E-01  -0.13816E-02
 0.41662E+00   0.62682E-01  -0.12743E-02
 0.41933E+00   0.62297E-01  -0.11673E-02
 0.42193E+00   0.61923E-01  -0.10625E-02
 0.42444E+00   0.61562E-01  -0.96013E-03
 0.42685E+00   0.61211E-01  -0.86197E-03
 0.42916E+00   0.60873E-01  -0.77027E-03
 0.43139E+00   0.60541E-01  -0.68252E-03
 0.43352E+00   0.60217E-01  -0.59751E-03
 0.43558E+00   0.59904E-01  -0.51329E-03
 0.43756E+00   0.59602E-01  -0.42529E-03
 0.43946E+00   0.59314E-01  -0.33318E-03
 0.44128E+00   0.59037E-01  -0.23856E-03
 0.44304E+00   0.58776E-01  -0.14088E-03
 0.44473E+00   0.58532E-01  -0.39395E-04
 0.44636E+00   0.58301E-01   0.66400E-04
 0.44792E+00   0.58081E-01   0.17612E-03
 0.44942E+00   0.57872E-01   0.28832E-03
 0.45086E+00   0.57674E-01   0.40227E-03
 0.45225E+00   0.57493E-01   0.51884E-03
 0.45359E+00   0.57331E-01   0.63862E-03
 0.45488E+00   0.57187E-01   0.76110E-03
 0.45611E+00   0.57057E-01   0.88542E-03
 0.45730E+00   0.56940E-01   0.10108E-02
 0.45845E+00   0.56835E-01   0.11357E-02
 0.45955E+00   0.56741E-01   0.12593E-02
 0.46061E+00   0.56658E-01   0.13811E-02
 0.46162E+00   0.56583E-01   0.15010E-02
 0.46260E+00   0.56518E-01   0.16191E-02
 0.46354E+00   0.56459E-01   0.17348E-02
 0.46445E+00   0.56405E-01   0.18474E-02
 0.46532E+00   0.56355E-01   0.19562E-02
 0.16050E-02   0.70000E-01  -0.10718E-02
 0.20312E-01   0.70000E-01  -0.12619E-02
 0.38299E-01   0.70000E-01  -0.14243E-02
 0.55595E-01   0.70000E-01  -0.15632E-02
 0.72226E-01   0.70000E-01  -0.16690E-02
 0.88218E-01   0.70000E-01  -0.17363E-02
 0.10359E+00   0.70000E-01  -0.17614E-02
 0.11838E+00   0.70000E-01  -0.17515E-02
 0.13260E+00   0.70000E-01  -0.17180E-02
 0.14627E+00   0.70000E-01  -0.16675E-02
 0.15941E+00   0.70000E-01  -0.16051E-02
 0.17205E+00   0.70000E-01  -0.15315E-02
 0.18420E+00   0.70000E-01  -0.14495E-02
 0.19589E+00   0.70000E-01  -0.13631E-02
 0.20712E+00   0.70000E-01  -0.12562E-02
 0.21792E+00   0.70000E-01  -0.11494E-02
 0.22831E+00   0.70000E-01  -0.10432E-02
 0.23830E+00   0.70000E-01  -0.94035E-03
 0.24790E+00   0.70000E-01  -0.84507E-03
 0.25714E+00   0.70000E-01  -0.76054E-03
 0.26602E+00   0.70000E-01  -0.68959E-03
 0.27455E+00   0.70000E-01  -0.62709E-03
 0.28276E+00   0.70000E-01  -0.56856E-03
 0.29066E+00   0.70000E-01  -0.51515E-03
 0.29825E+00   0.70000E-01  -0.46731E-03
 0.30555E+00   0.69998E-01  -0.42884E-03
 0.31256E+00   0.69995E-01  -0.40120E-03
 0.31931E+00   0.69984E-01  -0.38309E-03
 0.32580E+00   0.69953E-01  -0.37363E-03
 0.33204E+00   0.69906E-01  -0.37075E-03
 0.33804E+00   0.69841E-01  -0.37394E-03
 0.34380E+00   0.69746E-01  -0.37968E-03
 0.34935E+00   0.69627E-01  -0.39311E-03
 0.35468E+00   0.69483E-01  -0.41397E-03
 0.35980E+00   0.69309E-01  -0.43890E-03
 0.36473E+00   0.69102E-01  -0.46451E-03
 0.36946E+00   0.68868E-01  -0.48829E-03
 0.37402E+00   0.68606E-01  -0.50660E-03
 0.37839E+00   0.68321E-01  -0.51532E-03
 0.38259E+00   0.68012E-01  -0.51460E-03
 0.38663E+00   0.67686E-01  -0.50285E-03
 0.39051E+00   0.67346E-01  -0.48295E-03
 0.39424E+00   0.66991E-01  -0.45240E-03
 0.39783E+00   0.66630E-01  -0.41418E-03
 0.40127E+00   0.66258E-01  -0.36646E-03
 0.40458E+00   0.65885E-01  -0.31468E-03
 0.40776E+00   0.65513E-01  -0.25631E-03
 0.41082E+00   0.65143E-01  -0.19311E-03
 0.41376E+00   0.64777E-01  -0.12511E-03
 0.41658E+00   0.64418E-01  -0.54557E-04
 0.41929E+00   0.64071E-01   0.13981E-04
 0.42190E+00   0.63734E-01   0.80466E-04
 0.42441E+00   0.63405E-01   0.14728E-03
 0.42683E+00   0.63085E-01   0.21297E-03
 0.42914E+00   0.62774E-01   0.27477E-03
 0.43137E+00   0.62467E-01   0.33833E-03
 0.43351E+00   0.62165E-01   0.40362E-03
 0.43557E+00   0.61870E-01   0.46992E-03
 0.43755E+00   0.61587E-01   0.54167E-03
 0.43945E+00   0.61313E-01   0.61967E-03
 0.44128E+00   0.61050E-01   0.70272E-03
 0.44304E+00   0.60800E-01   0.79088E-03
 0.44473E+00   0.60564E-01   0.88438E-03
 0.44636E+00   0.60340E-01   0.98347E-03
 0.44792E+00   0.60126E-01   0.10873E-02
 0.44942E+00   0.59921E-01   0.11938E-02
 0.45087E+00   0.59728E-01   0.13022E-02
 0.45226E+00   0.59549E-01   0.14146E-02
 0.45359E+00   0.59387E-01   0.15321E-02
 0.45488E+00   0.59241E-01   0.16532E-02
 0.45612E+00   0.59108E-01   0.17755E-02
 0.45730E+00   0.58988E-01   0.18981E-02
 0.45845E+00   0.58879E-01   0.20199E-02
 0.45955E+00   0.58781E-01   0.21407E-02
 0.46061E+00   0.58692E-01   0.22596E-02
 0.46162E+00   0.58613E-01   0.23757E-02
 0.46260E+00   0.58543E-01   0.24883E-02
 0.46354E+00   0.58480E-01   0.25971E-02
 0.46445E+00   0.58422E-01   0.27020E-02
 0.46532E+00   0.58368E-01   0.28030E-02
 0.16050E-02   0.70000E-01   0.94916E-03
 0.20305E-01   0.70000E-01   0.77898E-03
 0.38286E-01   0.70000E-01   0.63359E-03
 0.55577E-01   0.70000E-01   0.50922E-03
 0.72202E-01   0.70000E-01   0.41454E-03
 0.88187E-01   0.70000E-01   0.35422E-03
 0.10356E+00   0.70000E-01   0.33167E-03
 0.11834E+00   0.70000E-01   0.34045E-03
 0.13255E+00   0.70000E-01   0.37040E-03
 0.14621E+00   0.70000E-01   0.41545E-03
 0.15935E+00   0.70000E-01   0.47136E-03
 0.17199E+00   0.70000E-01   0.53715E-03
 0.18413E+00   0.70000E-01   0.61054E-03
 0.19581E+00   0.70000E-01   0.68767E-03
 0.20705E+00   0.70000E-01   0.78344E-03
 0.21784E+00   0.70000E-01   0.87894E-03
 0.22823E+00   0.70000E-01   0.97404E-03
 0.23821E+00   0.70000E-01   0.10661E-02
 0.24781E+00   0.70000E-01   0.11514E-02
 0.25704E+00   0.70000E-01   0.12272E-02
 0.26592E+00   0.70000E-01   0.12908E-02
 0.27445E+00   0.70000E-01   0.13467E-02
 0.28266E+00   0.70000E-01   0.13992E-02
 0.29055E+00   0.70000E-01   0.14470E-02
 0.29814E+00   0.70000E-01   0.14899E-02
 0.30544E+00   0.70000E-01   0.15245E-02
 0.31245E+00   0.70000E-01   0.15493E-02
 0.31920E+00   0.70000E-01   0.15655E-02
 0.32568E+00   0.70000E-01   0.15734E-02
 0.33192E+00   0.70000E-01   0.15734E-02
 0.33791E+00   0.69998E-01   0.15675E-02
 0.34368E+00   0.69991E-01   0.15546E-02
 0.34922E+00   0.69930E-01   0.15354E-02
 0.35455E+00   0.69848E-01   0.15077E-02
 0.35968E+00   0.69746E-01   0.14728E-02
 0.36461E+00   0.69617E-01   0.14340E-02
 0.36934E+00   0.69472E-01   0.13916E-02
 0.37390E+00   0.69299E-01   0.13511E-02
 0.37827E+00   0.69102E-01   0.13164E-02
 0.38248E+00   0.68884E-01   0.12859E-02
 0.38652E+00   0.68646E-01   0.12631E-02
 0.39041E+00   0.68391E-01   0.12467E-02
 0.39415E+00   0.68117E-01   0.12381E-02
 0.39774E+00   0.67831E-01   0.12358E-02
 0.40119E+00   0.67533E-01   0.12405E-02
 0.40450E+00   0.67225E-01   0.12526E-02
 0.40769E+00   0.66915E-01   0.12699E-02
 0.41075E+00   0.66601E-01   0.12935E-02
 0.41369E+00   0.66289E-01   0.13202E-02
 0.41652E+00   0.65979E-01   0.13519E-02
 0.41924E+00   0.65674E-01   0.13874E-02
 0.42186E+00   0.65375E-01   0.14239E-02
 0.42437E+00   0.65082E-01   0.14615E-02
 0.42678E+00   0.64795E-01   0.15003E-02
 0.42911E+00   0.64513E-01   0.15391E-02
 0.43134E+00   0.64234E-01   0.15805E-02
 0.43348E+00   0.63957E-01   0.16260E-02
 0.43554E+00   0.63685E-01   0.16758E-02
 0.43753E+00   0.63423E-01   0.17303E-02
 0.43943E+00   0.63169E-01   0.17908E-02
 0.44126E+00   0.62924E-01   0.18585E-02
 0.44302E+00   0.62688E-01   0.19334E-02
 0.44472E+00   0.62465E-01   0.20149E-02
 0.44634E+00   0.62252E-01   0.21024E-02
 0.44791E+00   0.62048E-01   0.21946E-02
 0.44941E+00   0.61852E-01   0.22899E-02
 0.45086E+00   0.61666E-01   0.23880E-02
 0.45225E+00   0.61493E-01   0.24906E-02
 0.45358E+00   0.61334E-01   0.25987E-02
 0.45487E+00   0.61191E-01   0.27102E-02
 0.45611E+00   0.61060E-01   0.28223E-02
 0.45730E+00   0.60941E-01   0.29338E-02
 0.45844E+00   0.60833E-01   0.30438E-02
 0.45954E+00   0.60735E-01   0.31523E-02
 0.46060E+00   0.60646E-01   0.32586E-02
 0.46162E+00   0.60567E-01   0.33620E-02
 0.46260E+00   0.60495E-01   0.34624E-02
 0.46354E+00   0.60431E-01   0.35593E-02
 0.46445E+00   0.60371E-01   0.36527E-02
 0.46532E+00   0.60315E-01   0.37427E-02
 0.16050E-02   0.70000E-01   0.29501E-02
 0.20299E-01   0.70000E-01   0.27997E-02
 0.38275E-01   0.70000E-01   0.26711E-02
 0.55559E-01   0.70000E-01   0.25611E-02
 0.72179E-01   0.70000E-01   0.24774E-02
 0.88159E-01   0.70000E-01   0.24240E-02
 0.10352E+00   0.70000E-01   0.24040E-02
 0.11830E+00   0.70000E-01   0.24117E-02
 0.13251E+00   0.70000E-01   0.24382E-02
 0.14617E+00   0.70000E-01   0.24778E-02
 0.15930E+00   0.70000E-01   0.25273E-02
 0.17193E+00   0.70000E-01   0.25854E-02
 0.18407E+00   0.70000E-01   0.26503E-02
 0.19575E+00   0.70000E-01   0.27183E-02
 0.20698E+00   0.70000E-01   0.28030E-02
 0.21777E+00   0.70000E-01   0.28875E-02
 0.22815E+00   0.70000E-01   0.29715E-02
 0.23813E+00   0.70000E-01   0.30529E-02
 0.24773E+00   0.70000E-01   0.31284E-02
 0.25696E+00   0.70000E-01   0.31954E-02
 0.26583E+00   0.70000E-01   0.32517E-02
 0.27436E+00   0.70000E-01   0.33012E-02
 0.28257E+00   0.70000E-01   0.33476E-02
 0.29046E+00   0.70000E-01   0.33899E-02
 0.29804E+00   0.70000E-01   0.34279E-02
 0.30533E+00   0.70000E-01   0.34586E-02
 0.31235E+00   0.70000E-01   0.34806E-02
 0.31909E+00   0.70000E-01   0.34951E-02
 0.32557E+00   0.70000E-01   0.35021E-02
 0.33181E+00   0.70000E-01   0.35023E-02
 0.33780E+00   0.70000E-01   0.34971E-02
 0.34357E+00   0.70000E-01   0.34859E-02
 0.34911E+00   0.69999E-01   0.34675E-02
 0.35444E+00   0.69985E-01   0.34399E-02
 0.35956E+00   0.69959E-01   0.34034E-02
 0.36449E+00   0.69918E-01   0.33589E-02
 0.36922E+00   0.69864E-01   0.33074E-02
 0.37378E+00   0.69786E-01   0.32534E-02
 0.37816E+00   0.69683E-01   0.32014E-02
 0.38237E+00   0.69552E-01   0.31513E-02
 0.38641E+00   0.69401E-01   0.31057E-02
 0.39030E+00   0.69228E-01   0.30637E-02
 0.39404E+00   0.69032E-01   0.30280E-02
 0.39764E+00   0.68823E-01   0.29961E-02
 0.40109E+00   0.68595E-01   0.29707E-02
 0.40441E+00   0.68354E-01   0.29513E-02
 0.40760E+00   0.68103E-01   0.29405E-02
 0.41067E+00   0.67846E-01   0.29346E-02
 0.41361E+00   0.67584E-01   0.29345E-02
 0.41645E+00   0.67321E-01   0.29411E-02
 0.41917E+00   0.67060E-01   0.29513E-02
 0.42179E+00   0.66801E-01   0.29642E-02
 0.42431E+00   0.66546E-01   0.29800E-02
 0.42672E+00   0.66294E-01   0.29976E-02
 0.42905E+00   0.66047E-01   0.30160E-02
 0.43128E+00   0.65801E-01   0.30366E-02
 0.43343E+00   0.65557E-01   0.30601E-02
 0.43550E+00   0.65316E-01   0.30884E-02
 0.43748E+00   0.65080E-01   0.31246E-02
 0.43939E+00   0.64851E-01   0.31677E-02
 0.44122E+00   0.64630E-01   0.32155E-02
 0.44299E+00   0.64417E-01   0.32711E-02
 0.44468E+00   0.64212E-01   0.33363E-02
 0.44631E+00   0.64016E-01   0.34072E-02
 0.44788E+00   0.63828E-01   0.34812E-02
 0.44939E+00   0.63648E-01   0.35583E-02
 0.45083E+00   0.63476E-01   0.36390E-02
 0.45223E+00   0.63314E-01   0.37240E-02
 0.45357E+00   0.63167E-01   0.38134E-02
 0.45486E+00   0.63033E-01   0.39055E-02
 0.45609E+00   0.62910E-01   0.39983E-02
 0.45729E+00   0.62798E-01   0.40908E-02
 0.45843E+00   0.62696E-01   0.41821E-02
 0.45953E+00   0.62603E-01   0.42719E-02
 0.46059E+00   0.62519E-01   0.43596E-02
 0.46161E+00   0.62443E-01   0.44450E-02
 0.46260E+00   0.62374E-01   0.45281E-02
 0.46354E+00   0.62312E-01   0.46085E-02
 0.46445E+00   0.62253E-01   0.46862E-02
 0.46532E+00   0.62198E-01   0.47611E-02
 0.16050E-02   0.70000E-01   0.49313E-02
 0.20294E-01   0.70000E-01   0.48003E-02
 0.38265E-01   0.70000E-01   0.46884E-02
 0.55544E-01   0.70000E-01   0.45927E-02
 0.72159E-01   0.70000E-01   0.45198E-02
 0.88134E-01   0.70000E-01   0.44733E-02
 0.10350E+00   0.70000E-01   0.44558E-02
 0.11827E+00   0.70000E-01   0.44625E-02
 0.13247E+00   0.70000E-01   0.44855E-02
 0.14612E+00   0.70000E-01   0.45198E-02
 0.15926E+00   0.70000E-01   0.45630E-02
 0.17188E+00   0.70000E-01   0.46136E-02
 0.18402E+00   0.70000E-01   0.46700E-02
 0.19569E+00   0.70000E-01   0.47291E-02
 0.20692E+00   0.70000E-01   0.48028E-02
 0.21771E+00   0.70000E-01   0.48763E-02
 0.22809E+00   0.70000E-01   0.49494E-02
 0.23807E+00   0.70000E-01   0.50203E-02
 0.24766E+00   0.70000E-01   0.50860E-02
 0.25689E+00   0.70000E-01   0.51444E-02
 0.26576E+00   0.70000E-01   0.51935E-02
 0.27429E+00   0.70000E-01   0.52366E-02
 0.28249E+00   0.70000E-01   0.52769E-02
 0.29037E+00   0.70000E-01   0.53138E-02
 0.29796E+00   0.70000E-01   0.53469E-02
 0.30525E+00   0.70000E-01   0.53736E-02
 0.31226E+00   0.70000E-01   0.53929E-02
 0.31900E+00   0.70000E-01   0.54056E-02
 0.32548E+00   0.70000E-01   0.54118E-02
 0.33171E+00   0.70000E-01   0.54120E-02
 0.33771E+00   0.70000E-01   0.54076E-02
 0.34347E+00   0.70000E-01   0.53979E-02
 0.34901E+00   0.70000E-01   0.53820E-02
 0.35434E+00   0.70000E-01   0.53581E-02
 0.35946E+00   0.70000E-01   0.53259E-02
 0.36438E+00   0.69999E-01   0.52855E-02
 0.36912E+00   0.69998E-01   0.52379E-02
 0.37367E+00   0.69999E-01   0.51847E-02
 0.37805E+00   0.69989E-01   0.51288E-02
 0.38226E+00   0.69945E-01   0.50716E-02
 0.38631E+00   0.69880E-01   0.50152E-02
 0.39020E+00   0.69792E-01   0.49597E-02
 0.39394E+00   0.69678E-01   0.49076E-02
 0.39754E+00   0.69547E-01   0.48573E-02
 0.40100E+00   0.69391E-01   0.48130E-02
 0.40432E+00   0.69218E-01   0.47742E-02
 0.40751E+00   0.69035E-01   0.47406E-02
 0.41058E+00   0.68838E-01   0.47140E-02
 0.41353E+00   0.68632E-01   0.46937E-02
 0.41637E+00   0.68425E-01   0.46772E-02
 0.41910E+00   0.68214E-01   0.46666E-02
 0.42172E+00   0.68001E-01   0.46603E-02
 0.42424E+00   0.67789E-01   0.46564E-02
 0.42666E+00   0.67579E-01   0.46546E-02
 0.42899E+00   0.67370E-01   0.46550E-02
 0.43123E+00   0.67160E-01   0.46588E-02
 0.43338E+00   0.66951E-01   0.46650E-02
 0.43545E+00   0.66747E-01   0.46738E-02
 0.43743E+00   0.66544E-01   0.46908E-02
 0.43935E+00   0.66346E-01   0.47154E-02
 0.44118E+00   0.66154E-01   0.47439E-02
 0.44295E+00   0.65969E-01   0.47786E-02
 0.44465E+00   0.65792E-01   0.48212E-02
 0.44628E+00   0.65621E-01   0.48695E-02
 0.44785E+00   0.65458E-01   0.49210E-02
 0.44936E+00   0.65300E-01   0.49749E-02
 0.45081E+00   0.65150E-01   0.50310E-02
 0.45221E+00   0.65010E-01   0.50909E-02
 0.45355E+00   0.64880E-01   0.51556E-02
 0.45484E+00   0.64762E-01   0.52235E-02
 0.45608E+00   0.64653E-01   0.52927E-02
 0.45728E+00   0.64552E-01   0.53623E-02
 0.45843E+00   0.64460E-01   0.54320E-02
 0.45953E+00   0.64374E-01   0.55020E-02
 0.46059E+00   0.64295E-01   0.55720E-02
 0.46161E+00   0.64222E-01   0.56417E-02
 0.46259E+00   0.64155E-01   0.57109E-02
 0.46354E+00   0.64093E-01   0.57790E-02
 0.46445E+00   0.64034E-01   0.58455E-02
 0.46532E+00   0.63978E-01   0.59099E-02
 0.16050E-02   0.70000E-01   0.68928E-02
 0.20290E-01   0.70000E-01   0.67811E-02
 0.38256E-01   0.70000E-01   0.66857E-02
 0.55532E-01   0.70000E-01   0.66041E-02
 0.72143E-01   0.70000E-01   0.65419E-02
 0.88115E-01   0.70000E-01   0.65023E-02
 0.10347E+00   0.70000E-01   0.64873E-02
 0.11824E+00   0.70000E-01   0.64930E-02
 0.13244E+00   0.70000E-01   0.65126E-02
 0.14609E+00   0.70000E-01   0.65417E-02
 0.15922E+00   0.70000E-01   0.65787E-02
 0.17184E+00   0.70000E-01   0.66217E-02
 0.18398E+00   0.70000E-01   0.66698E-02
 0.19565E+00   0.70000E-01   0.67201E-02
 0.20687E+00   0.70000E-01   0.67830E-02
 0.21766E+00   0.70000E-01   0.68456E-02
 0.22804E+00   0.70000E-01   0.69080E-02
 0.23801E+00   0.70000E-01   0.69684E-02
 0.24761E+00   0.70000E-01   0.70245E-02
 0.25683E+00   0.70000E-01   0.70743E-02
 0.26570E+00   0.70000E-01   0.71162E-02
 0.27422E+00   0.70000E-01   0.71529E-02
 0.28242E+00   0.70000E-01   0.71873E-02
 0.29031E+00   0.70000E-01   0.72188E-02
 0.29789E+00   0.70000E-01   0.72470E-02
 0.30518E+00   0.70000E-01   0.72699E-02
 0.31219E+00   0.70000E-01   0.72864E-02
 0.31893E+00   0.70000E-01   0.72973E-02
 0.32541E+00   0.70000E-01   0.73026E-02
 0.33164E+00   0.70000E-01   0.73028E-02
 0.33763E+00   0.70000E-01   0.72992E-02
 0.34339E+00   0.70000E-01   0.72909E-02
 0.34893E+00   0.70000E-01   0.72775E-02
 0.35426E+00   0.70000E-01   0.72572E-02
 0.35938E+00   0.70000E-01   0.72298E-02
 0.36430E+00   0.70000E-01   0.71955E-02
 0.36904E+00   0.70000E-01   0.71550E-02
 0.37359E+00   0.70000E-01   0.71097E-02
 0.37797E+00   0.70000E-01   0.70622E-02
 0.38218E+00   0.70000E-01   0.70122E-02
 0.38622E+00   0.69999E-01   0.69601E-02
 0.39012E+00   0.69996E-01   0.69071E-02
 0.39386E+00   0.69969E-01   0.68535E-02
 0.39746E+00   0.69911E-01   0.68006E-02
 0.40091E+00   0.69837E-01   0.67488E-02
 0.40424E+00   0.69747E-01   0.66987E-02
 0.40744E+00   0.69644E-01   0.66515E-02
 0.41051E+00   0.69525E-01   0.66087E-02
 0.41346E+00   0.69394E-01   0.65699E-02
 0.41630E+00   0.69252E-01   0.65366E-02
 0.41903E+00   0.69103E-01   0.65078E-02
 0.42166E+00   0.68951E-01   0.64821E-02
 0.42418E+00   0.68794E-01   0.64597E-02
 0.42661E+00   0.68635E-01   0.64403E-02
 0.42894E+00   0.68475E-01   0.64224E-02
 0.43118E+00   0.68313E-01   0.64071E-02
 0.43334E+00   0.68149E-01   0.63947E-02
 0.43541E+00   0.67986E-01   0.63858E-02
 0.43740E+00   0.67823E-01   0.63843E-02
 0.43931E+00   0.67662E-01   0.63892E-02
 0.44115E+00   0.67507E-01   0.63970E-02
 0.44292E+00   0.67357E-01   0.64105E-02
 0.44462E+00   0.67210E-01   0.64318E-02
 0.44626E+00   0.67069E-01   0.64583E-02
 0.44783E+00   0.66933E-01   0.64878E-02
 0.44935E+00   0.66802E-01   0.65195E-02
 0.45080E+00   0.66675E-01   0.65538E-02
 0.45220E+00   0.66556E-01   0.65925E-02
 0.45354E+00   0.66444E-01   0.66368E-02
 0.45483E+00   0.66339E-01   0.66860E-02
 0.45608E+00   0.66241E-01   0.67385E-02
 0.45727E+00   0.66148E-01   0.67934E-02
 0.45842E+00   0.66061E-01   0.68495E-02
 0.45953E+00   0.65981E-01   0.69064E-02
 0.46059E+00   0.65905E-01   0.69637E-02
 0.46161E+00   0.65834E-01   0.70219E-02
 0.46259E+00   0.65768E-01   0.70810E-02
 0.46354E+00   0.65704E-01   0.71404E-02
 0.46445E+00   0.65643E-01   0.71990E-02
 0.46532E+00   0.65585E-01   0.72561E-02
 0.16050E-02   0.70000E-01   0.88349E-02
 0.20287E-01   0.70000E-01   0.87424E-02
 0.38251E-01   0.70000E-01   0.86633E-02
 0.55523E-01   0.70000E-01   0.85956E-02
 0.72131E-01   0.70000E-01   0.85440E-02
 0.88101E-01   0.70000E-01   0.85111E-02
 0.10346E+00   0.70000E-01   0.84987E-02
 0.11822E+00   0.70000E-01   0.85034E-02
 0.13242E+00   0.70000E-01   0.85196E-02
 0.14607E+00   0.70000E-01   0.85436E-02
 0.15919E+00   0.70000E-01   0.85744E-02
 0.17182E+00   0.70000E-01   0.86101E-02
 0.18395E+00   0.70000E-01   0.86499E-02
 0.19562E+00   0.70000E-01   0.86916E-02
 0.20684E+00   0.70000E-01   0.87437E-02
 0.21763E+00   0.70000E-01   0.87956E-02
 0.22800E+00   0.70000E-01   0.88473E-02
 0.23798E+00   0.70000E-01   0.88974E-02
 0.24757E+00   0.70000E-01   0.89439E-02
 0.25679E+00   0.70000E-01   0.89852E-02
 0.26566E+00   0.70000E-01   0.90200E-02
 0.27418E+00   0.70000E-01   0.90504E-02
 0.28238E+00   0.70000E-01   0.90790E-02
 0.29026E+00   0.70000E-01   0.91051E-02
 0.29784E+00   0.70000E-01   0.91285E-02
 0.30513E+00   0.70000E-01   0.91475E-02
 0.31214E+00   0.70000E-01   0.91612E-02
 0.31888E+00   0.70000E-01   0.91702E-02
 0.32536E+00   0.70000E-01   0.91747E-02
 0.33159E+00   0.70000E-01   0.91749E-02
 0.33758E+00   0.70000E-01   0.91719E-02
 0.34334E+00   0.70000E-01   0.91651E-02
 0.34888E+00   0.70000E-01   0.91540E-02
 0.35420E+00   0.70000E-01   0.91373E-02
 0.35932E+00   0.70000E-01   0.91147E-02
 0.36425E+00   0.70000E-01   0.90863E-02
 0.36898E+00   0.70000E-01   0.90528E-02
 0.37353E+00   0.70000E-01   0.90153E-02
 0.37791E+00   0.70000E-01   0.89759E-02
 0.38212E+00   0.70000E-01   0.89345E-02
 0.38616E+00   0.70000E-01   0.88914E-02
 0.39006E+00   0.70000E-01   0.88473E-02
 0.39380E+00   0.70000E-01   0.88026E-02
 0.39739E+00   0.69997E-01   0.87571E-02
 0.40085E+00   0.69980E-01   0.87115E-02
 0.40418E+00   0.69946E-01   0.86659E-02
 0.40738E+00   0.69906E-01   0.86209E-02
 0.41045E+00   0.69854E-01   0.85770E-02
 0.41341E+00   0.69796E-01   0.85341E-02
 0.41625E+00   0.69731E-01   0.84930E-02
 0.41898E+00   0.69660E-01   0.84532E-02
 0.42161E+00   0.69579E-01   0.84157E-02
 0.42414E+00   0.69490E-01   0.83799E-02
 0.42656E+00   0.69398E-01   0.83452E-02
 0.42890E+00   0.69298E-01   0.83128E-02
 0.43114E+00   0.69194E-01   0.82819E-02
 0.43330E+00   0.69086E-01   0.82533E-02
 0.43538E+00   0.68972E-01   0.82291E-02
 0.43737E+00   0.68857E-01   0.82108E-02
 0.43929E+00   0.68741E-01   0.81978E-02
 0.44113E+00   0.68626E-01   0.81890E-02
 0.44290E+00   0.68511E-01   0.81866E-02
 0.44461E+00   0.68397E-01   0.81918E-02
 0.44624E+00   0.68285E-01   0.82024E-02
 0.44782E+00   0.68175E-01   0.82167E-02
 0.44933E+00   0.68068E-01   0.82336E-02
 0.45079E+00   0.67963E-01   0.82534E-02
 0.45219E+00   0.67862E-01   0.82784E-02
 0.45353E+00   0.67764E-01   0.83101E-02
 0.45483E+00   0.67671E-01   0.83470E-02
 0.45607E+00   0.67583E-01   0.83871E-02
 0.45727E+00   0.67499E-01   0.84296E-02
 0.45842E+00   0.67419E-01   0.84739E-02
 0.45952E+00   0.67343E-01   0.85203E-02
 0.46059E+00   0.67271E-01   0.85682E-02
 0.46161E+00   0.67202E-01   0.86172E-02
 0.46259E+00   0.67136E-01   0.86671E-02
 0.46354E+00   0.67074E-01   0.87170E-02
 0.46444E+00   0.67014E-01   0.87663E-02
 0.46532E+00   0.66957E-01   0.88142E-02
 0.16050E-02   0.70000E-01   0.10758E-01
 0.20285E-01   0.70000E-01   0.10684E-01
 0.38247E-01   0.70000E-01   0.10621E-01
 0.55517E-01   0.70000E-01   0.10567E-01
 0.72124E-01   0.70000E-01   0.10526E-01
 0.88092E-01   0.70000E-01   0.10500E-01
 0.10345E+00   0.70000E-01   0.10490E-01
 0.11821E+00   0.70000E-01   0.10494E-01
 0.13240E+00   0.70000E-01   0.10507E-01
 0.14605E+00   0.70000E-01   0.10526E-01
 0.15918E+00   0.70000E-01   0.10550E-01
 0.17180E+00   0.70000E-01   0.10579E-01
 0.18393E+00   0.70000E-01   0.10610E-01
 0.19560E+00   0.70000E-01   0.10644E-01
 0.20682E+00   0.70000E-01   0.10685E-01
 0.21760E+00   0.70000E-01   0.10726E-01
 0.22798E+00   0.70000E-01   0.10768E-01
 0.23795E+00   0.70000E-01   0.10807E-01
 0.24754E+00   0.70000E-01   0.10844E-01
 0.25676E+00   0.70000E-01   0.10877E-01
 0.26563E+00   0.70000E-01   0.10905E-01
 0.27415E+00   0.70000E-01   0.10929E-01
 0.28235E+00   0.70000E-01   0.10952E-01
 0.29023E+00   0.70000E-01   0.10973E-01
 0.29781E+00   0.70000E-01   0.10991E-01
 0.30510E+00   0.70000E-01   0.11007E-01
 0.31211E+00   0.70000E-01   0.11017E-01
 0.31884E+00   0.70000E-01   0.11025E-01
 0.32532E+00   0.70000E-01   0.11028E-01
 0.33155E+00   0.70000E-01   0.11028E-01
 0.33754E+00   0.70000E-01   0.11026E-01
 0.34330E+00   0.70000E-01   0.11021E-01
 0.34884E+00   0.70000E-01   0.11012E-01
 0.35416E+00   0.70000E-01   0.10999E-01
 0.35928E+00   0.70000E-01   0.10981E-01
 0.36421E+00   0.70000E-01   0.10958E-01
 0.36894E+00   0.70000E-01   0.10931E-01
 0.37349E+00   0.70000E-01   0.10902E-01
 0.37787E+00   0.70000E-01   0.10870E-01
 0.38208E+00   0.70000E-01   0.10837E-01
 0.38612E+00   0.70000E-01   0.10803E-01
 0.39001E+00   0.70000E-01   0.10768E-01
 0.39376E+00   0.70000E-01   0.10732E-01
 0.39735E+00   0.70000E-01   0.10696E-01
 0.40081E+00   0.70000E-01   0.10660E-01
 0.40414E+00   0.69998E-01   0.10623E-01
 0.40733E+00   0.69991E-01   0.10586E-01
 0.41041E+00   0.69980E-01   0.10549E-01
 0.41337E+00   0.69964E-01   0.10513E-01
 0.41621E+00   0.69946E-01   0.10476E-01
 0.41894E+00   0.69919E-01   0.10441E-01
 0.42157E+00   0.69886E-01   0.10405E-01
 0.42410E+00   0.69849E-01   0.10370E-01
 0.42653E+00   0.69804E-01   0.10336E-01
 0.42886E+00   0.69752E-01   0.10303E-01
 0.43111E+00   0.69694E-01   0.10271E-01
 0.43327E+00   0.69631E-01   0.10240E-01
 0.43534E+00   0.69566E-01   0.10211E-01
 0.43734E+00   0.69498E-01   0.10186E-01
 0.43926E+00   0.69426E-01   0.10166E-01
 0.44110E+00   0.69352E-01   0.10149E-01
 0.44288E+00   0.69278E-01   0.10138E-01
 0.44458E+00   0.69202E-01   0.10132E-01
 0.44622E+00   0.69126E-01   0.10131E-01
 0.44780E+00   0.69050E-01   0.10133E-01
 0.44932E+00   0.68973E-01   0.10138E-01
 0.45077E+00   0.68895E-01   0.10147E-01
 0.45218E+00   0.68818E-01   0.10160E-01
 0.45352E+00   0.68743E-01   0.10179E-01
 0.45482E+00   0.68670E-01   0.10202E-01
 0.45606E+00   0.68599E-01   0.10229E-01
 0.45726E+00   0.68530E-01   0.10259E-01
 0.45841E+00   0.68464E-01   0.10291E-01
 0.45952E+00   0.68400E-01   0.10324E-01
 0.46058E+00   0.68338E-01   0.10360E-01
 0.46161E+00   0.68278E-01   0.10396E-01
 0.46259E+00   0.68221E-01   0.10434E-01
 0.46353E+00   0.68167E-01   0.10471E-01
 0.46444E+00   0.68114E-01   0.10509E-01
 0.46532E+00   0.68064E-01   0.10545E-01
 0.16050E-02   0.70000E-01   0.12662E-01
 0.20284E-01   0.70000E-01   0.12607E-01
 0.38244E-01   0.70000E-01   0.12560E-01
 0.55514E-01   0.70000E-01   0.12520E-01
 0.72119E-01   0.70000E-01   0.12489E-01
 0.88086E-01   0.70000E-01   0.12469E-01
 0.10344E+00   0.70000E-01   0.12462E-01
 0.11820E+00   0.70000E-01   0.12465E-01
 0.13240E+00   0.70000E-01   0.12474E-01
 0.14604E+00   0.70000E-01   0.12488E-01
 0.15917E+00   0.70000E-01   0.12507E-01
 0.17179E+00   0.70000E-01   0.12528E-01
 0.18392E+00   0.70000E-01   0.12552E-01
 0.19559E+00   0.70000E-01   0.12576E-01
 0.20680E+00   0.70000E-01   0.12607E-01
 0.21759E+00   0.70000E-01   0.12638E-01
 0.22796E+00   0.70000E-01   0.12669E-01
 0.23793E+00   0.70000E-01   0.12699E-01
 0.24752E+00   0.70000E-01   0.12726E-01
 0.25674E+00   0.70000E-01   0.12751E-01
 0.26561E+00   0.70000E-01   0.12772E-01
 0.27414E+00   0.70000E-01   0.12790E-01
 0.28233E+00   0.70000E-01   0.12807E-01
 0.29021E+00   0.70000E-01   0.12822E-01
 0.29779E+00   0.70000E-01   0.12836E-01
 0.30508E+00   0.70000E-01   0.12847E-01
 0.31209E+00   0.70000E-01   0.12855E-01
 0.31882E+00   0.70000E-01   0.12861E-01
 0.32530E+00   0.70000E-01   0.12863E-01
 0.33153E+00   0.70000E-01   0.12864E-01
 0.33752E+00   0.70000E-01   0.12862E-01
 0.34328E+00   0.70000E-01   0.12858E-01
 0.34882E+00   0.70000E-01   0.12851E-01
 0.35414E+00   0.70000E-01   0.12841E-01
 0.35926E+00   0.70000E-01   0.12828E-01
 0.36418E+00   0.70000E-01   0.12811E-01
 0.36892E+00   0.70000E-01   0.12791E-01
 0.37347E+00   0.69998E-01   0.12769E-01
 0.37784E+00   0.69996E-01   0.12746E-01
 0.38205E+00   0.69996E-01   0.12721E-01
 0.38610E+00   0.69996E-01   0.12696E-01
 0.38999E+00   0.69996E-01   0.12669E-01
 0.39373E+00   0.69996E-01   0.12643E-01
 0.39733E+00   0.69996E-01   0.12616E-01
 0.40079E+00   0.70000E-01   0.12589E-01
 0.40411E+00   0.70000E-01   0.12561E-01
 0.40731E+00   0.70000E-01   0.12534E-01
 0.41038E+00   0.70000E-01   0.12506E-01
 0.41334E+00   0.70000E-01   0.12478E-01
 0.41618E+00   0.70000E-01   0.12451E-01
 0.41892E+00   0.69999E-01   0.12423E-01
 0.42154E+00   0.69994E-01   0.12396E-01
 0.42407E+00   0.69985E-01   0.12369E-01
 0.42650E+00   0.69970E-01   0.12341E-01
 0.42884E+00   0.69954E-01   0.12314E-01
 0.43108E+00   0.69934E-01   0.12287E-01
 0.43324E+00   0.69909E-01   0.12261E-01
 0.43532E+00   0.69881E-01   0.12235E-01
 0.43732E+00   0.69850E-01   0.12213E-01
 0.43924E+00   0.69815E-01   0.12193E-01
 0.44108E+00   0.69776E-01   0.12177E-01
 0.44286E+00   0.69735E-01   0.12163E-01
 0.44457E+00   0.69694E-01   0.12154E-01
 0.44621E+00   0.69651E-01   0.12148E-01
 0.44778E+00   0.69605E-01   0.12145E-01
 0.44930E+00   0.69557E-01   0.12144E-01
 0.45076E+00   0.69508E-01   0.12145E-01
 0.45216E+00   0.69458E-01   0.12150E-01
 0.45351E+00   0.69408E-01   0.12159E-01
 0.45481E+00   0.69357E-01   0.12172E-01
 0.45605E+00   0.69307E-01   0.12188E-01
 0.45725E+00   0.69258E-01   0.12207E-01
 0.45840E+00   0.69210E-01   0.12227E-01
 0.45951E+00   0.69163E-01   0.12248E-01
 0.46058E+00   0.69117E-01   0.12271E-01
 0.46160E+00   0.69072E-01   0.12296E-01
 0.46259E+00   0.69027E-01   0.12321E-01
 0.46353E+00   0.68984E-01   0.12348E-01
 0.46444E+00   0.68942E-01   0.12373E-01
 0.46532E+00   0.68901E-01   0.12399E-01
 0.16050E-02   0.70000E-01   0.14547E-01
 0.20283E-01   0.70000E-01   0.14510E-01
 0.38243E-01   0.70000E-01   0.14479E-01
 0.55512E-01   0.70000E-01   0.14452E-01
 0.72117E-01   0.70000E-01   0.14432E-01
 0.88083E-01   0.70000E-01   0.14419E-01
 0.10344E+00   0.70000E-01   0.14414E-01
 0.11820E+00   0.70000E-01   0.14416E-01
 0.13239E+00   0.70000E-01   0.14422E-01
 0.14604E+00   0.70000E-01   0.14431E-01
 0.15916E+00   0.70000E-01   0.14444E-01
 0.17178E+00   0.70000E-01   0.14458E-01
 0.18391E+00   0.70000E-01   0.14474E-01
 0.19558E+00   0.70000E-01   0.14490E-01
 0.20680E+00   0.70000E-01   0.14511E-01
 0.21758E+00   0.70000E-01   0.14531E-01
 0.22795E+00   0.70000E-01   0.14551E-01
 0.23793E+00   0.70000E-01   0.14571E-01
 0.24752E+00   0.70000E-01   0.14590E-01
 0.25674E+00   0.70000E-01   0.14606E-01
 0.26560E+00   0.70000E-01   0.14620E-01
 0.27413E+00   0.70000E-01   0.14632E-01
 0.28232E+00   0.70000E-01   0.14643E-01
 0.29020E+00   0.70000E-01   0.14653E-01
 0.29778E+00   0.70000E-01   0.14662E-01
 0.30507E+00   0.70000E-01   0.14670E-01
 0.31208E+00   0.70000E-01   0.14675E-01
 0.31881E+00   0.70000E-01   0.14679E-01
 0.32529E+00   0.70000E-01   0.14681E-01
 0.33152E+00   0.70000E-01   0.14681E-01
 0.33751E+00   0.70000E-01   0.14679E-01
 0.34327E+00   0.70000E-01   0.14677E-01
 0.34880E+00   0.70000E-01   0.14672E-01
 0.35413E+00   0.70000E-01   0.14666E-01
 0.35925E+00   0.70000E-01   0.14657E-01
 0.36417E+00   0.70000E-01   0.14646E-01
 0.36890E+00   0.70000E-01   0.14633E-01
 0.37346E+00   0.70000E-01   0.14618E-01
 0.37783E+00   0.70000E-01   0.14603E-01
 0.38204E+00   0.70000E-01   0.14586E-01
 0.38609E+00   0.70000E-01   0.14569E-01
 0.38998E+00   0.70000E-01   0.14552E-01
 0.39372E+00   0.70000E-01   0.14534E-01
 0.39731E+00   0.70000E-01   0.14516E-01
 0.40077E+00   0.70000E-01   0.14498E-01
 0.40410E+00   0.70000E-01   0.14480E-01
 0.40730E+00   0.70000E-01   0.14462E-01
 0.41037E+00   0.70000E-01   0.14444E-01
 0.41333E+00   0.70000E-01   0.14425E-01
 0.41617E+00   0.70000E-01   0.14407E-01
 0.41890E+00   0.70000E-01   0.14389E-01
 0.42153E+00   0.70000E-01   0.14370E-01
 0.42406E+00   0.70000E-01   0.14352E-01
 0.42649E+00   0.70000E-01   0.14334E-01
 0.42882E+00   0.70000E-01   0.14316E-01
 0.43107E+00   0.70000E-01   0.14297E-01
 0.43323E+00   0.70000E-01   0.14279E-01
 0.43531E+00   0.70000E-01   0.14261E-01
 0.43731E+00   0.69999E-01   0.14245E-01
 0.43923E+00   0.69993E-01   0.14230E-01
 0.44107E+00   0.69983E-01   0.14217E-01
 0.44285E+00   0.69971E-01   0.14206E-01
 0.44456E+00   0.69958E-01   0.14198E-01
 0.44620E+00   0.69941E-01   0.14192E-01
 0.44777E+00   0.69921E-01   0.14188E-01
 0.44929E+00   0.69897E-01   0.14185E-01
 0.45075E+00   0.69872E-01   0.14183E-01
 0.45215E+00   0.69845E-01   0.14184E-01
 0.45350E+00   0.69818E-01   0.14188E-01
 0.45480E+00   0.69789E-01   0.14194E-01
 0.45605E+00   0.69760E-01   0.14203E-01
 0.45725E+00   0.69731E-01   0.14212E-01
 0.45840E+00   0.69701E-01   0.14224E-01
 0.45951E+00   0.69671E-01   0.14236E-01
 0.46057E+00   0.69640E-01   0.14250E-01
 0.46160E+00   0.69609E-01   0.14264E-01
 0.46258E+00   0.69579E-01   0.14279E-01
 0.46353E+00   0.69549E-01   0.14295E-01
 0.46444E+00   0.69520E-01   0.14311E-01
 0.46532E+00   0.69491E-01   0.14326E-01
 0.16050E-02   0.70000E-01   0.16413E-01
 0.20283E-01   0.70000E-01   0.16395E-01
 0.38242E-01   0.70000E-01   0.16379E-01
 0.55511E-01   0.70000E-01   0.16366E-01
 0.72116E-01   0.70000E-01   0.16356E-01
 0.88082E-01   0.70000E-01   0.16350E-01
 0.10343E+00   0.70000E-01   0.16347E-01
 0.11820E+00   0.70000E-01   0.16348E-01
 0.13239E+00   0.70000E-01   0.16351E-01
 0.14604E+00   0.70000E-01   0.16355E-01
 0.15916E+00   0.70000E-01   0.16362E-01
 0.17178E+00   0.70000E-01   0.16369E-01
 0.18391E+00   0.70000E-01   0.16377E-01
 0.19558E+00   0.70000E-01   0.16385E-01
 0.20679E+00   0.70000E-01   0.16395E-01
 0.21758E+00   0.70000E-01   0.16405E-01
 0.22795E+00   0.70000E-01   0.16415E-01
 0.23792E+00   0.70000E-01   0.16425E-01
 0.24751E+00   0.70000E-01   0.16434E-01
 0.25673E+00   0.70000E-01   0.16442E-01
 0.26560E+00   0.70000E-01   0.16449E-01
 0.27412E+00   0.70000E-01   0.16455E-01
 0.28232E+00   0.70000E-01   0.16461E-01
 0.29020E+00   0.70000E-01   0.16466E-01
 0.29778E+00   0.70000E-01   0.16471E-01
 0.30506E+00   0.70000E-01   0.16474E-01
 0.31207E+00   0.70000E-01   0.16477E-01
 0.31881E+00   0.70000E-01   0.16479E-01
 0.32529E+00   0.70000E-01   0.16480E-01
 0.33151E+00   0.70000E-01   0.16480E-01
 0.33750E+00   0.70000E-01   0.16479E-01
 0.34326E+00   0.70000E-01   0.16478E-01
 0.34880E+00   0.70000E-01   0.16476E-01
 0.35412E+00   0.70000E-01   0.16472E-01
 0.35924E+00   0.70000E-01   0.16468E-01
 0.36417E+00   0.70000E-01   0.16462E-01
 0.36890E+00   0.70000E-01   0.16456E-01
 0.37345E+00   0.70000E-01   0.16449E-01
 0.37783E+00   0.70000E-01   0.16441E-01
 0.38203E+00   0.70000E-01   0.16433E-01
 0.38608E+00   0.70000E-01   0.16424E-01
 0.38997E+00   0.70000E-01   0.16416E-01
 0.39371E+00   0.70000E-01   0.16407E-01
 0.39731E+00   0.70000E-01   0.16398E-01
 0.40077E+00   0.70000E-01   0.16389E-01
 0.40409E+00   0.70000E-01   0.16380E-01
 0.40729E+00   0.70000E-01   0.16371E-01
 0.41036E+00   0.70000E-01   0.16362E-01
 0.41332E+00   0.70000E-01   0.16353E-01
 0.41616E+00   0.70000E-01   0.16343E-01
 0.41890E+00   0.70000E-01   0.16334E-01
 0.42153E+00   0.70000E-01   0.16325E-01
 0.42405E+00   0.70000E-01   0.16316E-01
 0.42648E+00   0.70000E-01   0.16307E-01
 0.42882E+00   0.70000E-01   0.16298E-01
 0.43107E+00   0.70000E-01   0.16289E-01
 0.43323E+00   0.70000E-01   0.16280E-01
 0.43530E+00   0.70000E-01   0.16271E-01
 0.43730E+00   0.70000E-01   0.16263E-01
 0.43922E+00   0.70000E-01   0.16256E-01
 0.44107E+00   0.70000E-01   0.16249E-01
 0.44284E+00   0.70000E-01   0.16244E-01
 0.44455E+00   0.70000E-01   0.16239E-01
 0.44619E+00   0.70000E-01   0.16236E-01
 0.44777E+00   0.69999E-01   0.16233E-01
 0.44929E+00   0.69997E-01   0.16231E-01
 0.45075E+00   0.69995E-01   0.16230E-01
 0.45215E+00   0.69991E-01   0.16230E-01
 0.45350E+00   0.69985E-01   0.16231E-01
 0.45480E+00   0.69976E-01   0.16233E-01
 0.45604E+00   0.69965E-01   0.16236E-01
 0.45724E+00   0.69953E-01   0.16241E-01
 0.45840E+00   0.69940E-01   0.16245E-01
 0.45951E+00   0.69927E-01   0.16251E-01
 0.46057E+00   0.69914E-01   0.16257E-01
 0.46160E+00   0.69902E-01   0.16263E-01
 0.46258E+00   0.69888E-01   0.16270E-01
 0.46353E+00   0.69874E-01   0.16277E-01
 0.46444E+00   0.69859E-01   0.16284E-01
 0.46532E+00   0.69844E-01   0.16291E-01
 0.16050E-02   0.70000E-01   0.18261E-01
 0.20283E-01   0.70000E-01   0.18261E-01
 0.38242E-01   0.70000E-01   0.18261E-01
 0.55511E-01   0.70000E-01   0.18261E-01
 0.72116E-01   0.70000E-01   0.18261E-01
 0.88081E-01   0.70000E-01   0.18261E-01
 0.10343E+00   0.70000E-01   0.18261E-01
 0.11819E+00   0.70000E-01   0.18261E-01
 0.13239E+00   0.70000E-01   0.18261E-01
 0.14604E+00   0.70000E-01   0.18261E-01
 0.15916E+00   0.70000E-01   0.18261E-01
 0.17178E+00   0.70000E-01   0.18261E-01
 0.18391E+00   0.70000E-01   0.18261E-01
 0.19558E+00   0.70000E-01   0.18261E-01
 0.20679E+00   0.70000E-01   0.18261E-01
 0.21758E+00   0.70000E-01   0.18261E-01
 0.22795E+00   0.70000E-01   0.18261E-01
 0.23792E+00   0.70000E-01   0.18261E-01
 0.24751E+00   0.70000E-01   0.18261E-01
 0.25673E+00   0.70000E-01   0.18261E-01
 0.26560E+00   0.70000E-01   0.18261E-01
 0.27412E+00   0.70000E-01   0.18261E-01
 0.28232E+00   0.70000E-01   0.18261E-01
 0.29020E+00   0.70000E-01   0.18261E-01
 0.29778E+00   0.70000E-01   0.18261E-01
 0.30506E+00   0.70000E-01   0.18261E-01
 0.31207E+00   0.70000E-01   0.18261E-01
 0.31881E+00   0.70000E-01   0.18261E-01
 0.32528E+00   0.70000E-01   0.18261E-01
 0.33151E+00   0.70000E-01   0.18261E-01
 0.33750E+00   0.70000E-01   0.18261E-01
 0.34326E+00   0.70000E-01   0.18261E-01
 0.34880E+00   0.70000E-01   0.18261E-01
 0.35412E+00   0.70000E-01   0.18261E-01
 0.35924E+00   0.70000E-01   0.18261E-01
 0.36416E+00   0.70000E-01   0.18261E-01
 0.36890E+00   0.70000E-01   0.18261E-01
 0.37345E+00   0.70000E-01   0.18261E-01
 0.37783E+00   0.70000E-01   0.18261E-01
 0.38203E+00   0.70000E-01   0.18261E-01
 0.38608E+00   0.70000E-01   0.18261E-01
 0.38997E+00   0.70000E-01   0.18261E-01
 0.39371E+00   0.70000E-01   0.18261E-01
 0.39731E+00   0.70000E-01   0.18261E-01
 0.40077E+00   0.70000E-01   0.18261E-01
 0.40409E+00   0.70000E-01   0.18261E-01
 0.40729E+00   0.70000E-01   0.18261E-01
 0.41036E+00   0.70000E-01   0.18261E-01
 0.41332E+00   0.70000E-01   0.18261E-01
 0.41616E+00   0.70000E-01   0.18261E-01
 0.41890E+00   0.70000E-01   0.18261E-01
 0.42152E+00   0.70000E-01   0.18261E-01
 0.42405E+00   0.70000E-01   0.18261E-01
 0.42648E+00   0.70000E-01   0.18261E-01
 0.42882E+00   0.70000E-01   0.18261E-01
 0.43106E+00   0.70000E-01   0.18261E-01
 0.43322E+00   0.70000E-01   0.18261E-01
 0.43530E+00   0.69999E-01   0.18261E-01
 0.43730E+00   0.69998E-01   0.18261E-01
 0.43922E+00   0.69998E-01   0.18261E-01
 0.44107E+00   0.69998E-01   0.18261E-01
 0.44284E+00   0.69998E-01   0.18261E-01
 0.44455E+00   0.69998E-01   0.18261E-01
 0.44619E+00   0.69998E-01   0.18261E-01
 0.44777E+00   0.69998E-01   0.18261E-01
 0.44929E+00   0.69998E-01   0.18261E-01
 0.45075E+00   0.69998E-01   0.18261E-01
 0.45215E+00   0.69998E-01   0.18261E-01
 0.45350E+00   0.69999E-01   0.18261E-01
 0.45480E+00   0.70000E-01   0.18261E-01
 0.45604E+00   0.70000E-01   0.18261E-01
 0.45724E+00   0.70000E-01   0.18261E-01
 0.45840E+00   0.70000E-01   0.18261E-01
 0.45950E+00   0.70000E-01   0.18261E-01
 0.46057E+00   0.69999E-01   0.18261E-01
 0.46160E+00   0.69998E-01   0.18261E-01
 0.46258E+00   0.69996E-01   0.18261E-01
 0.46353E+00   0.69995E-01   0.18261E-01
 0.46444E+00   0.69993E-01   0.18261E-01
 0.46532E+00   0.69992E-01   0.18261E-01
