 Variables = "X", "Y", "Z"
Zone i=   31 j=   41 f=point
-0.52565E+00   0.00000E+00  -0.33144E-01
-0.52511E+00   0.00000E+00  -0.33699E-01
-0.52454E+00   0.00000E+00  -0.34269E-01
-0.52393E+00   0.00000E+00  -0.34836E-01
-0.52327E+00   0.00000E+00  -0.35407E-01
-0.52257E+00   0.00000E+00  -0.35984E-01
-0.52182E+00   0.00000E+00  -0.36549E-01
-0.52102E+00   0.00000E+00  -0.37118E-01
-0.52018E+00   0.00000E+00  -0.37688E-01
-0.51928E+00   0.00000E+00  -0.38245E-01
-0.51833E+00   0.00000E+00  -0.38796E-01
-0.51732E+00   0.00000E+00  -0.39341E-01
-0.51625E+00   0.00000E+00  -0.39875E-01
-0.51513E+00   0.00000E+00  -0.40397E-01
-0.51394E+00   0.00000E+00  -0.40903E-01
-0.51270E+00   0.00000E+00  -0.41390E-01
-0.51144E+00   0.00000E+00  -0.41842E-01
-0.51021E+00   0.00000E+00  -0.42244E-01
-0.50902E+00   0.00000E+00  -0.42598E-01
-0.50788E+00   0.00000E+00  -0.42913E-01
-0.50677E+00   0.00000E+00  -0.43195E-01
-0.50569E+00   0.00000E+00  -0.43449E-01
-0.50466E+00   0.00000E+00  -0.43678E-01
-0.50366E+00   0.00000E+00  -0.43882E-01
-0.50270E+00   0.00000E+00  -0.44068E-01
-0.50177E+00   0.00000E+00  -0.44237E-01
-0.50088E+00   0.00000E+00  -0.44390E-01
-0.50002E+00   0.00000E+00  -0.44535E-01
-0.49920E+00   0.00000E+00  -0.44669E-01
-0.49840E+00   0.00000E+00  -0.44795E-01
-0.49764E+00   0.00000E+00  -0.44914E-01
-0.52608E+00   0.00000E+00  -0.32650E-01
-0.52559E+00   0.42495E-03  -0.33098E-01
-0.52500E+00   0.64212E-03  -0.33629E-01
-0.52437E+00   0.65316E-03  -0.34202E-01
-0.52370E+00   0.67317E-03  -0.34782E-01
-0.52299E+00   0.69587E-03  -0.35373E-01
-0.52224E+00   0.72354E-03  -0.35967E-01
-0.52144E+00   0.75490E-03  -0.36572E-01
-0.52059E+00   0.78049E-03  -0.37163E-01
-0.51969E+00   0.80977E-03  -0.37762E-01
-0.51875E+00   0.84420E-03  -0.38385E-01
-0.51774E+00   0.86835E-03  -0.38970E-01
-0.51666E+00   0.88604E-03  -0.39524E-01
-0.51552E+00   0.90075E-03  -0.40057E-01
-0.51431E+00   0.91397E-03  -0.40582E-01
-0.51304E+00   0.92467E-03  -0.41083E-01
-0.51175E+00   0.93337E-03  -0.41548E-01
-0.51051E+00   0.94279E-03  -0.41969E-01
-0.50930E+00   0.95118E-03  -0.42341E-01
-0.50813E+00   0.95565E-03  -0.42661E-01
-0.50700E+00   0.96054E-03  -0.42950E-01
-0.50590E+00   0.96680E-03  -0.43200E-01
-0.50484E+00   0.96533E-03  -0.43389E-01
-0.50381E+00   0.96344E-03  -0.43565E-01
-0.50283E+00   0.96233E-03  -0.43732E-01
-0.50188E+00   0.95958E-03  -0.43884E-01
-0.50097E+00   0.95618E-03  -0.44023E-01
-0.50009E+00   0.95058E-03  -0.44143E-01
-0.49924E+00   0.94500E-03  -0.44247E-01
-0.49843E+00   0.91600E-03  -0.44354E-01
-0.49764E+00   0.91409E-03  -0.44410E-01
-0.52650E+00   0.00000E+00  -0.32155E-01
-0.52604E+00   0.53784E-03  -0.32533E-01
-0.52551E+00   0.10195E-02  -0.32958E-01
-0.52488E+00   0.12890E-02  -0.33484E-01
-0.52420E+00   0.13089E-02  -0.34084E-01
-0.52347E+00   0.13581E-02  -0.34676E-01
-0.52271E+00   0.14036E-02  -0.35282E-01
-0.52190E+00   0.14536E-02  -0.35891E-01
-0.52104E+00   0.15089E-02  -0.36511E-01
-0.52013E+00   0.15607E-02  -0.37121E-01
-0.51917E+00   0.16112E-02  -0.37748E-01
-0.51815E+00   0.16580E-02  -0.38364E-01
-0.51707E+00   0.17039E-02  -0.38956E-01
-0.51591E+00   0.17436E-02  -0.39520E-01
-0.51469E+00   0.17675E-02  -0.40053E-01
-0.51338E+00   0.17719E-02  -0.40533E-01
-0.51206E+00   0.17668E-02  -0.40967E-01
-0.51078E+00   0.17559E-02  -0.41355E-01
-0.50954E+00   0.17460E-02  -0.41705E-01
-0.50834E+00   0.17458E-02  -0.42014E-01
-0.50718E+00   0.17371E-02  -0.42281E-01
-0.50606E+00   0.17388E-02  -0.42524E-01
-0.50498E+00   0.17453E-02  -0.42722E-01
-0.50394E+00   0.17462E-02  -0.42894E-01
-0.50293E+00   0.17425E-02  -0.43054E-01
-0.50196E+00   0.17344E-02  -0.43195E-01
-0.50103E+00   0.17222E-02  -0.43321E-01
-0.50013E+00   0.17116E-02  -0.43433E-01
-0.49927E+00   0.17020E-02  -0.43529E-01
-0.49844E+00   0.16580E-02  -0.43611E-01
-0.49764E+00   0.16639E-02  -0.43646E-01
-0.52690E+00   0.00000E+00  -0.31636E-01
-0.52651E+00   0.65076E-03  -0.31930E-01
-0.52599E+00   0.12057E-02  -0.32316E-01
-0.52539E+00   0.16759E-02  -0.32754E-01
-0.52471E+00   0.19175E-02  -0.33314E-01
-0.52399E+00   0.19694E-02  -0.33937E-01
-0.52320E+00   0.20445E-02  -0.34545E-01
-0.52237E+00   0.21112E-02  -0.35155E-01
-0.52149E+00   0.21769E-02  -0.35771E-01
-0.52057E+00   0.22518E-02  -0.36395E-01
-0.51958E+00   0.23190E-02  -0.37015E-01
-0.51854E+00   0.23700E-02  -0.37633E-01
-0.51744E+00   0.24269E-02  -0.38235E-01
-0.51627E+00   0.24904E-02  -0.38823E-01
-0.51503E+00   0.25342E-02  -0.39373E-01
-0.51370E+00   0.25408E-02  -0.39852E-01
-0.51234E+00   0.25223E-02  -0.40265E-01
-0.51103E+00   0.24853E-02  -0.40620E-01
-0.50976E+00   0.24442E-02  -0.40939E-01
-0.50853E+00   0.24234E-02  -0.41227E-01
-0.50735E+00   0.24175E-02  -0.41493E-01
-0.50621E+00   0.24148E-02  -0.41731E-01
-0.50511E+00   0.24202E-02  -0.41929E-01
-0.50405E+00   0.24268E-02  -0.42100E-01
-0.50303E+00   0.24168E-02  -0.42251E-01
-0.50204E+00   0.24031E-02  -0.42384E-01
-0.50109E+00   0.23813E-02  -0.42500E-01
-0.50018E+00   0.23626E-02  -0.42602E-01
-0.49930E+00   0.23454E-02  -0.42690E-01
-0.49845E+00   0.23231E-02  -0.42784E-01
-0.49764E+00   0.23471E-02  -0.42809E-01
-0.52730E+00   0.00000E+00  -0.31112E-01
-0.52694E+00   0.70585E-03  -0.31354E-01
-0.52645E+00   0.13306E-02  -0.31686E-01
-0.52586E+00   0.18800E-02  -0.32085E-01
-0.52518E+00   0.23524E-02  -0.32525E-01
-0.52446E+00   0.25197E-02  -0.33143E-01
-0.52368E+00   0.26263E-02  -0.33772E-01
-0.52283E+00   0.27182E-02  -0.34388E-01
-0.52193E+00   0.28017E-02  -0.34998E-01
-0.52098E+00   0.28860E-02  -0.35617E-01
-0.51998E+00   0.29710E-02  -0.36236E-01
-0.51892E+00   0.30370E-02  -0.36855E-01
-0.51779E+00   0.30939E-02  -0.37452E-01
-0.51659E+00   0.31513E-02  -0.38032E-01
-0.51533E+00   0.32062E-02  -0.38588E-01
-0.51398E+00   0.32363E-02  -0.39089E-01
-0.51260E+00   0.32266E-02  -0.39507E-01
-0.51126E+00   0.31879E-02  -0.39854E-01
-0.50997E+00   0.31404E-02  -0.40163E-01
-0.50872E+00   0.31053E-02  -0.40435E-01
-0.50752E+00   0.30803E-02  -0.40682E-01
-0.50636E+00   0.30625E-02  -0.40905E-01
-0.50524E+00   0.30573E-02  -0.41094E-01
-0.50416E+00   0.30577E-02  -0.41255E-01
-0.50312E+00   0.30451E-02  -0.41400E-01
-0.50211E+00   0.30264E-02  -0.41526E-01
-0.50115E+00   0.30054E-02  -0.41639E-01
-0.50022E+00   0.29827E-02  -0.41736E-01
-0.49932E+00   0.29669E-02  -0.41821E-01
-0.49847E+00   0.29429E-02  -0.41909E-01
-0.49764E+00   0.29682E-02  -0.41911E-01
-0.52767E+00   0.00000E+00  -0.30568E-01
-0.52732E+00   0.73471E-03  -0.30783E-01
-0.52687E+00   0.14339E-02  -0.31057E-01
-0.52630E+00   0.20458E-02  -0.31411E-01
-0.52563E+00   0.25859E-02  -0.31813E-01
-0.52488E+00   0.29875E-02  -0.32303E-01
-0.52411E+00   0.31239E-02  -0.32964E-01
-0.52326E+00   0.32679E-02  -0.33591E-01
-0.52235E+00   0.33790E-02  -0.34204E-01
-0.52137E+00   0.34794E-02  -0.34816E-01
-0.52035E+00   0.35755E-02  -0.35428E-01
-0.51926E+00   0.36551E-02  -0.36038E-01
-0.51811E+00   0.37187E-02  -0.36635E-01
-0.51689E+00   0.37744E-02  -0.37207E-01
-0.51560E+00   0.38180E-02  -0.37750E-01
-0.51423E+00   0.38539E-02  -0.38257E-01
-0.51284E+00   0.38648E-02  -0.38687E-01
-0.51148E+00   0.38398E-02  -0.39039E-01
-0.51017E+00   0.37973E-02  -0.39347E-01
-0.50890E+00   0.37583E-02  -0.39612E-01
-0.50767E+00   0.37225E-02  -0.39846E-01
-0.50649E+00   0.36898E-02  -0.40053E-01
-0.50535E+00   0.36674E-02  -0.40229E-01
-0.50425E+00   0.36533E-02  -0.40374E-01
-0.50320E+00   0.36348E-02  -0.40511E-01
-0.50218E+00   0.36132E-02  -0.40631E-01
-0.50120E+00   0.35919E-02  -0.40741E-01
-0.50026E+00   0.35715E-02  -0.40836E-01
-0.49935E+00   0.35530E-02  -0.40916E-01
-0.49848E+00   0.35316E-02  -0.41001E-01
-0.49764E+00   0.35683E-02  -0.40985E-01
-0.52803E+00   0.00000E+00  -0.30014E-01
-0.52770E+00   0.76878E-03  -0.30194E-01
-0.52726E+00   0.14962E-02  -0.30441E-01
-0.52670E+00   0.21650E-02  -0.30749E-01
-0.52605E+00   0.27602E-02  -0.31120E-01
-0.52530E+00   0.32887E-02  -0.31516E-01
-0.52451E+00   0.35622E-02  -0.32116E-01
-0.52366E+00   0.37439E-02  -0.32763E-01
-0.52274E+00   0.39039E-02  -0.33390E-01
-0.52175E+00   0.40298E-02  -0.33996E-01
-0.52070E+00   0.41423E-02  -0.34601E-01
-0.51959E+00   0.42328E-02  -0.35196E-01
-0.51842E+00   0.43008E-02  -0.35788E-01
-0.51718E+00   0.43570E-02  -0.36351E-01
-0.51586E+00   0.43964E-02  -0.36885E-01
-0.51447E+00   0.44197E-02  -0.37382E-01
-0.51305E+00   0.44314E-02  -0.37810E-01
-0.51168E+00   0.44230E-02  -0.38168E-01
-0.51034E+00   0.43940E-02  -0.38478E-01
-0.50906E+00   0.43609E-02  -0.38744E-01
-0.50781E+00   0.43246E-02  -0.38972E-01
-0.50662E+00   0.42903E-02  -0.39173E-01
-0.50546E+00   0.42599E-02  -0.39341E-01
-0.50434E+00   0.42374E-02  -0.39475E-01
-0.50327E+00   0.42131E-02  -0.39603E-01
-0.50224E+00   0.41866E-02  -0.39717E-01
-0.50125E+00   0.41619E-02  -0.39821E-01
-0.50029E+00   0.41412E-02  -0.39912E-01
-0.49937E+00   0.41236E-02  -0.39989E-01
-0.49849E+00   0.41044E-02  -0.40069E-01
-0.49764E+00   0.41494E-02  -0.40034E-01
-0.52836E+00   0.00000E+00  -0.29445E-01
-0.52804E+00   0.78525E-03  -0.29608E-01
-0.52763E+00   0.15559E-02  -0.29818E-01
-0.52709E+00   0.22644E-02  -0.30093E-01
-0.52644E+00   0.29082E-02  -0.30423E-01
-0.52569E+00   0.34801E-02  -0.30800E-01
-0.52487E+00   0.39325E-02  -0.31256E-01
-0.52403E+00   0.41432E-02  -0.31920E-01
-0.52310E+00   0.43581E-02  -0.32550E-01
-0.52211E+00   0.45332E-02  -0.33162E-01
-0.52104E+00   0.46683E-02  -0.33760E-01
-0.51991E+00   0.47789E-02  -0.34344E-01
-0.51871E+00   0.48558E-02  -0.34926E-01
-0.51744E+00   0.49108E-02  -0.35478E-01
-0.51610E+00   0.49473E-02  -0.36001E-01
-0.51469E+00   0.49616E-02  -0.36488E-01
-0.51325E+00   0.49624E-02  -0.36905E-01
-0.51185E+00   0.49501E-02  -0.37255E-01
-0.51051E+00   0.49299E-02  -0.37563E-01
-0.50920E+00   0.49039E-02  -0.37830E-01
-0.50794E+00   0.48801E-02  -0.38060E-01
-0.50673E+00   0.48516E-02  -0.38259E-01
-0.50556E+00   0.48252E-02  -0.38425E-01
-0.50443E+00   0.48034E-02  -0.38555E-01
-0.50334E+00   0.47795E-02  -0.38677E-01
-0.50230E+00   0.47535E-02  -0.38787E-01
-0.50129E+00   0.47268E-02  -0.38885E-01
-0.50032E+00   0.47029E-02  -0.38971E-01
-0.49939E+00   0.46847E-02  -0.39044E-01
-0.49849E+00   0.46673E-02  -0.39119E-01
-0.49764E+00   0.47210E-02  -0.39065E-01
-0.52867E+00   0.00000E+00  -0.28862E-01
-0.52839E+00   0.81601E-03  -0.28995E-01
-0.52798E+00   0.16021E-02  -0.29187E-01
-0.52744E+00   0.23424E-02  -0.29436E-01
-0.52680E+00   0.30274E-02  -0.29733E-01
-0.52607E+00   0.36404E-02  -0.30084E-01
-0.52523E+00   0.41915E-02  -0.30452E-01
-0.52437E+00   0.44949E-02  -0.31062E-01
-0.52344E+00   0.47491E-02  -0.31691E-01
-0.52244E+00   0.49732E-02  -0.32306E-01
-0.52136E+00   0.51494E-02  -0.32900E-01
-0.52021E+00   0.52835E-02  -0.33477E-01
-0.51899E+00   0.53780E-02  -0.34047E-01
-0.51770E+00   0.54413E-02  -0.34590E-01
-0.51634E+00   0.54786E-02  -0.35103E-01
-0.51490E+00   0.54882E-02  -0.35580E-01
-0.51344E+00   0.54807E-02  -0.35986E-01
-0.51203E+00   0.54593E-02  -0.36324E-01
-0.51066E+00   0.54320E-02  -0.36622E-01
-0.50934E+00   0.54087E-02  -0.36886E-01
-0.50806E+00   0.53879E-02  -0.37111E-01
-0.50684E+00   0.53700E-02  -0.37309E-01
-0.50565E+00   0.53507E-02  -0.37476E-01
-0.50451E+00   0.53384E-02  -0.37605E-01
-0.50341E+00   0.53220E-02  -0.37726E-01
-0.50235E+00   0.52991E-02  -0.37833E-01
-0.50133E+00   0.52778E-02  -0.37930E-01
-0.50035E+00   0.52585E-02  -0.38014E-01
-0.49941E+00   0.52423E-02  -0.38085E-01
-0.49850E+00   0.52265E-02  -0.38155E-01
-0.49764E+00   0.52877E-02  -0.38080E-01
-0.52897E+00   0.00000E+00  -0.28269E-01
-0.52868E+00   0.82617E-03  -0.28394E-01
-0.52830E+00   0.16463E-02  -0.28557E-01
-0.52778E+00   0.24179E-02  -0.28780E-01
-0.52715E+00   0.31351E-02  -0.29052E-01
-0.52641E+00   0.37879E-02  -0.29368E-01
-0.52559E+00   0.43748E-02  -0.29720E-01
-0.52469E+00   0.48169E-02  -0.30198E-01
-0.52375E+00   0.50935E-02  -0.30833E-01
-0.52274E+00   0.53583E-02  -0.31440E-01
-0.52165E+00   0.55811E-02  -0.32028E-01
-0.52049E+00   0.57473E-02  -0.32597E-01
-0.51925E+00   0.58667E-02  -0.33153E-01
-0.51794E+00   0.59413E-02  -0.33688E-01
-0.51656E+00   0.59859E-02  -0.34190E-01
-0.51510E+00   0.59953E-02  -0.34656E-01
-0.51362E+00   0.59877E-02  -0.35056E-01
-0.51219E+00   0.59606E-02  -0.35384E-01
-0.51080E+00   0.59313E-02  -0.35672E-01
-0.50947E+00   0.59025E-02  -0.35928E-01
-0.50818E+00   0.58835E-02  -0.36147E-01
-0.50693E+00   0.58679E-02  -0.36340E-01
-0.50573E+00   0.58518E-02  -0.36502E-01
-0.50458E+00   0.58479E-02  -0.36631E-01
-0.50347E+00   0.58349E-02  -0.36747E-01
-0.50240E+00   0.58252E-02  -0.36856E-01
-0.50137E+00   0.58102E-02  -0.36952E-01
-0.50038E+00   0.57956E-02  -0.37035E-01
-0.49942E+00   0.57879E-02  -0.37106E-01
-0.49851E+00   0.57752E-02  -0.37172E-01
-0.49764E+00   0.58492E-02  -0.37078E-01
-0.52923E+00   0.00000E+00  -0.27662E-01
-0.52895E+00   0.83681E-03  -0.27778E-01
-0.52859E+00   0.16808E-02  -0.27922E-01
-0.52810E+00   0.24876E-02  -0.28118E-01
-0.52748E+00   0.32365E-02  -0.28367E-01
-0.52675E+00   0.39263E-02  -0.28658E-01
-0.52592E+00   0.45391E-02  -0.28996E-01
-0.52500E+00   0.50859E-02  -0.29365E-01
-0.52405E+00   0.54000E-02  -0.29980E-01
-0.52303E+00   0.56999E-02  -0.30568E-01
-0.52193E+00   0.59634E-02  -0.31144E-01
-0.52075E+00   0.61721E-02  -0.31705E-01
-0.51949E+00   0.63206E-02  -0.32247E-01
-0.51817E+00   0.64127E-02  -0.32772E-01
-0.51676E+00   0.64650E-02  -0.33262E-01
-0.51529E+00   0.64829E-02  -0.33719E-01
-0.51379E+00   0.64755E-02  -0.34110E-01
-0.51234E+00   0.64530E-02  -0.34432E-01
-0.51094E+00   0.64215E-02  -0.34710E-01
-0.50959E+00   0.63937E-02  -0.34960E-01
-0.50828E+00   0.63740E-02  -0.35171E-01
-0.50703E+00   0.63589E-02  -0.35357E-01
-0.50581E+00   0.63468E-02  -0.35516E-01
-0.50465E+00   0.63459E-02  -0.35640E-01
-0.50352E+00   0.63407E-02  -0.35754E-01
-0.50244E+00   0.63334E-02  -0.35859E-01
-0.50140E+00   0.63246E-02  -0.35953E-01
-0.50040E+00   0.63201E-02  -0.36037E-01
-0.49944E+00   0.63147E-02  -0.36105E-01
-0.49851E+00   0.63115E-02  -0.36169E-01
-0.49764E+00   0.63925E-02  -0.36054E-01
-0.52949E+00   0.00000E+00  -0.27049E-01
-0.52923E+00   0.85941E-03  -0.27144E-01
-0.52887E+00   0.17147E-02  -0.27278E-01
-0.52838E+00   0.25362E-02  -0.27461E-01
-0.52778E+00   0.33186E-02  -0.27687E-01
-0.52706E+00   0.40429E-02  -0.27955E-01
-0.52624E+00   0.46984E-02  -0.28264E-01
-0.52532E+00   0.52903E-02  -0.28592E-01
-0.52435E+00   0.56871E-02  -0.29128E-01
-0.52331E+00   0.60161E-02  -0.29697E-01
-0.52219E+00   0.63063E-02  -0.30254E-01
-0.52100E+00   0.65550E-02  -0.30801E-01
-0.51973E+00   0.67425E-02  -0.31329E-01
-0.51838E+00   0.68660E-02  -0.31847E-01
-0.51696E+00   0.69308E-02  -0.32323E-01
-0.51547E+00   0.69483E-02  -0.32765E-01
-0.51395E+00   0.69450E-02  -0.33149E-01
-0.51249E+00   0.69326E-02  -0.33466E-01
-0.51107E+00   0.69054E-02  -0.33736E-01
-0.50970E+00   0.68778E-02  -0.33979E-01
-0.50838E+00   0.68582E-02  -0.34183E-01
-0.50711E+00   0.68464E-02  -0.34362E-01
-0.50589E+00   0.68336E-02  -0.34514E-01
-0.50471E+00   0.68336E-02  -0.34633E-01
-0.50357E+00   0.68338E-02  -0.34743E-01
-0.50248E+00   0.68306E-02  -0.34844E-01
-0.50143E+00   0.68276E-02  -0.34936E-01
-0.50042E+00   0.68235E-02  -0.35015E-01
-0.49945E+00   0.68246E-02  -0.35082E-01
-0.49851E+00   0.68239E-02  -0.35141E-01
-0.49764E+00   0.69120E-02  -0.35005E-01
-0.52969E+00   0.00000E+00  -0.26419E-01
-0.52945E+00   0.87042E-03  -0.26506E-01
-0.52912E+00   0.17493E-02  -0.26622E-01
-0.52865E+00   0.25960E-02  -0.26787E-01
-0.52805E+00   0.34004E-02  -0.26997E-01
-0.52735E+00   0.41568E-02  -0.27246E-01
-0.52654E+00   0.48487E-02  -0.27532E-01
-0.52562E+00   0.54641E-02  -0.27852E-01
-0.52463E+00   0.59574E-02  -0.28284E-01
-0.52357E+00   0.63111E-02  -0.28836E-01
-0.52243E+00   0.66279E-02  -0.29368E-01
-0.52122E+00   0.69002E-02  -0.29890E-01
-0.51994E+00   0.71242E-02  -0.30401E-01
-0.51858E+00   0.72853E-02  -0.30908E-01
-0.51715E+00   0.73745E-02  -0.31374E-01
-0.51563E+00   0.74007E-02  -0.31802E-01
-0.51410E+00   0.73966E-02  -0.32174E-01
-0.51262E+00   0.73848E-02  -0.32481E-01
-0.51119E+00   0.73643E-02  -0.32744E-01
-0.50981E+00   0.73410E-02  -0.32979E-01
-0.50848E+00   0.73296E-02  -0.33179E-01
-0.50719E+00   0.73169E-02  -0.33349E-01
-0.50596E+00   0.73117E-02  -0.33498E-01
-0.50477E+00   0.73122E-02  -0.33611E-01
-0.50362E+00   0.73119E-02  -0.33714E-01
-0.50252E+00   0.73112E-02  -0.33810E-01
-0.50146E+00   0.73064E-02  -0.33896E-01
-0.50044E+00   0.73072E-02  -0.33972E-01
-0.49946E+00   0.73087E-02  -0.34035E-01
-0.49851E+00   0.73120E-02  -0.34089E-01
-0.49764E+00   0.74055E-02  -0.33930E-01
-0.52990E+00   0.00000E+00  -0.25786E-01
-0.52964E+00   0.87707E-03  -0.25869E-01
-0.52933E+00   0.17703E-02  -0.25973E-01
-0.52889E+00   0.26458E-02  -0.26119E-01
-0.52831E+00   0.34745E-02  -0.26311E-01
-0.52761E+00   0.42558E-02  -0.26541E-01
-0.52681E+00   0.49793E-02  -0.26806E-01
-0.52589E+00   0.56276E-02  -0.27111E-01
-0.52489E+00   0.61916E-02  -0.27459E-01
-0.52382E+00   0.65847E-02  -0.27986E-01
-0.52267E+00   0.69321E-02  -0.28487E-01
-0.52144E+00   0.72251E-02  -0.28977E-01
-0.52014E+00   0.74710E-02  -0.29464E-01
-0.51877E+00   0.76586E-02  -0.29951E-01
-0.51732E+00   0.77820E-02  -0.30407E-01
-0.51579E+00   0.78223E-02  -0.30821E-01
-0.51424E+00   0.78240E-02  -0.31182E-01
-0.51274E+00   0.78131E-02  -0.31478E-01
-0.51130E+00   0.77960E-02  -0.31731E-01
-0.50990E+00   0.77652E-02  -0.31954E-01
-0.50856E+00   0.77581E-02  -0.32146E-01
-0.50727E+00   0.77589E-02  -0.32314E-01
-0.50602E+00   0.77561E-02  -0.32456E-01
-0.50482E+00   0.77643E-02  -0.32566E-01
-0.50366E+00   0.77671E-02  -0.32663E-01
-0.50255E+00   0.77673E-02  -0.32753E-01
-0.50148E+00   0.77714E-02  -0.32837E-01
-0.50046E+00   0.77713E-02  -0.32909E-01
-0.49947E+00   0.77720E-02  -0.32966E-01
-0.49852E+00   0.77789E-02  -0.33015E-01
-0.49764E+00   0.78764E-02  -0.32832E-01
-0.53004E+00   0.00000E+00  -0.25138E-01
-0.52984E+00   0.89895E-03  -0.25200E-01
-0.52954E+00   0.18045E-02  -0.25295E-01
-0.52910E+00   0.26912E-02  -0.25431E-01
-0.52854E+00   0.35447E-02  -0.25608E-01
-0.52785E+00   0.43465E-02  -0.25823E-01
-0.52705E+00   0.50961E-02  -0.26073E-01
-0.52615E+00   0.57756E-02  -0.26358E-01
-0.52514E+00   0.63834E-02  -0.26665E-01
-0.52406E+00   0.68306E-02  -0.27142E-01
-0.52290E+00   0.72148E-02  -0.27608E-01
-0.52165E+00   0.75289E-02  -0.28064E-01
-0.52033E+00   0.77859E-02  -0.28518E-01
-0.51894E+00   0.79873E-02  -0.28977E-01
-0.51747E+00   0.81275E-02  -0.29415E-01
-0.51592E+00   0.81943E-02  -0.29817E-01
-0.51436E+00   0.82116E-02  -0.30169E-01
-0.51285E+00   0.82138E-02  -0.30456E-01
-0.51140E+00   0.82009E-02  -0.30699E-01
-0.50999E+00   0.81620E-02  -0.30908E-01
-0.50864E+00   0.81567E-02  -0.31093E-01
-0.50733E+00   0.81591E-02  -0.31252E-01
-0.50608E+00   0.81650E-02  -0.31389E-01
-0.50487E+00   0.81764E-02  -0.31493E-01
-0.50370E+00   0.81874E-02  -0.31586E-01
-0.50258E+00   0.81927E-02  -0.31672E-01
-0.50151E+00   0.81993E-02  -0.31751E-01
-0.50047E+00   0.82060E-02  -0.31820E-01
-0.49947E+00   0.82141E-02  -0.31876E-01
-0.49851E+00   0.82231E-02  -0.31918E-01
-0.49764E+00   0.83254E-02  -0.31712E-01
-0.53019E+00   0.00000E+00  -0.24490E-01
-0.52998E+00   0.90356E-03  -0.24550E-01
-0.52970E+00   0.18229E-02  -0.24633E-01
-0.52929E+00   0.27295E-02  -0.24753E-01
-0.52874E+00   0.36051E-02  -0.24913E-01
-0.52806E+00   0.44291E-02  -0.25111E-01
-0.52727E+00   0.51981E-02  -0.25343E-01
-0.52637E+00   0.59043E-02  -0.25606E-01
-0.52537E+00   0.65424E-02  -0.25892E-01
-0.52428E+00   0.70511E-02  -0.26305E-01
-0.52310E+00   0.74710E-02  -0.26734E-01
-0.52184E+00   0.78096E-02  -0.27152E-01
-0.52049E+00   0.80743E-02  -0.27569E-01
-0.51908E+00   0.82717E-02  -0.27991E-01
-0.51760E+00   0.84145E-02  -0.28403E-01
-0.51604E+00   0.85018E-02  -0.28789E-01
-0.51447E+00   0.85488E-02  -0.29132E-01
-0.51295E+00   0.85768E-02  -0.29414E-01
-0.51148E+00   0.85814E-02  -0.29651E-01
-0.51007E+00   0.85587E-02  -0.29854E-01
-0.50870E+00   0.85459E-02  -0.30026E-01
-0.50739E+00   0.85476E-02  -0.30175E-01
-0.50612E+00   0.85549E-02  -0.30304E-01
-0.50491E+00   0.85667E-02  -0.30401E-01
-0.50373E+00   0.85808E-02  -0.30487E-01
-0.50261E+00   0.85903E-02  -0.30568E-01
-0.50152E+00   0.86038E-02  -0.30644E-01
-0.50048E+00   0.86133E-02  -0.30709E-01
-0.49948E+00   0.86261E-02  -0.30761E-01
-0.49851E+00   0.86398E-02  -0.30799E-01
-0.49764E+00   0.87398E-02  -0.30566E-01
-0.53027E+00   0.00000E+00  -0.23830E-01
-0.53009E+00   0.91313E-03  -0.23882E-01
-0.52983E+00   0.18465E-02  -0.23952E-01
-0.52944E+00   0.27704E-02  -0.24059E-01
-0.52890E+00   0.36615E-02  -0.24206E-01
-0.52824E+00   0.45065E-02  -0.24389E-01
-0.52745E+00   0.52966E-02  -0.24605E-01
-0.52656E+00   0.60246E-02  -0.24850E-01
-0.52556E+00   0.66829E-02  -0.25123E-01
-0.52446E+00   0.72421E-02  -0.25474E-01
-0.52328E+00   0.76971E-02  -0.25862E-01
-0.52200E+00   0.80620E-02  -0.26239E-01
-0.52064E+00   0.83295E-02  -0.26615E-01
-0.51921E+00   0.85271E-02  -0.26998E-01
-0.51771E+00   0.86749E-02  -0.27383E-01
-0.51614E+00   0.87838E-02  -0.27749E-01
-0.51456E+00   0.88642E-02  -0.28083E-01
-0.51303E+00   0.89183E-02  -0.28358E-01
-0.51155E+00   0.89458E-02  -0.28588E-01
-0.51013E+00   0.89559E-02  -0.28791E-01
-0.50876E+00   0.89447E-02  -0.28953E-01
-0.50743E+00   0.89361E-02  -0.29088E-01
-0.50616E+00   0.89355E-02  -0.29205E-01
-0.50494E+00   0.89443E-02  -0.29294E-01
-0.50376E+00   0.89548E-02  -0.29371E-01
-0.50262E+00   0.89653E-02  -0.29445E-01
-0.50153E+00   0.89752E-02  -0.29514E-01
-0.50049E+00   0.89846E-02  -0.29573E-01
-0.49948E+00   0.89981E-02  -0.29620E-01
-0.49851E+00   0.90140E-02  -0.29651E-01
-0.49764E+00   0.91075E-02  -0.29392E-01
-0.53036E+00   0.00000E+00  -0.23171E-01
-0.53017E+00   0.91849E-03  -0.23218E-01
-0.52993E+00   0.18602E-02  -0.23280E-01
-0.52956E+00   0.27990E-02  -0.23373E-01
-0.52904E+00   0.37065E-02  -0.23505E-01
-0.52839E+00   0.45708E-02  -0.23671E-01
-0.52761E+00   0.53815E-02  -0.23869E-01
-0.52672E+00   0.61305E-02  -0.24094E-01
-0.52572E+00   0.68055E-02  -0.24349E-01
-0.52462E+00   0.73974E-02  -0.24649E-01
-0.52343E+00   0.78876E-02  -0.24991E-01
-0.52214E+00   0.82766E-02  -0.25322E-01
-0.52076E+00   0.85504E-02  -0.25654E-01
-0.51931E+00   0.87558E-02  -0.25999E-01
-0.51780E+00   0.89268E-02  -0.26357E-01
-0.51622E+00   0.90673E-02  -0.26705E-01
-0.51463E+00   0.91719E-02  -0.27024E-01
-0.51310E+00   0.92460E-02  -0.27288E-01
-0.51161E+00   0.92930E-02  -0.27511E-01
-0.51018E+00   0.93174E-02  -0.27706E-01
-0.50880E+00   0.93223E-02  -0.27863E-01
-0.50747E+00   0.93156E-02  -0.27988E-01
-0.50620E+00   0.93113E-02  -0.28093E-01
-0.50496E+00   0.93110E-02  -0.28171E-01
-0.50378E+00   0.93128E-02  -0.28237E-01
-0.50264E+00   0.93151E-02  -0.28302E-01
-0.50154E+00   0.93170E-02  -0.28362E-01
-0.50049E+00   0.93184E-02  -0.28414E-01
-0.49948E+00   0.93264E-02  -0.28454E-01
-0.49850E+00   0.93369E-02  -0.28476E-01
-0.49764E+00   0.94154E-02  -0.28188E-01
-0.53040E+00   0.00000E+00  -0.22508E-01
-0.53023E+00   0.92507E-03  -0.22547E-01
-0.53000E+00   0.18751E-02  -0.22600E-01
-0.52965E+00   0.28257E-02  -0.22682E-01
-0.52914E+00   0.37450E-02  -0.22801E-01
-0.52850E+00   0.46266E-02  -0.22950E-01
-0.52773E+00   0.54548E-02  -0.23129E-01
-0.52684E+00   0.62214E-02  -0.23336E-01
-0.52584E+00   0.69113E-02  -0.23569E-01
-0.52474E+00   0.75243E-02  -0.23831E-01
-0.52354E+00   0.80419E-02  -0.24119E-01
-0.52224E+00   0.84562E-02  -0.24403E-01
-0.52085E+00   0.87416E-02  -0.24689E-01
-0.51940E+00   0.89637E-02  -0.24995E-01
-0.51787E+00   0.91524E-02  -0.25323E-01
-0.51629E+00   0.93139E-02  -0.25647E-01
-0.51469E+00   0.94418E-02  -0.25949E-01
-0.51315E+00   0.95335E-02  -0.26200E-01
-0.51166E+00   0.95984E-02  -0.26412E-01
-0.51022E+00   0.96359E-02  -0.26599E-01
-0.50884E+00   0.96529E-02  -0.26747E-01
-0.50750E+00   0.96553E-02  -0.26864E-01
-0.50622E+00   0.96507E-02  -0.26959E-01
-0.50498E+00   0.96474E-02  -0.27027E-01
-0.50379E+00   0.96390E-02  -0.27082E-01
-0.50265E+00   0.96305E-02  -0.27137E-01
-0.50155E+00   0.96227E-02  -0.27188E-01
-0.50049E+00   0.96134E-02  -0.27231E-01
-0.49947E+00   0.96089E-02  -0.27263E-01
-0.49850E+00   0.96127E-02  -0.27276E-01
-0.49764E+00   0.96819E-02  -0.26961E-01
-0.53043E+00   0.00000E+00  -0.21845E-01
-0.53027E+00   0.92859E-03  -0.21879E-01
-0.53005E+00   0.18836E-02  -0.21925E-01
-0.52971E+00   0.28430E-02  -0.21996E-01
-0.52921E+00   0.37738E-02  -0.22100E-01
-0.52858E+00   0.46675E-02  -0.22233E-01
-0.52782E+00   0.55083E-02  -0.22393E-01
-0.52694E+00   0.62901E-02  -0.22578E-01
-0.52594E+00   0.69978E-02  -0.22787E-01
-0.52483E+00   0.76256E-02  -0.23018E-01
-0.52363E+00   0.81661E-02  -0.23247E-01
-0.52232E+00   0.86038E-02  -0.23479E-01
-0.52093E+00   0.89260E-02  -0.23721E-01
-0.51946E+00   0.91763E-02  -0.23988E-01
-0.51793E+00   0.93762E-02  -0.24282E-01
-0.51634E+00   0.95395E-02  -0.24577E-01
-0.51473E+00   0.96705E-02  -0.24857E-01
-0.51318E+00   0.97726E-02  -0.25092E-01
-0.51169E+00   0.98467E-02  -0.25290E-01
-0.51025E+00   0.98895E-02  -0.25465E-01
-0.50886E+00   0.99165E-02  -0.25603E-01
-0.50752E+00   0.99261E-02  -0.25711E-01
-0.50623E+00   0.99249E-02  -0.25796E-01
-0.50499E+00   0.99216E-02  -0.25855E-01
-0.50380E+00   0.99069E-02  -0.25901E-01
-0.50265E+00   0.98918E-02  -0.25947E-01
-0.50155E+00   0.98778E-02  -0.25990E-01
-0.50049E+00   0.98636E-02  -0.26026E-01
-0.49947E+00   0.98549E-02  -0.26051E-01
-0.49849E+00   0.98497E-02  -0.26055E-01
-0.49764E+00   0.99093E-02  -0.25714E-01
-0.53043E+00   0.00000E+00  -0.21182E-01
-0.53027E+00   0.93132E-03  -0.21211E-01
-0.53006E+00   0.18899E-02  -0.21250E-01
-0.52974E+00   0.28555E-02  -0.21310E-01
-0.52925E+00   0.37949E-02  -0.21401E-01
-0.52862E+00   0.46976E-02  -0.21517E-01
-0.52786E+00   0.55477E-02  -0.21658E-01
-0.52699E+00   0.63410E-02  -0.21821E-01
-0.52599E+00   0.70614E-02  -0.22005E-01
-0.52489E+00   0.77067E-02  -0.22205E-01
-0.52368E+00   0.82705E-02  -0.22373E-01
-0.52237E+00   0.87337E-02  -0.22551E-01
-0.52098E+00   0.90951E-02  -0.22747E-01
-0.51951E+00   0.93792E-02  -0.22975E-01
-0.51798E+00   0.95968E-02  -0.23235E-01
-0.51637E+00   0.97644E-02  -0.23500E-01
-0.51476E+00   0.98887E-02  -0.23754E-01
-0.51320E+00   0.99817E-02  -0.23968E-01
-0.51170E+00   0.10048E-01  -0.24150E-01
-0.51026E+00   0.10093E-01  -0.24310E-01
-0.50887E+00   0.10118E-01  -0.24436E-01
-0.50752E+00   0.10129E-01  -0.24532E-01
-0.50623E+00   0.10129E-01  -0.24608E-01
-0.50499E+00   0.10121E-01  -0.24657E-01
-0.50380E+00   0.10111E-01  -0.24695E-01
-0.50265E+00   0.10096E-01  -0.24733E-01
-0.50154E+00   0.10081E-01  -0.24769E-01
-0.50048E+00   0.10068E-01  -0.24800E-01
-0.49946E+00   0.10055E-01  -0.24818E-01
-0.49848E+00   0.10053E-01  -0.24815E-01
-0.49764E+00   0.10101E-01  -0.24447E-01
-0.53042E+00   0.00000E+00  -0.20526E-01
-0.53026E+00   0.93187E-03  -0.20551E-01
-0.53005E+00   0.18914E-02  -0.20584E-01
-0.52973E+00   0.28595E-02  -0.20636E-01
-0.52925E+00   0.38044E-02  -0.20712E-01
-0.52863E+00   0.47128E-02  -0.20811E-01
-0.52787E+00   0.55708E-02  -0.20931E-01
-0.52700E+00   0.63722E-02  -0.21071E-01
-0.52600E+00   0.71041E-02  -0.21228E-01
-0.52491E+00   0.77651E-02  -0.21397E-01
-0.52370E+00   0.83504E-02  -0.21502E-01
-0.52240E+00   0.88436E-02  -0.21625E-01
-0.52101E+00   0.92405E-02  -0.21775E-01
-0.51954E+00   0.95536E-02  -0.21962E-01
-0.51800E+00   0.97882E-02  -0.22187E-01
-0.51639E+00   0.99588E-02  -0.22421E-01
-0.51477E+00   0.10077E-01  -0.22648E-01
-0.51321E+00   0.10153E-01  -0.22840E-01
-0.51170E+00   0.10207E-01  -0.23004E-01
-0.51026E+00   0.10239E-01  -0.23149E-01
-0.50886E+00   0.10261E-01  -0.23262E-01
-0.50752E+00   0.10270E-01  -0.23346E-01
-0.50623E+00   0.10270E-01  -0.23410E-01
-0.50498E+00   0.10262E-01  -0.23450E-01
-0.50379E+00   0.10254E-01  -0.23480E-01
-0.50264E+00   0.10241E-01  -0.23512E-01
-0.50153E+00   0.10228E-01  -0.23541E-01
-0.50047E+00   0.10218E-01  -0.23567E-01
-0.49945E+00   0.10210E-01  -0.23579E-01
-0.49847E+00   0.10209E-01  -0.23568E-01
-0.49764E+00   0.10245E-01  -0.23175E-01
-0.53038E+00   0.00000E+00  -0.19885E-01
-0.53023E+00   0.93136E-03  -0.19906E-01
-0.53002E+00   0.18904E-02  -0.19934E-01
-0.52969E+00   0.28580E-02  -0.19976E-01
-0.52922E+00   0.38050E-02  -0.20039E-01
-0.52860E+00   0.47179E-02  -0.20120E-01
-0.52785E+00   0.55805E-02  -0.20219E-01
-0.52697E+00   0.63870E-02  -0.20335E-01
-0.52598E+00   0.71238E-02  -0.20464E-01
-0.52489E+00   0.77969E-02  -0.20598E-01
-0.52368E+00   0.83951E-02  -0.20640E-01
-0.52239E+00   0.89184E-02  -0.20709E-01
-0.52100E+00   0.93491E-02  -0.20811E-01
-0.51953E+00   0.96825E-02  -0.20957E-01
-0.51799E+00   0.99274E-02  -0.21145E-01
-0.51638E+00   0.10099E-01  -0.21347E-01
-0.51476E+00   0.10207E-01  -0.21548E-01
-0.51320E+00   0.10272E-01  -0.21719E-01
-0.51169E+00   0.10309E-01  -0.21865E-01
-0.51024E+00   0.10332E-01  -0.21995E-01
-0.50885E+00   0.10346E-01  -0.22094E-01
-0.50750E+00   0.10350E-01  -0.22166E-01
-0.50621E+00   0.10350E-01  -0.22219E-01
-0.50497E+00   0.10342E-01  -0.22250E-01
-0.50377E+00   0.10339E-01  -0.22272E-01
-0.50262E+00   0.10327E-01  -0.22296E-01
-0.50152E+00   0.10320E-01  -0.22320E-01
-0.50046E+00   0.10312E-01  -0.22340E-01
-0.49943E+00   0.10310E-01  -0.22346E-01
-0.49845E+00   0.10311E-01  -0.22327E-01
-0.49764E+00   0.10333E-01  -0.21910E-01
-0.53033E+00   0.00000E+00  -0.19258E-01
-0.53017E+00   0.92936E-03  -0.19275E-01
-0.52995E+00   0.18857E-02  -0.19297E-01
-0.52962E+00   0.28488E-02  -0.19331E-01
-0.52914E+00   0.37932E-02  -0.19381E-01
-0.52853E+00   0.47079E-02  -0.19444E-01
-0.52778E+00   0.55737E-02  -0.19521E-01
-0.52691E+00   0.63819E-02  -0.19611E-01
-0.52592E+00   0.71235E-02  -0.19711E-01
-0.52483E+00   0.77998E-02  -0.19805E-01
-0.52363E+00   0.84026E-02  -0.19784E-01
-0.52234E+00   0.89454E-02  -0.19798E-01
-0.52096E+00   0.93983E-02  -0.19853E-01
-0.51950E+00   0.97484E-02  -0.19958E-01
-0.51796E+00   0.10003E-01  -0.20109E-01
-0.51634E+00   0.10173E-01  -0.20280E-01
-0.51472E+00   0.10275E-01  -0.20456E-01
-0.51316E+00   0.10324E-01  -0.20606E-01
-0.51166E+00   0.10347E-01  -0.20735E-01
-0.51021E+00   0.10361E-01  -0.20850E-01
-0.50882E+00   0.10367E-01  -0.20936E-01
-0.50747E+00   0.10367E-01  -0.20995E-01
-0.50618E+00   0.10367E-01  -0.21038E-01
-0.50494E+00   0.10363E-01  -0.21059E-01
-0.50375E+00   0.10357E-01  -0.21073E-01
-0.50260E+00   0.10354E-01  -0.21090E-01
-0.50150E+00   0.10348E-01  -0.21107E-01
-0.50044E+00   0.10348E-01  -0.21122E-01
-0.49942E+00   0.10348E-01  -0.21122E-01
-0.49844E+00   0.10353E-01  -0.21095E-01
-0.49764E+00   0.10353E-01  -0.20655E-01
-0.53025E+00   0.00000E+00  -0.18648E-01
-0.53009E+00   0.92578E-03  -0.18660E-01
-0.52987E+00   0.18769E-02  -0.18676E-01
-0.52952E+00   0.28313E-02  -0.18702E-01
-0.52904E+00   0.37711E-02  -0.18737E-01
-0.52843E+00   0.46868E-02  -0.18781E-01
-0.52768E+00   0.55500E-02  -0.18836E-01
-0.52682E+00   0.63612E-02  -0.18900E-01
-0.52583E+00   0.71046E-02  -0.18970E-01
-0.52474E+00   0.77813E-02  -0.19013E-01
-0.52355E+00   0.83820E-02  -0.18932E-01
-0.52226E+00   0.89193E-02  -0.18895E-01
-0.52089E+00   0.93767E-02  -0.18904E-01
-0.51943E+00   0.97296E-02  -0.18968E-01
-0.51789E+00   0.99889E-02  -0.19083E-01
-0.51628E+00   0.10158E-01  -0.19224E-01
-0.51466E+00   0.10257E-01  -0.19374E-01
-0.51310E+00   0.10298E-01  -0.19504E-01
-0.51160E+00   0.10311E-01  -0.19616E-01
-0.51016E+00   0.10315E-01  -0.19718E-01
-0.50877E+00   0.10318E-01  -0.19790E-01
-0.50743E+00   0.10318E-01  -0.19837E-01
-0.50614E+00   0.10314E-01  -0.19869E-01
-0.50491E+00   0.10314E-01  -0.19880E-01
-0.50372E+00   0.10310E-01  -0.19887E-01
-0.50257E+00   0.10310E-01  -0.19897E-01
-0.50147E+00   0.10311E-01  -0.19907E-01
-0.50042E+00   0.10315E-01  -0.19916E-01
-0.49940E+00   0.10320E-01  -0.19909E-01
-0.49842E+00   0.10324E-01  -0.19874E-01
-0.49764E+00   0.10297E-01  -0.19413E-01
-0.53014E+00   0.00000E+00  -0.18056E-01
-0.52997E+00   0.92142E-03  -0.18063E-01
-0.52974E+00   0.18653E-02  -0.18073E-01
-0.52938E+00   0.28089E-02  -0.18088E-01
-0.52889E+00   0.37429E-02  -0.18108E-01
-0.52829E+00   0.46537E-02  -0.18133E-01
-0.52755E+00   0.55153E-02  -0.18163E-01
-0.52668E+00   0.63224E-02  -0.18200E-01
-0.52570E+00   0.70670E-02  -0.18240E-01
-0.52462E+00   0.77379E-02  -0.18217E-01
-0.52343E+00   0.83252E-02  -0.18084E-01
-0.52215E+00   0.88389E-02  -0.18000E-01
-0.52078E+00   0.92759E-02  -0.17967E-01
-0.51932E+00   0.96175E-02  -0.17995E-01
-0.51779E+00   0.98692E-02  -0.18075E-01
-0.51618E+00   0.10037E-01  -0.18186E-01
-0.51457E+00   0.10135E-01  -0.18311E-01
-0.51301E+00   0.10175E-01  -0.18420E-01
-0.51152E+00   0.10189E-01  -0.18516E-01
-0.51008E+00   0.10193E-01  -0.18603E-01
-0.50870E+00   0.10193E-01  -0.18661E-01
-0.50737E+00   0.10197E-01  -0.18696E-01
-0.50609E+00   0.10193E-01  -0.18716E-01
-0.50486E+00   0.10192E-01  -0.18718E-01
-0.50367E+00   0.10192E-01  -0.18717E-01
-0.50253E+00   0.10197E-01  -0.18719E-01
-0.50144E+00   0.10201E-01  -0.18723E-01
-0.50039E+00   0.10208E-01  -0.18726E-01
-0.49938E+00   0.10210E-01  -0.18712E-01
-0.49840E+00   0.10217E-01  -0.18669E-01
-0.49764E+00   0.10151E-01  -0.18192E-01
-0.53002E+00   0.00000E+00  -0.17477E-01
-0.52984E+00   0.91132E-03  -0.17479E-01
-0.52958E+00   0.18414E-02  -0.17481E-01
-0.52920E+00   0.27751E-02  -0.17485E-01
-0.52872E+00   0.37024E-02  -0.17489E-01
-0.52811E+00   0.46025E-02  -0.17495E-01
-0.52738E+00   0.54583E-02  -0.17501E-01
-0.52652E+00   0.62615E-02  -0.17510E-01
-0.52554E+00   0.70012E-02  -0.17525E-01
-0.52446E+00   0.76494E-02  -0.17418E-01
-0.52328E+00   0.82112E-02  -0.17242E-01
-0.52200E+00   0.86986E-02  -0.17116E-01
-0.52063E+00   0.91073E-02  -0.17047E-01
-0.51918E+00   0.94277E-02  -0.17042E-01
-0.51765E+00   0.96652E-02  -0.17090E-01
-0.51605E+00   0.98296E-02  -0.17172E-01
-0.51445E+00   0.99223E-02  -0.17272E-01
-0.51290E+00   0.99639E-02  -0.17360E-01
-0.51142E+00   0.99796E-02  -0.17440E-01
-0.50999E+00   0.99893E-02  -0.17510E-01
-0.50861E+00   0.99946E-02  -0.17553E-01
-0.50729E+00   0.99977E-02  -0.17576E-01
-0.50602E+00   0.99983E-02  -0.17585E-01
-0.50479E+00   0.10000E-01  -0.17577E-01
-0.50362E+00   0.10002E-01  -0.17567E-01
-0.50249E+00   0.10004E-01  -0.17564E-01
-0.50140E+00   0.10011E-01  -0.17561E-01
-0.50036E+00   0.10019E-01  -0.17558E-01
-0.49935E+00   0.10019E-01  -0.17538E-01
-0.49839E+00   0.10021E-01  -0.17487E-01
-0.49764E+00   0.99185E-02  -0.16996E-01
-0.52982E+00   0.00000E+00  -0.16935E-01
-0.52962E+00   0.89864E-03  -0.16929E-01
-0.52936E+00   0.18224E-02  -0.16922E-01
-0.52900E+00   0.27522E-02  -0.16912E-01
-0.52851E+00   0.36636E-02  -0.16899E-01
-0.52790E+00   0.45493E-02  -0.16882E-01
-0.52716E+00   0.53946E-02  -0.16861E-01
-0.52630E+00   0.61816E-02  -0.16837E-01
-0.52534E+00   0.69140E-02  -0.16824E-01
-0.52425E+00   0.75128E-02  -0.16620E-01
-0.52307E+00   0.80391E-02  -0.16408E-01
-0.52179E+00   0.84950E-02  -0.16247E-01
-0.52043E+00   0.88769E-02  -0.16144E-01
-0.51899E+00   0.91811E-02  -0.16108E-01
-0.51747E+00   0.94058E-02  -0.16126E-01
-0.51588E+00   0.95593E-02  -0.16183E-01
-0.51429E+00   0.96462E-02  -0.16258E-01
-0.51276E+00   0.96811E-02  -0.16328E-01
-0.51129E+00   0.96978E-02  -0.16390E-01
-0.50987E+00   0.97077E-02  -0.16446E-01
-0.50850E+00   0.97158E-02  -0.16474E-01
-0.50719E+00   0.97214E-02  -0.16483E-01
-0.50593E+00   0.97229E-02  -0.16480E-01
-0.50472E+00   0.97254E-02  -0.16463E-01
-0.50355E+00   0.97260E-02  -0.16447E-01
-0.50243E+00   0.97331E-02  -0.16435E-01
-0.50135E+00   0.97397E-02  -0.16427E-01
-0.50032E+00   0.97465E-02  -0.16418E-01
-0.49932E+00   0.97513E-02  -0.16390E-01
-0.49836E+00   0.97463E-02  -0.16331E-01
-0.49764E+00   0.96045E-02  -0.15831E-01
-0.52962E+00   0.00000E+00  -0.16404E-01
-0.52942E+00   0.88836E-03  -0.16391E-01
-0.52915E+00   0.17982E-02  -0.16375E-01
-0.52877E+00   0.27070E-02  -0.16351E-01
-0.52826E+00   0.36007E-02  -0.16320E-01
-0.52765E+00   0.44708E-02  -0.16282E-01
-0.52691E+00   0.52982E-02  -0.16237E-01
-0.52605E+00   0.60641E-02  -0.16180E-01
-0.52508E+00   0.67733E-02  -0.16127E-01
-0.52399E+00   0.73050E-02  -0.15839E-01
-0.52281E+00   0.77880E-02  -0.15595E-01
-0.52155E+00   0.82126E-02  -0.15402E-01
-0.52020E+00   0.85732E-02  -0.15268E-01
-0.51876E+00   0.88605E-02  -0.15203E-01
-0.51726E+00   0.90724E-02  -0.15192E-01
-0.51569E+00   0.92134E-02  -0.15225E-01
-0.51411E+00   0.92902E-02  -0.15278E-01
-0.51259E+00   0.93228E-02  -0.15328E-01
-0.51113E+00   0.93365E-02  -0.15375E-01
-0.50973E+00   0.93473E-02  -0.15415E-01
-0.50838E+00   0.93543E-02  -0.15428E-01
-0.50708E+00   0.93596E-02  -0.15425E-01
-0.50583E+00   0.93623E-02  -0.15411E-01
-0.50463E+00   0.93646E-02  -0.15385E-01
-0.50348E+00   0.93697E-02  -0.15360E-01
-0.50237E+00   0.93769E-02  -0.15342E-01
-0.50130E+00   0.93852E-02  -0.15327E-01
-0.50027E+00   0.93960E-02  -0.15312E-01
-0.49929E+00   0.93942E-02  -0.15278E-01
-0.49834E+00   0.93838E-02  -0.15212E-01
-0.49764E+00   0.91955E-02  -0.14709E-01
-0.52939E+00   0.00000E+00  -0.15905E-01
-0.52918E+00   0.87758E-03  -0.15885E-01
-0.52889E+00   0.17685E-02  -0.15857E-01
-0.52849E+00   0.26553E-02  -0.15818E-01
-0.52798E+00   0.35302E-02  -0.15768E-01
-0.52736E+00   0.43781E-02  -0.15707E-01
-0.52661E+00   0.51806E-02  -0.15636E-01
-0.52575E+00   0.59183E-02  -0.15549E-01
-0.52478E+00   0.65674E-02  -0.15403E-01
-0.52369E+00   0.70377E-02  -0.15073E-01
-0.52251E+00   0.74766E-02  -0.14799E-01
-0.52125E+00   0.78614E-02  -0.14584E-01
-0.51991E+00   0.81908E-02  -0.14426E-01
-0.51850E+00   0.84546E-02  -0.14338E-01
-0.51701E+00   0.86517E-02  -0.14301E-01
-0.51546E+00   0.87817E-02  -0.14311E-01
-0.51390E+00   0.88550E-02  -0.14339E-01
-0.51240E+00   0.88840E-02  -0.14369E-01
-0.51095E+00   0.88997E-02  -0.14399E-01
-0.50957E+00   0.89130E-02  -0.14422E-01
-0.50823E+00   0.89208E-02  -0.14420E-01
-0.50695E+00   0.89272E-02  -0.14404E-01
-0.50572E+00   0.89311E-02  -0.14379E-01
-0.50453E+00   0.89325E-02  -0.14344E-01
-0.50339E+00   0.89389E-02  -0.14312E-01
-0.50229E+00   0.89458E-02  -0.14287E-01
-0.50124E+00   0.89525E-02  -0.14267E-01
-0.50023E+00   0.89631E-02  -0.14247E-01
-0.49925E+00   0.89580E-02  -0.14206E-01
-0.49832E+00   0.89413E-02  -0.14133E-01
-0.49764E+00   0.87096E-02  -0.13631E-01
-0.52911E+00   0.00000E+00  -0.15439E-01
-0.52887E+00   0.85712E-03  -0.15407E-01
-0.52859E+00   0.17340E-02  -0.15368E-01
-0.52819E+00   0.26064E-02  -0.15314E-01
-0.52766E+00   0.34553E-02  -0.15243E-01
-0.52703E+00   0.42747E-02  -0.15157E-01
-0.52627E+00   0.50391E-02  -0.15052E-01
-0.52541E+00   0.57524E-02  -0.14949E-01
-0.52442E+00   0.62779E-02  -0.14660E-01
-0.52333E+00   0.67071E-02  -0.14321E-01
-0.52217E+00   0.70975E-02  -0.14031E-01
-0.52092E+00   0.74429E-02  -0.13797E-01
-0.51959E+00   0.77307E-02  -0.13628E-01
-0.51819E+00   0.79663E-02  -0.13520E-01
-0.51672E+00   0.81415E-02  -0.13464E-01
-0.51519E+00   0.82638E-02  -0.13449E-01
-0.51365E+00   0.83333E-02  -0.13451E-01
-0.51217E+00   0.83648E-02  -0.13460E-01
-0.51075E+00   0.83857E-02  -0.13471E-01
-0.50938E+00   0.84022E-02  -0.13474E-01
-0.50807E+00   0.84145E-02  -0.13456E-01
-0.50680E+00   0.84196E-02  -0.13428E-01
-0.50559E+00   0.84206E-02  -0.13393E-01
-0.50442E+00   0.84226E-02  -0.13350E-01
-0.50329E+00   0.84282E-02  -0.13311E-01
-0.50221E+00   0.84342E-02  -0.13281E-01
-0.50117E+00   0.84417E-02  -0.13255E-01
-0.50017E+00   0.84486E-02  -0.13231E-01
-0.49921E+00   0.84421E-02  -0.13182E-01
-0.49829E+00   0.84159E-02  -0.13103E-01
-0.49764E+00   0.81372E-02  -0.12610E-01
-0.52884E+00   0.00000E+00  -0.14982E-01
-0.52858E+00   0.83654E-03  -0.14939E-01
-0.52826E+00   0.16875E-02  -0.14885E-01
-0.52785E+00   0.25331E-02  -0.14814E-01
-0.52732E+00   0.33573E-02  -0.14724E-01
-0.52667E+00   0.41425E-02  -0.14616E-01
-0.52590E+00   0.48671E-02  -0.14479E-01
-0.52503E+00   0.55307E-02  -0.14333E-01
-0.52403E+00   0.59302E-02  -0.13938E-01
-0.52295E+00   0.63113E-02  -0.13592E-01
-0.52179E+00   0.66528E-02  -0.13294E-01
-0.52055E+00   0.69489E-02  -0.13055E-01
-0.51924E+00   0.71993E-02  -0.12877E-01
-0.51786E+00   0.74033E-02  -0.12754E-01
-0.51641E+00   0.75608E-02  -0.12678E-01
-0.51490E+00   0.76742E-02  -0.12638E-01
-0.51339E+00   0.77375E-02  -0.12617E-01
-0.51193E+00   0.77714E-02  -0.12605E-01
-0.51053E+00   0.77979E-02  -0.12597E-01
-0.50918E+00   0.78198E-02  -0.12578E-01
-0.50789E+00   0.78280E-02  -0.12548E-01
-0.50664E+00   0.78352E-02  -0.12506E-01
-0.50544E+00   0.78388E-02  -0.12458E-01
-0.50429E+00   0.78406E-02  -0.12408E-01
-0.50319E+00   0.78450E-02  -0.12363E-01
-0.50212E+00   0.78516E-02  -0.12326E-01
-0.50110E+00   0.78612E-02  -0.12294E-01
-0.50012E+00   0.78664E-02  -0.12265E-01
-0.49917E+00   0.78564E-02  -0.12209E-01
-0.49827E+00   0.78177E-02  -0.12125E-01
-0.49764E+00   0.74765E-02  -0.11659E-01
-0.52851E+00   0.00000E+00  -0.14579E-01
-0.52824E+00   0.81622E-03  -0.14523E-01
-0.52792E+00   0.16487E-02  -0.14454E-01
-0.52750E+00   0.24710E-02  -0.14363E-01
-0.52695E+00   0.32587E-02  -0.14246E-01
-0.52628E+00   0.39955E-02  -0.14101E-01
-0.52551E+00   0.46838E-02  -0.13948E-01
-0.52460E+00   0.51856E-02  -0.13651E-01
-0.52360E+00   0.55226E-02  -0.13251E-01
-0.52252E+00   0.58460E-02  -0.12900E-01
-0.52137E+00   0.61337E-02  -0.12606E-01
-0.52015E+00   0.63817E-02  -0.12368E-01
-0.51885E+00   0.65951E-02  -0.12184E-01
-0.51749E+00   0.67707E-02  -0.12047E-01
-0.51607E+00   0.69081E-02  -0.11955E-01
-0.51458E+00   0.70091E-02  -0.11893E-01
-0.51310E+00   0.70704E-02  -0.11846E-01
-0.51167E+00   0.71065E-02  -0.11812E-01
-0.51029E+00   0.71388E-02  -0.11783E-01
-0.50896E+00   0.71603E-02  -0.11746E-01
-0.50769E+00   0.71741E-02  -0.11696E-01
-0.50647E+00   0.71810E-02  -0.11642E-01
-0.50529E+00   0.71846E-02  -0.11584E-01
-0.50416E+00   0.71851E-02  -0.11526E-01
-0.50307E+00   0.71847E-02  -0.11480E-01
-0.50203E+00   0.71864E-02  -0.11440E-01
-0.50102E+00   0.71857E-02  -0.11410E-01
-0.50006E+00   0.71844E-02  -0.11381E-01
-0.49913E+00   0.71571E-02  -0.11328E-01
-0.49824E+00   0.71005E-02  -0.11244E-01
-0.49764E+00   0.66996E-02  -0.10814E-01
-0.52818E+00   0.00000E+00  -0.14190E-01
-0.52791E+00   0.79670E-03  -0.14121E-01
-0.52757E+00   0.16014E-02  -0.14034E-01
-0.52712E+00   0.23879E-02  -0.13920E-01
-0.52655E+00   0.31323E-02  -0.13776E-01
-0.52586E+00   0.38158E-02  -0.13595E-01
-0.52507E+00   0.44410E-02  -0.13400E-01
-0.52414E+00   0.47478E-02  -0.12977E-01
-0.52314E+00   0.50432E-02  -0.12597E-01
-0.52207E+00   0.53088E-02  -0.12259E-01
-0.52092E+00   0.55442E-02  -0.11973E-01
-0.51971E+00   0.57499E-02  -0.11736E-01
-0.51844E+00   0.59293E-02  -0.11548E-01
-0.51710E+00   0.60758E-02  -0.11404E-01
-0.51571E+00   0.61912E-02  -0.11301E-01
-0.51425E+00   0.62793E-02  -0.11216E-01
-0.51279E+00   0.63449E-02  -0.11136E-01
-0.51139E+00   0.63912E-02  -0.11073E-01
-0.51003E+00   0.64217E-02  -0.11028E-01
-0.50874E+00   0.64414E-02  -0.10974E-01
-0.50749E+00   0.64523E-02  -0.10912E-01
-0.50629E+00   0.64607E-02  -0.10844E-01
-0.50513E+00   0.64619E-02  -0.10778E-01
-0.50402E+00   0.64551E-02  -0.10718E-01
-0.50296E+00   0.64471E-02  -0.10673E-01
-0.50193E+00   0.64379E-02  -0.10637E-01
-0.50094E+00   0.64305E-02  -0.10607E-01
-0.49999E+00   0.64206E-02  -0.10579E-01
-0.49908E+00   0.63841E-02  -0.10525E-01
-0.49821E+00   0.63136E-02  -0.10436E-01
-0.49764E+00   0.58998E-02  -0.10007E-01
-0.52785E+00   0.00000E+00  -0.13815E-01
-0.52754E+00   0.76140E-03  -0.13723E-01
-0.52717E+00   0.15328E-02  -0.13617E-01
-0.52670E+00   0.22831E-02  -0.13484E-01
-0.52611E+00   0.29726E-02  -0.13304E-01
-0.52541E+00   0.36209E-02  -0.13120E-01
-0.52457E+00   0.40200E-02  -0.12773E-01
-0.52364E+00   0.42582E-02  -0.12362E-01
-0.52264E+00   0.44903E-02  -0.11997E-01
-0.52157E+00   0.47015E-02  -0.11679E-01
-0.52044E+00   0.48900E-02  -0.11403E-01
-0.51925E+00   0.50570E-02  -0.11171E-01
-0.51800E+00   0.52019E-02  -0.10982E-01
-0.51669E+00   0.53201E-02  -0.10835E-01
-0.51532E+00   0.54138E-02  -0.10723E-01
-0.51389E+00   0.54931E-02  -0.10612E-01
-0.51246E+00   0.55584E-02  -0.10504E-01
-0.51109E+00   0.56050E-02  -0.10420E-01
-0.50976E+00   0.56247E-02  -0.10369E-01
-0.50849E+00   0.56350E-02  -0.10306E-01
-0.50727E+00   0.56435E-02  -0.10231E-01
-0.50609E+00   0.56509E-02  -0.10150E-01
-0.50496E+00   0.56527E-02  -0.10072E-01
-0.50387E+00   0.56440E-02  -0.10006E-01
-0.50283E+00   0.56381E-02  -0.99510E-02
-0.50182E+00   0.56308E-02  -0.99066E-02
-0.50085E+00   0.56268E-02  -0.98666E-02
-0.49992E+00   0.56234E-02  -0.98258E-02
-0.49903E+00   0.55885E-02  -0.97582E-02
-0.49818E+00   0.55167E-02  -0.96516E-02
-0.49764E+00   0.50919E-02  -0.92233E-02
-0.52748E+00   0.00000E+00  -0.13494E-01
-0.52718E+00   0.74681E-03  -0.13393E-01
-0.52680E+00   0.14831E-02  -0.13263E-01
-0.52628E+00   0.21706E-02  -0.13086E-01
-0.52566E+00   0.28014E-02  -0.12877E-01
-0.52492E+00   0.33064E-02  -0.12606E-01
-0.52405E+00   0.34896E-02  -0.12179E-01
-0.52311E+00   0.36889E-02  -0.11805E-01
-0.52212E+00   0.38663E-02  -0.11469E-01
-0.52106E+00   0.40276E-02  -0.11172E-01
-0.51994E+00   0.41732E-02  -0.10909E-01
-0.51877E+00   0.43038E-02  -0.10688E-01
-0.51754E+00   0.44156E-02  -0.10502E-01
-0.51626E+00   0.45066E-02  -0.10356E-01
-0.51492E+00   0.45834E-02  -0.10228E-01
-0.51352E+00   0.46520E-02  -0.10096E-01
-0.51212E+00   0.47062E-02  -0.99771E-02
-0.51077E+00   0.47374E-02  -0.98944E-02
-0.50948E+00   0.47450E-02  -0.98365E-02
-0.50823E+00   0.47551E-02  -0.97509E-02
-0.50704E+00   0.47675E-02  -0.96511E-02
-0.50589E+00   0.47796E-02  -0.95485E-02
-0.50478E+00   0.47882E-02  -0.94485E-02
-0.50372E+00   0.47884E-02  -0.93622E-02
-0.50270E+00   0.47934E-02  -0.92861E-02
-0.50171E+00   0.48013E-02  -0.92164E-02
-0.50077E+00   0.48096E-02  -0.91561E-02
-0.49986E+00   0.48150E-02  -0.90988E-02
-0.49898E+00   0.47846E-02  -0.90155E-02
-0.49816E+00   0.47053E-02  -0.88960E-02
-0.49764E+00   0.42423E-02  -0.85035E-02
-0.52712E+00   0.00000E+00  -0.13181E-01
-0.52678E+00   0.70617E-03  -0.13054E-01
-0.52636E+00   0.13941E-02  -0.12891E-01
-0.52581E+00   0.20144E-02  -0.12678E-01
-0.52516E+00   0.25690E-02  -0.12438E-01
-0.52435E+00   0.27590E-02  -0.12036E-01
-0.52348E+00   0.29125E-02  -0.11660E-01
-0.52255E+00   0.30519E-02  -0.11317E-01
-0.52156E+00   0.31816E-02  -0.11010E-01
-0.52051E+00   0.32987E-02  -0.10737E-01
-0.51942E+00   0.34060E-02  -0.10493E-01
-0.51827E+00   0.35010E-02  -0.10287E-01
-0.51706E+00   0.35821E-02  -0.10111E-01
-0.51580E+00   0.36507E-02  -0.99603E-02
-0.51449E+00   0.37096E-02  -0.98222E-02
-0.51313E+00   0.37612E-02  -0.96853E-02
-0.51176E+00   0.38012E-02  -0.95629E-02
-0.51044E+00   0.38229E-02  -0.94671E-02
-0.50918E+00   0.38403E-02  -0.93578E-02
-0.50797E+00   0.38614E-02  -0.92296E-02
-0.50680E+00   0.38830E-02  -0.90977E-02
-0.50568E+00   0.38997E-02  -0.89735E-02
-0.50460E+00   0.39067E-02  -0.88652E-02
-0.50356E+00   0.39153E-02  -0.87595E-02
-0.50256E+00   0.39265E-02  -0.86688E-02
-0.50160E+00   0.39407E-02  -0.85845E-02
-0.50068E+00   0.39527E-02  -0.85133E-02
-0.49979E+00   0.39588E-02  -0.84479E-02
-0.49894E+00   0.39170E-02  -0.83699E-02
-0.49813E+00   0.38109E-02  -0.82610E-02
-0.49764E+00   0.32784E-02  -0.79699E-02
-0.52676E+00   0.00000E+00  -0.12881E-01
-0.52638E+00   0.65521E-03  -0.12723E-01
-0.52589E+00   0.12617E-02  -0.12519E-01
-0.52532E+00   0.18221E-02  -0.12291E-01
-0.52458E+00   0.20611E-02  -0.11931E-01
-0.52376E+00   0.21550E-02  -0.11554E-01
-0.52289E+00   0.22589E-02  -0.11216E-01
-0.52196E+00   0.23545E-02  -0.10910E-01
-0.52098E+00   0.24419E-02  -0.10633E-01
-0.51996E+00   0.25209E-02  -0.10386E-01
-0.51888E+00   0.25939E-02  -0.10164E-01
-0.51775E+00   0.26581E-02  -0.99718E-02
-0.51657E+00   0.27139E-02  -0.98007E-02
-0.51534E+00   0.27615E-02  -0.96499E-02
-0.51406E+00   0.28030E-02  -0.95065E-02
-0.51273E+00   0.28387E-02  -0.93667E-02
-0.51139E+00   0.28665E-02  -0.92354E-02
-0.51011E+00   0.28894E-02  -0.90961E-02
-0.50888E+00   0.29129E-02  -0.89434E-02
-0.50770E+00   0.29358E-02  -0.87892E-02
-0.50656E+00   0.29557E-02  -0.86422E-02
-0.50547E+00   0.29693E-02  -0.85076E-02
-0.50442E+00   0.29747E-02  -0.83900E-02
-0.50340E+00   0.29773E-02  -0.82873E-02
-0.50243E+00   0.29829E-02  -0.81998E-02
-0.50149E+00   0.29958E-02  -0.81100E-02
-0.50059E+00   0.30054E-02  -0.80360E-02
-0.49972E+00   0.30056E-02  -0.79712E-02
-0.49889E+00   0.29560E-02  -0.78939E-02
-0.49811E+00   0.28266E-02  -0.77934E-02
-0.49764E+00   0.22660E-02  -0.75628E-02
-0.52638E+00   0.00000E+00  -0.12629E-01
-0.52596E+00   0.60105E-03  -0.12433E-01
-0.52543E+00   0.11247E-02  -0.12189E-01
-0.52474E+00   0.13713E-02  -0.11852E-01
-0.52398E+00   0.14157E-02  -0.11490E-01
-0.52316E+00   0.14868E-02  -0.11165E-01
-0.52229E+00   0.15476E-02  -0.10867E-01
-0.52137E+00   0.16049E-02  -0.10593E-01
-0.52041E+00   0.16571E-02  -0.10341E-01
-0.51940E+00   0.17052E-02  -0.10116E-01
-0.51835E+00   0.17496E-02  -0.99114E-02
-0.51724E+00   0.17883E-02  -0.97277E-02
-0.51609E+00   0.18224E-02  -0.95630E-02
-0.51489E+00   0.18519E-02  -0.94095E-02
-0.51364E+00   0.18773E-02  -0.92651E-02
-0.51234E+00   0.19001E-02  -0.91161E-02
-0.51104E+00   0.19201E-02  -0.89617E-02
-0.50979E+00   0.19384E-02  -0.87972E-02
-0.50859E+00   0.19556E-02  -0.86337E-02
-0.50744E+00   0.19721E-02  -0.84715E-02
-0.50633E+00   0.19864E-02  -0.83167E-02
-0.50526E+00   0.19972E-02  -0.81679E-02
-0.50424E+00   0.20037E-02  -0.80286E-02
-0.50325E+00   0.20108E-02  -0.79020E-02
-0.50230E+00   0.20163E-02  -0.78051E-02
-0.50138E+00   0.20219E-02  -0.77243E-02
-0.50050E+00   0.20246E-02  -0.76582E-02
-0.49965E+00   0.20160E-02  -0.76017E-02
-0.49884E+00   0.19566E-02  -0.75346E-02
-0.49808E+00   0.18019E-02  -0.74543E-02
-0.49764E+00   0.12340E-02  -0.72501E-02
-0.52600E+00   0.00000E+00  -0.12382E-01
-0.52554E+00   0.50790E-03  -0.12142E-01
-0.52487E+00   0.67861E-03  -0.11804E-01
-0.52415E+00   0.69915E-03  -0.11463E-01
-0.52338E+00   0.73402E-03  -0.11154E-01
-0.52256E+00   0.76286E-03  -0.10866E-01
-0.52170E+00   0.79050E-03  -0.10605E-01
-0.52080E+00   0.81637E-03  -0.10356E-01
-0.51986E+00   0.83999E-03  -0.10129E-01
-0.51887E+00   0.86237E-03  -0.99171E-02
-0.51783E+00   0.88224E-03  -0.97279E-02
-0.51675E+00   0.89982E-03  -0.95539E-02
-0.51562E+00   0.91552E-03  -0.93919E-02
-0.51445E+00   0.92917E-03  -0.92374E-02
-0.51323E+00   0.94166E-03  -0.90831E-02
-0.51196E+00   0.95259E-03  -0.89287E-02
-0.51069E+00   0.96296E-03  -0.87603E-02
-0.50947E+00   0.97272E-03  -0.85870E-02
-0.50829E+00   0.98109E-03  -0.84250E-02
-0.50717E+00   0.98889E-03  -0.82650E-02
-0.50608E+00   0.99618E-03  -0.81058E-02
-0.50504E+00   0.10027E-02  -0.79435E-02
-0.50404E+00   0.10090E-02  -0.77835E-02
-0.50308E+00   0.10136E-02  -0.76543E-02
-0.50215E+00   0.10169E-02  -0.75483E-02
-0.50125E+00   0.10197E-02  -0.74604E-02
-0.50039E+00   0.10202E-02  -0.73850E-02
-0.49956E+00   0.10059E-02  -0.73195E-02
-0.49877E+00   0.94305E-03  -0.72420E-02
-0.49804E+00   0.79102E-03  -0.70889E-02
-0.49764E+00   0.40558E-03  -0.66132E-02
-0.52564E+00   0.00000E+00  -0.12140E-01
-0.52499E+00   0.00000E+00  -0.11814E-01
-0.52430E+00   0.00000E+00  -0.11481E-01
-0.52357E+00   0.00000E+00  -0.11196E-01
-0.52280E+00   0.00000E+00  -0.10916E-01
-0.52198E+00   0.00000E+00  -0.10664E-01
-0.52113E+00   0.00000E+00  -0.10428E-01
-0.52023E+00   0.00000E+00  -0.10199E-01
-0.51930E+00   0.00000E+00  -0.99903E-02
-0.51832E+00   0.00000E+00  -0.97988E-02
-0.51729E+00   0.00000E+00  -0.96241E-02
-0.51623E+00   0.00000E+00  -0.94712E-02
-0.51512E+00   0.00000E+00  -0.92800E-02
-0.51396E+00   0.00000E+00  -0.91592E-02
-0.51275E+00   0.00000E+00  -0.90218E-02
-0.51150E+00   0.00000E+00  -0.88268E-02
-0.51026E+00   0.00000E+00  -0.86331E-02
-0.50905E+00   0.00000E+00  -0.84716E-02
-0.50790E+00   0.00000E+00  -0.83053E-02
-0.50679E+00   0.00000E+00  -0.81390E-02
-0.50572E+00   0.00000E+00  -0.79782E-02
-0.50469E+00   0.00000E+00  -0.78242E-02
-0.50370E+00   0.00000E+00  -0.76784E-02
-0.50275E+00   0.00000E+00  -0.75475E-02
-0.50184E+00   0.00000E+00  -0.74296E-02
-0.50096E+00   0.00000E+00  -0.73270E-02
-0.50012E+00   0.00000E+00  -0.71744E-02
-0.49932E+00   0.00000E+00  -0.69991E-02
-0.49859E+00   0.00000E+00  -0.66910E-02
-0.49798E+00   0.00000E+00  -0.62944E-02
-0.49764E+00   0.00000E+00  -0.56522E-02
Zone i=   80 j=   61 f=point
-0.49764E+00   0.00000E+00  -0.44914E-01
-0.49671E+00   0.00000E+00  -0.45053E-01
-0.49573E+00   0.00000E+00  -0.45193E-01
-0.49472E+00   0.00000E+00  -0.45333E-01
-0.49367E+00   0.00000E+00  -0.45471E-01
-0.49257E+00   0.00000E+00  -0.45608E-01
-0.49143E+00   0.00000E+00  -0.45744E-01
-0.49025E+00   0.00000E+00  -0.45877E-01
-0.48901E+00   0.00000E+00  -0.46010E-01
-0.48773E+00   0.00000E+00  -0.46142E-01
-0.48639E+00   0.00000E+00  -0.46276E-01
-0.48500E+00   0.00000E+00  -0.46409E-01
-0.48355E+00   0.00000E+00  -0.46538E-01
-0.48205E+00   0.00000E+00  -0.46661E-01
-0.48048E+00   0.00000E+00  -0.46769E-01
-0.47885E+00   0.00000E+00  -0.46859E-01
-0.47715E+00   0.00000E+00  -0.46922E-01
-0.47538E+00   0.00000E+00  -0.46953E-01
-0.47354E+00   0.00000E+00  -0.46957E-01
-0.47163E+00   0.00000E+00  -0.46957E-01
-0.46964E+00   0.00000E+00  -0.46957E-01
-0.46757E+00   0.00000E+00  -0.46957E-01
-0.46542E+00   0.00000E+00  -0.46957E-01
-0.46319E+00   0.00000E+00  -0.46957E-01
-0.46086E+00   0.00000E+00  -0.46957E-01
-0.45844E+00   0.00000E+00  -0.46957E-01
-0.45593E+00   0.00000E+00  -0.46957E-01
-0.45331E+00   0.00000E+00  -0.46957E-01
-0.45059E+00   0.00000E+00  -0.46957E-01
-0.44776E+00   0.00000E+00  -0.46957E-01
-0.44481E+00   0.00000E+00  -0.46957E-01
-0.44175E+00   0.00000E+00  -0.46957E-01
-0.43857E+00   0.00000E+00  -0.46957E-01
-0.43526E+00   0.00000E+00  -0.46957E-01
-0.43181E+00   0.00000E+00  -0.46957E-01
-0.42823E+00   0.00000E+00  -0.46957E-01
-0.42451E+00   0.00000E+00  -0.46957E-01
-0.42064E+00   0.00000E+00  -0.46957E-01
-0.41661E+00   0.00000E+00  -0.46957E-01
-0.41242E+00   0.00000E+00  -0.46957E-01
-0.40806E+00   0.00000E+00  -0.46957E-01
-0.40353E+00   0.00000E+00  -0.46957E-01
-0.39882E+00   0.00000E+00  -0.46957E-01
-0.39392E+00   0.00000E+00  -0.46957E-01
-0.38882E+00   0.00000E+00  -0.46957E-01
-0.38352E+00   0.00000E+00  -0.46957E-01
-0.37801E+00   0.00000E+00  -0.46957E-01
-0.37227E+00   0.00000E+00  -0.46957E-01
-0.36631E+00   0.00000E+00  -0.46957E-01
-0.36011E+00   0.00000E+00  -0.46957E-01
-0.35366E+00   0.00000E+00  -0.46957E-01
-0.34695E+00   0.00000E+00  -0.46957E-01
-0.33998E+00   0.00000E+00  -0.46957E-01
-0.33272E+00   0.00000E+00  -0.46957E-01
-0.32518E+00   0.00000E+00  -0.46957E-01
-0.31733E+00   0.00000E+00  -0.46957E-01
-0.30917E+00   0.00000E+00  -0.46957E-01
-0.30068E+00   0.00000E+00  -0.46957E-01
-0.29186E+00   0.00000E+00  -0.46957E-01
-0.28268E+00   0.00000E+00  -0.46957E-01
-0.27313E+00   0.00000E+00  -0.46957E-01
-0.26320E+00   0.00000E+00  -0.46957E-01
-0.25288E+00   0.00000E+00  -0.46957E-01
-0.24214E+00   0.00000E+00  -0.46957E-01
-0.23097E+00   0.00000E+00  -0.46957E-01
-0.21935E+00   0.00000E+00  -0.46957E-01
-0.20727E+00   0.00000E+00  -0.46957E-01
-0.19471E+00   0.00000E+00  -0.46957E-01
-0.18165E+00   0.00000E+00  -0.46957E-01
-0.16806E+00   0.00000E+00  -0.46957E-01
-0.15393E+00   0.00000E+00  -0.46957E-01
-0.13923E+00   0.00000E+00  -0.46957E-01
-0.12395E+00   0.00000E+00  -0.46957E-01
-0.10805E+00   0.00000E+00  -0.46957E-01
-0.91518E-01   0.00000E+00  -0.46957E-01
-0.74325E-01   0.00000E+00  -0.46957E-01
-0.56444E-01   0.00000E+00  -0.46957E-01
-0.37848E-01   0.00000E+00  -0.46957E-01
-0.18508E-01   0.00000E+00  -0.46957E-01
 0.16050E-02   0.00000E+00  -0.46957E-01
-0.49764E+00   0.91409E-03  -0.44410E-01
-0.49670E+00   0.89204E-03  -0.44504E-01
-0.49572E+00   0.86918E-03  -0.44601E-01
-0.49471E+00   0.84556E-03  -0.44702E-01
-0.49365E+00   0.82129E-03  -0.44807E-01
-0.49255E+00   0.79705E-03  -0.44915E-01
-0.49141E+00   0.77415E-03  -0.45027E-01
-0.49022E+00   0.75399E-03  -0.45142E-01
-0.48899E+00   0.73698E-03  -0.45257E-01
-0.48770E+00   0.72203E-03  -0.45373E-01
-0.48636E+00   0.70846E-03  -0.45485E-01
-0.48497E+00   0.69671E-03  -0.45595E-01
-0.48352E+00   0.68758E-03  -0.45701E-01
-0.48201E+00   0.68066E-03  -0.45801E-01
-0.48044E+00   0.67484E-03  -0.45891E-01
-0.47881E+00   0.67307E-03  -0.45977E-01
-0.47711E+00   0.68252E-03  -0.46073E-01
-0.47535E+00   0.70269E-03  -0.46162E-01
-0.47351E+00   0.72573E-03  -0.46207E-01
-0.47160E+00   0.74894E-03  -0.46223E-01
-0.46961E+00   0.77265E-03  -0.46249E-01
-0.46754E+00   0.79607E-03  -0.46280E-01
-0.46539E+00   0.81852E-03  -0.46309E-01
-0.46316E+00   0.84016E-03  -0.46339E-01
-0.46083E+00   0.86227E-03  -0.46372E-01
-0.45841E+00   0.88415E-03  -0.46406E-01
-0.45590E+00   0.90422E-03  -0.46439E-01
-0.45328E+00   0.92508E-03  -0.46475E-01
-0.45056E+00   0.94717E-03  -0.46514E-01
-0.44773E+00   0.97043E-03  -0.46557E-01
-0.44479E+00   0.99036E-03  -0.46596E-01
-0.44173E+00   0.10058E-02  -0.46631E-01
-0.43854E+00   0.10231E-02  -0.46669E-01
-0.43523E+00   0.10404E-02  -0.46709E-01
-0.43179E+00   0.10576E-02  -0.46750E-01
-0.42821E+00   0.10744E-02  -0.46792E-01
-0.42449E+00   0.10902E-02  -0.46831E-01
-0.42061E+00   0.11026E-02  -0.46860E-01
-0.41658E+00   0.11138E-02  -0.46882E-01
-0.41240E+00   0.11255E-02  -0.46903E-01
-0.40804E+00   0.11376E-02  -0.46922E-01
-0.40351E+00   0.11494E-02  -0.46935E-01
-0.39880E+00   0.11612E-02  -0.46942E-01
-0.39389E+00   0.11735E-02  -0.46946E-01
-0.38880E+00   0.11867E-02  -0.46948E-01
-0.38350E+00   0.12008E-02  -0.46949E-01
-0.37798E+00   0.12159E-02  -0.46950E-01
-0.37225E+00   0.12318E-02  -0.46951E-01
-0.36629E+00   0.12486E-02  -0.46948E-01
-0.36009E+00   0.12661E-02  -0.46947E-01
-0.35364E+00   0.12843E-02  -0.46946E-01
-0.34693E+00   0.13030E-02  -0.46951E-01
-0.33996E+00   0.13222E-02  -0.46957E-01
-0.33270E+00   0.13418E-02  -0.46957E-01
-0.32516E+00   0.13620E-02  -0.46957E-01
-0.31731E+00   0.13826E-02  -0.46957E-01
-0.30915E+00   0.14037E-02  -0.46957E-01
-0.30067E+00   0.14253E-02  -0.46957E-01
-0.29184E+00   0.14475E-02  -0.46957E-01
-0.28266E+00   0.14701E-02  -0.46957E-01
-0.27311E+00   0.14929E-02  -0.46957E-01
-0.26319E+00   0.15156E-02  -0.46957E-01
-0.25286E+00   0.15384E-02  -0.46957E-01
-0.24212E+00   0.15609E-02  -0.46957E-01
-0.23096E+00   0.15831E-02  -0.46957E-01
-0.21934E+00   0.16050E-02  -0.46957E-01
-0.20726E+00   0.16269E-02  -0.46957E-01
-0.19470E+00   0.16484E-02  -0.46957E-01
-0.18164E+00   0.16693E-02  -0.46957E-01
-0.16805E+00   0.16897E-02  -0.46957E-01
-0.15392E+00   0.17098E-02  -0.46957E-01
-0.13922E+00   0.17304E-02  -0.46957E-01
-0.12394E+00   0.17511E-02  -0.46957E-01
-0.10804E+00   0.17717E-02  -0.46957E-01
-0.91513E-01   0.17914E-02  -0.46957E-01
-0.74321E-01   0.18096E-02  -0.46957E-01
-0.56441E-01   0.18257E-02  -0.46957E-01
-0.37846E-01   0.18380E-02  -0.46957E-01
-0.18507E-01   0.18451E-02  -0.46957E-01
 0.16050E-02   0.18479E-02  -0.46957E-01
-0.49764E+00   0.16639E-02  -0.43646E-01
-0.49670E+00   0.16460E-02  -0.43745E-01
-0.49572E+00   0.16264E-02  -0.43846E-01
-0.49471E+00   0.16037E-02  -0.43949E-01
-0.49365E+00   0.15764E-02  -0.44051E-01
-0.49255E+00   0.15446E-02  -0.44152E-01
-0.49141E+00   0.15105E-02  -0.44253E-01
-0.49022E+00   0.14768E-02  -0.44354E-01
-0.48898E+00   0.14452E-02  -0.44457E-01
-0.48770E+00   0.14162E-02  -0.44560E-01
-0.48636E+00   0.13906E-02  -0.44661E-01
-0.48496E+00   0.13674E-02  -0.44761E-01
-0.48351E+00   0.13457E-02  -0.44857E-01
-0.48201E+00   0.13271E-02  -0.44947E-01
-0.48044E+00   0.13146E-02  -0.45032E-01
-0.47880E+00   0.13055E-02  -0.45112E-01
-0.47711E+00   0.12917E-02  -0.45190E-01
-0.47534E+00   0.12822E-02  -0.45258E-01
-0.47350E+00   0.12996E-02  -0.45298E-01
-0.47159E+00   0.13359E-02  -0.45322E-01
-0.46960E+00   0.13693E-02  -0.45353E-01
-0.46754E+00   0.14002E-02  -0.45389E-01
-0.46539E+00   0.14328E-02  -0.45424E-01
-0.46315E+00   0.14677E-02  -0.45463E-01
-0.46082E+00   0.15035E-02  -0.45506E-01
-0.45841E+00   0.15404E-02  -0.45551E-01
-0.45589E+00   0.15798E-02  -0.45598E-01
-0.45328E+00   0.16203E-02  -0.45648E-01
-0.45055E+00   0.16615E-02  -0.45702E-01
-0.44773E+00   0.17048E-02  -0.45758E-01
-0.44478E+00   0.17492E-02  -0.45818E-01
-0.44172E+00   0.17951E-02  -0.45882E-01
-0.43854E+00   0.18439E-02  -0.45953E-01
-0.43523E+00   0.18928E-02  -0.46026E-01
-0.43179E+00   0.19434E-02  -0.46105E-01
-0.42821E+00   0.19926E-02  -0.46186E-01
-0.42449E+00   0.20378E-02  -0.46267E-01
-0.42061E+00   0.20828E-02  -0.46341E-01
-0.41659E+00   0.21321E-02  -0.46416E-01
-0.41240E+00   0.21812E-02  -0.46493E-01
-0.40804E+00   0.22257E-02  -0.46570E-01
-0.40351E+00   0.22676E-02  -0.46644E-01
-0.39880E+00   0.23055E-02  -0.46710E-01
-0.39390E+00   0.23402E-02  -0.46763E-01
-0.38880E+00   0.23734E-02  -0.46806E-01
-0.38350E+00   0.24059E-02  -0.46836E-01
-0.37799E+00   0.24381E-02  -0.46853E-01
-0.37226E+00   0.24712E-02  -0.46861E-01
-0.36629E+00   0.25057E-02  -0.46861E-01
-0.36009E+00   0.25407E-02  -0.46855E-01
-0.35364E+00   0.25774E-02  -0.46854E-01
-0.34694E+00   0.26160E-02  -0.46870E-01
-0.33996E+00   0.26563E-02  -0.46909E-01
-0.33271E+00   0.26968E-02  -0.46936E-01
-0.32516E+00   0.27375E-02  -0.46953E-01
-0.31732E+00   0.27789E-02  -0.46957E-01
-0.30916E+00   0.28215E-02  -0.46957E-01
-0.30067E+00   0.28649E-02  -0.46957E-01
-0.29184E+00   0.29095E-02  -0.46957E-01
-0.28267E+00   0.29548E-02  -0.46957E-01
-0.27312E+00   0.30006E-02  -0.46957E-01
-0.26319E+00   0.30464E-02  -0.46957E-01
-0.25287E+00   0.30921E-02  -0.46957E-01
-0.24213E+00   0.31374E-02  -0.46957E-01
-0.23096E+00   0.31820E-02  -0.46957E-01
-0.21934E+00   0.32261E-02  -0.46957E-01
-0.20727E+00   0.32701E-02  -0.46957E-01
-0.19470E+00   0.33133E-02  -0.46957E-01
-0.18164E+00   0.33553E-02  -0.46957E-01
-0.16805E+00   0.33962E-02  -0.46957E-01
-0.15392E+00   0.34367E-02  -0.46957E-01
-0.13922E+00   0.34780E-02  -0.46957E-01
-0.12394E+00   0.35196E-02  -0.46957E-01
-0.10805E+00   0.35611E-02  -0.46957E-01
-0.91514E-01   0.36007E-02  -0.46957E-01
-0.74322E-01   0.36373E-02  -0.46957E-01
-0.56442E-01   0.36697E-02  -0.46957E-01
-0.37847E-01   0.36944E-02  -0.46957E-01
-0.18508E-01   0.37087E-02  -0.46957E-01
 0.16050E-02   0.37142E-02  -0.46957E-01
-0.49764E+00   0.23471E-02  -0.42809E-01
-0.49670E+00   0.23235E-02  -0.42904E-01
-0.49572E+00   0.22987E-02  -0.43001E-01
-0.49471E+00   0.22721E-02  -0.43101E-01
-0.49365E+00   0.22431E-02  -0.43203E-01
-0.49255E+00   0.22118E-02  -0.43304E-01
-0.49141E+00   0.21786E-02  -0.43406E-01
-0.49022E+00   0.21442E-02  -0.43507E-01
-0.48898E+00   0.21093E-02  -0.43606E-01
-0.48769E+00   0.20747E-02  -0.43704E-01
-0.48636E+00   0.20413E-02  -0.43799E-01
-0.48496E+00   0.20090E-02  -0.43892E-01
-0.48351E+00   0.19784E-02  -0.43980E-01
-0.48200E+00   0.19513E-02  -0.44064E-01
-0.48043E+00   0.19306E-02  -0.44142E-01
-0.47880E+00   0.19149E-02  -0.44216E-01
-0.47710E+00   0.18991E-02  -0.44292E-01
-0.47534E+00   0.18906E-02  -0.44359E-01
-0.47350E+00   0.19068E-02  -0.44397E-01
-0.47159E+00   0.19390E-02  -0.44418E-01
-0.46960E+00   0.19679E-02  -0.44446E-01
-0.46753E+00   0.19960E-02  -0.44479E-01
-0.46538E+00   0.20284E-02  -0.44514E-01
-0.46314E+00   0.20653E-02  -0.44554E-01
-0.46082E+00   0.21051E-02  -0.44598E-01
-0.45840E+00   0.21475E-02  -0.44646E-01
-0.45589E+00   0.21935E-02  -0.44696E-01
-0.45327E+00   0.22421E-02  -0.44750E-01
-0.45055E+00   0.22936E-02  -0.44809E-01
-0.44772E+00   0.23492E-02  -0.44871E-01
-0.44478E+00   0.24075E-02  -0.44937E-01
-0.44172E+00   0.24688E-02  -0.45009E-01
-0.43854E+00   0.25332E-02  -0.45087E-01
-0.43523E+00   0.26022E-02  -0.45170E-01
-0.43179E+00   0.26774E-02  -0.45263E-01
-0.42821E+00   0.27547E-02  -0.45361E-01
-0.42449E+00   0.28374E-02  -0.45470E-01
-0.42062E+00   0.29286E-02  -0.45582E-01
-0.41659E+00   0.30270E-02  -0.45703E-01
-0.41240E+00   0.31263E-02  -0.45833E-01
-0.40805E+00   0.32155E-02  -0.45961E-01
-0.40352E+00   0.32994E-02  -0.46089E-01
-0.39881E+00   0.33772E-02  -0.46212E-01
-0.39391E+00   0.34487E-02  -0.46320E-01
-0.38882E+00   0.35154E-02  -0.46415E-01
-0.38352E+00   0.35749E-02  -0.46482E-01
-0.37800E+00   0.36331E-02  -0.46532E-01
-0.37227E+00   0.36912E-02  -0.46569E-01
-0.36631E+00   0.37497E-02  -0.46595E-01
-0.36011E+00   0.38087E-02  -0.46614E-01
-0.35366E+00   0.38696E-02  -0.46642E-01
-0.34695E+00   0.39325E-02  -0.46690E-01
-0.33997E+00   0.39955E-02  -0.46753E-01
-0.33272E+00   0.40608E-02  -0.46828E-01
-0.32518E+00   0.41252E-02  -0.46898E-01
-0.31733E+00   0.41891E-02  -0.46948E-01
-0.30917E+00   0.42533E-02  -0.46955E-01
-0.30068E+00   0.43188E-02  -0.46957E-01
-0.29186E+00   0.43860E-02  -0.46957E-01
-0.28268E+00   0.44543E-02  -0.46957E-01
-0.27313E+00   0.45234E-02  -0.46957E-01
-0.26320E+00   0.45925E-02  -0.46957E-01
-0.25288E+00   0.46613E-02  -0.46957E-01
-0.24214E+00   0.47295E-02  -0.46957E-01
-0.23097E+00   0.47968E-02  -0.46957E-01
-0.21936E+00   0.48634E-02  -0.46957E-01
-0.20728E+00   0.49296E-02  -0.46957E-01
-0.19471E+00   0.49948E-02  -0.46957E-01
-0.18165E+00   0.50581E-02  -0.46957E-01
-0.16806E+00   0.51198E-02  -0.46957E-01
-0.15393E+00   0.51809E-02  -0.46957E-01
-0.13923E+00   0.52431E-02  -0.46957E-01
-0.12395E+00   0.53059E-02  -0.46957E-01
-0.10805E+00   0.53685E-02  -0.46957E-01
-0.91519E-01   0.54281E-02  -0.46957E-01
-0.74325E-01   0.54833E-02  -0.46957E-01
-0.56445E-01   0.55321E-02  -0.46957E-01
-0.37848E-01   0.55694E-02  -0.46957E-01
-0.18508E-01   0.55909E-02  -0.46957E-01
 0.16050E-02   0.55992E-02  -0.46957E-01
-0.49764E+00   0.29682E-02  -0.41911E-01
-0.49670E+00   0.29418E-02  -0.42004E-01
-0.49572E+00   0.29142E-02  -0.42100E-01
-0.49471E+00   0.28847E-02  -0.42199E-01
-0.49365E+00   0.28531E-02  -0.42299E-01
-0.49255E+00   0.28194E-02  -0.42399E-01
-0.49141E+00   0.27842E-02  -0.42499E-01
-0.49022E+00   0.27483E-02  -0.42599E-01
-0.48898E+00   0.27125E-02  -0.42697E-01
-0.48769E+00   0.26772E-02  -0.42794E-01
-0.48635E+00   0.26429E-02  -0.42889E-01
-0.48496E+00   0.26100E-02  -0.42980E-01
-0.48351E+00   0.25790E-02  -0.43068E-01
-0.48200E+00   0.25515E-02  -0.43151E-01
-0.48043E+00   0.25298E-02  -0.43227E-01
-0.47880E+00   0.25125E-02  -0.43300E-01
-0.47710E+00   0.24949E-02  -0.43373E-01
-0.47533E+00   0.24847E-02  -0.43437E-01
-0.47350E+00   0.24989E-02  -0.43473E-01
-0.47158E+00   0.25288E-02  -0.43492E-01
-0.46960E+00   0.25557E-02  -0.43518E-01
-0.46753E+00   0.25848E-02  -0.43552E-01
-0.46538E+00   0.26197E-02  -0.43587E-01
-0.46314E+00   0.26551E-02  -0.43626E-01
-0.46082E+00   0.26947E-02  -0.43669E-01
-0.45840E+00   0.27405E-02  -0.43718E-01
-0.45588E+00   0.27900E-02  -0.43769E-01
-0.45327E+00   0.28433E-02  -0.43825E-01
-0.45055E+00   0.29025E-02  -0.43886E-01
-0.44772E+00   0.29659E-02  -0.43951E-01
-0.44478E+00   0.30329E-02  -0.44020E-01
-0.44172E+00   0.31058E-02  -0.44095E-01
-0.43853E+00   0.31829E-02  -0.44176E-01
-0.43522E+00   0.32646E-02  -0.44263E-01
-0.43178E+00   0.33577E-02  -0.44362E-01
-0.42821E+00   0.34586E-02  -0.44472E-01
-0.42448E+00   0.35695E-02  -0.44594E-01
-0.42061E+00   0.36942E-02  -0.44726E-01
-0.41659E+00   0.38304E-02  -0.44871E-01
-0.41241E+00   0.39680E-02  -0.45027E-01
-0.40805E+00   0.41017E-02  -0.45190E-01
-0.40353E+00   0.42321E-02  -0.45358E-01
-0.39882E+00   0.43535E-02  -0.45521E-01
-0.39392E+00   0.44689E-02  -0.45672E-01
-0.38883E+00   0.45774E-02  -0.45810E-01
-0.38353E+00   0.46812E-02  -0.45930E-01
-0.37802E+00   0.47818E-02  -0.46034E-01
-0.37228E+00   0.48773E-02  -0.46120E-01
-0.36632E+00   0.49718E-02  -0.46196E-01
-0.36012E+00   0.50635E-02  -0.46259E-01
-0.35367E+00   0.51543E-02  -0.46327E-01
-0.34697E+00   0.52453E-02  -0.46411E-01
-0.33999E+00   0.53365E-02  -0.46516E-01
-0.33274E+00   0.54290E-02  -0.46634E-01
-0.32519E+00   0.55212E-02  -0.46760E-01
-0.31735E+00   0.56099E-02  -0.46855E-01
-0.30919E+00   0.56984E-02  -0.46908E-01
-0.30070E+00   0.57869E-02  -0.46943E-01
-0.29187E+00   0.58771E-02  -0.46956E-01
-0.28269E+00   0.59688E-02  -0.46957E-01
-0.27315E+00   0.60613E-02  -0.46957E-01
-0.26322E+00   0.61539E-02  -0.46957E-01
-0.25289E+00   0.62461E-02  -0.46957E-01
-0.24215E+00   0.63376E-02  -0.46957E-01
-0.23098E+00   0.64277E-02  -0.46957E-01
-0.21937E+00   0.65169E-02  -0.46957E-01
-0.20729E+00   0.66057E-02  -0.46957E-01
-0.19472E+00   0.66931E-02  -0.46957E-01
-0.18166E+00   0.67778E-02  -0.46957E-01
-0.16807E+00   0.68606E-02  -0.46957E-01
-0.15394E+00   0.69424E-02  -0.46957E-01
-0.13924E+00   0.70258E-02  -0.46957E-01
-0.12395E+00   0.71099E-02  -0.46957E-01
-0.10806E+00   0.71938E-02  -0.46957E-01
-0.91525E-01   0.72737E-02  -0.46957E-01
-0.74331E-01   0.73477E-02  -0.46957E-01
-0.56449E-01   0.74131E-02  -0.46957E-01
-0.37851E-01   0.74630E-02  -0.46957E-01
-0.18510E-01   0.74920E-02  -0.46957E-01
 0.16050E-02   0.75030E-02  -0.46957E-01
-0.49764E+00   0.35683E-02  -0.40985E-01
-0.49670E+00   0.35397E-02  -0.41077E-01
-0.49572E+00   0.35097E-02  -0.41173E-01
-0.49471E+00   0.34782E-02  -0.41270E-01
-0.49365E+00   0.34448E-02  -0.41369E-01
-0.49255E+00   0.34096E-02  -0.41469E-01
-0.49141E+00   0.33731E-02  -0.41569E-01
-0.49022E+00   0.33359E-02  -0.41668E-01
-0.48898E+00   0.32988E-02  -0.41765E-01
-0.48769E+00   0.32621E-02  -0.41860E-01
-0.48635E+00   0.32267E-02  -0.41954E-01
-0.48496E+00   0.31934E-02  -0.42045E-01
-0.48351E+00   0.31631E-02  -0.42132E-01
-0.48200E+00   0.31367E-02  -0.42215E-01
-0.48043E+00   0.31149E-02  -0.42291E-01
-0.47880E+00   0.30969E-02  -0.42362E-01
-0.47710E+00   0.30805E-02  -0.42434E-01
-0.47533E+00   0.30727E-02  -0.42499E-01
-0.47349E+00   0.30866E-02  -0.42534E-01
-0.47158E+00   0.31146E-02  -0.42551E-01
-0.46959E+00   0.31411E-02  -0.42576E-01
-0.46752E+00   0.31692E-02  -0.42608E-01
-0.46537E+00   0.32026E-02  -0.42642E-01
-0.46314E+00   0.32391E-02  -0.42681E-01
-0.46081E+00   0.32789E-02  -0.42724E-01
-0.45839E+00   0.33238E-02  -0.42771E-01
-0.45588E+00   0.33751E-02  -0.42823E-01
-0.45326E+00   0.34314E-02  -0.42878E-01
-0.45054E+00   0.34936E-02  -0.42939E-01
-0.44771E+00   0.35630E-02  -0.43005E-01
-0.44477E+00   0.36390E-02  -0.43076E-01
-0.44171E+00   0.37207E-02  -0.43152E-01
-0.43853E+00   0.38100E-02  -0.43237E-01
-0.43522E+00   0.39075E-02  -0.43329E-01
-0.43178E+00   0.40112E-02  -0.43428E-01
-0.42820E+00   0.41262E-02  -0.43540E-01
-0.42448E+00   0.42561E-02  -0.43668E-01
-0.42061E+00   0.44091E-02  -0.43811E-01
-0.41659E+00   0.45765E-02  -0.43971E-01
-0.41241E+00   0.47502E-02  -0.44147E-01
-0.40806E+00   0.49280E-02  -0.44337E-01
-0.40353E+00   0.51016E-02  -0.44535E-01
-0.39883E+00   0.52725E-02  -0.44736E-01
-0.39393E+00   0.54377E-02  -0.44929E-01
-0.38884E+00   0.55954E-02  -0.45112E-01
-0.38354E+00   0.57487E-02  -0.45281E-01
-0.37803E+00   0.58987E-02  -0.45441E-01
-0.37230E+00   0.60389E-02  -0.45580E-01
-0.36634E+00   0.61738E-02  -0.45704E-01
-0.36014E+00   0.63056E-02  -0.45821E-01
-0.35369E+00   0.64320E-02  -0.45937E-01
-0.34699E+00   0.65553E-02  -0.46064E-01
-0.34001E+00   0.66773E-02  -0.46209E-01
-0.33276E+00   0.68000E-02  -0.46372E-01
-0.32522E+00   0.69200E-02  -0.46536E-01
-0.31737E+00   0.70373E-02  -0.46681E-01
-0.30921E+00   0.71531E-02  -0.46784E-01
-0.30072E+00   0.72675E-02  -0.46866E-01
-0.29190E+00   0.73824E-02  -0.46922E-01
-0.28272E+00   0.74981E-02  -0.46951E-01
-0.27317E+00   0.76144E-02  -0.46956E-01
-0.26324E+00   0.77307E-02  -0.46957E-01
-0.25291E+00   0.78467E-02  -0.46957E-01
-0.24217E+00   0.79615E-02  -0.46957E-01
-0.23100E+00   0.80748E-02  -0.46957E-01
-0.21939E+00   0.81869E-02  -0.46957E-01
-0.20730E+00   0.82985E-02  -0.46957E-01
-0.19474E+00   0.84082E-02  -0.46957E-01
-0.18167E+00   0.85148E-02  -0.46957E-01
-0.16808E+00   0.86188E-02  -0.46957E-01
-0.15395E+00   0.87216E-02  -0.46957E-01
-0.13925E+00   0.88263E-02  -0.46957E-01
-0.12397E+00   0.89320E-02  -0.46957E-01
-0.10807E+00   0.90374E-02  -0.46957E-01
-0.91533E-01   0.91378E-02  -0.46957E-01
-0.74337E-01   0.92308E-02  -0.46957E-01
-0.56454E-01   0.93129E-02  -0.46957E-01
-0.37855E-01   0.93757E-02  -0.46957E-01
-0.18512E-01   0.94120E-02  -0.46957E-01
 0.16050E-02   0.94259E-02  -0.46957E-01
-0.49764E+00   0.41494E-02  -0.40034E-01
-0.49670E+00   0.41198E-02  -0.40127E-01
-0.49572E+00   0.40888E-02  -0.40222E-01
-0.49471E+00   0.40563E-02  -0.40319E-01
-0.49365E+00   0.40219E-02  -0.40418E-01
-0.49255E+00   0.39861E-02  -0.40518E-01
-0.49141E+00   0.39494E-02  -0.40618E-01
-0.49022E+00   0.39129E-02  -0.40717E-01
-0.48898E+00   0.38768E-02  -0.40814E-01
-0.48769E+00   0.38406E-02  -0.40909E-01
-0.48635E+00   0.38043E-02  -0.41002E-01
-0.48496E+00   0.37698E-02  -0.41092E-01
-0.48351E+00   0.37392E-02  -0.41179E-01
-0.48200E+00   0.37134E-02  -0.41261E-01
-0.48043E+00   0.36916E-02  -0.41336E-01
-0.47879E+00   0.36728E-02  -0.41406E-01
-0.47710E+00   0.36565E-02  -0.41477E-01
-0.47533E+00   0.36492E-02  -0.41540E-01
-0.47349E+00   0.36626E-02  -0.41574E-01
-0.47158E+00   0.36899E-02  -0.41590E-01
-0.46959E+00   0.37170E-02  -0.41616E-01
-0.46752E+00   0.37452E-02  -0.41647E-01
-0.46537E+00   0.37775E-02  -0.41680E-01
-0.46313E+00   0.38135E-02  -0.41718E-01
-0.46081E+00   0.38526E-02  -0.41760E-01
-0.45839E+00   0.38960E-02  -0.41805E-01
-0.45587E+00   0.39461E-02  -0.41854E-01
-0.45326E+00   0.40046E-02  -0.41910E-01
-0.45054E+00   0.40692E-02  -0.41970E-01
-0.44771E+00   0.41426E-02  -0.42035E-01
-0.44476E+00   0.42271E-02  -0.42107E-01
-0.44170E+00   0.43203E-02  -0.42187E-01
-0.43852E+00   0.44236E-02  -0.42275E-01
-0.43521E+00   0.45371E-02  -0.42371E-01
-0.43177E+00   0.46584E-02  -0.42476E-01
-0.42820E+00   0.47909E-02  -0.42592E-01
-0.42448E+00   0.49403E-02  -0.42725E-01
-0.42061E+00   0.51102E-02  -0.42872E-01
-0.41659E+00   0.52985E-02  -0.43037E-01
-0.41241E+00   0.55039E-02  -0.43227E-01
-0.40806E+00   0.57182E-02  -0.43435E-01
-0.40354E+00   0.59361E-02  -0.43659E-01
-0.39883E+00   0.61527E-02  -0.43890E-01
-0.39394E+00   0.63681E-02  -0.44119E-01
-0.38885E+00   0.65797E-02  -0.44346E-01
-0.38356E+00   0.67850E-02  -0.44562E-01
-0.37805E+00   0.69855E-02  -0.44769E-01
-0.37232E+00   0.71762E-02  -0.44962E-01
-0.36636E+00   0.73607E-02  -0.45145E-01
-0.36016E+00   0.75351E-02  -0.45314E-01
-0.35372E+00   0.77011E-02  -0.45479E-01
-0.34701E+00   0.78613E-02  -0.45653E-01
-0.34004E+00   0.80182E-02  -0.45847E-01
-0.33279E+00   0.81703E-02  -0.46041E-01
-0.32524E+00   0.83202E-02  -0.46242E-01
-0.31740E+00   0.84667E-02  -0.46424E-01
-0.30924E+00   0.86138E-02  -0.46582E-01
-0.30075E+00   0.87573E-02  -0.46717E-01
-0.29192E+00   0.88998E-02  -0.46823E-01
-0.28274E+00   0.90416E-02  -0.46901E-01
-0.27320E+00   0.91828E-02  -0.46949E-01
-0.26327E+00   0.93232E-02  -0.46957E-01
-0.25294E+00   0.94631E-02  -0.46957E-01
-0.24220E+00   0.96016E-02  -0.46957E-01
-0.23103E+00   0.97382E-02  -0.46957E-01
-0.21941E+00   0.98735E-02  -0.46957E-01
-0.20733E+00   0.10008E-01  -0.46957E-01
-0.19476E+00   0.10140E-01  -0.46957E-01
-0.18169E+00   0.10269E-01  -0.46957E-01
-0.16810E+00   0.10394E-01  -0.46957E-01
-0.15397E+00   0.10518E-01  -0.46957E-01
-0.13927E+00   0.10645E-01  -0.46957E-01
-0.12398E+00   0.10772E-01  -0.46957E-01
-0.10808E+00   0.10899E-01  -0.46957E-01
-0.91543E-01   0.11020E-01  -0.46957E-01
-0.74346E-01   0.11133E-01  -0.46957E-01
-0.56460E-01   0.11232E-01  -0.46957E-01
-0.37859E-01   0.11307E-01  -0.46957E-01
-0.18514E-01   0.11351E-01  -0.46957E-01
 0.16050E-02   0.11368E-01  -0.46957E-01
-0.49764E+00   0.47210E-02  -0.39065E-01
-0.49670E+00   0.46891E-02  -0.39156E-01
-0.49572E+00   0.46561E-02  -0.39251E-01
-0.49471E+00   0.46221E-02  -0.39348E-01
-0.49365E+00   0.45872E-02  -0.39447E-01
-0.49255E+00   0.45517E-02  -0.39547E-01
-0.49141E+00   0.45155E-02  -0.39647E-01
-0.49022E+00   0.44788E-02  -0.39746E-01
-0.48898E+00   0.44424E-02  -0.39843E-01
-0.48769E+00   0.44072E-02  -0.39939E-01
-0.48635E+00   0.43743E-02  -0.40033E-01
-0.48496E+00   0.43432E-02  -0.40124E-01
-0.48350E+00   0.43136E-02  -0.40211E-01
-0.48200E+00   0.42865E-02  -0.40292E-01
-0.48043E+00   0.42642E-02  -0.40366E-01
-0.47879E+00   0.42462E-02  -0.40435E-01
-0.47709E+00   0.42299E-02  -0.40505E-01
-0.47533E+00   0.42215E-02  -0.40566E-01
-0.47349E+00   0.42341E-02  -0.40598E-01
-0.47157E+00   0.42609E-02  -0.40614E-01
-0.46959E+00   0.42868E-02  -0.40638E-01
-0.46752E+00   0.43132E-02  -0.40668E-01
-0.46537E+00   0.43431E-02  -0.40699E-01
-0.46313E+00   0.43761E-02  -0.40734E-01
-0.46080E+00   0.44134E-02  -0.40775E-01
-0.45838E+00   0.44572E-02  -0.40820E-01
-0.45587E+00   0.45090E-02  -0.40868E-01
-0.45325E+00   0.45683E-02  -0.40923E-01
-0.45053E+00   0.46366E-02  -0.40983E-01
-0.44770E+00   0.47152E-02  -0.41048E-01
-0.44476E+00   0.48082E-02  -0.41121E-01
-0.44170E+00   0.49143E-02  -0.41204E-01
-0.43852E+00   0.50303E-02  -0.41295E-01
-0.43521E+00   0.51615E-02  -0.41397E-01
-0.43177E+00   0.53038E-02  -0.41509E-01
-0.42819E+00   0.54581E-02  -0.41632E-01
-0.42447E+00   0.56283E-02  -0.41771E-01
-0.42060E+00   0.58196E-02  -0.41924E-01
-0.41658E+00   0.60266E-02  -0.42093E-01
-0.41240E+00   0.62555E-02  -0.42289E-01
-0.40806E+00   0.64973E-02  -0.42508E-01
-0.40354E+00   0.67504E-02  -0.42748E-01
-0.39884E+00   0.70091E-02  -0.43002E-01
-0.39395E+00   0.72745E-02  -0.43264E-01
-0.38886E+00   0.75395E-02  -0.43530E-01
-0.38357E+00   0.78039E-02  -0.43796E-01
-0.37807E+00   0.80613E-02  -0.44057E-01
-0.37234E+00   0.83058E-02  -0.44304E-01
-0.36639E+00   0.85389E-02  -0.44539E-01
-0.36019E+00   0.87603E-02  -0.44763E-01
-0.35375E+00   0.89680E-02  -0.44977E-01
-0.34704E+00   0.91643E-02  -0.45192E-01
-0.34007E+00   0.93541E-02  -0.45419E-01
-0.33282E+00   0.95399E-02  -0.45653E-01
-0.32528E+00   0.97197E-02  -0.45883E-01
-0.31743E+00   0.98990E-02  -0.46108E-01
-0.30927E+00   0.10080E-01  -0.46321E-01
-0.30079E+00   0.10254E-01  -0.46503E-01
-0.29196E+00   0.10426E-01  -0.46652E-01
-0.28278E+00   0.10597E-01  -0.46780E-01
-0.27323E+00   0.10765E-01  -0.46879E-01
-0.26330E+00   0.10931E-01  -0.46931E-01
-0.25297E+00   0.11095E-01  -0.46956E-01
-0.24223E+00   0.11258E-01  -0.46957E-01
-0.23106E+00   0.11418E-01  -0.46957E-01
-0.21944E+00   0.11577E-01  -0.46957E-01
-0.20735E+00   0.11735E-01  -0.46957E-01
-0.19479E+00   0.11890E-01  -0.46957E-01
-0.18172E+00   0.12041E-01  -0.46957E-01
-0.16812E+00   0.12188E-01  -0.46957E-01
-0.15399E+00   0.12333E-01  -0.46957E-01
-0.13929E+00   0.12481E-01  -0.46957E-01
-0.12400E+00   0.12631E-01  -0.46957E-01
-0.10809E+00   0.12780E-01  -0.46957E-01
-0.91555E-01   0.12922E-01  -0.46957E-01
-0.74356E-01   0.13053E-01  -0.46957E-01
-0.56468E-01   0.13170E-01  -0.46957E-01
-0.37865E-01   0.13258E-01  -0.46957E-01
-0.18517E-01   0.13310E-01  -0.46957E-01
 0.16050E-02   0.13330E-01  -0.46957E-01
-0.49764E+00   0.52877E-02  -0.38080E-01
-0.49670E+00   0.52564E-02  -0.38172E-01
-0.49572E+00   0.52239E-02  -0.38267E-01
-0.49471E+00   0.51900E-02  -0.38365E-01
-0.49365E+00   0.51548E-02  -0.38464E-01
-0.49255E+00   0.51184E-02  -0.38564E-01
-0.49141E+00   0.50814E-02  -0.38664E-01
-0.49022E+00   0.50444E-02  -0.38763E-01
-0.48898E+00   0.50082E-02  -0.38859E-01
-0.48769E+00   0.49733E-02  -0.38954E-01
-0.48635E+00   0.49406E-02  -0.39048E-01
-0.48495E+00   0.49103E-02  -0.39140E-01
-0.48350E+00   0.48825E-02  -0.39227E-01
-0.48199E+00   0.48578E-02  -0.39309E-01
-0.48042E+00   0.48370E-02  -0.39383E-01
-0.47879E+00   0.48196E-02  -0.39452E-01
-0.47709E+00   0.48041E-02  -0.39521E-01
-0.47532E+00   0.47963E-02  -0.39581E-01
-0.47348E+00   0.48073E-02  -0.39611E-01
-0.47157E+00   0.48305E-02  -0.39624E-01
-0.46958E+00   0.48526E-02  -0.39646E-01
-0.46751E+00   0.48762E-02  -0.39673E-01
-0.46536E+00   0.49047E-02  -0.39702E-01
-0.46312E+00   0.49369E-02  -0.39737E-01
-0.46080E+00   0.49742E-02  -0.39777E-01
-0.45838E+00   0.50182E-02  -0.39821E-01
-0.45586E+00   0.50706E-02  -0.39869E-01
-0.45324E+00   0.51331E-02  -0.39923E-01
-0.45052E+00   0.52048E-02  -0.39983E-01
-0.44769E+00   0.52912E-02  -0.40049E-01
-0.44475E+00   0.53929E-02  -0.40124E-01
-0.44169E+00   0.55073E-02  -0.40208E-01
-0.43851E+00   0.56382E-02  -0.40303E-01
-0.43520E+00   0.57830E-02  -0.40407E-01
-0.43176E+00   0.59437E-02  -0.40524E-01
-0.42818E+00   0.61221E-02  -0.40655E-01
-0.42447E+00   0.63144E-02  -0.40801E-01
-0.42060E+00   0.65286E-02  -0.40961E-01
-0.41658E+00   0.67604E-02  -0.41138E-01
-0.41240E+00   0.70123E-02  -0.41341E-01
-0.40805E+00   0.72789E-02  -0.41567E-01
-0.40354E+00   0.75610E-02  -0.41817E-01
-0.39884E+00   0.78577E-02  -0.42090E-01
-0.39395E+00   0.81643E-02  -0.42374E-01
-0.38887E+00   0.84774E-02  -0.42671E-01
-0.38358E+00   0.87931E-02  -0.42973E-01
-0.37809E+00   0.91073E-02  -0.43280E-01
-0.37236E+00   0.94078E-02  -0.43578E-01
-0.36641E+00   0.96965E-02  -0.43869E-01
-0.36022E+00   0.99692E-02  -0.44147E-01
-0.35378E+00   0.10225E-01  -0.44416E-01
-0.34708E+00   0.10462E-01  -0.44678E-01
-0.34010E+00   0.10688E-01  -0.44941E-01
-0.33285E+00   0.10905E-01  -0.45204E-01
-0.32531E+00   0.11120E-01  -0.45475E-01
-0.31747E+00   0.11333E-01  -0.45735E-01
-0.30931E+00   0.11547E-01  -0.45993E-01
-0.30082E+00   0.11756E-01  -0.46227E-01
-0.29200E+00   0.11960E-01  -0.46426E-01
-0.28282E+00   0.12161E-01  -0.46597E-01
-0.27327E+00   0.12359E-01  -0.46746E-01
-0.26334E+00   0.12553E-01  -0.46846E-01
-0.25301E+00   0.12743E-01  -0.46925E-01
-0.24226E+00   0.12931E-01  -0.46953E-01
-0.23109E+00   0.13115E-01  -0.46957E-01
-0.21947E+00   0.13297E-01  -0.46957E-01
-0.20738E+00   0.13478E-01  -0.46957E-01
-0.19482E+00   0.13657E-01  -0.46957E-01
-0.18174E+00   0.13830E-01  -0.46957E-01
-0.16815E+00   0.13999E-01  -0.46957E-01
-0.15401E+00   0.14166E-01  -0.46957E-01
-0.13931E+00   0.14336E-01  -0.46957E-01
-0.12401E+00   0.14508E-01  -0.46957E-01
-0.10811E+00   0.14679E-01  -0.46957E-01
-0.91570E-01   0.14842E-01  -0.46957E-01
-0.74367E-01   0.14993E-01  -0.46957E-01
-0.56477E-01   0.15127E-01  -0.46957E-01
-0.37871E-01   0.15229E-01  -0.46957E-01
-0.18520E-01   0.15288E-01  -0.46957E-01
 0.16050E-02   0.15311E-01  -0.46957E-01
-0.49764E+00   0.58492E-02  -0.37078E-01
-0.49670E+00   0.58201E-02  -0.37172E-01
-0.49572E+00   0.57897E-02  -0.37269E-01
-0.49471E+00   0.57578E-02  -0.37369E-01
-0.49365E+00   0.57241E-02  -0.37469E-01
-0.49255E+00   0.56889E-02  -0.37570E-01
-0.49141E+00   0.56526E-02  -0.37671E-01
-0.49021E+00   0.56159E-02  -0.37769E-01
-0.48898E+00   0.55797E-02  -0.37865E-01
-0.48769E+00   0.55451E-02  -0.37960E-01
-0.48635E+00   0.55132E-02  -0.38054E-01
-0.48495E+00   0.54833E-02  -0.38146E-01
-0.48350E+00   0.54548E-02  -0.38233E-01
-0.48199E+00   0.54291E-02  -0.38313E-01
-0.48042E+00   0.54093E-02  -0.38387E-01
-0.47879E+00   0.53944E-02  -0.38456E-01
-0.47709E+00   0.53801E-02  -0.38524E-01
-0.47532E+00   0.53717E-02  -0.38582E-01
-0.47348E+00   0.53820E-02  -0.38611E-01
-0.47157E+00   0.54047E-02  -0.38624E-01
-0.46958E+00   0.54261E-02  -0.38644E-01
-0.46751E+00   0.54497E-02  -0.38671E-01
-0.46535E+00   0.54786E-02  -0.38700E-01
-0.46312E+00   0.55103E-02  -0.38734E-01
-0.46079E+00   0.55467E-02  -0.38772E-01
-0.45837E+00   0.55905E-02  -0.38815E-01
-0.45585E+00   0.56431E-02  -0.38862E-01
-0.45323E+00   0.57062E-02  -0.38915E-01
-0.45051E+00   0.57834E-02  -0.38975E-01
-0.44768E+00   0.58750E-02  -0.39042E-01
-0.44474E+00   0.59818E-02  -0.39116E-01
-0.44168E+00   0.61054E-02  -0.39201E-01
-0.43850E+00   0.62455E-02  -0.39296E-01
-0.43519E+00   0.64054E-02  -0.39404E-01
-0.43175E+00   0.65838E-02  -0.39525E-01
-0.42818E+00   0.67794E-02  -0.39660E-01
-0.42446E+00   0.69939E-02  -0.39812E-01
-0.42059E+00   0.72327E-02  -0.39979E-01
-0.41657E+00   0.74867E-02  -0.40162E-01
-0.41240E+00   0.77627E-02  -0.40372E-01
-0.40805E+00   0.80549E-02  -0.40605E-01
-0.40353E+00   0.83670E-02  -0.40866E-01
-0.39884E+00   0.86937E-02  -0.41150E-01
-0.39395E+00   0.90375E-02  -0.41451E-01
-0.38888E+00   0.93917E-02  -0.41768E-01
-0.38359E+00   0.97528E-02  -0.42096E-01
-0.37810E+00   0.10117E-01  -0.42436E-01
-0.37238E+00   0.10478E-01  -0.42783E-01
-0.36644E+00   0.10826E-01  -0.43127E-01
-0.36025E+00   0.11155E-01  -0.43461E-01
-0.35381E+00   0.11464E-01  -0.43787E-01
-0.34711E+00   0.11747E-01  -0.44097E-01
-0.34014E+00   0.12012E-01  -0.44400E-01
-0.33289E+00   0.12268E-01  -0.44703E-01
-0.32535E+00   0.12517E-01  -0.45005E-01
-0.31751E+00   0.12766E-01  -0.45309E-01
-0.30935E+00   0.13015E-01  -0.45603E-01
-0.30087E+00   0.13259E-01  -0.45885E-01
-0.29204E+00   0.13498E-01  -0.46132E-01
-0.28286E+00   0.13732E-01  -0.46349E-01
-0.27331E+00   0.13961E-01  -0.46545E-01
-0.26338E+00   0.14186E-01  -0.46700E-01
-0.25305E+00   0.14406E-01  -0.46835E-01
-0.24230E+00   0.14619E-01  -0.46929E-01
-0.23113E+00   0.14828E-01  -0.46954E-01
-0.21951E+00   0.15034E-01  -0.46957E-01
-0.20742E+00   0.15239E-01  -0.46957E-01
-0.19485E+00   0.15441E-01  -0.46957E-01
-0.18177E+00   0.15637E-01  -0.46957E-01
-0.16818E+00   0.15828E-01  -0.46957E-01
-0.15404E+00   0.16017E-01  -0.46957E-01
-0.13933E+00   0.16209E-01  -0.46957E-01
-0.12404E+00   0.16404E-01  -0.46957E-01
-0.10813E+00   0.16597E-01  -0.46957E-01
-0.91586E-01   0.16782E-01  -0.46957E-01
-0.74381E-01   0.16953E-01  -0.46957E-01
-0.56487E-01   0.17104E-01  -0.46957E-01
-0.37878E-01   0.17219E-01  -0.46957E-01
-0.18524E-01   0.17286E-01  -0.46957E-01
 0.16050E-02   0.17312E-01  -0.46957E-01
-0.49764E+00   0.63925E-02  -0.36054E-01
-0.49670E+00   0.63662E-02  -0.36150E-01
-0.49572E+00   0.63388E-02  -0.36249E-01
-0.49471E+00   0.63099E-02  -0.36351E-01
-0.49365E+00   0.62794E-02  -0.36453E-01
-0.49255E+00   0.62472E-02  -0.36556E-01
-0.49140E+00   0.62138E-02  -0.36658E-01
-0.49021E+00   0.61796E-02  -0.36758E-01
-0.48897E+00   0.61454E-02  -0.36855E-01
-0.48769E+00   0.61116E-02  -0.36950E-01
-0.48634E+00   0.60791E-02  -0.37043E-01
-0.48495E+00   0.60486E-02  -0.37134E-01
-0.48350E+00   0.60207E-02  -0.37221E-01
-0.48199E+00   0.59960E-02  -0.37301E-01
-0.48042E+00   0.59751E-02  -0.37374E-01
-0.47878E+00   0.59577E-02  -0.37440E-01
-0.47708E+00   0.59431E-02  -0.37507E-01
-0.47531E+00   0.59368E-02  -0.37565E-01
-0.47347E+00   0.59482E-02  -0.37593E-01
-0.47156E+00   0.59710E-02  -0.37605E-01
-0.46957E+00   0.59929E-02  -0.37626E-01
-0.46750E+00   0.60170E-02  -0.37652E-01
-0.46535E+00   0.60463E-02  -0.37681E-01
-0.46311E+00   0.60792E-02  -0.37715E-01
-0.46078E+00   0.61167E-02  -0.37753E-01
-0.45836E+00   0.61627E-02  -0.37796E-01
-0.45584E+00   0.62199E-02  -0.37844E-01
-0.45323E+00   0.62852E-02  -0.37897E-01
-0.45050E+00   0.63653E-02  -0.37957E-01
-0.44767E+00   0.64628E-02  -0.38024E-01
-0.44473E+00   0.65759E-02  -0.38097E-01
-0.44167E+00   0.67053E-02  -0.38181E-01
-0.43849E+00   0.68549E-02  -0.38277E-01
-0.43518E+00   0.70254E-02  -0.38385E-01
-0.43174E+00   0.72155E-02  -0.38507E-01
-0.42817E+00   0.74286E-02  -0.38645E-01
-0.42445E+00   0.76603E-02  -0.38800E-01
-0.42058E+00   0.79173E-02  -0.38970E-01
-0.41657E+00   0.81964E-02  -0.39160E-01
-0.41239E+00   0.84939E-02  -0.39373E-01
-0.40805E+00   0.88149E-02  -0.39615E-01
-0.40353E+00   0.91536E-02  -0.39884E-01
-0.39884E+00   0.95126E-02  -0.40178E-01
-0.39396E+00   0.98897E-02  -0.40491E-01
-0.38888E+00   0.10282E-01  -0.40824E-01
-0.38360E+00   0.10685E-01  -0.41171E-01
-0.37811E+00   0.11098E-01  -0.41539E-01
-0.37240E+00   0.11509E-01  -0.41917E-01
-0.36646E+00   0.11914E-01  -0.42304E-01
-0.36027E+00   0.12304E-01  -0.42690E-01
-0.35384E+00   0.12670E-01  -0.43070E-01
-0.34714E+00   0.13010E-01  -0.43440E-01
-0.34018E+00   0.13324E-01  -0.43796E-01
-0.33293E+00   0.13622E-01  -0.44141E-01
-0.32539E+00   0.13911E-01  -0.44484E-01
-0.31755E+00   0.14197E-01  -0.44822E-01
-0.30939E+00   0.14483E-01  -0.45158E-01
-0.30091E+00   0.14765E-01  -0.45487E-01
-0.29208E+00   0.15040E-01  -0.45780E-01
-0.28290E+00   0.15309E-01  -0.46045E-01
-0.27335E+00   0.15572E-01  -0.46284E-01
-0.26342E+00   0.15830E-01  -0.46498E-01
-0.25309E+00   0.16081E-01  -0.46693E-01
-0.24235E+00   0.16324E-01  -0.46853E-01
-0.23117E+00   0.16558E-01  -0.46935E-01
-0.21955E+00   0.16788E-01  -0.46954E-01
-0.20746E+00   0.17017E-01  -0.46957E-01
-0.19489E+00   0.17243E-01  -0.46957E-01
-0.18181E+00   0.17462E-01  -0.46957E-01
-0.16821E+00   0.17675E-01  -0.46957E-01
-0.15407E+00   0.17886E-01  -0.46957E-01
-0.13936E+00   0.18101E-01  -0.46957E-01
-0.12406E+00   0.18318E-01  -0.46957E-01
-0.10815E+00   0.18535E-01  -0.46957E-01
-0.91604E-01   0.18741E-01  -0.46957E-01
-0.74396E-01   0.18932E-01  -0.46957E-01
-0.56499E-01   0.19100E-01  -0.46957E-01
-0.37886E-01   0.19229E-01  -0.46957E-01
-0.18528E-01   0.19304E-01  -0.46957E-01
 0.16050E-02   0.19333E-01  -0.46957E-01
-0.49764E+00   0.69120E-02  -0.35005E-01
-0.49670E+00   0.68896E-02  -0.35103E-01
-0.49572E+00   0.68660E-02  -0.35205E-01
-0.49471E+00   0.68407E-02  -0.35308E-01
-0.49365E+00   0.68131E-02  -0.35413E-01
-0.49255E+00   0.67834E-02  -0.35518E-01
-0.49140E+00   0.67523E-02  -0.35621E-01
-0.49021E+00   0.67207E-02  -0.35722E-01
-0.48897E+00   0.66892E-02  -0.35820E-01
-0.48768E+00   0.66579E-02  -0.35916E-01
-0.48634E+00   0.66275E-02  -0.36010E-01
-0.48495E+00   0.65984E-02  -0.36101E-01
-0.48350E+00   0.65716E-02  -0.36188E-01
-0.48199E+00   0.65481E-02  -0.36268E-01
-0.48041E+00   0.65292E-02  -0.36341E-01
-0.47878E+00   0.65135E-02  -0.36407E-01
-0.47708E+00   0.64983E-02  -0.36472E-01
-0.47531E+00   0.64897E-02  -0.36527E-01
-0.47347E+00   0.65007E-02  -0.36555E-01
-0.47155E+00   0.65243E-02  -0.36567E-01
-0.46956E+00   0.65460E-02  -0.36587E-01
-0.46749E+00   0.65691E-02  -0.36612E-01
-0.46534E+00   0.65983E-02  -0.36639E-01
-0.46310E+00   0.66333E-02  -0.36674E-01
-0.46077E+00   0.66737E-02  -0.36714E-01
-0.45835E+00   0.67220E-02  -0.36757E-01
-0.45583E+00   0.67816E-02  -0.36805E-01
-0.45322E+00   0.68523E-02  -0.36859E-01
-0.45049E+00   0.69372E-02  -0.36919E-01
-0.44766E+00   0.70388E-02  -0.36985E-01
-0.44472E+00   0.71595E-02  -0.37059E-01
-0.44166E+00   0.72993E-02  -0.37145E-01
-0.43848E+00   0.74575E-02  -0.37240E-01
-0.43517E+00   0.76389E-02  -0.37349E-01
-0.43173E+00   0.78424E-02  -0.37471E-01
-0.42815E+00   0.80664E-02  -0.37609E-01
-0.42444E+00   0.83141E-02  -0.37765E-01
-0.42057E+00   0.85883E-02  -0.37936E-01
-0.41656E+00   0.88855E-02  -0.38128E-01
-0.41238E+00   0.92060E-02  -0.38345E-01
-0.40804E+00   0.95501E-02  -0.38591E-01
-0.40352E+00   0.99157E-02  -0.38866E-01
-0.39883E+00   0.10302E-01  -0.39166E-01
-0.39395E+00   0.10714E-01  -0.39490E-01
-0.38888E+00   0.11144E-01  -0.39836E-01
-0.38360E+00   0.11591E-01  -0.40203E-01
-0.37812E+00   0.12047E-01  -0.40590E-01
-0.37241E+00   0.12510E-01  -0.40996E-01
-0.36647E+00   0.12967E-01  -0.41414E-01
-0.36029E+00   0.13417E-01  -0.41845E-01
-0.35387E+00   0.13845E-01  -0.42277E-01
-0.34718E+00   0.14244E-01  -0.42702E-01
-0.34021E+00   0.14613E-01  -0.43113E-01
-0.33297E+00   0.14963E-01  -0.43513E-01
-0.32543E+00   0.15297E-01  -0.43902E-01
-0.31759E+00   0.15624E-01  -0.44284E-01
-0.30944E+00   0.15948E-01  -0.44657E-01
-0.30096E+00   0.16268E-01  -0.45025E-01
-0.29213E+00   0.16584E-01  -0.45371E-01
-0.28295E+00   0.16891E-01  -0.45690E-01
-0.27340E+00   0.17190E-01  -0.45977E-01
-0.26347E+00   0.17483E-01  -0.46245E-01
-0.25314E+00   0.17767E-01  -0.46495E-01
-0.24240E+00   0.18041E-01  -0.46719E-01
-0.23122E+00   0.18304E-01  -0.46864E-01
-0.21959E+00   0.18560E-01  -0.46926E-01
-0.20750E+00   0.18813E-01  -0.46954E-01
-0.19493E+00   0.19063E-01  -0.46957E-01
-0.18185E+00   0.19305E-01  -0.46957E-01
-0.16825E+00   0.19541E-01  -0.46957E-01
-0.15410E+00   0.19774E-01  -0.46957E-01
-0.13939E+00   0.20012E-01  -0.46957E-01
-0.12409E+00   0.20252E-01  -0.46957E-01
-0.10817E+00   0.20491E-01  -0.46957E-01
-0.91624E-01   0.20719E-01  -0.46957E-01
-0.74412E-01   0.20930E-01  -0.46957E-01
-0.56512E-01   0.21117E-01  -0.46957E-01
-0.37894E-01   0.21260E-01  -0.46957E-01
-0.18532E-01   0.21342E-01  -0.46957E-01
 0.16050E-02   0.21374E-01  -0.46957E-01
-0.49764E+00   0.74055E-02  -0.33930E-01
-0.49670E+00   0.73841E-02  -0.34029E-01
-0.49572E+00   0.73617E-02  -0.34132E-01
-0.49471E+00   0.73381E-02  -0.34237E-01
-0.49365E+00   0.73129E-02  -0.34343E-01
-0.49255E+00   0.72863E-02  -0.34449E-01
-0.49140E+00   0.72588E-02  -0.34555E-01
-0.49021E+00   0.72308E-02  -0.34657E-01
-0.48897E+00   0.72028E-02  -0.34757E-01
-0.48768E+00   0.71749E-02  -0.34854E-01
-0.48634E+00   0.71476E-02  -0.34949E-01
-0.48494E+00   0.71210E-02  -0.35041E-01
-0.48349E+00   0.70956E-02  -0.35128E-01
-0.48198E+00   0.70730E-02  -0.35208E-01
-0.48041E+00   0.70555E-02  -0.35281E-01
-0.47877E+00   0.70419E-02  -0.35347E-01
-0.47707E+00   0.70283E-02  -0.35411E-01
-0.47530E+00   0.70201E-02  -0.35465E-01
-0.47346E+00   0.70295E-02  -0.35491E-01
-0.47155E+00   0.70518E-02  -0.35502E-01
-0.46956E+00   0.70751E-02  -0.35522E-01
-0.46749E+00   0.70997E-02  -0.35547E-01
-0.46533E+00   0.71287E-02  -0.35574E-01
-0.46309E+00   0.71642E-02  -0.35608E-01
-0.46077E+00   0.72065E-02  -0.35648E-01
-0.45834E+00   0.72580E-02  -0.35692E-01
-0.45583E+00   0.73219E-02  -0.35741E-01
-0.45321E+00   0.73982E-02  -0.35796E-01
-0.45048E+00   0.74914E-02  -0.35858E-01
-0.44765E+00   0.76020E-02  -0.35926E-01
-0.44471E+00   0.77295E-02  -0.36000E-01
-0.44165E+00   0.78766E-02  -0.36085E-01
-0.43847E+00   0.80479E-02  -0.36183E-01
-0.43516E+00   0.82406E-02  -0.36292E-01
-0.43172E+00   0.84535E-02  -0.36413E-01
-0.42814E+00   0.86938E-02  -0.36552E-01
-0.42443E+00   0.89567E-02  -0.36708E-01
-0.42056E+00   0.92447E-02  -0.36879E-01
-0.41654E+00   0.95587E-02  -0.37071E-01
-0.41237E+00   0.98964E-02  -0.37288E-01
-0.40803E+00   0.10261E-01  -0.37536E-01
-0.40351E+00   0.10649E-01  -0.37812E-01
-0.39882E+00   0.11065E-01  -0.38118E-01
-0.39395E+00   0.11509E-01  -0.38450E-01
-0.38888E+00   0.11975E-01  -0.38805E-01
-0.38360E+00   0.12460E-01  -0.39184E-01
-0.37812E+00   0.12960E-01  -0.39587E-01
-0.37242E+00   0.13470E-01  -0.40014E-01
-0.36648E+00   0.13980E-01  -0.40459E-01
-0.36031E+00   0.14485E-01  -0.40922E-01
-0.35389E+00   0.14973E-01  -0.41395E-01
-0.34721E+00   0.15437E-01  -0.41874E-01
-0.34025E+00   0.15871E-01  -0.42345E-01
-0.33301E+00   0.16278E-01  -0.42801E-01
-0.32548E+00   0.16664E-01  -0.43245E-01
-0.31764E+00   0.17039E-01  -0.43676E-01
-0.30949E+00   0.17408E-01  -0.44095E-01
-0.30101E+00   0.17768E-01  -0.44504E-01
-0.29218E+00   0.18128E-01  -0.44905E-01
-0.28300E+00   0.18477E-01  -0.45278E-01
-0.27346E+00   0.18814E-01  -0.45619E-01
-0.26352E+00   0.19144E-01  -0.45938E-01
-0.25319E+00   0.19462E-01  -0.46242E-01
-0.24245E+00   0.19769E-01  -0.46527E-01
-0.23127E+00   0.20063E-01  -0.46734E-01
-0.21964E+00   0.20347E-01  -0.46850E-01
-0.20755E+00   0.20626E-01  -0.46921E-01
-0.19497E+00   0.20900E-01  -0.46956E-01
-0.18189E+00   0.21166E-01  -0.46957E-01
-0.16829E+00   0.21425E-01  -0.46957E-01
-0.15414E+00   0.21681E-01  -0.46957E-01
-0.13942E+00   0.21942E-01  -0.46957E-01
-0.12412E+00   0.22205E-01  -0.46957E-01
-0.10820E+00   0.22467E-01  -0.46957E-01
-0.91647E-01   0.22717E-01  -0.46957E-01
-0.74431E-01   0.22949E-01  -0.46957E-01
-0.56526E-01   0.23154E-01  -0.46957E-01
-0.37904E-01   0.23310E-01  -0.46957E-01
-0.18537E-01   0.23401E-01  -0.46957E-01
 0.16050E-02   0.23435E-01  -0.46957E-01
-0.49764E+00   0.78764E-02  -0.32832E-01
-0.49670E+00   0.78560E-02  -0.32932E-01
-0.49572E+00   0.78346E-02  -0.33036E-01
-0.49470E+00   0.78120E-02  -0.33142E-01
-0.49365E+00   0.77878E-02  -0.33249E-01
-0.49255E+00   0.77624E-02  -0.33356E-01
-0.49140E+00   0.77366E-02  -0.33462E-01
-0.49021E+00   0.77114E-02  -0.33566E-01
-0.48897E+00   0.76869E-02  -0.33667E-01
-0.48768E+00   0.76627E-02  -0.33765E-01
-0.48634E+00   0.76383E-02  -0.33861E-01
-0.48494E+00   0.76145E-02  -0.33954E-01
-0.48349E+00   0.75924E-02  -0.34042E-01
-0.48198E+00   0.75734E-02  -0.34123E-01
-0.48041E+00   0.75585E-02  -0.34196E-01
-0.47877E+00   0.75466E-02  -0.34262E-01
-0.47707E+00   0.75351E-02  -0.34326E-01
-0.47530E+00   0.75291E-02  -0.34379E-01
-0.47346E+00   0.75395E-02  -0.34405E-01
-0.47154E+00   0.75608E-02  -0.34415E-01
-0.46955E+00   0.75820E-02  -0.34433E-01
-0.46748E+00   0.76071E-02  -0.34458E-01
-0.46533E+00   0.76388E-02  -0.34486E-01
-0.46309E+00   0.76742E-02  -0.34519E-01
-0.46076E+00   0.77170E-02  -0.34559E-01
-0.45833E+00   0.77712E-02  -0.34603E-01
-0.45581E+00   0.78387E-02  -0.34653E-01
-0.45320E+00   0.79211E-02  -0.34709E-01
-0.45047E+00   0.80195E-02  -0.34771E-01
-0.44764E+00   0.81380E-02  -0.34839E-01
-0.44470E+00   0.82783E-02  -0.34916E-01
-0.44164E+00   0.84382E-02  -0.35003E-01
-0.43845E+00   0.86206E-02  -0.35102E-01
-0.43514E+00   0.88284E-02  -0.35213E-01
-0.43171E+00   0.90595E-02  -0.35337E-01
-0.42813E+00   0.93122E-02  -0.35476E-01
-0.42441E+00   0.95865E-02  -0.35630E-01
-0.42055E+00   0.98878E-02  -0.35799E-01
-0.41653E+00   0.10214E-01  -0.35988E-01
-0.41235E+00   0.10566E-01  -0.36202E-01
-0.40801E+00   0.10945E-01  -0.36447E-01
-0.40350E+00   0.11354E-01  -0.36723E-01
-0.39881E+00   0.11796E-01  -0.37032E-01
-0.39394E+00   0.12267E-01  -0.37366E-01
-0.38887E+00   0.12769E-01  -0.37730E-01
-0.38360E+00   0.13297E-01  -0.38121E-01
-0.37812E+00   0.13841E-01  -0.38538E-01
-0.37242E+00   0.14396E-01  -0.38981E-01
-0.36649E+00   0.14956E-01  -0.39447E-01
-0.36033E+00   0.15516E-01  -0.39937E-01
-0.35391E+00   0.16064E-01  -0.40446E-01
-0.34723E+00   0.16591E-01  -0.40968E-01
-0.34028E+00   0.17087E-01  -0.41487E-01
-0.33305E+00   0.17559E-01  -0.42002E-01
-0.32552E+00   0.18007E-01  -0.42507E-01
-0.31769E+00   0.18434E-01  -0.42987E-01
-0.30954E+00   0.18854E-01  -0.43459E-01
-0.30106E+00   0.19262E-01  -0.43921E-01
-0.29224E+00   0.19667E-01  -0.44374E-01
-0.28306E+00   0.20061E-01  -0.44802E-01
-0.27351E+00   0.20441E-01  -0.45203E-01
-0.26358E+00   0.20810E-01  -0.45576E-01
-0.25325E+00   0.21165E-01  -0.45930E-01
-0.24250E+00   0.21507E-01  -0.46267E-01
-0.23133E+00   0.21833E-01  -0.46535E-01
-0.21970E+00   0.22148E-01  -0.46713E-01
-0.20760E+00   0.22456E-01  -0.46840E-01
-0.19502E+00   0.22756E-01  -0.46927E-01
-0.18194E+00   0.23045E-01  -0.46957E-01
-0.16833E+00   0.23328E-01  -0.46957E-01
-0.15418E+00   0.23606E-01  -0.46957E-01
-0.13946E+00   0.23891E-01  -0.46957E-01
-0.12415E+00   0.24177E-01  -0.46957E-01
-0.10823E+00   0.24463E-01  -0.46957E-01
-0.91671E-01   0.24736E-01  -0.46957E-01
-0.74451E-01   0.24988E-01  -0.46957E-01
-0.56541E-01   0.25211E-01  -0.46957E-01
-0.37915E-01   0.25381E-01  -0.46957E-01
-0.18542E-01   0.25480E-01  -0.46957E-01
 0.16050E-02   0.25518E-01  -0.46957E-01
-0.49764E+00   0.83254E-02  -0.31712E-01
-0.49670E+00   0.83070E-02  -0.31814E-01
-0.49572E+00   0.82877E-02  -0.31919E-01
-0.49470E+00   0.82670E-02  -0.32026E-01
-0.49365E+00   0.82448E-02  -0.32134E-01
-0.49255E+00   0.82211E-02  -0.32242E-01
-0.49140E+00   0.81966E-02  -0.32349E-01
-0.49021E+00   0.81723E-02  -0.32453E-01
-0.48897E+00   0.81483E-02  -0.32554E-01
-0.48768E+00   0.81245E-02  -0.32652E-01
-0.48634E+00   0.81009E-02  -0.32748E-01
-0.48494E+00   0.80788E-02  -0.32841E-01
-0.48349E+00   0.80598E-02  -0.32930E-01
-0.48197E+00   0.80441E-02  -0.33012E-01
-0.48040E+00   0.80303E-02  -0.33085E-01
-0.47876E+00   0.80182E-02  -0.33150E-01
-0.47706E+00   0.80091E-02  -0.33213E-01
-0.47529E+00   0.80079E-02  -0.33267E-01
-0.47345E+00   0.80213E-02  -0.33293E-01
-0.47153E+00   0.80436E-02  -0.33303E-01
-0.46954E+00   0.80654E-02  -0.33321E-01
-0.46747E+00   0.80900E-02  -0.33345E-01
-0.46532E+00   0.81208E-02  -0.33371E-01
-0.46308E+00   0.81581E-02  -0.33406E-01
-0.46075E+00   0.82040E-02  -0.33446E-01
-0.45832E+00   0.82614E-02  -0.33490E-01
-0.45580E+00   0.83321E-02  -0.33540E-01
-0.45318E+00   0.84163E-02  -0.33595E-01
-0.45046E+00   0.85205E-02  -0.33657E-01
-0.44763E+00   0.86503E-02  -0.33728E-01
-0.44468E+00   0.88039E-02  -0.33808E-01
-0.44162E+00   0.89784E-02  -0.33897E-01
-0.43844E+00   0.91748E-02  -0.33998E-01
-0.43513E+00   0.93964E-02  -0.34110E-01
-0.43169E+00   0.96424E-02  -0.34235E-01
-0.42812E+00   0.99076E-02  -0.34373E-01
-0.42440E+00   0.10195E-01  -0.34525E-01
-0.42053E+00   0.10507E-01  -0.34690E-01
-0.41652E+00   0.10842E-01  -0.34875E-01
-0.41234E+00   0.11207E-01  -0.35085E-01
-0.40800E+00   0.11600E-01  -0.35325E-01
-0.40349E+00   0.12027E-01  -0.35599E-01
-0.39880E+00   0.12488E-01  -0.35905E-01
-0.39392E+00   0.12990E-01  -0.36243E-01
-0.38886E+00   0.13524E-01  -0.36610E-01
-0.38359E+00   0.14089E-01  -0.37008E-01
-0.37812E+00   0.14678E-01  -0.37437E-01
-0.37242E+00   0.15281E-01  -0.37895E-01
-0.36650E+00   0.15894E-01  -0.38380E-01
-0.36034E+00   0.16510E-01  -0.38895E-01
-0.35392E+00   0.17114E-01  -0.39431E-01
-0.34725E+00   0.17702E-01  -0.39987E-01
-0.34031E+00   0.18264E-01  -0.40551E-01
-0.33308E+00   0.18804E-01  -0.41121E-01
-0.32556E+00   0.19313E-01  -0.41674E-01
-0.31773E+00   0.19804E-01  -0.42218E-01
-0.30958E+00   0.20279E-01  -0.42744E-01
-0.30111E+00   0.20739E-01  -0.43257E-01
-0.29229E+00   0.21195E-01  -0.43764E-01
-0.28312E+00   0.21639E-01  -0.44256E-01
-0.27357E+00   0.22067E-01  -0.44719E-01
-0.26364E+00   0.22478E-01  -0.45149E-01
-0.25331E+00   0.22872E-01  -0.45555E-01
-0.24256E+00   0.23250E-01  -0.45942E-01
-0.23138E+00   0.23613E-01  -0.46270E-01
-0.21975E+00   0.23962E-01  -0.46517E-01
-0.20766E+00   0.24300E-01  -0.46706E-01
-0.19507E+00   0.24628E-01  -0.46850E-01
-0.18199E+00   0.24943E-01  -0.46935E-01
-0.16838E+00   0.25249E-01  -0.46956E-01
-0.15422E+00   0.25551E-01  -0.46957E-01
-0.13950E+00   0.25859E-01  -0.46957E-01
-0.12418E+00   0.26169E-01  -0.46957E-01
-0.10826E+00   0.26479E-01  -0.46957E-01
-0.91698E-01   0.26774E-01  -0.46957E-01
-0.74473E-01   0.27047E-01  -0.46957E-01
-0.56558E-01   0.27288E-01  -0.46957E-01
-0.37926E-01   0.27473E-01  -0.46957E-01
-0.18548E-01   0.27580E-01  -0.46957E-01
 0.16050E-02   0.27621E-01  -0.46957E-01
-0.49764E+00   0.87398E-02  -0.30566E-01
-0.49670E+00   0.87258E-02  -0.30670E-01
-0.49572E+00   0.87109E-02  -0.30777E-01
-0.49470E+00   0.86945E-02  -0.30886E-01
-0.49365E+00   0.86761E-02  -0.30997E-01
-0.49254E+00   0.86558E-02  -0.31106E-01
-0.49140E+00   0.86346E-02  -0.31214E-01
-0.49021E+00   0.86135E-02  -0.31320E-01
-0.48897E+00   0.85928E-02  -0.31421E-01
-0.48768E+00   0.85716E-02  -0.31520E-01
-0.48633E+00   0.85496E-02  -0.31616E-01
-0.48494E+00   0.85283E-02  -0.31709E-01
-0.48348E+00   0.85095E-02  -0.31797E-01
-0.48197E+00   0.84942E-02  -0.31879E-01
-0.48040E+00   0.84822E-02  -0.31952E-01
-0.47876E+00   0.84726E-02  -0.32017E-01
-0.47706E+00   0.84642E-02  -0.32079E-01
-0.47529E+00   0.84620E-02  -0.32131E-01
-0.47344E+00   0.84750E-02  -0.32156E-01
-0.47153E+00   0.84988E-02  -0.32166E-01
-0.46953E+00   0.85236E-02  -0.32185E-01
-0.46746E+00   0.85495E-02  -0.32209E-01
-0.46531E+00   0.85794E-02  -0.32234E-01
-0.46306E+00   0.86172E-02  -0.32268E-01
-0.46073E+00   0.86652E-02  -0.32308E-01
-0.45831E+00   0.87242E-02  -0.32353E-01
-0.45579E+00   0.87962E-02  -0.32401E-01
-0.45317E+00   0.88868E-02  -0.32457E-01
-0.45044E+00   0.89950E-02  -0.32519E-01
-0.44761E+00   0.91284E-02  -0.32588E-01
-0.44467E+00   0.92896E-02  -0.32667E-01
-0.44161E+00   0.94753E-02  -0.32758E-01
-0.43842E+00   0.96866E-02  -0.32860E-01
-0.43511E+00   0.99217E-02  -0.32972E-01
-0.43168E+00   0.10182E-01  -0.33097E-01
-0.42810E+00   0.10465E-01  -0.33236E-01
-0.42438E+00   0.10769E-01  -0.33388E-01
-0.42052E+00   0.11093E-01  -0.33550E-01
-0.41650E+00   0.11443E-01  -0.33731E-01
-0.41232E+00   0.11814E-01  -0.33934E-01
-0.40798E+00   0.12221E-01  -0.34170E-01
-0.40347E+00   0.12660E-01  -0.34437E-01
-0.39878E+00   0.13144E-01  -0.34742E-01
-0.39391E+00   0.13669E-01  -0.35077E-01
-0.38884E+00   0.14240E-01  -0.35449E-01
-0.38358E+00   0.14844E-01  -0.35853E-01
-0.37811E+00   0.15475E-01  -0.36289E-01
-0.37242E+00   0.16125E-01  -0.36759E-01
-0.36650E+00   0.16792E-01  -0.37262E-01
-0.36034E+00   0.17461E-01  -0.37795E-01
-0.35394E+00   0.18125E-01  -0.38357E-01
-0.34727E+00   0.18776E-01  -0.38945E-01
-0.34033E+00   0.19403E-01  -0.39548E-01
-0.33311E+00   0.20004E-01  -0.40155E-01
-0.32560E+00   0.20584E-01  -0.40764E-01
-0.31777E+00   0.21140E-01  -0.41361E-01
-0.30963E+00   0.21679E-01  -0.41946E-01
-0.30116E+00   0.22198E-01  -0.42516E-01
-0.29235E+00   0.22707E-01  -0.43077E-01
-0.28318E+00   0.23205E-01  -0.43628E-01
-0.27363E+00   0.23684E-01  -0.44154E-01
-0.26371E+00   0.24144E-01  -0.44649E-01
-0.25338E+00   0.24579E-01  -0.45107E-01
-0.24263E+00   0.24996E-01  -0.45541E-01
-0.23145E+00   0.25399E-01  -0.45935E-01
-0.21982E+00   0.25785E-01  -0.46252E-01
-0.20772E+00   0.26157E-01  -0.46508E-01
-0.19513E+00   0.26516E-01  -0.46714E-01
-0.18204E+00   0.26858E-01  -0.46858E-01
-0.16843E+00   0.27190E-01  -0.46943E-01
-0.15427E+00   0.27515E-01  -0.46957E-01
-0.13954E+00   0.27846E-01  -0.46957E-01
-0.12422E+00   0.28181E-01  -0.46957E-01
-0.10830E+00   0.28514E-01  -0.46957E-01
-0.91728E-01   0.28832E-01  -0.46957E-01
-0.74498E-01   0.29126E-01  -0.46957E-01
-0.56577E-01   0.29386E-01  -0.46957E-01
-0.37939E-01   0.29585E-01  -0.46957E-01
-0.18555E-01   0.29701E-01  -0.46957E-01
 0.16050E-02   0.29745E-01  -0.46957E-01
-0.49764E+00   0.91075E-02  -0.29392E-01
-0.49670E+00   0.90966E-02  -0.29497E-01
-0.49572E+00   0.90850E-02  -0.29606E-01
-0.49470E+00   0.90722E-02  -0.29717E-01
-0.49364E+00   0.90578E-02  -0.29829E-01
-0.49254E+00   0.90420E-02  -0.29940E-01
-0.49140E+00   0.90258E-02  -0.30050E-01
-0.49020E+00   0.90105E-02  -0.30157E-01
-0.48896E+00   0.89957E-02  -0.30260E-01
-0.48767E+00   0.89795E-02  -0.30360E-01
-0.48633E+00   0.89607E-02  -0.30457E-01
-0.48493E+00   0.89414E-02  -0.30550E-01
-0.48348E+00   0.89245E-02  -0.30639E-01
-0.48196E+00   0.89110E-02  -0.30721E-01
-0.48039E+00   0.89002E-02  -0.30793E-01
-0.47875E+00   0.88919E-02  -0.30858E-01
-0.47705E+00   0.88863E-02  -0.30920E-01
-0.47528E+00   0.88869E-02  -0.30971E-01
-0.47344E+00   0.88988E-02  -0.30994E-01
-0.47152E+00   0.89197E-02  -0.31003E-01
-0.46952E+00   0.89440E-02  -0.31021E-01
-0.46745E+00   0.89721E-02  -0.31045E-01
-0.46530E+00   0.90059E-02  -0.31072E-01
-0.46305E+00   0.90471E-02  -0.31106E-01
-0.46072E+00   0.90960E-02  -0.31146E-01
-0.45830E+00   0.91570E-02  -0.31190E-01
-0.45578E+00   0.92352E-02  -0.31240E-01
-0.45315E+00   0.93273E-02  -0.31295E-01
-0.45043E+00   0.94414E-02  -0.31357E-01
-0.44760E+00   0.95805E-02  -0.31425E-01
-0.44465E+00   0.97462E-02  -0.31502E-01
-0.44159E+00   0.99403E-02  -0.31591E-01
-0.43840E+00   0.10160E-01  -0.31691E-01
-0.43510E+00   0.10406E-01  -0.31802E-01
-0.43166E+00   0.10678E-01  -0.31926E-01
-0.42808E+00   0.10974E-01  -0.32063E-01
-0.42436E+00   0.11289E-01  -0.32211E-01
-0.42050E+00   0.11625E-01  -0.32370E-01
-0.41648E+00   0.11986E-01  -0.32546E-01
-0.41230E+00   0.12374E-01  -0.32745E-01
-0.40796E+00   0.12794E-01  -0.32975E-01
-0.40344E+00   0.13250E-01  -0.33238E-01
-0.39876E+00   0.13752E-01  -0.33538E-01
-0.39388E+00   0.14304E-01  -0.33872E-01
-0.38882E+00   0.14901E-01  -0.34240E-01
-0.38356E+00   0.15544E-01  -0.34647E-01
-0.37809E+00   0.16220E-01  -0.35091E-01
-0.37241E+00   0.16924E-01  -0.35573E-01
-0.36650E+00   0.17644E-01  -0.36090E-01
-0.36034E+00   0.18371E-01  -0.36642E-01
-0.35395E+00   0.19096E-01  -0.37227E-01
-0.34729E+00   0.19807E-01  -0.37841E-01
-0.34035E+00   0.20498E-01  -0.38474E-01
-0.33314E+00   0.21169E-01  -0.39123E-01
-0.32563E+00   0.21816E-01  -0.39776E-01
-0.31782E+00   0.22440E-01  -0.40425E-01
-0.30968E+00   0.23045E-01  -0.41062E-01
-0.30122E+00   0.23632E-01  -0.41696E-01
-0.29240E+00   0.24198E-01  -0.42308E-01
-0.28324E+00   0.24750E-01  -0.42912E-01
-0.27370E+00   0.25286E-01  -0.43501E-01
-0.26377E+00   0.25799E-01  -0.44062E-01
-0.25344E+00   0.26284E-01  -0.44584E-01
-0.24270E+00   0.26743E-01  -0.45073E-01
-0.23152E+00   0.27187E-01  -0.45526E-01
-0.21988E+00   0.27615E-01  -0.45916E-01
-0.20778E+00   0.28024E-01  -0.46242E-01
-0.19520E+00   0.28417E-01  -0.46514E-01
-0.18210E+00   0.28789E-01  -0.46718E-01
-0.16848E+00   0.29148E-01  -0.46873E-01
-0.15432E+00   0.29498E-01  -0.46952E-01
-0.13959E+00   0.29853E-01  -0.46957E-01
-0.12427E+00   0.30212E-01  -0.46957E-01
-0.10833E+00   0.30570E-01  -0.46957E-01
-0.91760E-01   0.30911E-01  -0.46957E-01
-0.74524E-01   0.31227E-01  -0.46957E-01
-0.56598E-01   0.31506E-01  -0.46957E-01
-0.37953E-01   0.31719E-01  -0.46957E-01
-0.18562E-01   0.31843E-01  -0.46957E-01
 0.16050E-02   0.31890E-01  -0.46957E-01
-0.49764E+00   0.94154E-02  -0.28188E-01
-0.49670E+00   0.94047E-02  -0.28294E-01
-0.49572E+00   0.93938E-02  -0.28403E-01
-0.49470E+00   0.93830E-02  -0.28515E-01
-0.49364E+00   0.93726E-02  -0.28628E-01
-0.49254E+00   0.93627E-02  -0.28742E-01
-0.49140E+00   0.93529E-02  -0.28854E-01
-0.49020E+00   0.93429E-02  -0.28962E-01
-0.48896E+00   0.93325E-02  -0.29066E-01
-0.48767E+00   0.93215E-02  -0.29167E-01
-0.48633E+00   0.93103E-02  -0.29266E-01
-0.48493E+00   0.92997E-02  -0.29361E-01
-0.48347E+00   0.92910E-02  -0.29452E-01
-0.48196E+00   0.92843E-02  -0.29535E-01
-0.48038E+00   0.92791E-02  -0.29608E-01
-0.47875E+00   0.92752E-02  -0.29673E-01
-0.47704E+00   0.92734E-02  -0.29735E-01
-0.47527E+00   0.92773E-02  -0.29786E-01
-0.47343E+00   0.92919E-02  -0.29809E-01
-0.47151E+00   0.93141E-02  -0.29818E-01
-0.46951E+00   0.93386E-02  -0.29835E-01
-0.46744E+00   0.93689E-02  -0.29859E-01
-0.46528E+00   0.94067E-02  -0.29887E-01
-0.46304E+00   0.94503E-02  -0.29922E-01
-0.46071E+00   0.95022E-02  -0.29962E-01
-0.45828E+00   0.95668E-02  -0.30006E-01
-0.45576E+00   0.96468E-02  -0.30055E-01
-0.45314E+00   0.97430E-02  -0.30110E-01
-0.45041E+00   0.98607E-02  -0.30171E-01
-0.44758E+00   0.10003E-01  -0.30237E-01
-0.44463E+00   0.10173E-01  -0.30312E-01
-0.44157E+00   0.10371E-01  -0.30398E-01
-0.43838E+00   0.10597E-01  -0.30496E-01
-0.43507E+00   0.10849E-01  -0.30603E-01
-0.43163E+00   0.11129E-01  -0.30723E-01
-0.42806E+00   0.11432E-01  -0.30855E-01
-0.42434E+00   0.11757E-01  -0.30999E-01
-0.42047E+00   0.12108E-01  -0.31154E-01
-0.41645E+00   0.12482E-01  -0.31326E-01
-0.41227E+00   0.12883E-01  -0.31520E-01
-0.40793E+00   0.13318E-01  -0.31745E-01
-0.40342E+00   0.13793E-01  -0.32003E-01
-0.39873E+00   0.14318E-01  -0.32299E-01
-0.39386E+00   0.14894E-01  -0.32628E-01
-0.38880E+00   0.15522E-01  -0.32995E-01
-0.38354E+00   0.16197E-01  -0.33400E-01
-0.37808E+00   0.16917E-01  -0.33848E-01
-0.37239E+00   0.17668E-01  -0.34336E-01
-0.36649E+00   0.18442E-01  -0.34864E-01
-0.36034E+00   0.19231E-01  -0.35432E-01
-0.35395E+00   0.20017E-01  -0.36036E-01
-0.34730E+00   0.20794E-01  -0.36676E-01
-0.34037E+00   0.21553E-01  -0.37340E-01
-0.33317E+00   0.22291E-01  -0.38023E-01
-0.32566E+00   0.23004E-01  -0.38711E-01
-0.31786E+00   0.23703E-01  -0.39411E-01
-0.30973E+00   0.24376E-01  -0.40098E-01
-0.30127E+00   0.25029E-01  -0.40785E-01
-0.29246E+00   0.25664E-01  -0.41460E-01
-0.28330E+00   0.26276E-01  -0.42118E-01
-0.27376E+00   0.26869E-01  -0.42763E-01
-0.26384E+00   0.27440E-01  -0.43389E-01
-0.25351E+00   0.27978E-01  -0.43977E-01
-0.24277E+00   0.28487E-01  -0.44527E-01
-0.23159E+00   0.28975E-01  -0.45040E-01
-0.21996E+00   0.29446E-01  -0.45499E-01
-0.20785E+00   0.29899E-01  -0.45904E-01
-0.19526E+00   0.30327E-01  -0.46241E-01
-0.18217E+00   0.30732E-01  -0.46511E-01
-0.16855E+00   0.31122E-01  -0.46734E-01
-0.15438E+00   0.31500E-01  -0.46896E-01
-0.13964E+00   0.31880E-01  -0.46956E-01
-0.12431E+00   0.32264E-01  -0.46957E-01
-0.10837E+00   0.32646E-01  -0.46957E-01
-0.91796E-01   0.33010E-01  -0.46957E-01
-0.74553E-01   0.33348E-01  -0.46957E-01
-0.56620E-01   0.33646E-01  -0.46957E-01
-0.37969E-01   0.33874E-01  -0.46957E-01
-0.18570E-01   0.34006E-01  -0.46957E-01
 0.16050E-02   0.34057E-01  -0.46957E-01
-0.49764E+00   0.96819E-02  -0.26961E-01
-0.49670E+00   0.96673E-02  -0.27067E-01
-0.49572E+00   0.96529E-02  -0.27176E-01
-0.49470E+00   0.96397E-02  -0.27288E-01
-0.49364E+00   0.96286E-02  -0.27401E-01
-0.49254E+00   0.96202E-02  -0.27515E-01
-0.49139E+00   0.96139E-02  -0.27628E-01
-0.49020E+00   0.96089E-02  -0.27737E-01
-0.48896E+00   0.96053E-02  -0.27842E-01
-0.48767E+00   0.96029E-02  -0.27945E-01
-0.48632E+00   0.96019E-02  -0.28046E-01
-0.48492E+00   0.96015E-02  -0.28143E-01
-0.48347E+00   0.96011E-02  -0.28236E-01
-0.48195E+00   0.96021E-02  -0.28320E-01
-0.48038E+00   0.96074E-02  -0.28396E-01
-0.47874E+00   0.96158E-02  -0.28463E-01
-0.47704E+00   0.96229E-02  -0.28526E-01
-0.47526E+00   0.96321E-02  -0.28577E-01
-0.47342E+00   0.96525E-02  -0.28601E-01
-0.47150E+00   0.96810E-02  -0.28611E-01
-0.46950E+00   0.97105E-02  -0.28629E-01
-0.46743E+00   0.97444E-02  -0.28654E-01
-0.46527E+00   0.97847E-02  -0.28681E-01
-0.46303E+00   0.98302E-02  -0.28716E-01
-0.46069E+00   0.98848E-02  -0.28757E-01
-0.45827E+00   0.99517E-02  -0.28801E-01
-0.45574E+00   0.10033E-01  -0.28849E-01
-0.45312E+00   0.10133E-01  -0.28903E-01
-0.45039E+00   0.10253E-01  -0.28962E-01
-0.44756E+00   0.10400E-01  -0.29027E-01
-0.44461E+00   0.10573E-01  -0.29100E-01
-0.44155E+00   0.10774E-01  -0.29182E-01
-0.43836E+00   0.11000E-01  -0.29275E-01
-0.43505E+00   0.11257E-01  -0.29378E-01
-0.43161E+00   0.11543E-01  -0.29493E-01
-0.42803E+00   0.11850E-01  -0.29619E-01
-0.42431E+00   0.12183E-01  -0.29758E-01
-0.42044E+00   0.12541E-01  -0.29906E-01
-0.41642E+00   0.12922E-01  -0.30070E-01
-0.41224E+00   0.13339E-01  -0.30259E-01
-0.40790E+00   0.13790E-01  -0.30479E-01
-0.40339E+00   0.14287E-01  -0.30732E-01
-0.39870E+00   0.14831E-01  -0.31023E-01
-0.39383E+00   0.15434E-01  -0.31348E-01
-0.38877E+00   0.16094E-01  -0.31712E-01
-0.38351E+00   0.16807E-01  -0.32116E-01
-0.37805E+00   0.17569E-01  -0.32564E-01
-0.37238E+00   0.18367E-01  -0.33056E-01
-0.36647E+00   0.19194E-01  -0.33592E-01
-0.36034E+00   0.20042E-01  -0.34173E-01
-0.35395E+00   0.20894E-01  -0.34795E-01
-0.34731E+00   0.21737E-01  -0.35456E-01
-0.34039E+00   0.22564E-01  -0.36147E-01
-0.33319E+00   0.23373E-01  -0.36860E-01
-0.32569E+00   0.24158E-01  -0.37588E-01
-0.31789E+00   0.24919E-01  -0.38318E-01
-0.30977E+00   0.25667E-01  -0.39055E-01
-0.30132E+00   0.26388E-01  -0.39789E-01
-0.29252E+00   0.27095E-01  -0.40522E-01
-0.28336E+00   0.27775E-01  -0.41238E-01
-0.27383E+00   0.28429E-01  -0.41940E-01
-0.26391E+00   0.29061E-01  -0.42627E-01
-0.25358E+00   0.29658E-01  -0.43282E-01
-0.24284E+00   0.30221E-01  -0.43900E-01
-0.23166E+00   0.30759E-01  -0.44474E-01
-0.22003E+00   0.31277E-01  -0.45003E-01
-0.20793E+00   0.31774E-01  -0.45481E-01
-0.19534E+00   0.32245E-01  -0.45893E-01
-0.18224E+00   0.32686E-01  -0.46232E-01
-0.16861E+00   0.33108E-01  -0.46520E-01
-0.15444E+00   0.33518E-01  -0.46762E-01
-0.13970E+00   0.33927E-01  -0.46927E-01
-0.12437E+00   0.34336E-01  -0.46957E-01
-0.10842E+00   0.34743E-01  -0.46957E-01
-0.91834E-01   0.35131E-01  -0.46957E-01
-0.74585E-01   0.35490E-01  -0.46957E-01
-0.56644E-01   0.35808E-01  -0.46957E-01
-0.37985E-01   0.36051E-01  -0.46957E-01
-0.18578E-01   0.36191E-01  -0.46957E-01
 0.16050E-02   0.36245E-01  -0.46957E-01
-0.49764E+00   0.99093E-02  -0.25714E-01
-0.49670E+00   0.98931E-02  -0.25819E-01
-0.49572E+00   0.98773E-02  -0.25929E-01
-0.49470E+00   0.98631E-02  -0.26041E-01
-0.49364E+00   0.98518E-02  -0.26155E-01
-0.49254E+00   0.98441E-02  -0.26270E-01
-0.49139E+00   0.98392E-02  -0.26383E-01
-0.49020E+00   0.98362E-02  -0.26492E-01
-0.48895E+00   0.98354E-02  -0.26597E-01
-0.48766E+00   0.98377E-02  -0.26701E-01
-0.48632E+00   0.98439E-02  -0.26802E-01
-0.48492E+00   0.98527E-02  -0.26901E-01
-0.48346E+00   0.98626E-02  -0.26995E-01
-0.48195E+00   0.98739E-02  -0.27082E-01
-0.48037E+00   0.98881E-02  -0.27158E-01
-0.47873E+00   0.99054E-02  -0.27226E-01
-0.47703E+00   0.99243E-02  -0.27291E-01
-0.47525E+00   0.99476E-02  -0.27344E-01
-0.47341E+00   0.99799E-02  -0.27370E-01
-0.47149E+00   0.10017E-01  -0.27381E-01
-0.46949E+00   0.10052E-01  -0.27401E-01
-0.46742E+00   0.10091E-01  -0.27427E-01
-0.46526E+00   0.10138E-01  -0.27455E-01
-0.46301E+00   0.10188E-01  -0.27491E-01
-0.46068E+00   0.10246E-01  -0.27532E-01
-0.45825E+00   0.10316E-01  -0.27576E-01
-0.45573E+00   0.10401E-01  -0.27624E-01
-0.45310E+00   0.10501E-01  -0.27676E-01
-0.45037E+00   0.10620E-01  -0.27733E-01
-0.44754E+00   0.10769E-01  -0.27795E-01
-0.44459E+00   0.10943E-01  -0.27864E-01
-0.44152E+00   0.11142E-01  -0.27942E-01
-0.43834E+00   0.11371E-01  -0.28030E-01
-0.43502E+00   0.11626E-01  -0.28127E-01
-0.43158E+00   0.11913E-01  -0.28236E-01
-0.42800E+00   0.12226E-01  -0.28356E-01
-0.42428E+00   0.12563E-01  -0.28488E-01
-0.42041E+00   0.12928E-01  -0.28629E-01
-0.41639E+00   0.13325E-01  -0.28789E-01
-0.41221E+00   0.13750E-01  -0.28970E-01
-0.40786E+00   0.14219E-01  -0.29183E-01
-0.40335E+00   0.14735E-01  -0.29431E-01
-0.39866E+00   0.15301E-01  -0.29715E-01
-0.39379E+00   0.15933E-01  -0.30036E-01
-0.38874E+00   0.16623E-01  -0.30395E-01
-0.38348E+00   0.17372E-01  -0.30796E-01
-0.37802E+00   0.18170E-01  -0.31241E-01
-0.37235E+00   0.19016E-01  -0.31734E-01
-0.36646E+00   0.19898E-01  -0.32276E-01
-0.36032E+00   0.20804E-01  -0.32864E-01
-0.35395E+00   0.21719E-01  -0.33500E-01
-0.34731E+00   0.22628E-01  -0.34179E-01
-0.34040E+00   0.23525E-01  -0.34892E-01
-0.33321E+00   0.24406E-01  -0.35635E-01
-0.32572E+00   0.25266E-01  -0.36396E-01
-0.31793E+00   0.26098E-01  -0.37161E-01
-0.30981E+00   0.26910E-01  -0.37931E-01
-0.30136E+00   0.27704E-01  -0.38710E-01
-0.29257E+00   0.28479E-01  -0.39487E-01
-0.28342E+00   0.29232E-01  -0.40261E-01
-0.27389E+00   0.29956E-01  -0.41020E-01
-0.26397E+00   0.30652E-01  -0.41766E-01
-0.25366E+00   0.31315E-01  -0.42492E-01
-0.24291E+00   0.31940E-01  -0.43180E-01
-0.23174E+00   0.32531E-01  -0.43820E-01
-0.22010E+00   0.33101E-01  -0.44416E-01
-0.20800E+00   0.33647E-01  -0.44966E-01
-0.19541E+00   0.34163E-01  -0.45454E-01
-0.18231E+00   0.34647E-01  -0.45871E-01
-0.16868E+00   0.35106E-01  -0.46232E-01
-0.15450E+00   0.35549E-01  -0.46553E-01
-0.13976E+00   0.35992E-01  -0.46822E-01
-0.12442E+00   0.36428E-01  -0.46936E-01
-0.10847E+00   0.36860E-01  -0.46957E-01
-0.91875E-01   0.37272E-01  -0.46957E-01
-0.74619E-01   0.37654E-01  -0.46957E-01
-0.56671E-01   0.37991E-01  -0.46957E-01
-0.38003E-01   0.38249E-01  -0.46957E-01
-0.18588E-01   0.38398E-01  -0.46957E-01
 0.16050E-02   0.38456E-01  -0.46957E-01
-0.49764E+00   0.10101E-01  -0.24447E-01
-0.49670E+00   0.10088E-01  -0.24554E-01
-0.49572E+00   0.10076E-01  -0.24664E-01
-0.49470E+00   0.10064E-01  -0.24778E-01
-0.49364E+00   0.10054E-01  -0.24892E-01
-0.49254E+00   0.10047E-01  -0.25007E-01
-0.49139E+00   0.10043E-01  -0.25121E-01
-0.49019E+00   0.10043E-01  -0.25231E-01
-0.48895E+00   0.10047E-01  -0.25336E-01
-0.48766E+00   0.10054E-01  -0.25440E-01
-0.48631E+00   0.10063E-01  -0.25542E-01
-0.48491E+00   0.10076E-01  -0.25641E-01
-0.48346E+00   0.10091E-01  -0.25736E-01
-0.48194E+00   0.10110E-01  -0.25823E-01
-0.48036E+00   0.10135E-01  -0.25900E-01
-0.47872E+00   0.10163E-01  -0.25970E-01
-0.47702E+00   0.10192E-01  -0.26035E-01
-0.47524E+00   0.10223E-01  -0.26088E-01
-0.47340E+00   0.10262E-01  -0.26115E-01
-0.47148E+00   0.10306E-01  -0.26128E-01
-0.46948E+00   0.10351E-01  -0.26149E-01
-0.46740E+00   0.10399E-01  -0.26176E-01
-0.46525E+00   0.10452E-01  -0.26206E-01
-0.46300E+00   0.10510E-01  -0.26243E-01
-0.46066E+00   0.10573E-01  -0.26284E-01
-0.45824E+00   0.10645E-01  -0.26328E-01
-0.45571E+00   0.10731E-01  -0.26375E-01
-0.45308E+00   0.10834E-01  -0.26426E-01
-0.45035E+00   0.10956E-01  -0.26481E-01
-0.44752E+00   0.11101E-01  -0.26539E-01
-0.44457E+00   0.11273E-01  -0.26604E-01
-0.44150E+00   0.11473E-01  -0.26678E-01
-0.43831E+00   0.11700E-01  -0.26761E-01
-0.43500E+00   0.11958E-01  -0.26852E-01
-0.43155E+00   0.12241E-01  -0.26954E-01
-0.42797E+00   0.12559E-01  -0.27068E-01
-0.42425E+00   0.12902E-01  -0.27193E-01
-0.42038E+00   0.13274E-01  -0.27327E-01
-0.41635E+00   0.13679E-01  -0.27479E-01
-0.41217E+00   0.14122E-01  -0.27654E-01
-0.40783E+00   0.14607E-01  -0.27860E-01
-0.40331E+00   0.15140E-01  -0.28101E-01
-0.39863E+00   0.15734E-01  -0.28380E-01
-0.39376E+00   0.16392E-01  -0.28694E-01
-0.38870E+00   0.17113E-01  -0.29048E-01
-0.38345E+00   0.17894E-01  -0.29443E-01
-0.37799E+00   0.18734E-01  -0.29885E-01
-0.37233E+00   0.19622E-01  -0.30376E-01
-0.36643E+00   0.20552E-01  -0.30918E-01
-0.36031E+00   0.21516E-01  -0.31512E-01
-0.35394E+00   0.22493E-01  -0.32157E-01
-0.34731E+00   0.23472E-01  -0.32852E-01
-0.34041E+00   0.24440E-01  -0.33585E-01
-0.33322E+00   0.25390E-01  -0.34348E-01
-0.32574E+00   0.26319E-01  -0.35135E-01
-0.31796E+00   0.27231E-01  -0.35937E-01
-0.30985E+00   0.28112E-01  -0.36738E-01
-0.30140E+00   0.28974E-01  -0.37551E-01
-0.29262E+00   0.29818E-01  -0.38366E-01
-0.28347E+00   0.30643E-01  -0.39188E-01
-0.27395E+00   0.31442E-01  -0.40005E-01
-0.26404E+00   0.32208E-01  -0.40808E-01
-0.25372E+00   0.32939E-01  -0.41596E-01
-0.24299E+00   0.33631E-01  -0.42355E-01
-0.23181E+00   0.34284E-01  -0.43065E-01
-0.22018E+00   0.34911E-01  -0.43731E-01
-0.20808E+00   0.35510E-01  -0.44351E-01
-0.19549E+00   0.36078E-01  -0.44923E-01
-0.18238E+00   0.36609E-01  -0.45423E-01
-0.16875E+00   0.37110E-01  -0.45862E-01
-0.15457E+00   0.37591E-01  -0.46263E-01
-0.13982E+00   0.38070E-01  -0.46628E-01
-0.12448E+00   0.38538E-01  -0.46843E-01
-0.10852E+00   0.38998E-01  -0.46945E-01
-0.91919E-01   0.39435E-01  -0.46957E-01
-0.74655E-01   0.39839E-01  -0.46957E-01
-0.56698E-01   0.40196E-01  -0.46957E-01
-0.38022E-01   0.40469E-01  -0.46957E-01
-0.18597E-01   0.40628E-01  -0.46957E-01
 0.16050E-02   0.40688E-01  -0.46957E-01
-0.49764E+00   0.10245E-01  -0.23175E-01
-0.49670E+00   0.10238E-01  -0.23283E-01
-0.49572E+00   0.10231E-01  -0.23394E-01
-0.49470E+00   0.10225E-01  -0.23509E-01
-0.49364E+00   0.10220E-01  -0.23625E-01
-0.49253E+00   0.10218E-01  -0.23740E-01
-0.49138E+00   0.10218E-01  -0.23855E-01
-0.49019E+00   0.10222E-01  -0.23965E-01
-0.48895E+00   0.10228E-01  -0.24070E-01
-0.48765E+00   0.10239E-01  -0.24174E-01
-0.48631E+00   0.10254E-01  -0.24276E-01
-0.48491E+00   0.10272E-01  -0.24376E-01
-0.48345E+00   0.10291E-01  -0.24471E-01
-0.48193E+00   0.10314E-01  -0.24558E-01
-0.48036E+00   0.10342E-01  -0.24635E-01
-0.47872E+00   0.10375E-01  -0.24704E-01
-0.47701E+00   0.10412E-01  -0.24769E-01
-0.47523E+00   0.10452E-01  -0.24823E-01
-0.47339E+00   0.10497E-01  -0.24849E-01
-0.47147E+00   0.10546E-01  -0.24862E-01
-0.46947E+00   0.10597E-01  -0.24885E-01
-0.46739E+00   0.10652E-01  -0.24912E-01
-0.46523E+00   0.10710E-01  -0.24942E-01
-0.46298E+00   0.10774E-01  -0.24980E-01
-0.46065E+00   0.10844E-01  -0.25022E-01
-0.45822E+00   0.10924E-01  -0.25067E-01
-0.45569E+00   0.11015E-01  -0.25114E-01
-0.45306E+00   0.11119E-01  -0.25163E-01
-0.45033E+00   0.11243E-01  -0.25216E-01
-0.44749E+00   0.11391E-01  -0.25272E-01
-0.44454E+00   0.11561E-01  -0.25332E-01
-0.44147E+00   0.11757E-01  -0.25401E-01
-0.43828E+00   0.11982E-01  -0.25479E-01
-0.43496E+00   0.12234E-01  -0.25563E-01
-0.43152E+00   0.12520E-01  -0.25658E-01
-0.42793E+00   0.12837E-01  -0.25765E-01
-0.42421E+00   0.13184E-01  -0.25882E-01
-0.42034E+00   0.13563E-01  -0.26009E-01
-0.41631E+00   0.13982E-01  -0.26154E-01
-0.41213E+00   0.14443E-01  -0.26322E-01
-0.40779E+00   0.14945E-01  -0.26522E-01
-0.40327E+00   0.15504E-01  -0.26756E-01
-0.39859E+00   0.16119E-01  -0.27028E-01
-0.39372E+00   0.16807E-01  -0.27335E-01
-0.38866E+00   0.17561E-01  -0.27683E-01
-0.38341E+00   0.18377E-01  -0.28072E-01
-0.37796E+00   0.19255E-01  -0.28509E-01
-0.37230E+00   0.20189E-01  -0.28997E-01
-0.36641E+00   0.21166E-01  -0.29537E-01
-0.36029E+00   0.22181E-01  -0.30131E-01
-0.35393E+00   0.23218E-01  -0.30782E-01
-0.34730E+00   0.24260E-01  -0.31485E-01
-0.34041E+00   0.25298E-01  -0.32233E-01
-0.33323E+00   0.26322E-01  -0.33018E-01
-0.32576E+00   0.27323E-01  -0.33826E-01
-0.31798E+00   0.28306E-01  -0.34654E-01
-0.30988E+00   0.29263E-01  -0.35487E-01
-0.30144E+00   0.30193E-01  -0.36329E-01
-0.29266E+00   0.31106E-01  -0.37178E-01
-0.28352E+00   0.31999E-01  -0.38034E-01
-0.27401E+00   0.32868E-01  -0.38894E-01
-0.26410E+00   0.33711E-01  -0.39755E-01
-0.25379E+00   0.34516E-01  -0.40603E-01
-0.24306E+00   0.35279E-01  -0.41427E-01
-0.23188E+00   0.35999E-01  -0.42206E-01
-0.22025E+00   0.36689E-01  -0.42942E-01
-0.20815E+00   0.37347E-01  -0.43634E-01
-0.19556E+00   0.37973E-01  -0.44284E-01
-0.18246E+00   0.38559E-01  -0.44873E-01
-0.16882E+00   0.39108E-01  -0.45399E-01
-0.15464E+00   0.39631E-01  -0.45875E-01
-0.13989E+00   0.40151E-01  -0.46333E-01
-0.12454E+00   0.40658E-01  -0.46654E-01
-0.10857E+00   0.41151E-01  -0.46864E-01
-0.91966E-01   0.41615E-01  -0.46952E-01
-0.74693E-01   0.42042E-01  -0.46957E-01
-0.56728E-01   0.42420E-01  -0.46957E-01
-0.38042E-01   0.42710E-01  -0.46957E-01
-0.18608E-01   0.42878E-01  -0.46957E-01
 0.16050E-02   0.42943E-01  -0.46957E-01
-0.49764E+00   0.10333E-01  -0.21910E-01
-0.49670E+00   0.10333E-01  -0.22019E-01
-0.49572E+00   0.10333E-01  -0.22131E-01
-0.49470E+00   0.10334E-01  -0.22247E-01
-0.49363E+00   0.10337E-01  -0.22364E-01
-0.49253E+00   0.10341E-01  -0.22480E-01
-0.49138E+00   0.10348E-01  -0.22595E-01
-0.49019E+00   0.10357E-01  -0.22706E-01
-0.48894E+00   0.10370E-01  -0.22812E-01
-0.48765E+00   0.10385E-01  -0.22915E-01
-0.48630E+00   0.10403E-01  -0.23017E-01
-0.48490E+00   0.10423E-01  -0.23117E-01
-0.48344E+00   0.10448E-01  -0.23212E-01
-0.48193E+00   0.10476E-01  -0.23299E-01
-0.48035E+00   0.10509E-01  -0.23376E-01
-0.47871E+00   0.10545E-01  -0.23444E-01
-0.47700E+00   0.10586E-01  -0.23508E-01
-0.47522E+00   0.10631E-01  -0.23561E-01
-0.47337E+00   0.10680E-01  -0.23587E-01
-0.47145E+00   0.10733E-01  -0.23600E-01
-0.46945E+00   0.10787E-01  -0.23622E-01
-0.46738E+00   0.10846E-01  -0.23650E-01
-0.46521E+00   0.10911E-01  -0.23680E-01
-0.46297E+00   0.10980E-01  -0.23718E-01
-0.46063E+00   0.11057E-01  -0.23760E-01
-0.45820E+00   0.11142E-01  -0.23805E-01
-0.45567E+00   0.11236E-01  -0.23851E-01
-0.45304E+00   0.11349E-01  -0.23900E-01
-0.45031E+00   0.11475E-01  -0.23951E-01
-0.44747E+00   0.11620E-01  -0.24003E-01
-0.44451E+00   0.11789E-01  -0.24059E-01
-0.44144E+00   0.11979E-01  -0.24123E-01
-0.43825E+00   0.12197E-01  -0.24193E-01
-0.43493E+00   0.12448E-01  -0.24272E-01
-0.43148E+00   0.12727E-01  -0.24359E-01
-0.42790E+00   0.13043E-01  -0.24458E-01
-0.42417E+00   0.13397E-01  -0.24568E-01
-0.42030E+00   0.13790E-01  -0.24688E-01
-0.41627E+00   0.14227E-01  -0.24826E-01
-0.41209E+00   0.14705E-01  -0.24987E-01
-0.40775E+00   0.15239E-01  -0.25181E-01
-0.40323E+00   0.15822E-01  -0.25409E-01
-0.39855E+00   0.16468E-01  -0.25674E-01
-0.39368E+00   0.17185E-01  -0.25974E-01
-0.38863E+00   0.17970E-01  -0.26314E-01
-0.38338E+00   0.18821E-01  -0.26697E-01
-0.37793E+00   0.19739E-01  -0.27127E-01
-0.37227E+00   0.20711E-01  -0.27609E-01
-0.36638E+00   0.21734E-01  -0.28144E-01
-0.36027E+00   0.22801E-01  -0.28737E-01
-0.35391E+00   0.23891E-01  -0.29388E-01
-0.34729E+00   0.24993E-01  -0.30096E-01
-0.34041E+00   0.26096E-01  -0.30853E-01
-0.33324E+00   0.27193E-01  -0.31654E-01
-0.32578E+00   0.28272E-01  -0.32484E-01
-0.31801E+00   0.29325E-01  -0.33332E-01
-0.30991E+00   0.30357E-01  -0.34192E-01
-0.30148E+00   0.31357E-01  -0.35059E-01
-0.29270E+00   0.32338E-01  -0.35936E-01
-0.28357E+00   0.33298E-01  -0.36821E-01
-0.27406E+00   0.34237E-01  -0.37716E-01
-0.26416E+00   0.35149E-01  -0.38616E-01
-0.25385E+00   0.36031E-01  -0.39518E-01
-0.24312E+00   0.36868E-01  -0.40402E-01
-0.23195E+00   0.37662E-01  -0.41247E-01
-0.22033E+00   0.38420E-01  -0.42051E-01
-0.20823E+00   0.39143E-01  -0.42812E-01
-0.19563E+00   0.39830E-01  -0.43534E-01
-0.18253E+00   0.40477E-01  -0.44207E-01
-0.16889E+00   0.41083E-01  -0.44822E-01
-0.15471E+00   0.41657E-01  -0.45388E-01
-0.13995E+00   0.42222E-01  -0.45926E-01
-0.12460E+00   0.42777E-01  -0.46368E-01
-0.10863E+00   0.43311E-01  -0.46693E-01
-0.92015E-01   0.43806E-01  -0.46874E-01
-0.74734E-01   0.44260E-01  -0.46952E-01
-0.56759E-01   0.44661E-01  -0.46957E-01
-0.38064E-01   0.44969E-01  -0.46957E-01
-0.18619E-01   0.45149E-01  -0.46957E-01
 0.16050E-02   0.45220E-01  -0.46957E-01
-0.49764E+00   0.10353E-01  -0.20655E-01
-0.49670E+00   0.10362E-01  -0.20764E-01
-0.49571E+00   0.10371E-01  -0.20878E-01
-0.49469E+00   0.10381E-01  -0.20993E-01
-0.49363E+00   0.10393E-01  -0.21111E-01
-0.49253E+00   0.10406E-01  -0.21228E-01
-0.49138E+00   0.10422E-01  -0.21344E-01
-0.49018E+00   0.10439E-01  -0.21455E-01
-0.48894E+00   0.10458E-01  -0.21560E-01
-0.48764E+00   0.10480E-01  -0.21664E-01
-0.48630E+00   0.10504E-01  -0.21766E-01
-0.48489E+00   0.10532E-01  -0.21866E-01
-0.48344E+00   0.10563E-01  -0.21960E-01
-0.48192E+00   0.10598E-01  -0.22047E-01
-0.48034E+00   0.10635E-01  -0.22124E-01
-0.47870E+00   0.10674E-01  -0.22191E-01
-0.47699E+00   0.10717E-01  -0.22254E-01
-0.47521E+00   0.10764E-01  -0.22305E-01
-0.47336E+00   0.10817E-01  -0.22330E-01
-0.47144E+00   0.10873E-01  -0.22343E-01
-0.46944E+00   0.10930E-01  -0.22365E-01
-0.46736E+00   0.10991E-01  -0.22391E-01
-0.46520E+00   0.11056E-01  -0.22421E-01
-0.46295E+00   0.11124E-01  -0.22458E-01
-0.46061E+00   0.11201E-01  -0.22500E-01
-0.45818E+00   0.11288E-01  -0.22543E-01
-0.45565E+00   0.11384E-01  -0.22588E-01
-0.45302E+00   0.11492E-01  -0.22635E-01
-0.45028E+00   0.11618E-01  -0.22682E-01
-0.44744E+00   0.11763E-01  -0.22731E-01
-0.44449E+00   0.11928E-01  -0.22784E-01
-0.44141E+00   0.12118E-01  -0.22843E-01
-0.43822E+00   0.12336E-01  -0.22908E-01
-0.43490E+00   0.12584E-01  -0.22980E-01
-0.43144E+00   0.12866E-01  -0.23061E-01
-0.42786E+00   0.13186E-01  -0.23153E-01
-0.42413E+00   0.13549E-01  -0.23255E-01
-0.42026E+00   0.13956E-01  -0.23367E-01
-0.41623E+00   0.14412E-01  -0.23498E-01
-0.41205E+00   0.14919E-01  -0.23652E-01
-0.40771E+00   0.15481E-01  -0.23840E-01
-0.40319E+00   0.16100E-01  -0.24061E-01
-0.39851E+00   0.16783E-01  -0.24321E-01
-0.39365E+00   0.17533E-01  -0.24614E-01
-0.38859E+00   0.18353E-01  -0.24946E-01
-0.38335E+00   0.19240E-01  -0.25321E-01
-0.37790E+00   0.20192E-01  -0.25743E-01
-0.37224E+00   0.21203E-01  -0.26216E-01
-0.36636E+00   0.22269E-01  -0.26745E-01
-0.36025E+00   0.23382E-01  -0.27333E-01
-0.35390E+00   0.24524E-01  -0.27982E-01
-0.34729E+00   0.25684E-01  -0.28692E-01
-0.34041E+00   0.26850E-01  -0.29455E-01
-0.33325E+00   0.28014E-01  -0.30264E-01
-0.32579E+00   0.29160E-01  -0.31107E-01
-0.31803E+00   0.30289E-01  -0.31975E-01
-0.30994E+00   0.31395E-01  -0.32858E-01
-0.30152E+00   0.32468E-01  -0.33749E-01
-0.29275E+00   0.33514E-01  -0.34644E-01
-0.28361E+00   0.34543E-01  -0.35555E-01
-0.27411E+00   0.35548E-01  -0.36476E-01
-0.26421E+00   0.36530E-01  -0.37410E-01
-0.25391E+00   0.37481E-01  -0.38349E-01
-0.24318E+00   0.38396E-01  -0.39287E-01
-0.23202E+00   0.39269E-01  -0.40195E-01
-0.22039E+00   0.40099E-01  -0.41059E-01
-0.20830E+00   0.40891E-01  -0.41883E-01
-0.19570E+00   0.41644E-01  -0.42674E-01
-0.18260E+00   0.42356E-01  -0.43425E-01
-0.16896E+00   0.43026E-01  -0.44129E-01
-0.15478E+00   0.43659E-01  -0.44783E-01
-0.14002E+00   0.44276E-01  -0.45401E-01
-0.12466E+00   0.44887E-01  -0.45958E-01
-0.10869E+00   0.45469E-01  -0.46405E-01
-0.92066E-01   0.46005E-01  -0.46698E-01
-0.74776E-01   0.46492E-01  -0.46879E-01
-0.56792E-01   0.46919E-01  -0.46955E-01
-0.38086E-01   0.47247E-01  -0.46957E-01
-0.18630E-01   0.47441E-01  -0.46957E-01
 0.16050E-02   0.47520E-01  -0.46957E-01
-0.49764E+00   0.10297E-01  -0.19413E-01
-0.49670E+00   0.10316E-01  -0.19523E-01
-0.49571E+00   0.10336E-01  -0.19636E-01
-0.49469E+00   0.10358E-01  -0.19752E-01
-0.49363E+00   0.10381E-01  -0.19870E-01
-0.49253E+00   0.10406E-01  -0.19987E-01
-0.49138E+00   0.10431E-01  -0.20102E-01
-0.49018E+00   0.10457E-01  -0.20213E-01
-0.48893E+00   0.10483E-01  -0.20318E-01
-0.48764E+00   0.10512E-01  -0.20421E-01
-0.48629E+00   0.10545E-01  -0.20523E-01
-0.48489E+00   0.10581E-01  -0.20623E-01
-0.48343E+00   0.10618E-01  -0.20717E-01
-0.48191E+00   0.10656E-01  -0.20803E-01
-0.48033E+00   0.10697E-01  -0.20878E-01
-0.47869E+00   0.10740E-01  -0.20945E-01
-0.47698E+00   0.10787E-01  -0.21006E-01
-0.47520E+00   0.10836E-01  -0.21056E-01
-0.47335E+00   0.10889E-01  -0.21079E-01
-0.47143E+00   0.10943E-01  -0.21092E-01
-0.46942E+00   0.10996E-01  -0.21112E-01
-0.46734E+00   0.11055E-01  -0.21138E-01
-0.46518E+00   0.11119E-01  -0.21167E-01
-0.46293E+00   0.11187E-01  -0.21203E-01
-0.46059E+00   0.11262E-01  -0.21243E-01
-0.45816E+00   0.11347E-01  -0.21285E-01
-0.45563E+00   0.11442E-01  -0.21328E-01
-0.45299E+00   0.11550E-01  -0.21373E-01
-0.45026E+00   0.11674E-01  -0.21418E-01
-0.44741E+00   0.11818E-01  -0.21463E-01
-0.44445E+00   0.11982E-01  -0.21512E-01
-0.44138E+00   0.12170E-01  -0.21566E-01
-0.43818E+00   0.12388E-01  -0.21626E-01
-0.43486E+00   0.12639E-01  -0.21692E-01
-0.43141E+00   0.12925E-01  -0.21766E-01
-0.42782E+00   0.13254E-01  -0.21850E-01
-0.42409E+00   0.13629E-01  -0.21945E-01
-0.42021E+00   0.14058E-01  -0.22049E-01
-0.41619E+00   0.14540E-01  -0.22173E-01
-0.41201E+00   0.15079E-01  -0.22319E-01
-0.40767E+00   0.15678E-01  -0.22499E-01
-0.40316E+00   0.16338E-01  -0.22714E-01
-0.39848E+00   0.17060E-01  -0.22968E-01
-0.39362E+00   0.17853E-01  -0.23254E-01
-0.38857E+00   0.18712E-01  -0.23580E-01
-0.38332E+00   0.19635E-01  -0.23946E-01
-0.37788E+00   0.20623E-01  -0.24359E-01
-0.37222E+00   0.21676E-01  -0.24825E-01
-0.36635E+00   0.22783E-01  -0.25346E-01
-0.36024E+00   0.23936E-01  -0.25926E-01
-0.35389E+00   0.25129E-01  -0.26571E-01
-0.34728E+00   0.26338E-01  -0.27277E-01
-0.34041E+00   0.27561E-01  -0.28040E-01
-0.33326E+00   0.28783E-01  -0.28852E-01
-0.32581E+00   0.29999E-01  -0.29705E-01
-0.31805E+00   0.31201E-01  -0.30588E-01
-0.30997E+00   0.32378E-01  -0.31487E-01
-0.30155E+00   0.33525E-01  -0.32399E-01
-0.29279E+00   0.34640E-01  -0.33313E-01
-0.28366E+00   0.35731E-01  -0.34239E-01
-0.27415E+00   0.36799E-01  -0.35179E-01
-0.26426E+00   0.37850E-01  -0.36138E-01
-0.25396E+00   0.38873E-01  -0.37111E-01
-0.24324E+00   0.39862E-01  -0.38089E-01
-0.23208E+00   0.40812E-01  -0.39048E-01
-0.22046E+00   0.41721E-01  -0.39973E-01
-0.20836E+00   0.42586E-01  -0.40856E-01
-0.19577E+00   0.43406E-01  -0.41701E-01
-0.18267E+00   0.44187E-01  -0.42521E-01
-0.16903E+00   0.44927E-01  -0.43308E-01
-0.15484E+00   0.45626E-01  -0.44050E-01
-0.14008E+00   0.46304E-01  -0.44753E-01
-0.12472E+00   0.46976E-01  -0.45415E-01
-0.10874E+00   0.47619E-01  -0.45987E-01
-0.92117E-01   0.48205E-01  -0.46399E-01
-0.74820E-01   0.48733E-01  -0.46686E-01
-0.56827E-01   0.49193E-01  -0.46880E-01
-0.38110E-01   0.49545E-01  -0.46956E-01
-0.18642E-01   0.49754E-01  -0.46957E-01
 0.16050E-02   0.49843E-01  -0.46957E-01
-0.49764E+00   0.10151E-01  -0.18192E-01
-0.49669E+00   0.10179E-01  -0.18300E-01
-0.49571E+00   0.10208E-01  -0.18413E-01
-0.49469E+00   0.10238E-01  -0.18528E-01
-0.49363E+00   0.10270E-01  -0.18645E-01
-0.49252E+00   0.10303E-01  -0.18762E-01
-0.49137E+00   0.10337E-01  -0.18877E-01
-0.49018E+00   0.10371E-01  -0.18986E-01
-0.48893E+00   0.10407E-01  -0.19090E-01
-0.48763E+00   0.10445E-01  -0.19192E-01
-0.48628E+00   0.10486E-01  -0.19293E-01
-0.48488E+00   0.10529E-01  -0.19392E-01
-0.48342E+00   0.10573E-01  -0.19485E-01
-0.48190E+00   0.10618E-01  -0.19570E-01
-0.48032E+00   0.10665E-01  -0.19644E-01
-0.47868E+00   0.10714E-01  -0.19709E-01
-0.47697E+00   0.10764E-01  -0.19769E-01
-0.47519E+00   0.10816E-01  -0.19816E-01
-0.47334E+00   0.10867E-01  -0.19839E-01
-0.47141E+00   0.10918E-01  -0.19850E-01
-0.46941E+00   0.10972E-01  -0.19870E-01
-0.46733E+00   0.11028E-01  -0.19894E-01
-0.46516E+00   0.11090E-01  -0.19922E-01
-0.46291E+00   0.11159E-01  -0.19957E-01
-0.46057E+00   0.11234E-01  -0.19997E-01
-0.45813E+00   0.11317E-01  -0.20037E-01
-0.45560E+00   0.11410E-01  -0.20078E-01
-0.45297E+00   0.11514E-01  -0.20121E-01
-0.45023E+00   0.11635E-01  -0.20163E-01
-0.44738E+00   0.11777E-01  -0.20205E-01
-0.44442E+00   0.11940E-01  -0.20249E-01
-0.44134E+00   0.12129E-01  -0.20298E-01
-0.43814E+00   0.12350E-01  -0.20353E-01
-0.43482E+00   0.12607E-01  -0.20413E-01
-0.43136E+00   0.12903E-01  -0.20479E-01
-0.42777E+00   0.13248E-01  -0.20556E-01
-0.42405E+00   0.13648E-01  -0.20642E-01
-0.42017E+00   0.14101E-01  -0.20737E-01
-0.41615E+00   0.14619E-01  -0.20852E-01
-0.41197E+00   0.15196E-01  -0.20990E-01
-0.40763E+00   0.15838E-01  -0.21162E-01
-0.40313E+00   0.16540E-01  -0.21370E-01
-0.39845E+00   0.17308E-01  -0.21616E-01
-0.39359E+00   0.18145E-01  -0.21896E-01
-0.38855E+00   0.19045E-01  -0.22214E-01
-0.38331E+00   0.20011E-01  -0.22573E-01
-0.37787E+00   0.21039E-01  -0.22977E-01
-0.37221E+00   0.22128E-01  -0.23434E-01
-0.36634E+00   0.23275E-01  -0.23946E-01
-0.36023E+00   0.24469E-01  -0.24517E-01
-0.35389E+00   0.25704E-01  -0.25154E-01
-0.34729E+00   0.26963E-01  -0.25855E-01
-0.34042E+00   0.28239E-01  -0.26615E-01
-0.33327E+00   0.29519E-01  -0.27428E-01
-0.32583E+00   0.30799E-01  -0.28286E-01
-0.31808E+00   0.32066E-01  -0.29176E-01
-0.31000E+00   0.33313E-01  -0.30087E-01
-0.30159E+00   0.34531E-01  -0.31014E-01
-0.29283E+00   0.35715E-01  -0.31944E-01
-0.28370E+00   0.36869E-01  -0.32882E-01
-0.27420E+00   0.38001E-01  -0.33838E-01
-0.26431E+00   0.39114E-01  -0.34813E-01
-0.25401E+00   0.40206E-01  -0.35810E-01
-0.24330E+00   0.41265E-01  -0.36817E-01
-0.23214E+00   0.42293E-01  -0.37820E-01
-0.22052E+00   0.43281E-01  -0.38796E-01
-0.20843E+00   0.44221E-01  -0.39730E-01
-0.19583E+00   0.45112E-01  -0.40627E-01
-0.18273E+00   0.45962E-01  -0.41502E-01
-0.16909E+00   0.46774E-01  -0.42357E-01
-0.15490E+00   0.47548E-01  -0.43184E-01
-0.14014E+00   0.48294E-01  -0.43968E-01
-0.12478E+00   0.49033E-01  -0.44721E-01
-0.10880E+00   0.49746E-01  -0.45414E-01
-0.92168E-01   0.50396E-01  -0.45961E-01
-0.74863E-01   0.50974E-01  -0.46364E-01
-0.56861E-01   0.51476E-01  -0.46667E-01
-0.38135E-01   0.51860E-01  -0.46894E-01
-0.18655E-01   0.52088E-01  -0.46956E-01
 0.16050E-02   0.52189E-01  -0.46957E-01
-0.49764E+00   0.99185E-02  -0.16996E-01
-0.49669E+00   0.99533E-02  -0.17104E-01
-0.49571E+00   0.99896E-02  -0.17215E-01
-0.49469E+00   0.10028E-01  -0.17329E-01
-0.49363E+00   0.10067E-01  -0.17445E-01
-0.49252E+00   0.10108E-01  -0.17561E-01
-0.49137E+00   0.10150E-01  -0.17674E-01
-0.49017E+00   0.10192E-01  -0.17782E-01
-0.48892E+00   0.10235E-01  -0.17884E-01
-0.48763E+00   0.10278E-01  -0.17985E-01
-0.48628E+00   0.10323E-01  -0.18084E-01
-0.48487E+00   0.10371E-01  -0.18181E-01
-0.48341E+00   0.10420E-01  -0.18273E-01
-0.48189E+00   0.10471E-01  -0.18356E-01
-0.48031E+00   0.10522E-01  -0.18429E-01
-0.47867E+00   0.10573E-01  -0.18492E-01
-0.47695E+00   0.10626E-01  -0.18550E-01
-0.47517E+00   0.10678E-01  -0.18595E-01
-0.47332E+00   0.10728E-01  -0.18616E-01
-0.47139E+00   0.10777E-01  -0.18627E-01
-0.46939E+00   0.10827E-01  -0.18646E-01
-0.46731E+00   0.10882E-01  -0.18670E-01
-0.46514E+00   0.10943E-01  -0.18697E-01
-0.46289E+00   0.11013E-01  -0.18731E-01
-0.46054E+00   0.11088E-01  -0.18769E-01
-0.45811E+00   0.11171E-01  -0.18807E-01
-0.45557E+00   0.11268E-01  -0.18846E-01
-0.45294E+00   0.11377E-01  -0.18886E-01
-0.45020E+00   0.11503E-01  -0.18925E-01
-0.44735E+00   0.11647E-01  -0.18962E-01
-0.44439E+00   0.11815E-01  -0.19002E-01
-0.44131E+00   0.12013E-01  -0.19045E-01
-0.43811E+00   0.12243E-01  -0.19094E-01
-0.43478E+00   0.12511E-01  -0.19146E-01
-0.43132E+00   0.12822E-01  -0.19204E-01
-0.42773E+00   0.13187E-01  -0.19271E-01
-0.42400E+00   0.13607E-01  -0.19348E-01
-0.42013E+00   0.14094E-01  -0.19433E-01
-0.41611E+00   0.14649E-01  -0.19537E-01
-0.41194E+00   0.15269E-01  -0.19665E-01
-0.40760E+00   0.15958E-01  -0.19829E-01
-0.40310E+00   0.16708E-01  -0.20029E-01
-0.39843E+00   0.17522E-01  -0.20268E-01
-0.39357E+00   0.18402E-01  -0.20539E-01
-0.38853E+00   0.19351E-01  -0.20849E-01
-0.38330E+00   0.20361E-01  -0.21200E-01
-0.37786E+00   0.21435E-01  -0.21598E-01
-0.37221E+00   0.22566E-01  -0.22045E-01
-0.36634E+00   0.23752E-01  -0.22548E-01
-0.36024E+00   0.24989E-01  -0.23110E-01
-0.35389E+00   0.26265E-01  -0.23737E-01
-0.34730E+00   0.27570E-01  -0.24431E-01
-0.34043E+00   0.28893E-01  -0.25185E-01
-0.33329E+00   0.30227E-01  -0.25995E-01
-0.32585E+00   0.31563E-01  -0.26852E-01
-0.31811E+00   0.32893E-01  -0.27746E-01
-0.31004E+00   0.34204E-01  -0.28663E-01
-0.30163E+00   0.35491E-01  -0.29601E-01
-0.29287E+00   0.36744E-01  -0.30543E-01
-0.28375E+00   0.37964E-01  -0.31494E-01
-0.27425E+00   0.39158E-01  -0.32459E-01
-0.26436E+00   0.40331E-01  -0.33444E-01
-0.25407E+00   0.41486E-01  -0.34457E-01
-0.24335E+00   0.42618E-01  -0.35491E-01
-0.23220E+00   0.43717E-01  -0.36524E-01
-0.22058E+00   0.44780E-01  -0.37536E-01
-0.20849E+00   0.45797E-01  -0.38515E-01
-0.19590E+00   0.46759E-01  -0.39454E-01
-0.18279E+00   0.47676E-01  -0.40372E-01
-0.16915E+00   0.48558E-01  -0.41280E-01
-0.15496E+00   0.49410E-01  -0.42179E-01
-0.14020E+00   0.50230E-01  -0.43038E-01
-0.12483E+00   0.51040E-01  -0.43867E-01
-0.10885E+00   0.51831E-01  -0.44666E-01
-0.92217E-01   0.52562E-01  -0.45361E-01
-0.74907E-01   0.53206E-01  -0.45895E-01
-0.56896E-01   0.53757E-01  -0.46304E-01
-0.38160E-01   0.54183E-01  -0.46650E-01
-0.18668E-01   0.54440E-01  -0.46838E-01
 0.16050E-02   0.54559E-01  -0.46943E-01
-0.49764E+00   0.96045E-02  -0.15831E-01
-0.49669E+00   0.96489E-02  -0.15937E-01
-0.49571E+00   0.96944E-02  -0.16046E-01
-0.49469E+00   0.97405E-02  -0.16158E-01
-0.49362E+00   0.97864E-02  -0.16273E-01
-0.49252E+00   0.98319E-02  -0.16387E-01
-0.49137E+00   0.98772E-02  -0.16499E-01
-0.49017E+00   0.99226E-02  -0.16606E-01
-0.48892E+00   0.99686E-02  -0.16707E-01
-0.48762E+00   0.10016E-01  -0.16806E-01
-0.48627E+00   0.10064E-01  -0.16904E-01
-0.48487E+00   0.10114E-01  -0.17000E-01
-0.48340E+00   0.10165E-01  -0.17090E-01
-0.48188E+00   0.10216E-01  -0.17172E-01
-0.48030E+00   0.10267E-01  -0.17243E-01
-0.47865E+00   0.10317E-01  -0.17305E-01
-0.47694E+00   0.10368E-01  -0.17362E-01
-0.47516E+00   0.10420E-01  -0.17405E-01
-0.47330E+00   0.10468E-01  -0.17425E-01
-0.47138E+00   0.10515E-01  -0.17435E-01
-0.46937E+00   0.10566E-01  -0.17453E-01
-0.46729E+00   0.10624E-01  -0.17475E-01
-0.46512E+00   0.10689E-01  -0.17500E-01
-0.46286E+00   0.10762E-01  -0.17532E-01
-0.46052E+00   0.10844E-01  -0.17567E-01
-0.45808E+00   0.10935E-01  -0.17602E-01
-0.45554E+00   0.11038E-01  -0.17638E-01
-0.45291E+00   0.11152E-01  -0.17674E-01
-0.45017E+00   0.11284E-01  -0.17708E-01
-0.44732E+00   0.11439E-01  -0.17741E-01
-0.44435E+00   0.11618E-01  -0.17774E-01
-0.44127E+00   0.11823E-01  -0.17811E-01
-0.43807E+00   0.12065E-01  -0.17852E-01
-0.43474E+00   0.12348E-01  -0.17895E-01
-0.43129E+00   0.12679E-01  -0.17944E-01
-0.42769E+00   0.13066E-01  -0.18000E-01
-0.42397E+00   0.13516E-01  -0.18065E-01
-0.42009E+00   0.14038E-01  -0.18138E-01
-0.41608E+00   0.14633E-01  -0.18231E-01
-0.41190E+00   0.15298E-01  -0.18348E-01
-0.40757E+00   0.16036E-01  -0.18501E-01
-0.40308E+00   0.16839E-01  -0.18691E-01
-0.39841E+00   0.17707E-01  -0.18922E-01
-0.39356E+00   0.18635E-01  -0.19185E-01
-0.38853E+00   0.19629E-01  -0.19486E-01
-0.38330E+00   0.20687E-01  -0.19829E-01
-0.37786E+00   0.21807E-01  -0.20218E-01
-0.37222E+00   0.22983E-01  -0.20657E-01
-0.36635E+00   0.24214E-01  -0.21151E-01
-0.36025E+00   0.25491E-01  -0.21703E-01
-0.35391E+00   0.26811E-01  -0.22321E-01
-0.34732E+00   0.28158E-01  -0.23005E-01
-0.34046E+00   0.29528E-01  -0.23752E-01
-0.33332E+00   0.30912E-01  -0.24556E-01
-0.32588E+00   0.32302E-01  -0.25410E-01
-0.31814E+00   0.33689E-01  -0.26303E-01
-0.31008E+00   0.35062E-01  -0.27223E-01
-0.30168E+00   0.36411E-01  -0.28164E-01
-0.29293E+00   0.37731E-01  -0.29116E-01
-0.28381E+00   0.39016E-01  -0.30074E-01
-0.27431E+00   0.40274E-01  -0.31048E-01
-0.26442E+00   0.41508E-01  -0.32042E-01
-0.25413E+00   0.42722E-01  -0.33063E-01
-0.24341E+00   0.43920E-01  -0.34114E-01
-0.23226E+00   0.45092E-01  -0.35172E-01
-0.22064E+00   0.46226E-01  -0.36212E-01
-0.20855E+00   0.47313E-01  -0.37221E-01
-0.19596E+00   0.48347E-01  -0.38195E-01
-0.18285E+00   0.49329E-01  -0.39143E-01
-0.16921E+00   0.50277E-01  -0.40088E-01
-0.15502E+00   0.51198E-01  -0.41030E-01
-0.14025E+00   0.52101E-01  -0.41961E-01
-0.12488E+00   0.52986E-01  -0.42855E-01
-0.10890E+00   0.53852E-01  -0.43729E-01
-0.92263E-01   0.54680E-01  -0.44564E-01
-0.74949E-01   0.55408E-01  -0.45244E-01
-0.56931E-01   0.56021E-01  -0.45764E-01
-0.38185E-01   0.56492E-01  -0.46189E-01
-0.18681E-01   0.56789E-01  -0.46478E-01
 0.16050E-02   0.56937E-01  -0.46694E-01
-0.49764E+00   0.91955E-02  -0.14709E-01
-0.49669E+00   0.92486E-02  -0.14812E-01
-0.49571E+00   0.93033E-02  -0.14918E-01
-0.49469E+00   0.93591E-02  -0.15027E-01
-0.49362E+00   0.94152E-02  -0.15138E-01
-0.49251E+00   0.94709E-02  -0.15249E-01
-0.49136E+00   0.95254E-02  -0.15358E-01
-0.49016E+00   0.95779E-02  -0.15462E-01
-0.48891E+00   0.96285E-02  -0.15561E-01
-0.48761E+00   0.96786E-02  -0.15658E-01
-0.48626E+00   0.97291E-02  -0.15755E-01
-0.48486E+00   0.97807E-02  -0.15849E-01
-0.48339E+00   0.98335E-02  -0.15938E-01
-0.48187E+00   0.98864E-02  -0.16018E-01
-0.48029E+00   0.99371E-02  -0.16088E-01
-0.47864E+00   0.99862E-02  -0.16149E-01
-0.47693E+00   0.10036E-01  -0.16203E-01
-0.47514E+00   0.10085E-01  -0.16245E-01
-0.47329E+00   0.10130E-01  -0.16265E-01
-0.47136E+00   0.10175E-01  -0.16274E-01
-0.46935E+00   0.10226E-01  -0.16291E-01
-0.46726E+00   0.10283E-01  -0.16311E-01
-0.46509E+00   0.10348E-01  -0.16335E-01
-0.46284E+00   0.10423E-01  -0.16365E-01
-0.46049E+00   0.10509E-01  -0.16398E-01
-0.45805E+00   0.10607E-01  -0.16429E-01
-0.45552E+00   0.10718E-01  -0.16460E-01
-0.45288E+00   0.10843E-01  -0.16491E-01
-0.45013E+00   0.10988E-01  -0.16519E-01
-0.44728E+00   0.11154E-01  -0.16544E-01
-0.44432E+00   0.11347E-01  -0.16569E-01
-0.44124E+00   0.11573E-01  -0.16597E-01
-0.43803E+00   0.11835E-01  -0.16628E-01
-0.43471E+00   0.12138E-01  -0.16660E-01
-0.43125E+00   0.12497E-01  -0.16697E-01
-0.42766E+00   0.12913E-01  -0.16741E-01
-0.42393E+00   0.13397E-01  -0.16793E-01
-0.42006E+00   0.13952E-01  -0.16854E-01
-0.41605E+00   0.14590E-01  -0.16933E-01
-0.41188E+00   0.15302E-01  -0.17038E-01
-0.40755E+00   0.16090E-01  -0.17180E-01
-0.40307E+00   0.16948E-01  -0.17360E-01
-0.39840E+00   0.17869E-01  -0.17581E-01
-0.39356E+00   0.18851E-01  -0.17835E-01
-0.38853E+00   0.19895E-01  -0.18128E-01
-0.38331E+00   0.21004E-01  -0.18463E-01
-0.37788E+00   0.22167E-01  -0.18842E-01
-0.37224E+00   0.23389E-01  -0.19272E-01
-0.36638E+00   0.24664E-01  -0.19757E-01
-0.36028E+00   0.25984E-01  -0.20299E-01
-0.35395E+00   0.27346E-01  -0.20906E-01
-0.34735E+00   0.28735E-01  -0.21580E-01
-0.34050E+00   0.30150E-01  -0.22318E-01
-0.33336E+00   0.31580E-01  -0.23114E-01
-0.32593E+00   0.33020E-01  -0.23962E-01
-0.31819E+00   0.34459E-01  -0.24851E-01
-0.31013E+00   0.35891E-01  -0.25770E-01
-0.30173E+00   0.37303E-01  -0.26714E-01
-0.29298E+00   0.38683E-01  -0.27667E-01
-0.28387E+00   0.40032E-01  -0.28631E-01
-0.27437E+00   0.41351E-01  -0.29610E-01
-0.26449E+00   0.42645E-01  -0.30608E-01
-0.25419E+00   0.43919E-01  -0.31635E-01
-0.24348E+00   0.45177E-01  -0.32693E-01
-0.23233E+00   0.46419E-01  -0.33770E-01
-0.22071E+00   0.47622E-01  -0.34831E-01
-0.20862E+00   0.48778E-01  -0.35863E-01
-0.19602E+00   0.49877E-01  -0.36858E-01
-0.18291E+00   0.50920E-01  -0.37826E-01
-0.16927E+00   0.51926E-01  -0.38788E-01
-0.15507E+00   0.52913E-01  -0.39762E-01
-0.14030E+00   0.53892E-01  -0.40738E-01
-0.12493E+00   0.54859E-01  -0.41692E-01
-0.10894E+00   0.55798E-01  -0.42616E-01
-0.92305E-01   0.56709E-01  -0.43530E-01
-0.74990E-01   0.57543E-01  -0.44358E-01
-0.56967E-01   0.58240E-01  -0.45002E-01
-0.38210E-01   0.58763E-01  -0.45492E-01
-0.18695E-01   0.59103E-01  -0.45852E-01
 0.16050E-02   0.59283E-01  -0.46119E-01
-0.49764E+00   0.87096E-02  -0.13631E-01
-0.49669E+00   0.87722E-02  -0.13730E-01
-0.49571E+00   0.88364E-02  -0.13832E-01
-0.49468E+00   0.89012E-02  -0.13937E-01
-0.49362E+00   0.89654E-02  -0.14045E-01
-0.49251E+00   0.90281E-02  -0.14153E-01
-0.49136E+00   0.90893E-02  -0.14259E-01
-0.49016E+00   0.91489E-02  -0.14359E-01
-0.48891E+00   0.92067E-02  -0.14455E-01
-0.48761E+00   0.92631E-02  -0.14548E-01
-0.48626E+00   0.93182E-02  -0.14642E-01
-0.48485E+00   0.93732E-02  -0.14735E-01
-0.48338E+00   0.94287E-02  -0.14821E-01
-0.48186E+00   0.94836E-02  -0.14899E-01
-0.48028E+00   0.95356E-02  -0.14967E-01
-0.47863E+00   0.95850E-02  -0.15026E-01
-0.47691E+00   0.96339E-02  -0.15079E-01
-0.47513E+00   0.96807E-02  -0.15119E-01
-0.47327E+00   0.97220E-02  -0.15138E-01
-0.47134E+00   0.97637E-02  -0.15148E-01
-0.46933E+00   0.98132E-02  -0.15164E-01
-0.46724E+00   0.98709E-02  -0.15182E-01
-0.46507E+00   0.99374E-02  -0.15204E-01
-0.46281E+00   0.10015E-01  -0.15232E-01
-0.46047E+00   0.10106E-01  -0.15261E-01
-0.45803E+00   0.10211E-01  -0.15288E-01
-0.45549E+00   0.10330E-01  -0.15314E-01
-0.45285E+00   0.10468E-01  -0.15337E-01
-0.45010E+00   0.10625E-01  -0.15358E-01
-0.44725E+00   0.10810E-01  -0.15373E-01
-0.44428E+00   0.11020E-01  -0.15388E-01
-0.44120E+00   0.11265E-01  -0.15405E-01
-0.43800E+00   0.11555E-01  -0.15423E-01
-0.43467E+00   0.11889E-01  -0.15442E-01
-0.43122E+00   0.12279E-01  -0.15465E-01
-0.42763E+00   0.12730E-01  -0.15495E-01
-0.42390E+00   0.13256E-01  -0.15531E-01
-0.42004E+00   0.13855E-01  -0.15578E-01
-0.41603E+00   0.14537E-01  -0.15644E-01
-0.41186E+00   0.15297E-01  -0.15735E-01
-0.40755E+00   0.16137E-01  -0.15865E-01
-0.40306E+00   0.17045E-01  -0.16034E-01
-0.39841E+00   0.18021E-01  -0.16246E-01
-0.39357E+00   0.19055E-01  -0.16491E-01
-0.38855E+00   0.20152E-01  -0.16775E-01
-0.38333E+00   0.21310E-01  -0.17101E-01
-0.37791E+00   0.22521E-01  -0.17472E-01
-0.37227E+00   0.23786E-01  -0.17892E-01
-0.36642E+00   0.25105E-01  -0.18366E-01
-0.36033E+00   0.26469E-01  -0.18898E-01
-0.35399E+00   0.27871E-01  -0.19494E-01
-0.34740E+00   0.29302E-01  -0.20158E-01
-0.34055E+00   0.30757E-01  -0.20884E-01
-0.33341E+00   0.32235E-01  -0.21672E-01
-0.32599E+00   0.33718E-01  -0.22510E-01
-0.31825E+00   0.35209E-01  -0.23392E-01
-0.31020E+00   0.36697E-01  -0.24308E-01
-0.30180E+00   0.38164E-01  -0.25249E-01
-0.29306E+00   0.39607E-01  -0.26203E-01
-0.28394E+00   0.41015E-01  -0.27167E-01
-0.27445E+00   0.42393E-01  -0.28147E-01
-0.26456E+00   0.43746E-01  -0.29146E-01
-0.25427E+00   0.45078E-01  -0.30175E-01
-0.24355E+00   0.46397E-01  -0.31239E-01
-0.23240E+00   0.47698E-01  -0.32322E-01
-0.22079E+00   0.48970E-01  -0.33399E-01
-0.20869E+00   0.50195E-01  -0.34448E-01
-0.19610E+00   0.51353E-01  -0.35454E-01
-0.18298E+00   0.52454E-01  -0.36432E-01
-0.16933E+00   0.53509E-01  -0.37396E-01
-0.15513E+00   0.54551E-01  -0.38380E-01
-0.14036E+00   0.55600E-01  -0.39384E-01
-0.12498E+00   0.56645E-01  -0.40379E-01
-0.10899E+00   0.57663E-01  -0.41349E-01
-0.92347E-01   0.58646E-01  -0.42304E-01
-0.75029E-01   0.59577E-01  -0.43223E-01
-0.57002E-01   0.60374E-01  -0.43985E-01
-0.38236E-01   0.60962E-01  -0.44543E-01
-0.18709E-01   0.61345E-01  -0.44940E-01
 0.16050E-02   0.61547E-01  -0.45212E-01
-0.49764E+00   0.81372E-02  -0.12610E-01
-0.49669E+00   0.82083E-02  -0.12704E-01
-0.49571E+00   0.82814E-02  -0.12802E-01
-0.49468E+00   0.83556E-02  -0.12902E-01
-0.49362E+00   0.84299E-02  -0.13004E-01
-0.49251E+00   0.85028E-02  -0.13107E-01
-0.49135E+00   0.85731E-02  -0.13208E-01
-0.49015E+00   0.86396E-02  -0.13304E-01
-0.48890E+00   0.87023E-02  -0.13396E-01
-0.48760E+00   0.87638E-02  -0.13486E-01
-0.48625E+00   0.88256E-02  -0.13576E-01
-0.48484E+00   0.88872E-02  -0.13664E-01
-0.48338E+00   0.89476E-02  -0.13747E-01
-0.48185E+00   0.90057E-02  -0.13823E-01
-0.48026E+00   0.90605E-02  -0.13888E-01
-0.47861E+00   0.91130E-02  -0.13943E-01
-0.47690E+00   0.91647E-02  -0.13992E-01
-0.47511E+00   0.92133E-02  -0.14030E-01
-0.47325E+00   0.92546E-02  -0.14047E-01
-0.47132E+00   0.92953E-02  -0.14055E-01
-0.46931E+00   0.93442E-02  -0.14070E-01
-0.46722E+00   0.94018E-02  -0.14087E-01
-0.46505E+00   0.94702E-02  -0.14106E-01
-0.46279E+00   0.95524E-02  -0.14131E-01
-0.46044E+00   0.96468E-02  -0.14156E-01
-0.45800E+00   0.97567E-02  -0.14179E-01
-0.45546E+00   0.98864E-02  -0.14198E-01
-0.45282E+00   0.10036E-01  -0.14214E-01
-0.45007E+00   0.10211E-01  -0.14224E-01
-0.44722E+00   0.10413E-01  -0.14228E-01
-0.44425E+00   0.10649E-01  -0.14230E-01
-0.44117E+00   0.10925E-01  -0.14232E-01
-0.43797E+00   0.11245E-01  -0.14235E-01
-0.43464E+00   0.11616E-01  -0.14238E-01
-0.43119E+00   0.12046E-01  -0.14244E-01
-0.42760E+00   0.12540E-01  -0.14258E-01
-0.42388E+00   0.13111E-01  -0.14279E-01
-0.42002E+00   0.13759E-01  -0.14310E-01
-0.41602E+00   0.14486E-01  -0.14362E-01
-0.41186E+00   0.15295E-01  -0.14441E-01
-0.40755E+00   0.16182E-01  -0.14559E-01
-0.40307E+00   0.17144E-01  -0.14716E-01
-0.39843E+00   0.18169E-01  -0.14918E-01
-0.39360E+00   0.19257E-01  -0.15153E-01
-0.38858E+00   0.20403E-01  -0.15428E-01
-0.38337E+00   0.21608E-01  -0.15745E-01
-0.37796E+00   0.22868E-01  -0.16106E-01
-0.37233E+00   0.24181E-01  -0.16517E-01
-0.36647E+00   0.25542E-01  -0.16980E-01
-0.36039E+00   0.26948E-01  -0.17502E-01
-0.35406E+00   0.28391E-01  -0.18087E-01
-0.34747E+00   0.29861E-01  -0.18737E-01
-0.34062E+00   0.31357E-01  -0.19451E-01
-0.33348E+00   0.32875E-01  -0.20227E-01
-0.32606E+00   0.34403E-01  -0.21055E-01
-0.31833E+00   0.35942E-01  -0.21929E-01
-0.31027E+00   0.37481E-01  -0.22838E-01
-0.30188E+00   0.39005E-01  -0.23775E-01
-0.29314E+00   0.40504E-01  -0.24725E-01
-0.28403E+00   0.41972E-01  -0.25688E-01
-0.27454E+00   0.43408E-01  -0.26666E-01
-0.26465E+00   0.44816E-01  -0.27662E-01
-0.25436E+00   0.46202E-01  -0.28687E-01
-0.24364E+00   0.47574E-01  -0.29748E-01
-0.23249E+00   0.48935E-01  -0.30834E-01
-0.22088E+00   0.50267E-01  -0.31916E-01
-0.20878E+00   0.51556E-01  -0.32974E-01
-0.19618E+00   0.52775E-01  -0.33988E-01
-0.18306E+00   0.53924E-01  -0.34962E-01
-0.16940E+00   0.55028E-01  -0.35924E-01
-0.15520E+00   0.56115E-01  -0.36901E-01
-0.14042E+00   0.57218E-01  -0.37909E-01
-0.12504E+00   0.58333E-01  -0.38924E-01
-0.10904E+00   0.59426E-01  -0.39922E-01
-0.92393E-01   0.60480E-01  -0.40902E-01
-0.75069E-01   0.61479E-01  -0.41850E-01
-0.57037E-01   0.62372E-01  -0.42688E-01
-0.38262E-01   0.63039E-01  -0.43311E-01
-0.18723E-01   0.63457E-01  -0.43715E-01
 0.16050E-02   0.63668E-01  -0.43960E-01
-0.49764E+00   0.74765E-02  -0.11659E-01
-0.49669E+00   0.75618E-02  -0.11743E-01
-0.49571E+00   0.76491E-02  -0.11831E-01
-0.49468E+00   0.77364E-02  -0.11922E-01
-0.49362E+00   0.78216E-02  -0.12017E-01
-0.49251E+00   0.79031E-02  -0.12115E-01
-0.49135E+00   0.79804E-02  -0.12211E-01
-0.49015E+00   0.80530E-02  -0.12303E-01
-0.48890E+00   0.81215E-02  -0.12391E-01
-0.48760E+00   0.81882E-02  -0.12477E-01
-0.48624E+00   0.82547E-02  -0.12563E-01
-0.48483E+00   0.83207E-02  -0.12647E-01
-0.48337E+00   0.83853E-02  -0.12727E-01
-0.48184E+00   0.84468E-02  -0.12799E-01
-0.48025E+00   0.85030E-02  -0.12861E-01
-0.47860E+00   0.85556E-02  -0.12914E-01
-0.47688E+00   0.86087E-02  -0.12961E-01
-0.47510E+00   0.86590E-02  -0.12994E-01
-0.47324E+00   0.87006E-02  -0.13009E-01
-0.47131E+00   0.87424E-02  -0.13016E-01
-0.46929E+00   0.87957E-02  -0.13026E-01
-0.46720E+00   0.88605E-02  -0.13038E-01
-0.46503E+00   0.89375E-02  -0.13050E-01
-0.46277E+00   0.90294E-02  -0.13068E-01
-0.46042E+00   0.91380E-02  -0.13085E-01
-0.45798E+00   0.92632E-02  -0.13098E-01
-0.45544E+00   0.94069E-02  -0.13108E-01
-0.45279E+00   0.95754E-02  -0.13113E-01
-0.45005E+00   0.97716E-02  -0.13110E-01
-0.44719E+00   0.99985E-02  -0.13101E-01
-0.44423E+00   0.10263E-01  -0.13088E-01
-0.44115E+00   0.10572E-01  -0.13073E-01
-0.43795E+00   0.10931E-01  -0.13058E-01
-0.43463E+00   0.11344E-01  -0.13043E-01
-0.43118E+00   0.11819E-01  -0.13032E-01
-0.42759E+00   0.12361E-01  -0.13029E-01
-0.42388E+00   0.12979E-01  -0.13034E-01
-0.42002E+00   0.13673E-01  -0.13051E-01
-0.41602E+00   0.14449E-01  -0.13090E-01
-0.41187E+00   0.15306E-01  -0.13156E-01
-0.40757E+00   0.16242E-01  -0.13262E-01
-0.40310E+00   0.17250E-01  -0.13409E-01
-0.39846E+00   0.18325E-01  -0.13600E-01
-0.39364E+00   0.19463E-01  -0.13827E-01
-0.38863E+00   0.20656E-01  -0.14092E-01
-0.38343E+00   0.21909E-01  -0.14400E-01
-0.37802E+00   0.23216E-01  -0.14751E-01
-0.37240E+00   0.24574E-01  -0.15153E-01
-0.36655E+00   0.25978E-01  -0.15606E-01
-0.36047E+00   0.27424E-01  -0.16115E-01
-0.35414E+00   0.28907E-01  -0.16688E-01
-0.34756E+00   0.30416E-01  -0.17326E-01
-0.34070E+00   0.31949E-01  -0.18027E-01
-0.33357E+00   0.33501E-01  -0.18788E-01
-0.32615E+00   0.35074E-01  -0.19605E-01
-0.31842E+00   0.36657E-01  -0.20468E-01
-0.31037E+00   0.38242E-01  -0.21367E-01
-0.30199E+00   0.39821E-01  -0.22298E-01
-0.29325E+00   0.41374E-01  -0.23243E-01
-0.28414E+00   0.42900E-01  -0.24202E-01
-0.27465E+00   0.44391E-01  -0.25174E-01
-0.26476E+00   0.45852E-01  -0.26165E-01
-0.25447E+00   0.47290E-01  -0.27184E-01
-0.24375E+00   0.48710E-01  -0.28237E-01
-0.23259E+00   0.50122E-01  -0.29316E-01
-0.22098E+00   0.51509E-01  -0.30396E-01
-0.20888E+00   0.52854E-01  -0.31455E-01
-0.19628E+00   0.54129E-01  -0.32469E-01
-0.18315E+00   0.55325E-01  -0.33436E-01
-0.16949E+00   0.56469E-01  -0.34384E-01
-0.15528E+00   0.57591E-01  -0.35344E-01
-0.14049E+00   0.58732E-01  -0.36334E-01
-0.12510E+00   0.59897E-01  -0.37343E-01
-0.10910E+00   0.61053E-01  -0.38347E-01
-0.92445E-01   0.62162E-01  -0.39327E-01
-0.75112E-01   0.63211E-01  -0.40272E-01
-0.57071E-01   0.64157E-01  -0.41114E-01
-0.38288E-01   0.64885E-01  -0.41758E-01
-0.18736E-01   0.65337E-01  -0.42160E-01
 0.16050E-02   0.65551E-01  -0.42373E-01
-0.49764E+00   0.66996E-02  -0.10814E-01
-0.49669E+00   0.67938E-02  -0.10891E-01
-0.49571E+00   0.68906E-02  -0.10970E-01
-0.49468E+00   0.69889E-02  -0.11052E-01
-0.49361E+00   0.70873E-02  -0.11136E-01
-0.49250E+00   0.71836E-02  -0.11221E-01
-0.49135E+00   0.72761E-02  -0.11304E-01
-0.49015E+00   0.73627E-02  -0.11385E-01
-0.48889E+00   0.74428E-02  -0.11463E-01
-0.48759E+00   0.75187E-02  -0.11541E-01
-0.48624E+00   0.75917E-02  -0.11621E-01
-0.48483E+00   0.76625E-02  -0.11701E-01
-0.48336E+00   0.77311E-02  -0.11776E-01
-0.48183E+00   0.77958E-02  -0.11844E-01
-0.48024E+00   0.78546E-02  -0.11903E-01
-0.47859E+00   0.79094E-02  -0.11953E-01
-0.47687E+00   0.79647E-02  -0.11995E-01
-0.47509E+00   0.80182E-02  -0.12024E-01
-0.47323E+00   0.80645E-02  -0.12034E-01
-0.47129E+00   0.81130E-02  -0.12034E-01
-0.46928E+00   0.81752E-02  -0.12037E-01
-0.46719E+00   0.82514E-02  -0.12040E-01
-0.46501E+00   0.83435E-02  -0.12042E-01
-0.46275E+00   0.84544E-02  -0.12047E-01
-0.46040E+00   0.85811E-02  -0.12052E-01
-0.45796E+00   0.87275E-02  -0.12051E-01
-0.45542E+00   0.88997E-02  -0.12044E-01
-0.45278E+00   0.90980E-02  -0.12032E-01
-0.45003E+00   0.93239E-02  -0.12013E-01
-0.44718E+00   0.95834E-02  -0.11986E-01
-0.44422E+00   0.98851E-02  -0.11955E-01
-0.44114E+00   0.10234E-01  -0.11922E-01
-0.43794E+00   0.10637E-01  -0.11889E-01
-0.43462E+00   0.11094E-01  -0.11856E-01
-0.43118E+00   0.11614E-01  -0.11829E-01
-0.42760E+00   0.12204E-01  -0.11809E-01
-0.42389E+00   0.12871E-01  -0.11800E-01
-0.42004E+00   0.13612E-01  -0.11803E-01
-0.41605E+00   0.14435E-01  -0.11830E-01
-0.41191E+00   0.15338E-01  -0.11884E-01
-0.40761E+00   0.16314E-01  -0.11979E-01
-0.40314E+00   0.17365E-01  -0.12116E-01
-0.39851E+00   0.18481E-01  -0.12297E-01
-0.39370E+00   0.19667E-01  -0.12513E-01
-0.38870E+00   0.20908E-01  -0.12770E-01
-0.38350E+00   0.22208E-01  -0.13068E-01
-0.37810E+00   0.23562E-01  -0.13411E-01
-0.37248E+00   0.24961E-01  -0.13803E-01
-0.36664E+00   0.26410E-01  -0.14246E-01
-0.36057E+00   0.27898E-01  -0.14744E-01
-0.35424E+00   0.29420E-01  -0.15305E-01
-0.34766E+00   0.30968E-01  -0.15931E-01
-0.34081E+00   0.32537E-01  -0.16618E-01
-0.33369E+00   0.34125E-01  -0.17365E-01
-0.32626E+00   0.35731E-01  -0.18166E-01
-0.31854E+00   0.37353E-01  -0.19015E-01
-0.31049E+00   0.38981E-01  -0.19903E-01
-0.30210E+00   0.40609E-01  -0.20826E-01
-0.29337E+00   0.42216E-01  -0.21764E-01
-0.28426E+00   0.43796E-01  -0.22717E-01
-0.27477E+00   0.45340E-01  -0.23683E-01
-0.26489E+00   0.46853E-01  -0.24667E-01
-0.25459E+00   0.48336E-01  -0.25674E-01
-0.24388E+00   0.49802E-01  -0.26716E-01
-0.23272E+00   0.51253E-01  -0.27782E-01
-0.22110E+00   0.52688E-01  -0.28853E-01
-0.20900E+00   0.54082E-01  -0.29904E-01
-0.19640E+00   0.55410E-01  -0.30914E-01
-0.18327E+00   0.56647E-01  -0.31868E-01
-0.16960E+00   0.57827E-01  -0.32798E-01
-0.15537E+00   0.58974E-01  -0.33731E-01
-0.14057E+00   0.60143E-01  -0.34694E-01
-0.12518E+00   0.61335E-01  -0.35676E-01
-0.10917E+00   0.62524E-01  -0.36655E-01
-0.92504E-01   0.63661E-01  -0.37608E-01
-0.75160E-01   0.64723E-01  -0.38512E-01
-0.57107E-01   0.65681E-01  -0.39317E-01
-0.38312E-01   0.66428E-01  -0.39933E-01
-0.18749E-01   0.66898E-01  -0.40316E-01
 0.16050E-02   0.67125E-01  -0.40510E-01
-0.49764E+00   0.58998E-02  -0.10007E-01
-0.49669E+00   0.59997E-02  -0.10078E-01
-0.49571E+00   0.61027E-02  -0.10151E-01
-0.49468E+00   0.62076E-02  -0.10226E-01
-0.49361E+00   0.63131E-02  -0.10304E-01
-0.49250E+00   0.64171E-02  -0.10381E-01
-0.49135E+00   0.65175E-02  -0.10457E-01
-0.49014E+00   0.66120E-02  -0.10530E-01
-0.48889E+00   0.67001E-02  -0.10600E-01
-0.48759E+00   0.67844E-02  -0.10669E-01
-0.48623E+00   0.68664E-02  -0.10741E-01
-0.48482E+00   0.69452E-02  -0.10813E-01
-0.48335E+00   0.70192E-02  -0.10882E-01
-0.48183E+00   0.70873E-02  -0.10946E-01
-0.48024E+00   0.71491E-02  -0.11001E-01
-0.47858E+00   0.72067E-02  -0.11046E-01
-0.47686E+00   0.72645E-02  -0.11084E-01
-0.47507E+00   0.73212E-02  -0.11108E-01
-0.47321E+00   0.73742E-02  -0.11110E-01
-0.47128E+00   0.74324E-02  -0.11101E-01
-0.46927E+00   0.75071E-02  -0.11094E-01
-0.46717E+00   0.75997E-02  -0.11083E-01
-0.46500E+00   0.77123E-02  -0.11069E-01
-0.46274E+00   0.78473E-02  -0.11058E-01
-0.46039E+00   0.80030E-02  -0.11043E-01
-0.45794E+00   0.81810E-02  -0.11023E-01
-0.45540E+00   0.83862E-02  -0.10996E-01
-0.45277E+00   0.86231E-02  -0.10963E-01
-0.45002E+00   0.88912E-02  -0.10922E-01
-0.44717E+00   0.91927E-02  -0.10875E-01
-0.44421E+00   0.95352E-02  -0.10825E-01
-0.44114E+00   0.99298E-02  -0.10773E-01
-0.43795E+00   0.10379E-01  -0.10722E-01
-0.43463E+00   0.10882E-01  -0.10673E-01
-0.43119E+00   0.11450E-01  -0.10631E-01
-0.42762E+00   0.12087E-01  -0.10598E-01
-0.42392E+00   0.12797E-01  -0.10575E-01
-0.42008E+00   0.13583E-01  -0.10567E-01
-0.41609E+00   0.14448E-01  -0.10582E-01
-0.41195E+00   0.15391E-01  -0.10626E-01
-0.40766E+00   0.16410E-01  -0.10711E-01
-0.40321E+00   0.17496E-01  -0.10837E-01
-0.39858E+00   0.18648E-01  -0.11008E-01
-0.39377E+00   0.19869E-01  -0.11214E-01
-0.38878E+00   0.21157E-01  -0.11461E-01
-0.38359E+00   0.22505E-01  -0.11751E-01
-0.37820E+00   0.23908E-01  -0.12086E-01
-0.37259E+00   0.25355E-01  -0.12469E-01
-0.36676E+00   0.26847E-01  -0.12903E-01
-0.36068E+00   0.28374E-01  -0.13391E-01
-0.35437E+00   0.29936E-01  -0.13940E-01
-0.34779E+00   0.31522E-01  -0.14554E-01
-0.34095E+00   0.33126E-01  -0.15228E-01
-0.33382E+00   0.34746E-01  -0.15959E-01
-0.32640E+00   0.36385E-01  -0.16744E-01
-0.31867E+00   0.38039E-01  -0.17577E-01
-0.31062E+00   0.39703E-01  -0.18450E-01
-0.30224E+00   0.41372E-01  -0.19359E-01
-0.29351E+00   0.43027E-01  -0.20288E-01
-0.28441E+00   0.44660E-01  -0.21234E-01
-0.27492E+00   0.46256E-01  -0.22192E-01
-0.26504E+00   0.47820E-01  -0.23168E-01
-0.25474E+00   0.49346E-01  -0.24163E-01
-0.24402E+00   0.50848E-01  -0.25187E-01
-0.23286E+00   0.52336E-01  -0.26235E-01
-0.22124E+00   0.53807E-01  -0.27289E-01
-0.20913E+00   0.55242E-01  -0.28326E-01
-0.19652E+00   0.56607E-01  -0.29318E-01
-0.18339E+00   0.57884E-01  -0.30257E-01
-0.16971E+00   0.59091E-01  -0.31163E-01
-0.15548E+00   0.60262E-01  -0.32067E-01
-0.14067E+00   0.61442E-01  -0.32992E-01
-0.12527E+00   0.62644E-01  -0.33932E-01
-0.10925E+00   0.63837E-01  -0.34865E-01
-0.92569E-01   0.64973E-01  -0.35768E-01
-0.75210E-01   0.66014E-01  -0.36612E-01
-0.57143E-01   0.66938E-01  -0.37351E-01
-0.38335E-01   0.67661E-01  -0.37914E-01
-0.18760E-01   0.68130E-01  -0.38266E-01
 0.16050E-02   0.68367E-01  -0.38439E-01
-0.49764E+00   0.50919E-02  -0.92233E-02
-0.49669E+00   0.52014E-02  -0.92847E-02
-0.49570E+00   0.53135E-02  -0.93490E-02
-0.49468E+00   0.54263E-02  -0.94165E-02
-0.49361E+00   0.55375E-02  -0.94879E-02
-0.49250E+00   0.56448E-02  -0.95619E-02
-0.49134E+00   0.57470E-02  -0.96357E-02
-0.49014E+00   0.58431E-02  -0.97061E-02
-0.48889E+00   0.59332E-02  -0.97728E-02
-0.48758E+00   0.60206E-02  -0.98385E-02
-0.48623E+00   0.61068E-02  -0.99048E-02
-0.48481E+00   0.61909E-02  -0.99706E-02
-0.48335E+00   0.62707E-02  -0.10034E-01
-0.48182E+00   0.63445E-02  -0.10091E-01
-0.48023E+00   0.64112E-02  -0.10139E-01
-0.47857E+00   0.64739E-02  -0.10178E-01
-0.47685E+00   0.65383E-02  -0.10207E-01
-0.47506E+00   0.66031E-02  -0.10222E-01
-0.47320E+00   0.66647E-02  -0.10215E-01
-0.47127E+00   0.67355E-02  -0.10195E-01
-0.46925E+00   0.68288E-02  -0.10172E-01
-0.46716E+00   0.69434E-02  -0.10143E-01
-0.46499E+00   0.70806E-02  -0.10111E-01
-0.46273E+00   0.72445E-02  -0.10079E-01
-0.46038E+00   0.74351E-02  -0.10041E-01
-0.45794E+00   0.76544E-02  -0.99963E-02
-0.45540E+00   0.79052E-02  -0.99451E-02
-0.45277E+00   0.81886E-02  -0.98882E-02
-0.45003E+00   0.85023E-02  -0.98264E-02
-0.44718E+00   0.88558E-02  -0.97584E-02
-0.44423E+00   0.92520E-02  -0.96884E-02
-0.44116E+00   0.96956E-02  -0.96202E-02
-0.43797E+00   0.10192E-01  -0.95548E-02
-0.43466E+00   0.10741E-01  -0.94927E-02
-0.43123E+00   0.11350E-01  -0.94382E-02
-0.42767E+00   0.12025E-01  -0.93941E-02
-0.42397E+00   0.12771E-01  -0.93613E-02
-0.42013E+00   0.13596E-01  -0.93429E-02
-0.41615E+00   0.14494E-01  -0.93487E-02
-0.41202E+00   0.15473E-01  -0.93825E-02
-0.40773E+00   0.16529E-01  -0.94582E-02
-0.40328E+00   0.17650E-01  -0.95745E-02
-0.39866E+00   0.18840E-01  -0.97360E-02
-0.39386E+00   0.20098E-01  -0.99325E-02
-0.38888E+00   0.21425E-01  -0.10171E-01
-0.38370E+00   0.22814E-01  -0.10451E-01
-0.37831E+00   0.24260E-01  -0.10778E-01
-0.37271E+00   0.25756E-01  -0.11154E-01
-0.36689E+00   0.27293E-01  -0.11580E-01
-0.36082E+00   0.28865E-01  -0.12059E-01
-0.35451E+00   0.30462E-01  -0.12596E-01
-0.34794E+00   0.32083E-01  -0.13198E-01
-0.34109E+00   0.33722E-01  -0.13857E-01
-0.33397E+00   0.35374E-01  -0.14575E-01
-0.32655E+00   0.37041E-01  -0.15342E-01
-0.31882E+00   0.38722E-01  -0.16156E-01
-0.31077E+00   0.40415E-01  -0.17011E-01
-0.30239E+00   0.42115E-01  -0.17902E-01
-0.29366E+00   0.43810E-01  -0.18816E-01
-0.28456E+00   0.45488E-01  -0.19750E-01
-0.27508E+00   0.47137E-01  -0.20702E-01
-0.26520E+00   0.48749E-01  -0.21667E-01
-0.25490E+00   0.50319E-01  -0.22649E-01
-0.24418E+00   0.51856E-01  -0.23654E-01
-0.23301E+00   0.53374E-01  -0.24680E-01
-0.22138E+00   0.54868E-01  -0.25708E-01
-0.20927E+00   0.56330E-01  -0.26720E-01
-0.19666E+00   0.57726E-01  -0.27691E-01
-0.18352E+00   0.59035E-01  -0.28608E-01
-0.16984E+00   0.60265E-01  -0.29487E-01
-0.15560E+00   0.61451E-01  -0.30357E-01
-0.14078E+00   0.62628E-01  -0.31234E-01
-0.12537E+00   0.63823E-01  -0.32123E-01
-0.10933E+00   0.65001E-01  -0.33001E-01
-0.92636E-01   0.66101E-01  -0.33837E-01
-0.75262E-01   0.67090E-01  -0.34607E-01
-0.57179E-01   0.67940E-01  -0.35268E-01
-0.38357E-01   0.68603E-01  -0.35769E-01
-0.18771E-01   0.69035E-01  -0.36076E-01
 0.16050E-02   0.69265E-01  -0.36222E-01
-0.49764E+00   0.42423E-02  -0.85035E-02
-0.49669E+00   0.43630E-02  -0.85522E-02
-0.49571E+00   0.44860E-02  -0.86039E-02
-0.49468E+00   0.46087E-02  -0.86602E-02
-0.49361E+00   0.47280E-02  -0.87225E-02
-0.49250E+00   0.48412E-02  -0.87899E-02
-0.49134E+00   0.49479E-02  -0.88585E-02
-0.49014E+00   0.50476E-02  -0.89241E-02
-0.48888E+00   0.51408E-02  -0.89862E-02
-0.48758E+00   0.52305E-02  -0.90481E-02
-0.48622E+00   0.53184E-02  -0.91115E-02
-0.48481E+00   0.54045E-02  -0.91740E-02
-0.48334E+00   0.54879E-02  -0.92318E-02
-0.48181E+00   0.55670E-02  -0.92821E-02
-0.48022E+00   0.56398E-02  -0.93226E-02
-0.47857E+00   0.57096E-02  -0.93525E-02
-0.47685E+00   0.57822E-02  -0.93715E-02
-0.47506E+00   0.58568E-02  -0.93744E-02
-0.47319E+00   0.59307E-02  -0.93548E-02
-0.47126E+00   0.60173E-02  -0.93199E-02
-0.46925E+00   0.61308E-02  -0.92787E-02
-0.46715E+00   0.62689E-02  -0.92302E-02
-0.46498E+00   0.64346E-02  -0.91756E-02
-0.46272E+00   0.66349E-02  -0.91176E-02
-0.46038E+00   0.68684E-02  -0.90520E-02
-0.45794E+00   0.71384E-02  -0.89773E-02
-0.45541E+00   0.74467E-02  -0.88962E-02
-0.45278E+00   0.77886E-02  -0.88126E-02
-0.45005E+00   0.81705E-02  -0.87247E-02
-0.44722E+00   0.85859E-02  -0.86356E-02
-0.44427E+00   0.90365E-02  -0.85494E-02
-0.44120E+00   0.95317E-02  -0.84675E-02
-0.43802E+00   0.10074E-01  -0.83905E-02
-0.43472E+00   0.10666E-01  -0.83184E-02
-0.43129E+00   0.11312E-01  -0.82547E-02
-0.42773E+00   0.12021E-01  -0.82020E-02
-0.42404E+00   0.12799E-01  -0.81606E-02
-0.42021E+00   0.13653E-01  -0.81336E-02
-0.41623E+00   0.14585E-01  -0.81310E-02
-0.41211E+00   0.15594E-01  -0.81559E-02
-0.40783E+00   0.16680E-01  -0.82226E-02
-0.40338E+00   0.17837E-01  -0.83305E-02
-0.39877E+00   0.19064E-01  -0.84842E-02
-0.39398E+00   0.20357E-01  -0.86722E-02
-0.38900E+00   0.21720E-01  -0.89013E-02
-0.38383E+00   0.23148E-01  -0.91738E-02
-0.37845E+00   0.24633E-01  -0.94915E-02
-0.37286E+00   0.26172E-01  -0.98603E-02
-0.36704E+00   0.27751E-01  -0.10277E-01
-0.36098E+00   0.29366E-01  -0.10749E-01
-0.35467E+00   0.31002E-01  -0.11276E-01
-0.34810E+00   0.32657E-01  -0.11865E-01
-0.34126E+00   0.34324E-01  -0.12509E-01
-0.33414E+00   0.36011E-01  -0.13212E-01
-0.32672E+00   0.37708E-01  -0.13964E-01
-0.31899E+00   0.39415E-01  -0.14760E-01
-0.31094E+00   0.41130E-01  -0.15593E-01
-0.30256E+00   0.42852E-01  -0.16461E-01
-0.29383E+00   0.44578E-01  -0.17356E-01
-0.28473E+00   0.46292E-01  -0.18273E-01
-0.27525E+00   0.47984E-01  -0.19212E-01
-0.26537E+00   0.49640E-01  -0.20164E-01
-0.25507E+00   0.51256E-01  -0.21134E-01
-0.24434E+00   0.52823E-01  -0.22118E-01
-0.23317E+00   0.54362E-01  -0.23117E-01
-0.22154E+00   0.55875E-01  -0.24115E-01
-0.20943E+00   0.57354E-01  -0.25096E-01
-0.19681E+00   0.58770E-01  -0.26038E-01
-0.18366E+00   0.60097E-01  -0.26925E-01
-0.16997E+00   0.61343E-01  -0.27771E-01
-0.15572E+00   0.62532E-01  -0.28600E-01
-0.14089E+00   0.63707E-01  -0.29433E-01
-0.12546E+00   0.64875E-01  -0.30262E-01
-0.10941E+00   0.66010E-01  -0.31072E-01
-0.92705E-01   0.67056E-01  -0.31838E-01
-0.75315E-01   0.67969E-01  -0.32533E-01
-0.57216E-01   0.68722E-01  -0.33117E-01
-0.38380E-01   0.69282E-01  -0.33550E-01
-0.18782E-01   0.69634E-01  -0.33808E-01
 0.16050E-02   0.69801E-01  -0.33917E-01
-0.49764E+00   0.32784E-02  -0.79699E-02
-0.49669E+00   0.34159E-02  -0.79908E-02
-0.49571E+00   0.35562E-02  -0.80146E-02
-0.49468E+00   0.36963E-02  -0.80435E-02
-0.49361E+00   0.38325E-02  -0.80803E-02
-0.49250E+00   0.39617E-02  -0.81250E-02
-0.49135E+00   0.40827E-02  -0.81741E-02
-0.49014E+00   0.41942E-02  -0.82236E-02
-0.48889E+00   0.42969E-02  -0.82725E-02
-0.48758E+00   0.43955E-02  -0.83223E-02
-0.48622E+00   0.44925E-02  -0.83737E-02
-0.48481E+00   0.45875E-02  -0.84247E-02
-0.48334E+00   0.46787E-02  -0.84724E-02
-0.48181E+00   0.47648E-02  -0.85135E-02
-0.48022E+00   0.48447E-02  -0.85447E-02
-0.47856E+00   0.49211E-02  -0.85656E-02
-0.47684E+00   0.49986E-02  -0.85768E-02
-0.47505E+00   0.50797E-02  -0.85705E-02
-0.47319E+00   0.51669E-02  -0.85361E-02
-0.47125E+00   0.52739E-02  -0.84809E-02
-0.46924E+00   0.54137E-02  -0.84151E-02
-0.46715E+00   0.55858E-02  -0.83375E-02
-0.46499E+00   0.57939E-02  -0.82501E-02
-0.46273E+00   0.60453E-02  -0.81571E-02
-0.46039E+00   0.63385E-02  -0.80555E-02
-0.45797E+00   0.66742E-02  -0.79462E-02
-0.45545E+00   0.70526E-02  -0.78341E-02
-0.45283E+00   0.74678E-02  -0.77231E-02
-0.45011E+00   0.79140E-02  -0.76149E-02
-0.44728E+00   0.83859E-02  -0.75103E-02
-0.44434E+00   0.88912E-02  -0.74115E-02
-0.44128E+00   0.94329E-02  -0.73197E-02
-0.43811E+00   0.10015E-01  -0.72345E-02
-0.43481E+00   0.10646E-01  -0.71547E-02
-0.43138E+00   0.11329E-01  -0.70839E-02
-0.42783E+00   0.12073E-01  -0.70246E-02
-0.42414E+00   0.12883E-01  -0.69765E-02
-0.42031E+00   0.13767E-01  -0.69428E-02
-0.41634E+00   0.14729E-01  -0.69332E-02
-0.41223E+00   0.15769E-01  -0.69511E-02
-0.40795E+00   0.16884E-01  -0.70100E-02
-0.40351E+00   0.18070E-01  -0.71097E-02
-0.39890E+00   0.19329E-01  -0.72561E-02
-0.39412E+00   0.20657E-01  -0.74368E-02
-0.38915E+00   0.22053E-01  -0.76579E-02
-0.38398E+00   0.23510E-01  -0.79200E-02
-0.37861E+00   0.25029E-01  -0.82289E-02
-0.37302E+00   0.26600E-01  -0.85866E-02
-0.36721E+00   0.28218E-01  -0.89944E-02
-0.36116E+00   0.29874E-01  -0.94582E-02
-0.35486E+00   0.31550E-01  -0.99767E-02
-0.34829E+00   0.33239E-01  -0.10553E-01
-0.34145E+00   0.34937E-01  -0.11183E-01
-0.33433E+00   0.36649E-01  -0.11869E-01
-0.32691E+00   0.38375E-01  -0.12605E-01
-0.31919E+00   0.40110E-01  -0.13383E-01
-0.31114E+00   0.41851E-01  -0.14198E-01
-0.30275E+00   0.43595E-01  -0.15043E-01
-0.29402E+00   0.45342E-01  -0.15914E-01
-0.28491E+00   0.47082E-01  -0.16809E-01
-0.27543E+00   0.48804E-01  -0.17726E-01
-0.26555E+00   0.50496E-01  -0.18662E-01
-0.25525E+00   0.52148E-01  -0.19614E-01
-0.24453E+00   0.53754E-01  -0.20581E-01
-0.23335E+00   0.55310E-01  -0.21550E-01
-0.22171E+00   0.56837E-01  -0.22516E-01
-0.20959E+00   0.58322E-01  -0.23461E-01
-0.19696E+00   0.59744E-01  -0.24364E-01
-0.18380E+00   0.61081E-01  -0.25216E-01
-0.17010E+00   0.62328E-01  -0.26023E-01
-0.15584E+00   0.63515E-01  -0.26810E-01
-0.14100E+00   0.64674E-01  -0.27593E-01
-0.12556E+00   0.65809E-01  -0.28363E-01
-0.10950E+00   0.66888E-01  -0.29103E-01
-0.92774E-01   0.67852E-01  -0.29794E-01
-0.75368E-01   0.68659E-01  -0.30411E-01
-0.57253E-01   0.69297E-01  -0.30925E-01
-0.38403E-01   0.69735E-01  -0.31297E-01
-0.18792E-01   0.69954E-01  -0.31507E-01
 0.16050E-02   0.69999E-01  -0.31582E-01
-0.49764E+00   0.22660E-02  -0.75628E-02
-0.49669E+00   0.24120E-02  -0.75633E-02
-0.49571E+00   0.25616E-02  -0.75653E-02
-0.49468E+00   0.27123E-02  -0.75706E-02
-0.49362E+00   0.28612E-02  -0.75812E-02
-0.49251E+00   0.30056E-02  -0.75968E-02
-0.49135E+00   0.31445E-02  -0.76136E-02
-0.49014E+00   0.32768E-02  -0.76280E-02
-0.48889E+00   0.34031E-02  -0.76401E-02
-0.48759E+00   0.35269E-02  -0.76534E-02
-0.48623E+00   0.36501E-02  -0.76706E-02
-0.48482E+00   0.37713E-02  -0.76900E-02
-0.48335E+00   0.38882E-02  -0.77089E-02
-0.48182E+00   0.39997E-02  -0.77232E-02
-0.48023E+00   0.41056E-02  -0.77289E-02
-0.47857E+00   0.42074E-02  -0.77259E-02
-0.47685E+00   0.43080E-02  -0.77164E-02
-0.47506E+00   0.44128E-02  -0.76907E-02
-0.47320E+00   0.45296E-02  -0.76341E-02
-0.47127E+00   0.46706E-02  -0.75547E-02
-0.46926E+00   0.48472E-02  -0.74641E-02
-0.46717E+00   0.50620E-02  -0.73602E-02
-0.46501E+00   0.53192E-02  -0.72460E-02
-0.46276E+00   0.56221E-02  -0.71279E-02
-0.46043E+00   0.59654E-02  -0.70046E-02
-0.45801E+00   0.63494E-02  -0.68768E-02
-0.45550E+00   0.67733E-02  -0.67487E-02
-0.45288E+00   0.72280E-02  -0.66251E-02
-0.45017E+00   0.77169E-02  -0.65051E-02
-0.44735E+00   0.82361E-02  -0.63896E-02
-0.44441E+00   0.87861E-02  -0.62814E-02
-0.44137E+00   0.93700E-02  -0.61816E-02
-0.43820E+00   0.99945E-02  -0.60896E-02
-0.43491E+00   0.10666E-01  -0.60039E-02
-0.43149E+00   0.11388E-01  -0.59276E-02
-0.42794E+00   0.12171E-01  -0.58636E-02
-0.42426E+00   0.13019E-01  -0.58113E-02
-0.42044E+00   0.13942E-01  -0.57740E-02
-0.41648E+00   0.14936E-01  -0.57599E-02
-0.41236E+00   0.16005E-01  -0.57725E-02
-0.40809E+00   0.17148E-01  -0.58246E-02
-0.40366E+00   0.18356E-01  -0.59162E-02
-0.39905E+00   0.19638E-01  -0.60541E-02
-0.39427E+00   0.20991E-01  -0.62262E-02
-0.38930E+00   0.22411E-01  -0.64374E-02
-0.38414E+00   0.23901E-01  -0.66917E-02
-0.37877E+00   0.25448E-01  -0.69901E-02
-0.37319E+00   0.27049E-01  -0.73373E-02
-0.36738E+00   0.28697E-01  -0.77334E-02
-0.36134E+00   0.30385E-01  -0.81861E-02
-0.35505E+00   0.32101E-01  -0.86959E-02
-0.34849E+00   0.33823E-01  -0.92604E-02
-0.34165E+00   0.35554E-01  -0.98772E-02
-0.33453E+00   0.37291E-01  -0.10547E-01
-0.32711E+00   0.39040E-01  -0.11264E-01
-0.31939E+00   0.40803E-01  -0.12025E-01
-0.31134E+00   0.42573E-01  -0.12822E-01
-0.30295E+00   0.44343E-01  -0.13648E-01
-0.29421E+00   0.46110E-01  -0.14495E-01
-0.28511E+00   0.47868E-01  -0.15364E-01
-0.27562E+00   0.49613E-01  -0.16256E-01
-0.26574E+00   0.51329E-01  -0.17167E-01
-0.25544E+00   0.53012E-01  -0.18098E-01
-0.24471E+00   0.54646E-01  -0.19042E-01
-0.23353E+00   0.56222E-01  -0.19983E-01
-0.22188E+00   0.57756E-01  -0.20914E-01
-0.20975E+00   0.59241E-01  -0.21819E-01
-0.19711E+00   0.60660E-01  -0.22681E-01
-0.18394E+00   0.61992E-01  -0.23491E-01
-0.17023E+00   0.63232E-01  -0.24254E-01
-0.15596E+00   0.64403E-01  -0.24994E-01
-0.14111E+00   0.65535E-01  -0.25723E-01
-0.12566E+00   0.66627E-01  -0.26433E-01
-0.10958E+00   0.67640E-01  -0.27107E-01
-0.92839E-01   0.68505E-01  -0.27722E-01
-0.75416E-01   0.69187E-01  -0.28266E-01
-0.57286E-01   0.69675E-01  -0.28714E-01
-0.38424E-01   0.69972E-01  -0.29034E-01
-0.18802E-01   0.70000E-01  -0.29206E-01
 0.16050E-02   0.70000E-01  -0.29259E-01
-0.49764E+00   0.12340E-02  -0.72501E-02
-0.49669E+00   0.13920E-02  -0.72126E-02
-0.49571E+00   0.15546E-02  -0.71754E-02
-0.49469E+00   0.17202E-02  -0.71407E-02
-0.49363E+00   0.18863E-02  -0.71110E-02
-0.49252E+00   0.20510E-02  -0.70860E-02
-0.49136E+00   0.22129E-02  -0.70614E-02
-0.49016E+00   0.23710E-02  -0.70330E-02
-0.48891E+00   0.25266E-02  -0.70004E-02
-0.48761E+00   0.26845E-02  -0.69672E-02
-0.48626E+00   0.28475E-02  -0.69370E-02
-0.48485E+00   0.30113E-02  -0.69111E-02
-0.48338E+00   0.31696E-02  -0.68901E-02
-0.48186E+00   0.33217E-02  -0.68696E-02
-0.48027E+00   0.34702E-02  -0.68422E-02
-0.47862E+00   0.36175E-02  -0.68068E-02
-0.47690E+00   0.37662E-02  -0.67664E-02
-0.47511E+00   0.39217E-02  -0.67122E-02
-0.47325E+00   0.40911E-02  -0.66304E-02
-0.47132E+00   0.42796E-02  -0.65304E-02
-0.46932E+00   0.44942E-02  -0.64247E-02
-0.46724E+00   0.47471E-02  -0.63074E-02
-0.46508E+00   0.50423E-02  -0.61806E-02
-0.46284E+00   0.53759E-02  -0.60531E-02
-0.46051E+00   0.57463E-02  -0.59222E-02
-0.45809E+00   0.61523E-02  -0.57881E-02
-0.45558E+00   0.65939E-02  -0.56546E-02
-0.45297E+00   0.70726E-02  -0.55247E-02
-0.45026E+00   0.75862E-02  -0.53983E-02
-0.44744E+00   0.81326E-02  -0.52761E-02
-0.44451E+00   0.87131E-02  -0.51612E-02
-0.44147E+00   0.93319E-02  -0.50550E-02
-0.43831E+00   0.99959E-02  -0.49571E-02
-0.43502E+00   0.10711E-01  -0.48668E-02
-0.43162E+00   0.11480E-01  -0.47871E-02
-0.42808E+00   0.12309E-01  -0.47211E-02
-0.42440E+00   0.13203E-01  -0.46678E-02
-0.42059E+00   0.14163E-01  -0.46285E-02
-0.41663E+00   0.15193E-01  -0.46128E-02
-0.41253E+00   0.16292E-01  -0.46216E-02
-0.40826E+00   0.17459E-01  -0.46676E-02
-0.40383E+00   0.18693E-01  -0.47534E-02
-0.39923E+00   0.19993E-01  -0.48823E-02
-0.39445E+00   0.21366E-01  -0.50449E-02
-0.38948E+00   0.22808E-01  -0.52466E-02
-0.38432E+00   0.24320E-01  -0.54901E-02
-0.37896E+00   0.25892E-01  -0.57775E-02
-0.37338E+00   0.27517E-01  -0.61126E-02
-0.36758E+00   0.29189E-01  -0.64951E-02
-0.36154E+00   0.30902E-01  -0.69339E-02
-0.35525E+00   0.32646E-01  -0.74303E-02
-0.34869E+00   0.34407E-01  -0.79856E-02
-0.34186E+00   0.36170E-01  -0.85900E-02
-0.33474E+00   0.37934E-01  -0.92434E-02
-0.32732E+00   0.39705E-01  -0.99409E-02
-0.31959E+00   0.41487E-01  -0.10681E-01
-0.31154E+00   0.43279E-01  -0.11458E-01
-0.30316E+00   0.45077E-01  -0.12265E-01
-0.29442E+00   0.46868E-01  -0.13090E-01
-0.28531E+00   0.48644E-01  -0.13933E-01
-0.27582E+00   0.50406E-01  -0.14797E-01
-0.26593E+00   0.52144E-01  -0.15683E-01
-0.25563E+00   0.53845E-01  -0.16585E-01
-0.24489E+00   0.55496E-01  -0.17501E-01
-0.23370E+00   0.57092E-01  -0.18414E-01
-0.22205E+00   0.58630E-01  -0.19309E-01
-0.20991E+00   0.60113E-01  -0.20173E-01
-0.19726E+00   0.61523E-01  -0.20991E-01
-0.18409E+00   0.62837E-01  -0.21754E-01
-0.17037E+00   0.64063E-01  -0.22472E-01
-0.15608E+00   0.65208E-01  -0.23161E-01
-0.14122E+00   0.66301E-01  -0.23835E-01
-0.12575E+00   0.67334E-01  -0.24483E-01
-0.10965E+00   0.68265E-01  -0.25088E-01
-0.92899E-01   0.69022E-01  -0.25635E-01
-0.75462E-01   0.69559E-01  -0.26111E-01
-0.57318E-01   0.69881E-01  -0.26502E-01
-0.38444E-01   0.70000E-01  -0.26782E-01
-0.18812E-01   0.70000E-01  -0.26927E-01
 0.16050E-02   0.70000E-01  -0.26959E-01
-0.49764E+00   0.40558E-03  -0.66132E-02
-0.49669E+00   0.56434E-03  -0.65713E-02
-0.49571E+00   0.72989E-03  -0.65269E-02
-0.49469E+00   0.90302E-03  -0.64786E-02
-0.49363E+00   0.10845E-02  -0.64254E-02
-0.49253E+00   0.12721E-02  -0.63676E-02
-0.49138E+00   0.14601E-02  -0.63082E-02
-0.49018E+00   0.16429E-02  -0.62506E-02
-0.48893E+00   0.18208E-02  -0.61956E-02
-0.48763E+00   0.20018E-02  -0.61415E-02
-0.48628E+00   0.21918E-02  -0.60875E-02
-0.48488E+00   0.23868E-02  -0.60357E-02
-0.48342E+00   0.25804E-02  -0.59884E-02
-0.48190E+00   0.27716E-02  -0.59420E-02
-0.48031E+00   0.29625E-02  -0.58894E-02
-0.47866E+00   0.31554E-02  -0.58294E-02
-0.47695E+00   0.33530E-02  -0.57656E-02
-0.47517E+00   0.35567E-02  -0.56912E-02
-0.47332E+00   0.37682E-02  -0.55944E-02
-0.47139E+00   0.39946E-02  -0.54824E-02
-0.46939E+00   0.42459E-02  -0.53662E-02
-0.46731E+00   0.45299E-02  -0.52410E-02
-0.46516E+00   0.48490E-02  -0.51082E-02
-0.46292E+00   0.52014E-02  -0.49759E-02
-0.46059E+00   0.55890E-02  -0.48409E-02
-0.45817E+00   0.60139E-02  -0.47024E-02
-0.45566E+00   0.64764E-02  -0.45643E-02
-0.45306E+00   0.69745E-02  -0.44298E-02
-0.45035E+00   0.75082E-02  -0.42987E-02
-0.44753E+00   0.80776E-02  -0.41716E-02
-0.44461E+00   0.86852E-02  -0.40514E-02
-0.44157E+00   0.93390E-02  -0.39404E-02
-0.43842E+00   0.10045E-01  -0.38387E-02
-0.43514E+00   0.10804E-01  -0.37459E-02
-0.43175E+00   0.11622E-01  -0.36653E-02
-0.42822E+00   0.12497E-01  -0.35997E-02
-0.42455E+00   0.13432E-01  -0.35468E-02
-0.42075E+00   0.14432E-01  -0.35085E-02
-0.41680E+00   0.15496E-01  -0.34919E-02
-0.41269E+00   0.16624E-01  -0.34988E-02
-0.40843E+00   0.17816E-01  -0.35401E-02
-0.40401E+00   0.19073E-01  -0.36206E-02
-0.39941E+00   0.20392E-01  -0.37418E-02
-0.39463E+00   0.21783E-01  -0.38953E-02
-0.38967E+00   0.23241E-01  -0.40856E-02
-0.38451E+00   0.24771E-01  -0.43169E-02
-0.37915E+00   0.26361E-01  -0.45915E-02
-0.37358E+00   0.28007E-01  -0.49137E-02
-0.36777E+00   0.29705E-01  -0.52844E-02
-0.36174E+00   0.31440E-01  -0.57084E-02
-0.35545E+00   0.33208E-01  -0.61896E-02
-0.34890E+00   0.34992E-01  -0.67287E-02
-0.34207E+00   0.36787E-01  -0.73206E-02
-0.33495E+00   0.38584E-01  -0.79624E-02
-0.32753E+00   0.40377E-01  -0.86412E-02
-0.31980E+00   0.42173E-01  -0.93565E-02
-0.31175E+00   0.43980E-01  -0.10109E-01
-0.30336E+00   0.45795E-01  -0.10892E-01
-0.29462E+00   0.47609E-01  -0.11695E-01
-0.28551E+00   0.49408E-01  -0.12514E-01
-0.27601E+00   0.51182E-01  -0.13350E-01
-0.26612E+00   0.52935E-01  -0.14206E-01
-0.25581E+00   0.54650E-01  -0.15078E-01
-0.24507E+00   0.56312E-01  -0.15961E-01
-0.23388E+00   0.57918E-01  -0.16842E-01
-0.22221E+00   0.59462E-01  -0.17702E-01
-0.21006E+00   0.60939E-01  -0.18525E-01
-0.19740E+00   0.62336E-01  -0.19298E-01
-0.18422E+00   0.63631E-01  -0.20014E-01
-0.17049E+00   0.64827E-01  -0.20681E-01
-0.15619E+00   0.65934E-01  -0.21317E-01
-0.14132E+00   0.66977E-01  -0.21934E-01
-0.12584E+00   0.67943E-01  -0.22521E-01
-0.10972E+00   0.68779E-01  -0.23061E-01
-0.92952E-01   0.69408E-01  -0.23541E-01
-0.75501E-01   0.69795E-01  -0.23959E-01
-0.57346E-01   0.69967E-01  -0.24303E-01
-0.38462E-01   0.70000E-01  -0.24551E-01
-0.18822E-01   0.70000E-01  -0.24671E-01
 0.16050E-02   0.70000E-01  -0.24682E-01
-0.49764E+00   0.00000E+00  -0.56522E-02
-0.49670E+00   0.17202E-03  -0.56054E-02
-0.49572E+00   0.34683E-03  -0.55575E-02
-0.49469E+00   0.51977E-03  -0.55089E-02
-0.49363E+00   0.68543E-03  -0.54606E-02
-0.49252E+00   0.84419E-03  -0.54120E-02
-0.49137E+00   0.10046E-02  -0.53608E-02
-0.49017E+00   0.11757E-02  -0.53049E-02
-0.48892E+00   0.13595E-02  -0.52447E-02
-0.48762E+00   0.15515E-02  -0.51835E-02
-0.48627E+00   0.17477E-02  -0.51247E-02
-0.48487E+00   0.19496E-02  -0.50677E-02
-0.48341E+00   0.21591E-02  -0.50116E-02
-0.48189E+00   0.23745E-02  -0.49531E-02
-0.48031E+00   0.25919E-02  -0.48880E-02
-0.47867E+00   0.28124E-02  -0.48160E-02
-0.47696E+00   0.30416E-02  -0.47398E-02
-0.47518E+00   0.32794E-02  -0.46537E-02
-0.47333E+00   0.35229E-02  -0.45474E-02
-0.47141E+00   0.37789E-02  -0.44278E-02
-0.46941E+00   0.40588E-02  -0.43050E-02
-0.46734E+00   0.43691E-02  -0.41741E-02
-0.46518E+00   0.47125E-02  -0.40365E-02
-0.46295E+00   0.50885E-02  -0.39002E-02
-0.46062E+00   0.54975E-02  -0.37618E-02
-0.45821E+00   0.59418E-02  -0.36201E-02
-0.45570E+00   0.64231E-02  -0.34789E-02
-0.45310E+00   0.69412E-02  -0.33411E-02
-0.45040E+00   0.74964E-02  -0.32066E-02
-0.44759E+00   0.80929E-02  -0.30761E-02
-0.44467E+00   0.87351E-02  -0.29532E-02
-0.44164E+00   0.94258E-02  -0.28402E-02
-0.43849E+00   0.10171E-01  -0.27376E-02
-0.43523E+00   0.10973E-01  -0.26451E-02
-0.43184E+00   0.11828E-01  -0.25647E-02
-0.42832E+00   0.12741E-01  -0.24999E-02
-0.42466E+00   0.13712E-01  -0.24482E-02
-0.42086E+00   0.14743E-01  -0.24097E-02
-0.41692E+00   0.15840E-01  -0.23939E-02
-0.41282E+00   0.16995E-01  -0.23990E-02
-0.40857E+00   0.18219E-01  -0.24400E-02
-0.40415E+00   0.19495E-01  -0.25145E-02
-0.39955E+00   0.20839E-01  -0.26319E-02
-0.39478E+00   0.22251E-01  -0.27789E-02
-0.38982E+00   0.23729E-01  -0.29609E-02
-0.38467E+00   0.25272E-01  -0.31794E-02
-0.37931E+00   0.26876E-01  -0.34400E-02
-0.37373E+00   0.28538E-01  -0.37475E-02
-0.36793E+00   0.30253E-01  -0.41023E-02
-0.36190E+00   0.32008E-01  -0.45116E-02
-0.35561E+00   0.33796E-01  -0.49767E-02
-0.34906E+00   0.35601E-01  -0.54991E-02
-0.34224E+00   0.37417E-01  -0.60737E-02
-0.33512E+00   0.39240E-01  -0.67006E-02
-0.32771E+00   0.41062E-01  -0.73652E-02
-0.31998E+00   0.42880E-01  -0.80621E-02
-0.31192E+00   0.44696E-01  -0.87876E-02
-0.30353E+00   0.46518E-01  -0.95402E-02
-0.29478E+00   0.48342E-01  -0.10315E-01
-0.28567E+00   0.50157E-01  -0.11107E-01
-0.27617E+00   0.51947E-01  -0.11915E-01
-0.26627E+00   0.53708E-01  -0.12738E-01
-0.25596E+00   0.55431E-01  -0.13578E-01
-0.24521E+00   0.57099E-01  -0.14426E-01
-0.23401E+00   0.58709E-01  -0.15272E-01
-0.22234E+00   0.60252E-01  -0.16094E-01
-0.21019E+00   0.61721E-01  -0.16876E-01
-0.19752E+00   0.63099E-01  -0.17603E-01
-0.18432E+00   0.64371E-01  -0.18271E-01
-0.17058E+00   0.65531E-01  -0.18887E-01
-0.15628E+00   0.66588E-01  -0.19468E-01
-0.14139E+00   0.67564E-01  -0.20025E-01
-0.12590E+00   0.68451E-01  -0.20552E-01
-0.10977E+00   0.69187E-01  -0.21031E-01
-0.92989E-01   0.69687E-01  -0.21452E-01
-0.75529E-01   0.69928E-01  -0.21820E-01
-0.57366E-01   0.70000E-01  -0.22126E-01
-0.38476E-01   0.70000E-01  -0.22342E-01
-0.18828E-01   0.70000E-01  -0.22436E-01
 0.16050E-02   0.70000E-01  -0.22427E-01
-0.49762E+00   0.00000E+00  -0.44142E-02
-0.49667E+00   0.12882E-03  -0.43779E-02
-0.49568E+00   0.26204E-03  -0.43399E-02
-0.49465E+00   0.39898E-03  -0.42997E-02
-0.49358E+00   0.53879E-03  -0.42570E-02
-0.49247E+00   0.68159E-03  -0.42111E-02
-0.49132E+00   0.82873E-03  -0.41617E-02
-0.49011E+00   0.98177E-03  -0.41082E-02
-0.48886E+00   0.11426E-02  -0.40517E-02
-0.48756E+00   0.13135E-02  -0.39942E-02
-0.48621E+00   0.14962E-02  -0.39376E-02
-0.48481E+00   0.16898E-02  -0.38818E-02
-0.48335E+00   0.18929E-02  -0.38261E-02
-0.48183E+00   0.21052E-02  -0.37668E-02
-0.48025E+00   0.23271E-02  -0.36989E-02
-0.47860E+00   0.25593E-02  -0.36227E-02
-0.47690E+00   0.28032E-02  -0.35414E-02
-0.47512E+00   0.30589E-02  -0.34496E-02
-0.47327E+00   0.33266E-02  -0.33375E-02
-0.47136E+00   0.36126E-02  -0.32127E-02
-0.46936E+00   0.39240E-02  -0.30852E-02
-0.46729E+00   0.42623E-02  -0.29506E-02
-0.46515E+00   0.46294E-02  -0.28104E-02
-0.46291E+00   0.50285E-02  -0.26721E-02
-0.46059E+00   0.54624E-02  -0.25319E-02
-0.45818E+00   0.59319E-02  -0.23887E-02
-0.45568E+00   0.64382E-02  -0.22463E-02
-0.45308E+00   0.69858E-02  -0.21078E-02
-0.45039E+00   0.75763E-02  -0.19730E-02
-0.44758E+00   0.82122E-02  -0.18429E-02
-0.44468E+00   0.88940E-02  -0.17212E-02
-0.44165E+00   0.96240E-02  -0.16101E-02
-0.43852E+00   0.10409E-01  -0.15101E-02
-0.43526E+00   0.11247E-01  -0.14204E-02
-0.43188E+00   0.12140E-01  -0.13431E-02
-0.42837E+00   0.13088E-01  -0.12815E-02
-0.42472E+00   0.14096E-01  -0.12337E-02
-0.42093E+00   0.15164E-01  -0.11996E-02
-0.41700E+00   0.16291E-01  -0.11853E-02
-0.41291E+00   0.17478E-01  -0.11930E-02
-0.40866E+00   0.18727E-01  -0.12334E-02
-0.40425E+00   0.20034E-01  -0.13087E-02
-0.39966E+00   0.21399E-01  -0.14228E-02
-0.39489E+00   0.22832E-01  -0.15648E-02
-0.38994E+00   0.24327E-01  -0.17383E-02
-0.38478E+00   0.25889E-01  -0.19478E-02
-0.37943E+00   0.27508E-01  -0.21960E-02
-0.37386E+00   0.29184E-01  -0.24893E-02
-0.36806E+00   0.30912E-01  -0.28274E-02
-0.36202E+00   0.32680E-01  -0.32195E-02
-0.35574E+00   0.34483E-01  -0.36667E-02
-0.34919E+00   0.36303E-01  -0.41713E-02
-0.34237E+00   0.38137E-01  -0.47279E-02
-0.33525E+00   0.39979E-01  -0.53372E-02
-0.32784E+00   0.41825E-01  -0.59865E-02
-0.32011E+00   0.43667E-01  -0.66678E-02
-0.31206E+00   0.45499E-01  -0.73722E-02
-0.30366E+00   0.47327E-01  -0.80968E-02
-0.29491E+00   0.49150E-01  -0.88386E-02
-0.28580E+00   0.50966E-01  -0.95988E-02
-0.27629E+00   0.52763E-01  -0.10377E-01
-0.26639E+00   0.54528E-01  -0.11169E-01
-0.25608E+00   0.56251E-01  -0.11975E-01
-0.24532E+00   0.57916E-01  -0.12789E-01
-0.23412E+00   0.59520E-01  -0.13600E-01
-0.22244E+00   0.61053E-01  -0.14385E-01
-0.21028E+00   0.62504E-01  -0.15127E-01
-0.19760E+00   0.63858E-01  -0.15813E-01
-0.18440E+00   0.65091E-01  -0.16434E-01
-0.17065E+00   0.66206E-01  -0.17004E-01
-0.15633E+00   0.67198E-01  -0.17534E-01
-0.14144E+00   0.68087E-01  -0.18037E-01
-0.12593E+00   0.68865E-01  -0.18509E-01
-0.10980E+00   0.69491E-01  -0.18940E-01
-0.93010E-01   0.69884E-01  -0.19321E-01
-0.75544E-01   0.70000E-01  -0.19654E-01
-0.57377E-01   0.70000E-01  -0.19934E-01
-0.38483E-01   0.70000E-01  -0.20131E-01
-0.18832E-01   0.70000E-01  -0.20212E-01
 0.16050E-02   0.70000E-01  -0.20195E-01
-0.49808E+00   0.00000E+00  -0.32011E-02
-0.49713E+00   0.10686E-03  -0.31700E-02
-0.49614E+00   0.21784E-03  -0.31370E-02
-0.49511E+00   0.33290E-03  -0.31013E-02
-0.49404E+00   0.45201E-03  -0.30620E-02
-0.49292E+00   0.57586E-03  -0.30181E-02
-0.49176E+00   0.70732E-03  -0.29695E-02
-0.49055E+00   0.84993E-03  -0.29165E-02
-0.48930E+00   0.10054E-02  -0.28598E-02
-0.48800E+00   0.11704E-02  -0.28016E-02
-0.48665E+00   0.13417E-02  -0.27442E-02
-0.48524E+00   0.15204E-02  -0.26881E-02
-0.48377E+00   0.17106E-02  -0.26323E-02
-0.48225E+00   0.19141E-02  -0.25741E-02
-0.48067E+00   0.21301E-02  -0.25079E-02
-0.47902E+00   0.23594E-02  -0.24319E-02
-0.47731E+00   0.26055E-02  -0.23493E-02
-0.47554E+00   0.28699E-02  -0.22576E-02
-0.47369E+00   0.31518E-02  -0.21465E-02
-0.47177E+00   0.34543E-02  -0.20198E-02
-0.46978E+00   0.37835E-02  -0.18897E-02
-0.46771E+00   0.41394E-02  -0.17540E-02
-0.46556E+00   0.45233E-02  -0.16116E-02
-0.46333E+00   0.49419E-02  -0.14709E-02
-0.46101E+00   0.53980E-02  -0.13298E-02
-0.45861E+00   0.58923E-02  -0.11856E-02
-0.45611E+00   0.64266E-02  -0.10424E-02
-0.45351E+00   0.70046E-02  -0.90334E-03
-0.45082E+00   0.76280E-02  -0.76893E-03
-0.44802E+00   0.82950E-02  -0.63905E-03
-0.44512E+00   0.90085E-02  -0.51757E-03
-0.44210E+00   0.97726E-02  -0.40775E-03
-0.43897E+00   0.10587E-01  -0.30864E-03
-0.43572E+00   0.11461E-01  -0.22161E-03
-0.43234E+00   0.12384E-01  -0.14536E-03
-0.42883E+00   0.13368E-01  -0.87231E-04
-0.42519E+00   0.14408E-01  -0.41876E-04
-0.42140E+00   0.15507E-01  -0.98571E-05
-0.41747E+00   0.16664E-01   0.33863E-05
-0.41339E+00   0.17880E-01  -0.49211E-05
-0.40914E+00   0.19156E-01  -0.42271E-04
-0.40473E+00   0.20488E-01  -0.11478E-03
-0.40015E+00   0.21878E-01  -0.22445E-03
-0.39538E+00   0.23329E-01  -0.35892E-03
-0.39042E+00   0.24846E-01  -0.52542E-03
-0.38527E+00   0.26426E-01  -0.72345E-03
-0.37991E+00   0.28062E-01  -0.95817E-03
-0.37434E+00   0.29754E-01  -0.12354E-02
-0.36854E+00   0.31497E-01  -0.15553E-02
-0.36250E+00   0.33279E-01  -0.19271E-02
-0.35621E+00   0.35100E-01  -0.23541E-02
-0.34965E+00   0.36940E-01  -0.28389E-02
-0.34283E+00   0.38793E-01  -0.33760E-02
-0.33571E+00   0.40651E-01  -0.39629E-02
-0.32829E+00   0.42515E-01  -0.45912E-02
-0.32056E+00   0.44382E-01  -0.52552E-02
-0.31249E+00   0.46240E-01  -0.59431E-02
-0.30409E+00   0.48085E-01  -0.66444E-02
-0.29533E+00   0.49912E-01  -0.73556E-02
-0.28620E+00   0.51727E-01  -0.80806E-02
-0.27668E+00   0.53524E-01  -0.88245E-02
-0.26677E+00   0.55289E-01  -0.95830E-02
-0.25643E+00   0.57010E-01  -0.10354E-01
-0.24566E+00   0.58671E-01  -0.11133E-01
-0.23444E+00   0.60268E-01  -0.11908E-01
-0.22275E+00   0.61788E-01  -0.12656E-01
-0.21057E+00   0.63218E-01  -0.13359E-01
-0.19787E+00   0.64543E-01  -0.14003E-01
-0.18465E+00   0.65739E-01  -0.14582E-01
-0.17088E+00   0.66798E-01  -0.15104E-01
-0.15654E+00   0.67725E-01  -0.15588E-01
-0.14162E+00   0.68526E-01  -0.16041E-01
-0.12609E+00   0.69190E-01  -0.16463E-01
-0.10993E+00   0.69702E-01  -0.16852E-01
-0.93120E-01   0.69989E-01  -0.17198E-01
-0.75633E-01   0.70000E-01  -0.17503E-01
-0.57445E-01   0.70000E-01  -0.17762E-01
-0.38529E-01   0.70000E-01  -0.17940E-01
-0.18856E-01   0.70000E-01  -0.18009E-01
 0.16050E-02   0.70000E-01  -0.17984E-01
-0.49879E+00   0.00000E+00  -0.19869E-02
-0.49783E+00   0.88159E-04  -0.19876E-02
-0.49683E+00   0.17721E-03  -0.19759E-02
-0.49580E+00   0.27291E-03  -0.19363E-02
-0.49472E+00   0.37989E-03  -0.18810E-02
-0.49361E+00   0.50359E-03  -0.18266E-02
-0.49245E+00   0.64124E-03  -0.17793E-02
-0.49124E+00   0.78225E-03  -0.17325E-02
-0.48998E+00   0.91473E-03  -0.16789E-02
-0.48867E+00   0.10438E-02  -0.16191E-02
-0.48731E+00   0.11843E-02  -0.15588E-02
-0.48590E+00   0.13476E-02  -0.15012E-02
-0.48443E+00   0.15357E-02  -0.14446E-02
-0.48291E+00   0.17487E-02  -0.13859E-02
-0.48133E+00   0.19818E-02  -0.13208E-02
-0.47968E+00   0.22285E-02  -0.12458E-02
-0.47797E+00   0.24841E-02  -0.11626E-02
-0.47619E+00   0.27468E-02  -0.10724E-02
-0.47434E+00   0.30253E-02  -0.96605E-03
-0.47242E+00   0.33291E-02  -0.84051E-03
-0.47043E+00   0.36626E-02  -0.70838E-03
-0.46836E+00   0.40281E-02  -0.57261E-03
-0.46621E+00   0.44265E-02  -0.42918E-03
-0.46397E+00   0.48627E-02  -0.28590E-03
-0.46166E+00   0.53394E-02  -0.14454E-03
-0.45925E+00   0.58575E-02  -0.55134E-06
-0.45676E+00   0.64214E-02   0.14250E-03
-0.45416E+00   0.70292E-02   0.28117E-03
-0.45147E+00   0.76802E-02   0.41475E-03
-0.44868E+00   0.83759E-02   0.54364E-03
-0.44577E+00   0.91198E-02   0.66431E-03
-0.44276E+00   0.99190E-02   0.77142E-03
-0.43963E+00   0.10766E-01   0.86771E-03
-0.43638E+00   0.11669E-01   0.95233E-03
-0.43301E+00   0.12627E-01   0.10250E-02
-0.42950E+00   0.13639E-01   0.10819E-02
-0.42586E+00   0.14706E-01   0.11256E-02
-0.42208E+00   0.15831E-01   0.11564E-02
-0.41815E+00   0.17016E-01   0.11693E-02
-0.41406E+00   0.18258E-01   0.11618E-02
-0.40982E+00   0.19557E-01   0.11300E-02
-0.40541E+00   0.20913E-01   0.10616E-02
-0.40082E+00   0.22322E-01   0.95975E-03
-0.39605E+00   0.23795E-01   0.83089E-03
-0.39109E+00   0.25328E-01   0.67617E-03
-0.38593E+00   0.26928E-01   0.48872E-03
-0.38057E+00   0.28583E-01   0.26719E-03
-0.37499E+00   0.30292E-01   0.72382E-05
-0.36918E+00   0.32050E-01  -0.29317E-03
-0.36314E+00   0.33849E-01  -0.64491E-03
-0.35684E+00   0.35685E-01  -0.10486E-02
-0.35028E+00   0.37542E-01  -0.15099E-02
-0.34344E+00   0.39413E-01  -0.20241E-02
-0.33631E+00   0.41291E-01  -0.25902E-02
-0.32889E+00   0.43175E-01  -0.31967E-02
-0.32114E+00   0.45057E-01  -0.38376E-02
-0.31307E+00   0.46937E-01  -0.45054E-02
-0.30466E+00   0.48805E-01  -0.51860E-02
-0.29588E+00   0.50647E-01  -0.58730E-02
-0.28673E+00   0.52464E-01  -0.65651E-02
-0.27720E+00   0.54255E-01  -0.72707E-02
-0.26726E+00   0.56016E-01  -0.79924E-02
-0.25691E+00   0.57733E-01  -0.87273E-02
-0.24612E+00   0.59386E-01  -0.94696E-02
-0.23487E+00   0.60970E-01  -0.10207E-01
-0.22316E+00   0.62474E-01  -0.10918E-01
-0.21095E+00   0.63879E-01  -0.11582E-01
-0.19823E+00   0.65172E-01  -0.12185E-01
-0.18498E+00   0.66324E-01  -0.12721E-01
-0.17118E+00   0.67328E-01  -0.13199E-01
-0.15681E+00   0.68177E-01  -0.13636E-01
-0.14186E+00   0.68879E-01  -0.14042E-01
-0.12630E+00   0.69439E-01  -0.14422E-01
-0.11011E+00   0.69839E-01  -0.14773E-01
-0.93272E-01   0.70000E-01  -0.15090E-01
-0.75756E-01   0.70000E-01  -0.15371E-01
-0.57540E-01   0.70000E-01  -0.15608E-01
-0.38593E-01   0.70000E-01  -0.15769E-01
-0.18888E-01   0.70000E-01  -0.15827E-01
 0.16050E-02   0.70000E-01  -0.15796E-01
-0.49953E+00   0.00000E+00  -0.77353E-03
-0.49858E+00   0.10250E-03  -0.77337E-03
-0.49758E+00   0.17117E-03  -0.77388E-03
-0.49654E+00   0.24437E-03  -0.75345E-03
-0.49546E+00   0.32349E-03  -0.70585E-03
-0.49434E+00   0.42878E-03  -0.64735E-03
-0.49318E+00   0.57569E-03  -0.59507E-03
-0.49197E+00   0.74450E-03  -0.54841E-03
-0.49071E+00   0.89393E-03  -0.49852E-03
-0.48940E+00   0.10029E-02  -0.43985E-03
-0.48803E+00   0.11029E-02  -0.37687E-03
-0.48662E+00   0.12389E-02  -0.31613E-03
-0.48515E+00   0.14225E-02  -0.25793E-03
-0.48362E+00   0.16474E-02  -0.19900E-03
-0.48204E+00   0.19005E-02  -0.13534E-03
-0.48039E+00   0.21628E-02  -0.62555E-04
-0.47868E+00   0.24243E-02   0.20143E-04
-0.47690E+00   0.26864E-02   0.11005E-03
-0.47504E+00   0.29624E-02   0.21200E-03
-0.47312E+00   0.32708E-02   0.33361E-03
-0.47112E+00   0.36123E-02   0.46648E-03
-0.46905E+00   0.39854E-02   0.60194E-03
-0.46690E+00   0.43988E-02   0.74409E-03
-0.46467E+00   0.48526E-02   0.88862E-03
-0.46235E+00   0.53432E-02   0.10299E-02
-0.45994E+00   0.58748E-02   0.11732E-02
-0.45745E+00   0.64538E-02   0.13164E-02
-0.45485E+00   0.70820E-02   0.14550E-02
-0.45216E+00   0.77584E-02   0.15870E-02
-0.44937E+00   0.84855E-02   0.17128E-02
-0.44647E+00   0.92653E-02   0.18293E-02
-0.44346E+00   0.10093E-01   0.19343E-02
-0.44033E+00   0.10972E-01   0.20270E-02
-0.43709E+00   0.11903E-01   0.21081E-02
-0.43371E+00   0.12891E-01   0.21775E-02
-0.43021E+00   0.13928E-01   0.22331E-02
-0.42657E+00   0.15020E-01   0.22750E-02
-0.42279E+00   0.16173E-01   0.23033E-02
-0.41886E+00   0.17382E-01   0.23170E-02
-0.41477E+00   0.18645E-01   0.23114E-02
-0.41053E+00   0.19970E-01   0.22827E-02
-0.40612E+00   0.21346E-01   0.22200E-02
-0.40153E+00   0.22778E-01   0.21248E-02
-0.39675E+00   0.24268E-01   0.20040E-02
-0.39179E+00   0.25822E-01   0.18572E-02
-0.38663E+00   0.27436E-01   0.16835E-02
-0.38126E+00   0.29107E-01   0.14769E-02
-0.37567E+00   0.30831E-01   0.12345E-02
-0.36986E+00   0.32608E-01   0.95108E-03
-0.36381E+00   0.34421E-01   0.62156E-03
-0.35750E+00   0.36273E-01   0.24163E-03
-0.35093E+00   0.38144E-01  -0.19395E-03
-0.34408E+00   0.40031E-01  -0.68481E-03
-0.33695E+00   0.41924E-01  -0.12260E-02
-0.32951E+00   0.43823E-01  -0.18079E-02
-0.32175E+00   0.45724E-01  -0.24271E-02
-0.31367E+00   0.47622E-01  -0.30724E-02
-0.30524E+00   0.49511E-01  -0.37304E-02
-0.29645E+00   0.51368E-01  -0.43949E-02
-0.28729E+00   0.53194E-01  -0.50581E-02
-0.27773E+00   0.54984E-01  -0.57288E-02
-0.26778E+00   0.56735E-01  -0.64101E-02
-0.25740E+00   0.58439E-01  -0.71048E-02
-0.24659E+00   0.60079E-01  -0.78084E-02
-0.23532E+00   0.61642E-01  -0.85059E-02
-0.22358E+00   0.63121E-01  -0.91773E-02
-0.21134E+00   0.64498E-01  -0.98012E-02
-0.19859E+00   0.65751E-01  -0.10363E-01
-0.18531E+00   0.66852E-01  -0.10856E-01
-0.17148E+00   0.67793E-01  -0.11291E-01
-0.15709E+00   0.68564E-01  -0.11684E-01
-0.14211E+00   0.69171E-01  -0.12047E-01
-0.12652E+00   0.69626E-01  -0.12389E-01
-0.11030E+00   0.69931E-01  -0.12708E-01
-0.93431E-01   0.70000E-01  -0.12998E-01
-0.75886E-01   0.70000E-01  -0.13256E-01
-0.57638E-01   0.70000E-01  -0.13473E-01
-0.38660E-01   0.70000E-01  -0.13618E-01
-0.18922E-01   0.70000E-01  -0.13666E-01
 0.16050E-02   0.70000E-01  -0.13629E-01
-0.50027E+00   0.00000E+00   0.43754E-03
-0.49931E+00   0.12226E-03   0.43751E-03
-0.49831E+00   0.19545E-03   0.43768E-03
-0.49727E+00   0.29073E-03   0.43952E-03
-0.49619E+00   0.38349E-03   0.46887E-03
-0.49507E+00   0.47907E-03   0.52200E-03
-0.49390E+00   0.59376E-03   0.58078E-03
-0.49269E+00   0.73554E-03   0.63351E-03
-0.49143E+00   0.89349E-03   0.68295E-03
-0.49012E+00   0.10514E-02   0.73514E-03
-0.48876E+00   0.12082E-02   0.79126E-03
-0.48734E+00   0.13762E-02   0.84827E-03
-0.48587E+00   0.15627E-02   0.90541E-03
-0.48434E+00   0.17620E-02   0.96687E-03
-0.48275E+00   0.19690E-02   0.10367E-02
-0.48109E+00   0.21869E-02   0.11146E-02
-0.47938E+00   0.24214E-02   0.11995E-02
-0.47759E+00   0.26784E-02   0.12898E-02
-0.47573E+00   0.29624E-02   0.13881E-02
-0.47381E+00   0.32749E-02   0.15044E-02
-0.47181E+00   0.36225E-02   0.16362E-02
-0.46974E+00   0.40122E-02   0.17701E-02
-0.46758E+00   0.44266E-02   0.19114E-02
-0.46534E+00   0.48670E-02   0.20601E-02
-0.46302E+00   0.53671E-02   0.22023E-02
-0.46062E+00   0.59166E-02   0.23433E-02
-0.45812E+00   0.65130E-02   0.24852E-02
-0.45553E+00   0.71659E-02   0.26218E-02
-0.45284E+00   0.78712E-02   0.27505E-02
-0.45005E+00   0.86308E-02   0.28713E-02
-0.44715E+00   0.94386E-02   0.29846E-02
-0.44415E+00   0.10297E-01   0.30857E-02
-0.44102E+00   0.11206E-01   0.31736E-02
-0.43778E+00   0.12167E-01   0.32499E-02
-0.43441E+00   0.13182E-01   0.33156E-02
-0.43091E+00   0.14247E-01   0.33675E-02
-0.42727E+00   0.15369E-01   0.34046E-02
-0.42349E+00   0.16544E-01   0.34313E-02
-0.41956E+00   0.17778E-01   0.34439E-02
-0.41547E+00   0.19064E-01   0.34394E-02
-0.41123E+00   0.20406E-01   0.34163E-02
-0.40681E+00   0.21802E-01   0.33604E-02
-0.40222E+00   0.23252E-01   0.32738E-02
-0.39744E+00   0.24760E-01   0.31588E-02
-0.39248E+00   0.26332E-01   0.30212E-02
-0.38731E+00   0.27964E-01   0.28589E-02
-0.38194E+00   0.29653E-01   0.26654E-02
-0.37635E+00   0.31392E-01   0.24407E-02
-0.37052E+00   0.33181E-01   0.21779E-02
-0.36446E+00   0.35010E-01   0.18693E-02
-0.35815E+00   0.36874E-01   0.15149E-02
-0.35157E+00   0.38760E-01   0.11039E-02
-0.34471E+00   0.40658E-01   0.63974E-03
-0.33756E+00   0.42564E-01   0.12435E-03
-0.33011E+00   0.44480E-01  -0.43479E-03
-0.32235E+00   0.46394E-01  -0.10288E-02
-0.31425E+00   0.48304E-01  -0.16477E-02
-0.30581E+00   0.50206E-01  -0.22788E-02
-0.29701E+00   0.52080E-01  -0.29223E-02
-0.28783E+00   0.53919E-01  -0.35589E-02
-0.27826E+00   0.55711E-01  -0.41968E-02
-0.26828E+00   0.57454E-01  -0.48403E-02
-0.25788E+00   0.59141E-01  -0.54929E-02
-0.24704E+00   0.60758E-01  -0.61532E-02
-0.23575E+00   0.62293E-01  -0.68080E-02
-0.22398E+00   0.63739E-01  -0.74376E-02
-0.21172E+00   0.65078E-01  -0.80197E-02
-0.19894E+00   0.66286E-01  -0.85398E-02
-0.18564E+00   0.67333E-01  -0.89915E-02
-0.17178E+00   0.68204E-01  -0.93835E-02
-0.15736E+00   0.68896E-01  -0.97361E-02
-0.14235E+00   0.69409E-01  -0.10061E-01
-0.12673E+00   0.69764E-01  -0.10368E-01
-0.11048E+00   0.69960E-01  -0.10658E-01
-0.93585E-01   0.70000E-01  -0.10924E-01
-0.76011E-01   0.70000E-01  -0.11159E-01
-0.57734E-01   0.70000E-01  -0.11357E-01
-0.38725E-01   0.70000E-01  -0.11487E-01
-0.18956E-01   0.70000E-01  -0.11525E-01
 0.16050E-02   0.70000E-01  -0.11484E-01
-0.50102E+00   0.00000E+00   0.16459E-02
-0.50006E+00   0.10336E-03   0.16459E-02
-0.49906E+00   0.20271E-03   0.16458E-02
-0.49802E+00   0.33372E-03   0.16456E-02
-0.49694E+00   0.45501E-03   0.16529E-02
-0.49582E+00   0.56868E-03   0.16908E-02
-0.49465E+00   0.67840E-03   0.17474E-02
-0.49343E+00   0.78963E-03   0.18071E-02
-0.49217E+00   0.91539E-03   0.18623E-02
-0.49085E+00   0.10743E-02   0.19139E-02
-0.48949E+00   0.12792E-02   0.19630E-02
-0.48808E+00   0.15014E-02   0.20132E-02
-0.48661E+00   0.17056E-02   0.20682E-02
-0.48507E+00   0.18861E-02   0.21312E-02
-0.48348E+00   0.20573E-02   0.22046E-02
-0.48181E+00   0.22399E-02   0.22868E-02
-0.48009E+00   0.24595E-02   0.23731E-02
-0.47830E+00   0.27192E-02   0.24627E-02
-0.47644E+00   0.30077E-02   0.25585E-02
-0.47451E+00   0.33200E-02   0.26694E-02
-0.47251E+00   0.36610E-02   0.27998E-02
-0.47043E+00   0.40508E-02   0.29347E-02
-0.46828E+00   0.44791E-02   0.30729E-02
-0.46604E+00   0.49252E-02   0.32213E-02
-0.46371E+00   0.54331E-02   0.33641E-02
-0.46131E+00   0.60091E-02   0.34999E-02
-0.45881E+00   0.66331E-02   0.36362E-02
-0.45622E+00   0.73101E-02   0.37687E-02
-0.45354E+00   0.80389E-02   0.38936E-02
-0.45075E+00   0.88164E-02   0.40123E-02
-0.44785E+00   0.96434E-02   0.41239E-02
-0.44485E+00   0.10522E-01   0.42240E-02
-0.44172E+00   0.11454E-01   0.43096E-02
-0.43848E+00   0.12441E-01   0.43820E-02
-0.43511E+00   0.13483E-01   0.44423E-02
-0.43162E+00   0.14583E-01   0.44871E-02
-0.42798E+00   0.15734E-01   0.45180E-02
-0.42420E+00   0.16939E-01   0.45382E-02
-0.42027E+00   0.18197E-01   0.45492E-02
-0.41619E+00   0.19506E-01   0.45440E-02
-0.41194E+00   0.20867E-01   0.45248E-02
-0.40752E+00   0.22280E-01   0.44767E-02
-0.40293E+00   0.23744E-01   0.44015E-02
-0.39814E+00   0.25265E-01   0.42956E-02
-0.39317E+00   0.26852E-01   0.41694E-02
-0.38800E+00   0.28497E-01   0.40200E-02
-0.38263E+00   0.30202E-01   0.38404E-02
-0.37703E+00   0.31959E-01   0.36308E-02
-0.37120E+00   0.33762E-01   0.33867E-02
-0.36513E+00   0.35607E-01   0.30995E-02
-0.35881E+00   0.37486E-01   0.27688E-02
-0.35222E+00   0.39381E-01   0.23865E-02
-0.34535E+00   0.41292E-01   0.19478E-02
-0.33819E+00   0.43211E-01   0.14588E-02
-0.33073E+00   0.45135E-01   0.92803E-03
-0.32295E+00   0.47061E-01   0.35997E-03
-0.31484E+00   0.48983E-01  -0.23305E-03
-0.30638E+00   0.50894E-01  -0.83511E-03
-0.29757E+00   0.52778E-01  -0.14534E-02
-0.28837E+00   0.54627E-01  -0.20628E-02
-0.27878E+00   0.56427E-01  -0.26714E-02
-0.26879E+00   0.58164E-01  -0.32773E-02
-0.25836E+00   0.59831E-01  -0.38872E-02
-0.24750E+00   0.61423E-01  -0.45038E-02
-0.23618E+00   0.62927E-01  -0.51156E-02
-0.22439E+00   0.64330E-01  -0.56997E-02
-0.21210E+00   0.65621E-01  -0.62384E-02
-0.19930E+00   0.66773E-01  -0.67154E-02
-0.18596E+00   0.67760E-01  -0.71261E-02
-0.17208E+00   0.68561E-01  -0.74786E-02
-0.15762E+00   0.69175E-01  -0.77940E-02
-0.14259E+00   0.69602E-01  -0.80837E-02
-0.12694E+00   0.69861E-01  -0.83597E-02
-0.11067E+00   0.69982E-01  -0.86232E-02
-0.93741E-01   0.70000E-01  -0.88662E-02
-0.76139E-01   0.70000E-01  -0.90804E-02
-0.57831E-01   0.70000E-01  -0.92595E-02
-0.38791E-01   0.70000E-01  -0.93749E-02
-0.18989E-01   0.70000E-01  -0.94043E-02
 0.16050E-02   0.70000E-01  -0.93598E-02
-0.50176E+00   0.00000E+00   0.28533E-02
-0.50080E+00   0.11371E-03   0.28533E-02
-0.49980E+00   0.20154E-03   0.28533E-02
-0.49876E+00   0.34634E-03   0.28533E-02
-0.49769E+00   0.50467E-03   0.28526E-02
-0.49656E+00   0.62195E-03   0.28711E-02
-0.49539E+00   0.71755E-03   0.29197E-02
-0.49417E+00   0.81311E-03   0.29817E-02
-0.49290E+00   0.93295E-03   0.30405E-02
-0.49159E+00   0.10894E-02   0.30939E-02
-0.49023E+00   0.12953E-02   0.31431E-02
-0.48881E+00   0.15317E-02   0.31920E-02
-0.48734E+00   0.17521E-02   0.32456E-02
-0.48580E+00   0.19314E-02   0.33079E-02
-0.48420E+00   0.21021E-02   0.33789E-02
-0.48254E+00   0.22984E-02   0.34576E-02
-0.48081E+00   0.25306E-02   0.35414E-02
-0.47902E+00   0.28001E-02   0.36288E-02
-0.47716E+00   0.30986E-02   0.37216E-02
-0.47523E+00   0.34223E-02   0.38258E-02
-0.47323E+00   0.37752E-02   0.39488E-02
-0.47115E+00   0.41694E-02   0.40820E-02
-0.46899E+00   0.46141E-02   0.42150E-02
-0.46675E+00   0.51045E-02   0.43497E-02
-0.46443E+00   0.56432E-02   0.44834E-02
-0.46203E+00   0.62326E-02   0.46140E-02
-0.45953E+00   0.68683E-02   0.47465E-02
-0.45694E+00   0.75509E-02   0.48791E-02
-0.45425E+00   0.82794E-02   0.50078E-02
-0.45145E+00   0.90552E-02   0.51309E-02
-0.44855E+00   0.98848E-02   0.52463E-02
-0.44554E+00   0.10772E-01   0.53493E-02
-0.44242E+00   0.11722E-01   0.54339E-02
-0.43918E+00   0.12732E-01   0.55025E-02
-0.43582E+00   0.13805E-01   0.55551E-02
-0.43232E+00   0.14933E-01   0.55948E-02
-0.42869E+00   0.16117E-01   0.56169E-02
-0.42491E+00   0.17352E-01   0.56296E-02
-0.42099E+00   0.18636E-01   0.56363E-02
-0.41690E+00   0.19964E-01   0.56328E-02
-0.41265E+00   0.21344E-01   0.56162E-02
-0.40823E+00   0.22773E-01   0.55771E-02
-0.40363E+00   0.24251E-01   0.55116E-02
-0.39884E+00   0.25784E-01   0.54162E-02
-0.39387E+00   0.27383E-01   0.53014E-02
-0.38869E+00   0.29044E-01   0.51632E-02
-0.38331E+00   0.30764E-01   0.49983E-02
-0.37771E+00   0.32537E-01   0.48050E-02
-0.37187E+00   0.34358E-01   0.45762E-02
-0.36580E+00   0.36219E-01   0.43096E-02
-0.35947E+00   0.38110E-01   0.40040E-02
-0.35287E+00   0.40019E-01   0.36470E-02
-0.34599E+00   0.41940E-01   0.32366E-02
-0.33882E+00   0.43865E-01   0.27783E-02
-0.33134E+00   0.45798E-01   0.22759E-02
-0.32355E+00   0.47730E-01   0.17375E-02
-0.31542E+00   0.49658E-01   0.11732E-02
-0.30695E+00   0.51580E-01   0.59924E-03
-0.29812E+00   0.53469E-01   0.89556E-05
-0.28891E+00   0.55321E-01  -0.56936E-03
-0.27930E+00   0.57122E-01  -0.11453E-02
-0.26929E+00   0.58858E-01  -0.17182E-02
-0.25884E+00   0.60516E-01  -0.22905E-02
-0.24796E+00   0.62076E-01  -0.28608E-02
-0.23661E+00   0.63542E-01  -0.34269E-02
-0.22479E+00   0.64901E-01  -0.39669E-02
-0.21247E+00   0.66137E-01  -0.44612E-02
-0.19964E+00   0.67223E-01  -0.48936E-02
-0.18628E+00   0.68133E-01  -0.52621E-02
-0.17237E+00   0.68858E-01  -0.55766E-02
-0.15789E+00   0.69404E-01  -0.58591E-02
-0.14282E+00   0.69761E-01  -0.61184E-02
-0.12715E+00   0.69939E-01  -0.63660E-02
-0.11085E+00   0.69995E-01  -0.66048E-02
-0.93896E-01   0.70000E-01  -0.68255E-02
-0.76265E-01   0.70000E-01  -0.70190E-02
-0.57927E-01   0.70000E-01  -0.71804E-02
-0.38857E-01   0.70000E-01  -0.72822E-02
-0.19022E-01   0.70000E-01  -0.73039E-02
 0.16050E-02   0.70000E-01  -0.72568E-02
-0.50251E+00   0.00000E+00   0.40664E-02
-0.50156E+00   0.16918E-03   0.40664E-02
-0.50056E+00   0.22113E-03   0.40664E-02
-0.49951E+00   0.31662E-03   0.40664E-02
-0.49843E+00   0.46187E-03   0.40665E-02
-0.49730E+00   0.59962E-03   0.40683E-02
-0.49613E+00   0.71228E-03   0.40994E-02
-0.49491E+00   0.81932E-03   0.41557E-02
-0.49364E+00   0.94815E-03   0.42172E-02
-0.49233E+00   0.11116E-02   0.42723E-02
-0.49096E+00   0.13044E-02   0.43234E-02
-0.48954E+00   0.15154E-02   0.43749E-02
-0.48807E+00   0.17327E-02   0.44290E-02
-0.48653E+00   0.19446E-02   0.44878E-02
-0.48493E+00   0.21577E-02   0.45523E-02
-0.48327E+00   0.23890E-02   0.46235E-02
-0.48154E+00   0.26433E-02   0.47017E-02
-0.47975E+00   0.29187E-02   0.47868E-02
-0.47789E+00   0.32195E-02   0.48783E-02
-0.47596E+00   0.35553E-02   0.49767E-02
-0.47396E+00   0.39435E-02   0.50846E-02
-0.47188E+00   0.43888E-02   0.51997E-02
-0.46973E+00   0.48778E-02   0.53149E-02
-0.46750E+00   0.54023E-02   0.54340E-02
-0.46518E+00   0.59581E-02   0.55604E-02
-0.46276E+00   0.65459E-02   0.56913E-02
-0.46026E+00   0.71734E-02   0.58268E-02
-0.45766E+00   0.78410E-02   0.59672E-02
-0.45496E+00   0.85591E-02   0.61035E-02
-0.45217E+00   0.93444E-02   0.62251E-02
-0.44927E+00   0.10187E-01   0.63383E-02
-0.44625E+00   0.11089E-01   0.64394E-02
-0.44313E+00   0.12057E-01   0.65213E-02
-0.43989E+00   0.13084E-01   0.65872E-02
-0.43653E+00   0.14174E-01   0.66376E-02
-0.43303E+00   0.15323E-01   0.66746E-02
-0.42940E+00   0.16525E-01   0.66959E-02
-0.42562E+00   0.17776E-01   0.67093E-02
-0.42170E+00   0.19079E-01   0.67155E-02
-0.41761E+00   0.20429E-01   0.67120E-02
-0.41336E+00   0.21826E-01   0.66986E-02
-0.40893E+00   0.23274E-01   0.66649E-02
-0.40433E+00   0.24771E-01   0.66051E-02
-0.39954E+00   0.26320E-01   0.65169E-02
-0.39456E+00   0.27932E-01   0.64133E-02
-0.38938E+00   0.29607E-01   0.62864E-02
-0.38399E+00   0.31341E-01   0.61366E-02
-0.37838E+00   0.33130E-01   0.59584E-02
-0.37254E+00   0.34965E-01   0.57479E-02
-0.36646E+00   0.36841E-01   0.55034E-02
-0.36012E+00   0.38746E-01   0.52198E-02
-0.35352E+00   0.40670E-01   0.48883E-02
-0.34663E+00   0.42601E-01   0.45058E-02
-0.33944E+00   0.44535E-01   0.40768E-02
-0.33195E+00   0.46472E-01   0.36056E-02
-0.32415E+00   0.48407E-01   0.30988E-02
-0.31601E+00   0.50339E-01   0.25657E-02
-0.30752E+00   0.52262E-01   0.20238E-02
-0.29867E+00   0.54154E-01   0.14640E-02
-0.28944E+00   0.56010E-01   0.91554E-03
-0.27982E+00   0.57809E-01   0.37343E-03
-0.26978E+00   0.59538E-01  -0.16287E-03
-0.25932E+00   0.61180E-01  -0.69528E-03
-0.24841E+00   0.62716E-01  -0.12243E-02
-0.23703E+00   0.64138E-01  -0.17428E-02
-0.22518E+00   0.65441E-01  -0.22356E-02
-0.21284E+00   0.66614E-01  -0.26843E-02
-0.19998E+00   0.67639E-01  -0.30759E-02
-0.18659E+00   0.68473E-01  -0.34040E-02
-0.17265E+00   0.69118E-01  -0.36822E-02
-0.15815E+00   0.69594E-01  -0.39337E-02
-0.14306E+00   0.69900E-01  -0.41660E-02
-0.12736E+00   0.70000E-01  -0.43870E-02
-0.11103E+00   0.70000E-01  -0.46021E-02
-0.94050E-01   0.70000E-01  -0.48014E-02
-0.76390E-01   0.70000E-01  -0.49749E-02
-0.58023E-01   0.70000E-01  -0.51195E-02
-0.38921E-01   0.70000E-01  -0.52085E-02
-0.19055E-01   0.70000E-01  -0.52234E-02
 0.16050E-02   0.70000E-01  -0.51746E-02
-0.50326E+00   0.00000E+00   0.52790E-02
-0.50233E+00   0.22916E-03   0.52790E-02
-0.50132E+00   0.27981E-03   0.52790E-02
-0.50027E+00   0.32583E-03   0.52790E-02
-0.49918E+00   0.37697E-03   0.52790E-02
-0.49805E+00   0.45911E-03   0.52789E-02
-0.49688E+00   0.61113E-03   0.52880E-02
-0.49566E+00   0.79088E-03   0.53292E-02
-0.49440E+00   0.98005E-03   0.53889E-02
-0.49309E+00   0.11649E-02   0.54469E-02
-0.49172E+00   0.13438E-02   0.55001E-02
-0.49029E+00   0.15234E-02   0.55542E-02
-0.48881E+00   0.17172E-02   0.56110E-02
-0.48727E+00   0.19478E-02   0.56674E-02
-0.48568E+00   0.22208E-02   0.57232E-02
-0.48403E+00   0.25058E-02   0.57844E-02
-0.48230E+00   0.27834E-02   0.58556E-02
-0.48051E+00   0.30679E-02   0.59362E-02
-0.47864E+00   0.33759E-02   0.60245E-02
-0.47671E+00   0.37214E-02   0.61182E-02
-0.47470E+00   0.41249E-02   0.62161E-02
-0.47263E+00   0.45968E-02   0.63188E-02
-0.47048E+00   0.51015E-02   0.64286E-02
-0.46824E+00   0.56262E-02   0.65462E-02
-0.46592E+00   0.61867E-02   0.66703E-02
-0.46351E+00   0.67824E-02   0.67982E-02
-0.46100E+00   0.74197E-02   0.69289E-02
-0.45840E+00   0.81053E-02   0.70619E-02
-0.45570E+00   0.88435E-02   0.71913E-02
-0.45291E+00   0.96502E-02   0.73052E-02
-0.45001E+00   0.10514E-01   0.74102E-02
-0.44700E+00   0.11439E-01   0.75035E-02
-0.44387E+00   0.12425E-01   0.75811E-02
-0.44063E+00   0.13468E-01   0.76445E-02
-0.43726E+00   0.14570E-01   0.76947E-02
-0.43377E+00   0.15731E-01   0.77333E-02
-0.43013E+00   0.16944E-01   0.77582E-02
-0.42635E+00   0.18209E-01   0.77738E-02
-0.42242E+00   0.19526E-01   0.77819E-02
-0.41834E+00   0.20895E-01   0.77796E-02
-0.41408E+00   0.22310E-01   0.77679E-02
-0.40966E+00   0.23780E-01   0.77375E-02
-0.40505E+00   0.25296E-01   0.76826E-02
-0.40026E+00   0.26863E-01   0.76008E-02
-0.39528E+00   0.28495E-01   0.75015E-02
-0.39009E+00   0.30184E-01   0.73860E-02
-0.38470E+00   0.31935E-01   0.72488E-02
-0.37908E+00   0.33738E-01   0.70866E-02
-0.37324E+00   0.35588E-01   0.68945E-02
-0.36715E+00   0.37477E-01   0.66733E-02
-0.36080E+00   0.39399E-01   0.64098E-02
-0.35418E+00   0.41333E-01   0.61065E-02
-0.34728E+00   0.43274E-01   0.57529E-02
-0.34009E+00   0.45216E-01   0.53555E-02
-0.33258E+00   0.47152E-01   0.49188E-02
-0.32476E+00   0.49089E-01   0.44456E-02
-0.31660E+00   0.51019E-01   0.39465E-02
-0.30810E+00   0.52943E-01   0.34371E-02
-0.29923E+00   0.54834E-01   0.29100E-02
-0.28999E+00   0.56690E-01   0.23938E-02
-0.28034E+00   0.58489E-01   0.18846E-02
-0.27029E+00   0.60208E-01   0.13855E-02
-0.25980E+00   0.61832E-01   0.89339E-03
-0.24886E+00   0.63342E-01   0.40684E-03
-0.23747E+00   0.64724E-01  -0.66806E-04
-0.22559E+00   0.65975E-01  -0.51403E-03
-0.21322E+00   0.67082E-01  -0.91680E-03
-0.20033E+00   0.68024E-01  -0.12632E-02
-0.18691E+00   0.68792E-01  -0.15549E-02
-0.17295E+00   0.69376E-01  -0.18010E-02
-0.15841E+00   0.69775E-01  -0.20211E-02
-0.14330E+00   0.69983E-01  -0.22245E-02
-0.12757E+00   0.70000E-01  -0.24216E-02
-0.11122E+00   0.70000E-01  -0.26149E-02
-0.94208E-01   0.70000E-01  -0.27937E-02
-0.76519E-01   0.70000E-01  -0.29479E-02
-0.58122E-01   0.70000E-01  -0.30766E-02
-0.38988E-01   0.70000E-01  -0.31536E-02
-0.19090E-01   0.70000E-01  -0.31626E-02
 0.16050E-02   0.70000E-01  -0.31130E-02
-0.50401E+00   0.00000E+00   0.64897E-02
-0.50307E+00   0.25344E-03   0.64897E-02
-0.50207E+00   0.27981E-03   0.64897E-02
-0.50102E+00   0.35042E-03   0.64897E-02
-0.49993E+00   0.40532E-03   0.64897E-02
-0.49879E+00   0.46559E-03   0.64897E-02
-0.49761E+00   0.58720E-03   0.64897E-02
-0.49640E+00   0.78073E-03   0.65100E-02
-0.49514E+00   0.99895E-03   0.65601E-02
-0.49383E+00   0.12118E-02   0.66199E-02
-0.49246E+00   0.14024E-02   0.66753E-02
-0.49103E+00   0.15912E-02   0.67280E-02
-0.48955E+00   0.18010E-02   0.67814E-02
-0.48801E+00   0.20392E-02   0.68361E-02
-0.48641E+00   0.23067E-02   0.68922E-02
-0.48476E+00   0.25971E-02   0.69513E-02
-0.48303E+00   0.29013E-02   0.70159E-02
-0.48124E+00   0.32196E-02   0.70872E-02
-0.47938E+00   0.35578E-02   0.71658E-02
-0.47744E+00   0.39262E-02   0.72505E-02
-0.47544E+00   0.43357E-02   0.73421E-02
-0.47336E+00   0.47936E-02   0.74449E-02
-0.47120E+00   0.52920E-02   0.75563E-02
-0.46896E+00   0.58214E-02   0.76716E-02
-0.46664E+00   0.63909E-02   0.77916E-02
-0.46422E+00   0.70056E-02   0.79127E-02
-0.46172E+00   0.76693E-02   0.80320E-02
-0.45912E+00   0.83883E-02   0.81500E-02
-0.45643E+00   0.91629E-02   0.82629E-02
-0.45363E+00   0.99896E-02   0.83687E-02
-0.45073E+00   0.10875E-01   0.84645E-02
-0.44773E+00   0.11818E-01   0.85510E-02
-0.44460E+00   0.12820E-01   0.86250E-02
-0.44136E+00   0.13880E-01   0.86839E-02
-0.43799E+00   0.14992E-01   0.87342E-02
-0.43449E+00   0.16162E-01   0.87755E-02
-0.43085E+00   0.17389E-01   0.88020E-02
-0.42707E+00   0.18667E-01   0.88179E-02
-0.42314E+00   0.19998E-01   0.88279E-02
-0.41905E+00   0.21381E-01   0.88300E-02
-0.41480E+00   0.22818E-01   0.88169E-02
-0.41037E+00   0.24305E-01   0.87922E-02
-0.40576E+00   0.25843E-01   0.87386E-02
-0.40097E+00   0.27430E-01   0.86622E-02
-0.39598E+00   0.29075E-01   0.85708E-02
-0.39079E+00   0.30784E-01   0.84617E-02
-0.38539E+00   0.32551E-01   0.83360E-02
-0.37977E+00   0.34369E-01   0.81892E-02
-0.37392E+00   0.36232E-01   0.80165E-02
-0.36782E+00   0.38133E-01   0.78186E-02
-0.36147E+00   0.40064E-01   0.75816E-02
-0.35484E+00   0.42014E-01   0.73023E-02
-0.34793E+00   0.43962E-01   0.69800E-02
-0.34072E+00   0.45909E-01   0.66158E-02
-0.33320E+00   0.47849E-01   0.62114E-02
-0.32536E+00   0.49783E-01   0.57742E-02
-0.31719E+00   0.51709E-01   0.53117E-02
-0.30867E+00   0.53625E-01   0.48381E-02
-0.29978E+00   0.55511E-01   0.43477E-02
-0.29052E+00   0.57362E-01   0.38667E-02
-0.28086E+00   0.59152E-01   0.33937E-02
-0.27078E+00   0.60866E-01   0.29291E-02
-0.26027E+00   0.62472E-01   0.24769E-02
-0.24931E+00   0.63946E-01   0.20361E-02
-0.23789E+00   0.65278E-01   0.16100E-02
-0.22598E+00   0.66463E-01   0.12107E-02
-0.21358E+00   0.67504E-01   0.85110E-03
-0.20067E+00   0.68380E-01   0.54389E-03
-0.18722E+00   0.69059E-01   0.29044E-03
-0.17323E+00   0.69550E-01   0.77628E-04
-0.15867E+00   0.69868E-01  -0.11529E-03
-0.14353E+00   0.70000E-01  -0.29541E-03
-0.12778E+00   0.70000E-01  -0.47104E-03
-0.11140E+00   0.70000E-01  -0.64329E-03
-0.94362E-01   0.70000E-01  -0.80214E-03
-0.76645E-01   0.70000E-01  -0.93788E-03
-0.58218E-01   0.70000E-01  -0.10515E-02
-0.39054E-01   0.70000E-01  -0.11174E-02
-0.19123E-01   0.70000E-01  -0.11213E-02
 0.16050E-02   0.70000E-01  -0.10718E-02
-0.50475E+00   0.00000E+00   0.76891E-02
-0.50380E+00   0.21545E-03   0.76891E-02
-0.50279E+00   0.30378E-03   0.76891E-02
-0.50174E+00   0.34943E-03   0.76891E-02
-0.50065E+00   0.43271E-03   0.76891E-02
-0.49951E+00   0.53825E-03   0.76891E-02
-0.49834E+00   0.67781E-03   0.76891E-02
-0.49712E+00   0.85087E-03   0.76930E-02
-0.49585E+00   0.10427E-02   0.77320E-02
-0.49453E+00   0.12442E-02   0.77931E-02
-0.49316E+00   0.14499E-02   0.78519E-02
-0.49174E+00   0.16627E-02   0.79033E-02
-0.49026E+00   0.18901E-02   0.79532E-02
-0.48872E+00   0.21373E-02   0.80055E-02
-0.48712E+00   0.24059E-02   0.80605E-02
-0.48546E+00   0.26978E-02   0.81183E-02
-0.48373E+00   0.30159E-02   0.81790E-02
-0.48194E+00   0.33617E-02   0.82429E-02
-0.48008E+00   0.37349E-02   0.83108E-02
-0.47815E+00   0.41374E-02   0.83836E-02
-0.47615E+00   0.45714E-02   0.84635E-02
-0.47407E+00   0.50340E-02   0.85593E-02
-0.47191E+00   0.55293E-02   0.86699E-02
-0.46967E+00   0.60711E-02   0.87798E-02
-0.46734E+00   0.66575E-02   0.88913E-02
-0.46493E+00   0.72916E-02   0.90036E-02
-0.46243E+00   0.79843E-02   0.91084E-02
-0.45983E+00   0.87272E-02   0.92134E-02
-0.45714E+00   0.95189E-02   0.93179E-02
-0.45434E+00   0.10362E-01   0.94163E-02
-0.45144E+00   0.11262E-01   0.95057E-02
-0.44843E+00   0.12222E-01   0.95854E-02
-0.44531E+00   0.13238E-01   0.96549E-02
-0.44206E+00   0.14307E-01   0.97145E-02
-0.43869E+00   0.15433E-01   0.97623E-02
-0.43519E+00   0.16616E-01   0.98022E-02
-0.43155E+00   0.17853E-01   0.98321E-02
-0.42777E+00   0.19146E-01   0.98474E-02
-0.42384E+00   0.20495E-01   0.98558E-02
-0.41975E+00   0.21893E-01   0.98594E-02
-0.41549E+00   0.23347E-01   0.98482E-02
-0.41106E+00   0.24855E-01   0.98242E-02
-0.40645E+00   0.26411E-01   0.97756E-02
-0.40166E+00   0.28018E-01   0.97036E-02
-0.39667E+00   0.29682E-01   0.96151E-02
-0.39148E+00   0.31408E-01   0.95136E-02
-0.38607E+00   0.33190E-01   0.94004E-02
-0.38045E+00   0.35019E-01   0.92706E-02
-0.37459E+00   0.36896E-01   0.91167E-02
-0.36848E+00   0.38811E-01   0.89399E-02
-0.36212E+00   0.40751E-01   0.87284E-02
-0.35548E+00   0.42708E-01   0.84807E-02
-0.34856E+00   0.44664E-01   0.81893E-02
-0.34134E+00   0.46617E-01   0.78572E-02
-0.33381E+00   0.48557E-01   0.74878E-02
-0.32595E+00   0.50489E-01   0.70867E-02
-0.31776E+00   0.52409E-01   0.66616E-02
-0.30922E+00   0.54313E-01   0.62260E-02
-0.30032E+00   0.56189E-01   0.57754E-02
-0.29103E+00   0.58025E-01   0.53342E-02
-0.28135E+00   0.59801E-01   0.48999E-02
-0.27125E+00   0.61497E-01   0.44753E-02
-0.26072E+00   0.63084E-01   0.40619E-02
-0.24974E+00   0.64531E-01   0.36619E-02
-0.23829E+00   0.65811E-01   0.32832E-02
-0.22636E+00   0.66924E-01   0.29324E-02
-0.21393E+00   0.67884E-01   0.26177E-02
-0.20099E+00   0.68690E-01   0.23477E-02
-0.18753E+00   0.69327E-01   0.21231E-02
-0.17351E+00   0.69756E-01   0.19392E-02
-0.15892E+00   0.69982E-01   0.17758E-02
-0.14376E+00   0.69991E-01   0.16199E-02
-0.12798E+00   0.69986E-01   0.14648E-02
-0.11158E+00   0.69998E-01   0.13130E-02
-0.94512E-01   0.70000E-01   0.11733E-02
-0.76766E-01   0.70000E-01   0.10553E-02
-0.58311E-01   0.70000E-01   0.95600E-03
-0.39117E-01   0.70000E-01   0.90040E-03
-0.19155E-01   0.70000E-01   0.90069E-03
 0.16050E-02   0.70000E-01   0.94916E-03
-0.50549E+00   0.00000E+00   0.88929E-02
-0.50469E+00   0.46876E-03   0.88929E-02
-0.50370E+00   0.32432E-03   0.88929E-02
-0.50265E+00   0.35517E-03   0.88929E-02
-0.50155E+00   0.46091E-03   0.88929E-02
-0.50042E+00   0.57133E-03   0.88929E-02
-0.49924E+00   0.72742E-03   0.88929E-02
-0.49801E+00   0.88754E-03   0.88927E-02
-0.49674E+00   0.10636E-02   0.89054E-02
-0.49542E+00   0.12586E-02   0.89549E-02
-0.49405E+00   0.14715E-02   0.90185E-02
-0.49263E+00   0.17013E-02   0.90727E-02
-0.49114E+00   0.19468E-02   0.91200E-02
-0.48960E+00   0.22071E-02   0.91688E-02
-0.48800E+00   0.24860E-02   0.92206E-02
-0.48634E+00   0.27891E-02   0.92747E-02
-0.48462E+00   0.31197E-02   0.93310E-02
-0.48283E+00   0.34799E-02   0.93896E-02
-0.48097E+00   0.38733E-02   0.94502E-02
-0.47904E+00   0.43026E-02   0.95129E-02
-0.47703E+00   0.47673E-02   0.95792E-02
-0.47496E+00   0.52619E-02   0.96566E-02
-0.47279E+00   0.57797E-02   0.97530E-02
-0.47055E+00   0.63342E-02   0.98561E-02
-0.46822E+00   0.69368E-02   0.99572E-02
-0.46581E+00   0.75893E-02   0.10059E-01
-0.46331E+00   0.82937E-02   0.10156E-01
-0.46071E+00   0.90457E-02   0.10254E-01
-0.45802E+00   0.98471E-02   0.10353E-01
-0.45522E+00   0.10705E-01   0.10445E-01
-0.45232E+00   0.11619E-01   0.10527E-01
-0.44930E+00   0.12591E-01   0.10602E-01
-0.44618E+00   0.13620E-01   0.10668E-01
-0.44293E+00   0.14701E-01   0.10726E-01
-0.43956E+00   0.15840E-01   0.10772E-01
-0.43605E+00   0.17035E-01   0.10810E-01
-0.43241E+00   0.18287E-01   0.10839E-01
-0.42862E+00   0.19593E-01   0.10856E-01
-0.42469E+00   0.20956E-01   0.10865E-01
-0.42059E+00   0.22373E-01   0.10868E-01
-0.41633E+00   0.23842E-01   0.10860E-01
-0.41190E+00   0.25368E-01   0.10840E-01
-0.40729E+00   0.26944E-01   0.10795E-01
-0.40249E+00   0.28573E-01   0.10728E-01
-0.39750E+00   0.30251E-01   0.10645E-01
-0.39230E+00   0.31996E-01   0.10550E-01
-0.38689E+00   0.33795E-01   0.10448E-01
-0.38126E+00   0.35641E-01   0.10332E-01
-0.37539E+00   0.37531E-01   0.10198E-01
-0.36927E+00   0.39458E-01   0.10046E-01
-0.36290E+00   0.41409E-01   0.98614E-02
-0.35625E+00   0.43375E-01   0.96454E-02
-0.34932E+00   0.45342E-01   0.93845E-02
-0.34208E+00   0.47301E-01   0.90870E-02
-0.33453E+00   0.49246E-01   0.87508E-02
-0.32666E+00   0.51175E-01   0.83884E-02
-0.31845E+00   0.53088E-01   0.80031E-02
-0.30989E+00   0.54980E-01   0.76058E-02
-0.30096E+00   0.56844E-01   0.71974E-02
-0.29165E+00   0.58663E-01   0.67981E-02
-0.28195E+00   0.60422E-01   0.64050E-02
-0.27182E+00   0.62094E-01   0.60234E-02
-0.26127E+00   0.63654E-01   0.56520E-02
-0.25026E+00   0.65074E-01   0.52921E-02
-0.23878E+00   0.66319E-01   0.49532E-02
-0.22682E+00   0.67382E-01   0.46440E-02
-0.21436E+00   0.68257E-01   0.43749E-02
-0.20139E+00   0.68961E-01   0.41473E-02
-0.18789E+00   0.69486E-01   0.39580E-02
-0.17385E+00   0.69804E-01   0.38011E-02
-0.15923E+00   0.69980E-01   0.36580E-02
-0.14404E+00   0.69991E-01   0.35219E-02
-0.12823E+00   0.69985E-01   0.33865E-02
-0.11179E+00   0.69993E-01   0.32545E-02
-0.94696E-01   0.70000E-01   0.31332E-02
-0.76916E-01   0.70000E-01   0.30321E-02
-0.58426E-01   0.70000E-01   0.29461E-02
-0.39195E-01   0.70000E-01   0.28999E-02
-0.19195E-01   0.70000E-01   0.29035E-02
 0.16050E-02   0.70000E-01   0.29501E-02
-0.50624E+00   0.00000E+00   0.10100E-01
-0.50531E+00   0.26775E-03   0.10100E-01
-0.50435E+00   0.41520E-03   0.10100E-01
-0.50330E+00   0.43192E-03   0.10100E-01
-0.50220E+00   0.53277E-03   0.10100E-01
-0.50107E+00   0.65206E-03   0.10100E-01
-0.49989E+00   0.80097E-03   0.10100E-01
-0.49866E+00   0.94558E-03   0.10100E-01
-0.49738E+00   0.11099E-02   0.10101E-01
-0.49606E+00   0.13112E-02   0.10132E-01
-0.49469E+00   0.15425E-02   0.10191E-01
-0.49327E+00   0.17936E-02   0.10247E-01
-0.49179E+00   0.20595E-02   0.10292E-01
-0.49025E+00   0.23385E-02   0.10336E-01
-0.48865E+00   0.26326E-02   0.10384E-01
-0.48699E+00   0.29486E-02   0.10434E-01
-0.48526E+00   0.32921E-02   0.10486E-01
-0.48347E+00   0.36668E-02   0.10539E-01
-0.48161E+00   0.40775E-02   0.10593E-01
-0.47968E+00   0.45289E-02   0.10647E-01
-0.47768E+00   0.50195E-02   0.10703E-01
-0.47561E+00   0.55441E-02   0.10766E-01
-0.47345E+00   0.60982E-02   0.10842E-01
-0.47121E+00   0.66842E-02   0.10929E-01
-0.46889E+00   0.73085E-02   0.11017E-01
-0.46648E+00   0.79750E-02   0.11109E-01
-0.46397E+00   0.86883E-02   0.11200E-01
-0.46137E+00   0.94529E-02   0.11289E-01
-0.45868E+00   0.10271E-01   0.11378E-01
-0.45588E+00   0.11141E-01   0.11462E-01
-0.45298E+00   0.12069E-01   0.11536E-01
-0.44996E+00   0.13050E-01   0.11607E-01
-0.44683E+00   0.14087E-01   0.11672E-01
-0.44359E+00   0.15181E-01   0.11726E-01
-0.44021E+00   0.16331E-01   0.11769E-01
-0.43670E+00   0.17540E-01   0.11804E-01
-0.43306E+00   0.18806E-01   0.11832E-01
-0.42927E+00   0.20128E-01   0.11846E-01
-0.42534E+00   0.21504E-01   0.11856E-01
-0.42124E+00   0.22936E-01   0.11859E-01
-0.41698E+00   0.24421E-01   0.11851E-01
-0.41255E+00   0.25965E-01   0.11831E-01
-0.40794E+00   0.27560E-01   0.11790E-01
-0.40313E+00   0.29204E-01   0.11730E-01
-0.39814E+00   0.30901E-01   0.11649E-01
-0.39294E+00   0.32658E-01   0.11565E-01
-0.38752E+00   0.34471E-01   0.11474E-01
-0.38189E+00   0.36331E-01   0.11372E-01
-0.37601E+00   0.38235E-01   0.11256E-01
-0.36989E+00   0.40171E-01   0.11126E-01
-0.36351E+00   0.42131E-01   0.10968E-01
-0.35685E+00   0.44105E-01   0.10782E-01
-0.34990E+00   0.46076E-01   0.10556E-01
-0.34266E+00   0.48039E-01   0.10291E-01
-0.33510E+00   0.49984E-01   0.99903E-02
-0.32721E+00   0.51911E-01   0.96642E-02
-0.31898E+00   0.53813E-01   0.93200E-02
-0.31040E+00   0.55689E-01   0.89638E-02
-0.30146E+00   0.57530E-01   0.86019E-02
-0.29213E+00   0.59330E-01   0.82451E-02
-0.28240E+00   0.61064E-01   0.78960E-02
-0.27226E+00   0.62703E-01   0.75598E-02
-0.26168E+00   0.64226E-01   0.72336E-02
-0.25065E+00   0.65596E-01   0.69206E-02
-0.23915E+00   0.66791E-01   0.66246E-02
-0.22716E+00   0.67798E-01   0.63552E-02
-0.21468E+00   0.68603E-01   0.61259E-02
-0.20169E+00   0.69193E-01   0.59403E-02
-0.18816E+00   0.69621E-01   0.57824E-02
-0.17410E+00   0.69917E-01   0.56465E-02
-0.15946E+00   0.69998E-01   0.55265E-02
-0.14424E+00   0.70000E-01   0.54098E-02
-0.12841E+00   0.70000E-01   0.52936E-02
-0.11195E+00   0.70000E-01   0.51807E-02
-0.94833E-01   0.70000E-01   0.50771E-02
-0.77028E-01   0.70000E-01   0.49922E-02
-0.58511E-01   0.70000E-01   0.49189E-02
-0.39253E-01   0.70000E-01   0.48814E-02
-0.19224E-01   0.70000E-01   0.48875E-02
 0.16050E-02   0.70000E-01   0.49313E-02
-0.50698E+00   0.00000E+00   0.11303E-01
-0.50602E+00   0.19570E-03   0.11303E-01
-0.50501E+00   0.34666E-03   0.11303E-01
-0.50396E+00   0.46252E-03   0.11303E-01
-0.50287E+00   0.59355E-03   0.11303E-01
-0.50173E+00   0.73000E-03   0.11303E-01
-0.50055E+00   0.86362E-03   0.11303E-01
-0.49932E+00   0.10055E-02   0.11303E-01
-0.49804E+00   0.11789E-02   0.11302E-01
-0.49672E+00   0.13906E-02   0.11313E-01
-0.49535E+00   0.16342E-02   0.11359E-01
-0.49392E+00   0.19021E-02   0.11414E-01
-0.49245E+00   0.21879E-02   0.11459E-01
-0.49091E+00   0.24875E-02   0.11499E-01
-0.48931E+00   0.27990E-02   0.11541E-01
-0.48765E+00   0.31297E-02   0.11586E-01
-0.48592E+00   0.34892E-02   0.11632E-01
-0.48413E+00   0.38817E-02   0.11678E-01
-0.48227E+00   0.43108E-02   0.11725E-01
-0.48035E+00   0.47798E-02   0.11771E-01
-0.47835E+00   0.52894E-02   0.11818E-01
-0.47628E+00   0.58364E-02   0.11869E-01
-0.47413E+00   0.64179E-02   0.11929E-01
-0.47189E+00   0.70320E-02   0.12000E-01
-0.46957E+00   0.76801E-02   0.12074E-01
-0.46715E+00   0.83656E-02   0.12153E-01
-0.46465E+00   0.90960E-02   0.12233E-01
-0.46205E+00   0.98780E-02   0.12309E-01
-0.45936E+00   0.10709E-01   0.12388E-01
-0.45656E+00   0.11594E-01   0.12463E-01
-0.45366E+00   0.12531E-01   0.12532E-01
-0.45064E+00   0.13522E-01   0.12597E-01
-0.44751E+00   0.14569E-01   0.12658E-01
-0.44426E+00   0.15674E-01   0.12709E-01
-0.44088E+00   0.16837E-01   0.12749E-01
-0.43737E+00   0.18058E-01   0.12779E-01
-0.43373E+00   0.19337E-01   0.12805E-01
-0.42994E+00   0.20672E-01   0.12820E-01
-0.42600E+00   0.22062E-01   0.12828E-01
-0.42191E+00   0.23511E-01   0.12829E-01
-0.41764E+00   0.25013E-01   0.12821E-01
-0.41321E+00   0.26570E-01   0.12804E-01
-0.40860E+00   0.28182E-01   0.12769E-01
-0.40379E+00   0.29843E-01   0.12714E-01
-0.39879E+00   0.31554E-01   0.12638E-01
-0.39359E+00   0.33326E-01   0.12563E-01
-0.38817E+00   0.35152E-01   0.12482E-01
-0.38253E+00   0.37027E-01   0.12394E-01
-0.37665E+00   0.38943E-01   0.12297E-01
-0.37052E+00   0.40892E-01   0.12186E-01
-0.36413E+00   0.42860E-01   0.12055E-01
-0.35746E+00   0.44843E-01   0.11899E-01
-0.35051E+00   0.46820E-01   0.11705E-01
-0.34325E+00   0.48784E-01   0.11478E-01
-0.33567E+00   0.50728E-01   0.11214E-01
-0.32777E+00   0.52649E-01   0.10927E-01
-0.31953E+00   0.54542E-01   0.10623E-01
-0.31093E+00   0.56398E-01   0.10311E-01
-0.30196E+00   0.58218E-01   0.99945E-02
-0.29262E+00   0.59990E-01   0.96846E-02
-0.28287E+00   0.61691E-01   0.93838E-02
-0.27270E+00   0.63298E-01   0.90919E-02
-0.26210E+00   0.64774E-01   0.88142E-02
-0.25104E+00   0.66089E-01   0.85488E-02
-0.23952E+00   0.67211E-01   0.83006E-02
-0.22751E+00   0.68130E-01   0.80760E-02
-0.21500E+00   0.68855E-01   0.78833E-02
-0.20199E+00   0.69382E-01   0.77275E-02
-0.18844E+00   0.69729E-01   0.75970E-02
-0.17435E+00   0.69936E-01   0.74835E-02
-0.15970E+00   0.69996E-01   0.73825E-02
-0.14445E+00   0.70000E-01   0.72844E-02
-0.12860E+00   0.70000E-01   0.71868E-02
-0.11212E+00   0.70000E-01   0.70921E-02
-0.94973E-01   0.70000E-01   0.70055E-02
-0.77142E-01   0.70000E-01   0.69361E-02
-0.58598E-01   0.70000E-01   0.68746E-02
-0.39312E-01   0.70000E-01   0.68449E-02
-0.19255E-01   0.70000E-01   0.68526E-02
 0.16050E-02   0.70000E-01   0.68928E-02
-0.50771E+00   0.00000E+00   0.12494E-01
-0.50677E+00   0.26211E-03   0.12494E-01
-0.50576E+00   0.36104E-03   0.12494E-01
-0.50470E+00   0.44842E-03   0.12494E-01
-0.50361E+00   0.63412E-03   0.12494E-01
-0.50248E+00   0.78617E-03   0.12494E-01
-0.50129E+00   0.93928E-03   0.12494E-01
-0.50006E+00   0.11026E-02   0.12494E-01
-0.49879E+00   0.12898E-02   0.12494E-01
-0.49746E+00   0.15016E-02   0.12494E-01
-0.49609E+00   0.17517E-02   0.12520E-01
-0.49467E+00   0.20322E-02   0.12569E-01
-0.49319E+00   0.23272E-02   0.12617E-01
-0.49165E+00   0.26351E-02   0.12656E-01
-0.49005E+00   0.29660E-02   0.12692E-01
-0.48839E+00   0.33236E-02   0.12728E-01
-0.48667E+00   0.37062E-02   0.12765E-01
-0.48488E+00   0.41175E-02   0.12803E-01
-0.48302E+00   0.45654E-02   0.12840E-01
-0.48110E+00   0.50502E-02   0.12877E-01
-0.47910E+00   0.55700E-02   0.12917E-01
-0.47703E+00   0.61275E-02   0.12961E-01
-0.47487E+00   0.67252E-02   0.13010E-01
-0.47264E+00   0.73621E-02   0.13066E-01
-0.47032E+00   0.80324E-02   0.13128E-01
-0.46791E+00   0.87418E-02   0.13190E-01
-0.46541E+00   0.94994E-02   0.13252E-01
-0.46281E+00   0.10299E-01   0.13315E-01
-0.46011E+00   0.11145E-01   0.13381E-01
-0.45732E+00   0.12043E-01   0.13446E-01
-0.45441E+00   0.12991E-01   0.13509E-01
-0.45139E+00   0.13990E-01   0.13568E-01
-0.44826E+00   0.15048E-01   0.13624E-01
-0.44501E+00   0.16164E-01   0.13671E-01
-0.44163E+00   0.17336E-01   0.13709E-01
-0.43812E+00   0.18566E-01   0.13739E-01
-0.43447E+00   0.19859E-01   0.13761E-01
-0.43068E+00   0.21206E-01   0.13776E-01
-0.42674E+00   0.22613E-01   0.13780E-01
-0.42264E+00   0.24074E-01   0.13782E-01
-0.41837E+00   0.25595E-01   0.13773E-01
-0.41394E+00   0.27168E-01   0.13756E-01
-0.40932E+00   0.28797E-01   0.13726E-01
-0.40452E+00   0.30472E-01   0.13678E-01
-0.39951E+00   0.32195E-01   0.13613E-01
-0.39430E+00   0.33979E-01   0.13546E-01
-0.38888E+00   0.35818E-01   0.13478E-01
-0.38323E+00   0.37706E-01   0.13405E-01
-0.37734E+00   0.39637E-01   0.13324E-01
-0.37121E+00   0.41601E-01   0.13231E-01
-0.36481E+00   0.43584E-01   0.13122E-01
-0.35814E+00   0.45580E-01   0.12994E-01
-0.35117E+00   0.47563E-01   0.12835E-01
-0.34390E+00   0.49528E-01   0.12644E-01
-0.33631E+00   0.51469E-01   0.12421E-01
-0.32839E+00   0.53382E-01   0.12176E-01
-0.32013E+00   0.55260E-01   0.11917E-01
-0.31151E+00   0.57102E-01   0.11647E-01
-0.30252E+00   0.58898E-01   0.11378E-01
-0.29315E+00   0.60639E-01   0.11118E-01
-0.28338E+00   0.62305E-01   0.10865E-01
-0.27319E+00   0.63868E-01   0.10623E-01
-0.26256E+00   0.65296E-01   0.10393E-01
-0.25148E+00   0.66555E-01   0.10175E-01
-0.23992E+00   0.67602E-01   0.99739E-02
-0.22789E+00   0.68439E-01   0.97911E-02
-0.21536E+00   0.69086E-01   0.96334E-02
-0.20232E+00   0.69565E-01   0.95046E-02
-0.18875E+00   0.69852E-01   0.93995E-02
-0.17464E+00   0.69965E-01   0.93087E-02
-0.15996E+00   0.69999E-01   0.92262E-02
-0.14469E+00   0.70000E-01   0.91460E-02
-0.12881E+00   0.70000E-01   0.90663E-02
-0.11230E+00   0.70000E-01   0.89891E-02
-0.95129E-01   0.70000E-01   0.89187E-02
-0.77269E-01   0.70000E-01   0.88640E-02
-0.58695E-01   0.70000E-01   0.88135E-02
-0.39378E-01   0.70000E-01   0.87908E-02
-0.19288E-01   0.70000E-01   0.87993E-02
 0.16050E-02   0.70000E-01   0.88349E-02
-0.50844E+00   0.00000E+00   0.13670E-01
-0.50749E+00   0.21666E-03   0.13670E-01
-0.50648E+00   0.38604E-03   0.13670E-01
-0.50543E+00   0.54482E-03   0.13670E-01
-0.50434E+00   0.70491E-03   0.13670E-01
-0.50320E+00   0.87658E-03   0.13670E-01
-0.50202E+00   0.10560E-02   0.13670E-01
-0.50079E+00   0.12487E-02   0.13670E-01
-0.49952E+00   0.14513E-02   0.13670E-01
-0.49819E+00   0.16740E-02   0.13670E-01
-0.49682E+00   0.19272E-02   0.13678E-01
-0.49539E+00   0.22071E-02   0.13715E-01
-0.49391E+00   0.25094E-02   0.13763E-01
-0.49237E+00   0.28328E-02   0.13800E-01
-0.49078E+00   0.31807E-02   0.13831E-01
-0.48912E+00   0.35565E-02   0.13859E-01
-0.48740E+00   0.39604E-02   0.13887E-01
-0.48561E+00   0.43925E-02   0.13915E-01
-0.48375E+00   0.48553E-02   0.13943E-01
-0.48183E+00   0.53505E-02   0.13974E-01
-0.47983E+00   0.58791E-02   0.14008E-01
-0.47775E+00   0.64461E-02   0.14044E-01
-0.47560E+00   0.70568E-02   0.14084E-01
-0.47337E+00   0.77108E-02   0.14128E-01
-0.47105E+00   0.84073E-02   0.14173E-01
-0.46864E+00   0.91447E-02   0.14216E-01
-0.46614E+00   0.99205E-02   0.14265E-01
-0.46355E+00   0.10737E-01   0.14315E-01
-0.46085E+00   0.11598E-01   0.14367E-01
-0.45805E+00   0.12508E-01   0.14423E-01
-0.45514E+00   0.13467E-01   0.14477E-01
-0.45212E+00   0.14479E-01   0.14528E-01
-0.44899E+00   0.15548E-01   0.14576E-01
-0.44573E+00   0.16675E-01   0.14618E-01
-0.44235E+00   0.17860E-01   0.14651E-01
-0.43884E+00   0.19100E-01   0.14679E-01
-0.43519E+00   0.20404E-01   0.14699E-01
-0.43140E+00   0.21765E-01   0.14711E-01
-0.42745E+00   0.23182E-01   0.14716E-01
-0.42335E+00   0.24660E-01   0.14715E-01
-0.41909E+00   0.26197E-01   0.14705E-01
-0.41465E+00   0.27785E-01   0.14690E-01
-0.41003E+00   0.29429E-01   0.14666E-01
-0.40522E+00   0.31117E-01   0.14626E-01
-0.40021E+00   0.32852E-01   0.14570E-01
-0.39499E+00   0.34645E-01   0.14516E-01
-0.38956E+00   0.36495E-01   0.14460E-01
-0.38391E+00   0.38397E-01   0.14401E-01
-0.37802E+00   0.40343E-01   0.14336E-01
-0.37188E+00   0.42321E-01   0.14260E-01
-0.36547E+00   0.44320E-01   0.14174E-01
-0.35879E+00   0.46326E-01   0.14074E-01
-0.35181E+00   0.48318E-01   0.13946E-01
-0.34453E+00   0.50285E-01   0.13792E-01
-0.33692E+00   0.52219E-01   0.13613E-01
-0.32899E+00   0.54121E-01   0.13413E-01
-0.32071E+00   0.55984E-01   0.13199E-01
-0.31207E+00   0.57804E-01   0.12976E-01
-0.30306E+00   0.59577E-01   0.12753E-01
-0.29367E+00   0.61287E-01   0.12542E-01
-0.28387E+00   0.62915E-01   0.12340E-01
-0.27366E+00   0.64432E-01   0.12149E-01
-0.26300E+00   0.65807E-01   0.11967E-01
-0.25190E+00   0.67003E-01   0.11797E-01
-0.24032E+00   0.67979E-01   0.11641E-01
-0.22826E+00   0.68739E-01   0.11498E-01
-0.21570E+00   0.69314E-01   0.11373E-01
-0.20264E+00   0.69737E-01   0.11272E-01
-0.18905E+00   0.69970E-01   0.11191E-01
-0.17491E+00   0.70000E-01   0.11122E-01
-0.16021E+00   0.70000E-01   0.11057E-01
-0.14492E+00   0.70000E-01   0.10994E-01
-0.12902E+00   0.70000E-01   0.10932E-01
-0.11248E+00   0.70000E-01   0.10872E-01
-0.95281E-01   0.70000E-01   0.10817E-01
-0.77393E-01   0.70000E-01   0.10776E-01
-0.58790E-01   0.70000E-01   0.10736E-01
-0.39442E-01   0.70000E-01   0.10719E-01
-0.19321E-01   0.70000E-01   0.10728E-01
 0.16050E-02   0.70000E-01   0.10758E-01
-0.50916E+00   0.00000E+00   0.14831E-01
-0.50820E+00   0.21224E-03   0.14831E-01
-0.50720E+00   0.41890E-03   0.14831E-01
-0.50615E+00   0.61552E-03   0.14831E-01
-0.50506E+00   0.81177E-03   0.14831E-01
-0.50393E+00   0.99896E-03   0.14831E-01
-0.50275E+00   0.11910E-02   0.14831E-01
-0.50152E+00   0.13904E-02   0.14831E-01
-0.50024E+00   0.16148E-02   0.14831E-01
-0.49892E+00   0.18636E-02   0.14831E-01
-0.49755E+00   0.21447E-02   0.14831E-01
-0.49613E+00   0.24476E-02   0.14848E-01
-0.49465E+00   0.27698E-02   0.14882E-01
-0.49311E+00   0.31092E-02   0.14915E-01
-0.49151E+00   0.34672E-02   0.14942E-01
-0.48985E+00   0.38477E-02   0.14968E-01
-0.48813E+00   0.42544E-02   0.14994E-01
-0.48634E+00   0.46909E-02   0.15018E-01
-0.48448E+00   0.51594E-02   0.15042E-01
-0.48255E+00   0.56616E-02   0.15066E-01
-0.48055E+00   0.62013E-02   0.15092E-01
-0.47848E+00   0.67821E-02   0.15119E-01
-0.47633E+00   0.74075E-02   0.15148E-01
-0.47409E+00   0.80807E-02   0.15178E-01
-0.47178E+00   0.87991E-02   0.15208E-01
-0.46937E+00   0.95522E-02   0.15240E-01
-0.46687E+00   0.10345E-01   0.15275E-01
-0.46428E+00   0.11179E-01   0.15313E-01
-0.46158E+00   0.12054E-01   0.15352E-01
-0.45878E+00   0.12979E-01   0.15394E-01
-0.45587E+00   0.13954E-01   0.15437E-01
-0.45285E+00   0.14981E-01   0.15476E-01
-0.44972E+00   0.16063E-01   0.15513E-01
-0.44646E+00   0.17204E-01   0.15547E-01
-0.44308E+00   0.18402E-01   0.15574E-01
-0.43957E+00   0.19654E-01   0.15596E-01
-0.43591E+00   0.20968E-01   0.15613E-01
-0.43212E+00   0.22341E-01   0.15626E-01
-0.42817E+00   0.23771E-01   0.15628E-01
-0.42407E+00   0.25262E-01   0.15627E-01
-0.41980E+00   0.26811E-01   0.15619E-01
-0.41536E+00   0.28413E-01   0.15607E-01
-0.41074E+00   0.30071E-01   0.15588E-01
-0.40592E+00   0.31770E-01   0.15557E-01
-0.40090E+00   0.33515E-01   0.15515E-01
-0.39568E+00   0.35315E-01   0.15474E-01
-0.39025E+00   0.37176E-01   0.15431E-01
-0.38459E+00   0.39092E-01   0.15385E-01
-0.37869E+00   0.41050E-01   0.15337E-01
-0.37255E+00   0.43044E-01   0.15278E-01
-0.36613E+00   0.45058E-01   0.15214E-01
-0.35944E+00   0.47078E-01   0.15137E-01
-0.35246E+00   0.49079E-01   0.15042E-01
-0.34516E+00   0.51047E-01   0.14926E-01
-0.33754E+00   0.52974E-01   0.14791E-01
-0.32958E+00   0.54862E-01   0.14640E-01
-0.32128E+00   0.56706E-01   0.14473E-01
-0.31263E+00   0.58503E-01   0.14299E-01
-0.30360E+00   0.60242E-01   0.14128E-01
-0.29418E+00   0.61920E-01   0.13965E-01
-0.28436E+00   0.63507E-01   0.13813E-01
-0.27412E+00   0.64978E-01   0.13671E-01
-0.26344E+00   0.66300E-01   0.13538E-01
-0.25231E+00   0.67434E-01   0.13414E-01
-0.24071E+00   0.68343E-01   0.13300E-01
-0.22863E+00   0.69034E-01   0.13195E-01
-0.21605E+00   0.69533E-01   0.13104E-01
-0.20296E+00   0.69878E-01   0.13031E-01
-0.18935E+00   0.70000E-01   0.12974E-01
-0.17519E+00   0.70000E-01   0.12924E-01
-0.16047E+00   0.70000E-01   0.12876E-01
-0.14515E+00   0.70000E-01   0.12830E-01
-0.12922E+00   0.70000E-01   0.12784E-01
-0.11266E+00   0.70000E-01   0.12740E-01
-0.95433E-01   0.70000E-01   0.12700E-01
-0.77517E-01   0.70000E-01   0.12672E-01
-0.58885E-01   0.70000E-01   0.12641E-01
-0.39507E-01   0.70000E-01   0.12630E-01
-0.19354E-01   0.70000E-01   0.12638E-01
 0.16050E-02   0.70000E-01   0.12662E-01
-0.50987E+00   0.00000E+00   0.15982E-01
-0.50891E+00   0.23860E-03   0.15982E-01
-0.50791E+00   0.44048E-03   0.15982E-01
-0.50687E+00   0.69186E-03   0.15982E-01
-0.50579E+00   0.90808E-03   0.15982E-01
-0.50465E+00   0.11187E-02   0.15982E-01
-0.50347E+00   0.13274E-02   0.15982E-01
-0.50225E+00   0.15427E-02   0.15982E-01
-0.50097E+00   0.17809E-02   0.15982E-01
-0.49965E+00   0.20536E-02   0.15982E-01
-0.49828E+00   0.23598E-02   0.15982E-01
-0.49686E+00   0.26911E-02   0.15985E-01
-0.49539E+00   0.30332E-02   0.16003E-01
-0.49385E+00   0.33863E-02   0.16029E-01
-0.49225E+00   0.37549E-02   0.16053E-01
-0.49059E+00   0.41446E-02   0.16074E-01
-0.48887E+00   0.45612E-02   0.16094E-01
-0.48708E+00   0.50090E-02   0.16111E-01
-0.48522E+00   0.54901E-02   0.16127E-01
-0.48329E+00   0.60029E-02   0.16144E-01
-0.48129E+00   0.65511E-02   0.16162E-01
-0.47921E+00   0.71421E-02   0.16180E-01
-0.47706E+00   0.77814E-02   0.16198E-01
-0.47483E+00   0.84690E-02   0.16216E-01
-0.47252E+00   0.92000E-02   0.16236E-01
-0.47011E+00   0.99705E-02   0.16256E-01
-0.46761E+00   0.10779E-01   0.16278E-01
-0.46502E+00   0.11629E-01   0.16303E-01
-0.46232E+00   0.12522E-01   0.16327E-01
-0.45952E+00   0.13461E-01   0.16356E-01
-0.45661E+00   0.14451E-01   0.16385E-01
-0.45359E+00   0.15492E-01   0.16412E-01
-0.45046E+00   0.16588E-01   0.16439E-01
-0.44720E+00   0.17742E-01   0.16463E-01
-0.44382E+00   0.18953E-01   0.16482E-01
-0.44030E+00   0.20220E-01   0.16497E-01
-0.43665E+00   0.21545E-01   0.16509E-01
-0.43285E+00   0.22929E-01   0.16520E-01
-0.42890E+00   0.24374E-01   0.16519E-01
-0.42479E+00   0.25874E-01   0.16520E-01
-0.42052E+00   0.27433E-01   0.16518E-01
-0.41608E+00   0.29050E-01   0.16505E-01
-0.41145E+00   0.30718E-01   0.16495E-01
-0.40663E+00   0.32429E-01   0.16473E-01
-0.40161E+00   0.34183E-01   0.16445E-01
-0.39638E+00   0.35990E-01   0.16418E-01
-0.39094E+00   0.37861E-01   0.16388E-01
-0.38527E+00   0.39787E-01   0.16359E-01
-0.37937E+00   0.41759E-01   0.16326E-01
-0.37322E+00   0.43769E-01   0.16284E-01
-0.36680E+00   0.45796E-01   0.16243E-01
-0.36010E+00   0.47829E-01   0.16190E-01
-0.35310E+00   0.49840E-01   0.16126E-01
-0.34579E+00   0.51810E-01   0.16048E-01
-0.33815E+00   0.53729E-01   0.15958E-01
-0.33018E+00   0.55602E-01   0.15855E-01
-0.32186E+00   0.57421E-01   0.15742E-01
-0.31318E+00   0.59186E-01   0.15621E-01
-0.30413E+00   0.60891E-01   0.15503E-01
-0.29469E+00   0.62525E-01   0.15392E-01
-0.28485E+00   0.64069E-01   0.15290E-01
-0.27459E+00   0.65490E-01   0.15197E-01
-0.26389E+00   0.66761E-01   0.15110E-01
-0.25273E+00   0.67838E-01   0.15030E-01
-0.24110E+00   0.68688E-01   0.14955E-01
-0.22900E+00   0.69305E-01   0.14887E-01
-0.21640E+00   0.69720E-01   0.14828E-01
-0.20329E+00   0.69960E-01   0.14783E-01
-0.18965E+00   0.70000E-01   0.14747E-01
-0.17547E+00   0.70000E-01   0.14714E-01
-0.16072E+00   0.70000E-01   0.14683E-01
-0.14538E+00   0.70000E-01   0.14653E-01
-0.12943E+00   0.70000E-01   0.14623E-01
-0.11284E+00   0.70000E-01   0.14594E-01
-0.95587E-01   0.70000E-01   0.14568E-01
-0.77643E-01   0.70000E-01   0.14553E-01
-0.58980E-01   0.70000E-01   0.14531E-01
-0.39572E-01   0.70000E-01   0.14524E-01
-0.19387E-01   0.70000E-01   0.14530E-01
 0.16050E-02   0.70000E-01   0.14547E-01
-0.51058E+00   0.00000E+00   0.17129E-01
-0.50963E+00   0.27488E-03   0.17129E-01
-0.50863E+00   0.51182E-03   0.17129E-01
-0.50759E+00   0.76181E-03   0.17129E-01
-0.50651E+00   0.10022E-02   0.17129E-01
-0.50538E+00   0.12310E-02   0.17129E-01
-0.50420E+00   0.14658E-02   0.17129E-01
-0.50298E+00   0.17063E-02   0.17129E-01
-0.50170E+00   0.19610E-02   0.17129E-01
-0.50038E+00   0.22488E-02   0.17129E-01
-0.49902E+00   0.25735E-02   0.17129E-01
-0.49760E+00   0.29179E-02   0.17129E-01
-0.49612E+00   0.32787E-02   0.17135E-01
-0.49459E+00   0.36555E-02   0.17148E-01
-0.49299E+00   0.40462E-02   0.17162E-01
-0.49133E+00   0.44549E-02   0.17175E-01
-0.48961E+00   0.48900E-02   0.17184E-01
-0.48782E+00   0.53544E-02   0.17192E-01
-0.48597E+00   0.58484E-02   0.17198E-01
-0.48404E+00   0.63725E-02   0.17206E-01
-0.48204E+00   0.69299E-02   0.17216E-01
-0.47996E+00   0.75289E-02   0.17226E-01
-0.47781E+00   0.81765E-02   0.17234E-01
-0.47557E+00   0.88755E-02   0.17242E-01
-0.47326E+00   0.96191E-02   0.17252E-01
-0.47085E+00   0.10401E-01   0.17263E-01
-0.46835E+00   0.11221E-01   0.17275E-01
-0.46576E+00   0.12085E-01   0.17287E-01
-0.46306E+00   0.12992E-01   0.17300E-01
-0.46026E+00   0.13947E-01   0.17313E-01
-0.45735E+00   0.14952E-01   0.17329E-01
-0.45433E+00   0.16010E-01   0.17342E-01
-0.45120E+00   0.17122E-01   0.17353E-01
-0.44794E+00   0.18290E-01   0.17367E-01
-0.44456E+00   0.19515E-01   0.17377E-01
-0.44104E+00   0.20796E-01   0.17383E-01
-0.43738E+00   0.22133E-01   0.17389E-01
-0.43358E+00   0.23530E-01   0.17395E-01
-0.42963E+00   0.24983E-01   0.17396E-01
-0.42552E+00   0.26495E-01   0.17396E-01
-0.42124E+00   0.28066E-01   0.17396E-01
-0.41679E+00   0.29691E-01   0.17391E-01
-0.41216E+00   0.31373E-01   0.17384E-01
-0.40734E+00   0.33095E-01   0.17373E-01
-0.40231E+00   0.34858E-01   0.17360E-01
-0.39707E+00   0.36669E-01   0.17348E-01
-0.39163E+00   0.38547E-01   0.17335E-01
-0.38595E+00   0.40486E-01   0.17319E-01
-0.38005E+00   0.42472E-01   0.17301E-01
-0.37389E+00   0.44493E-01   0.17279E-01
-0.36746E+00   0.46536E-01   0.17259E-01
-0.36076E+00   0.48580E-01   0.17232E-01
-0.35375E+00   0.50600E-01   0.17200E-01
-0.34643E+00   0.52570E-01   0.17161E-01
-0.33878E+00   0.54486E-01   0.17114E-01
-0.33079E+00   0.56339E-01   0.17063E-01
-0.32244E+00   0.58130E-01   0.17005E-01
-0.31374E+00   0.59854E-01   0.16944E-01
-0.30467E+00   0.61512E-01   0.16884E-01
-0.29520E+00   0.63096E-01   0.16826E-01
-0.28534E+00   0.64590E-01   0.16775E-01
-0.27505E+00   0.65964E-01   0.16728E-01
-0.26432E+00   0.67183E-01   0.16684E-01
-0.25315E+00   0.68205E-01   0.16645E-01
-0.24150E+00   0.68990E-01   0.16609E-01
-0.22937E+00   0.69533E-01   0.16575E-01
-0.21675E+00   0.69847E-01   0.16548E-01
-0.20361E+00   0.69989E-01   0.16527E-01
-0.18996E+00   0.70000E-01   0.16510E-01
-0.17575E+00   0.70000E-01   0.16493E-01
-0.16098E+00   0.70000E-01   0.16478E-01
-0.14562E+00   0.70000E-01   0.16463E-01
-0.12964E+00   0.70000E-01   0.16448E-01
-0.11302E+00   0.70000E-01   0.16434E-01
-0.95741E-01   0.70000E-01   0.16422E-01
-0.77768E-01   0.70000E-01   0.16418E-01
-0.59076E-01   0.70000E-01   0.16404E-01
-0.39637E-01   0.70000E-01   0.16401E-01
-0.19420E-01   0.70000E-01   0.16404E-01
 0.16050E-02   0.70000E-01   0.16413E-01
-0.51127E+00   0.00000E+00   0.18261E-01
-0.51033E+00   0.30543E-03   0.18261E-01
-0.50934E+00   0.57658E-03   0.18261E-01
-0.50830E+00   0.83551E-03   0.18261E-01
-0.50722E+00   0.10889E-02   0.18261E-01
-0.50609E+00   0.13412E-02   0.18261E-01
-0.50492E+00   0.15990E-02   0.18261E-01
-0.50370E+00   0.18645E-02   0.18261E-01
-0.50243E+00   0.21509E-02   0.18261E-01
-0.50111E+00   0.24639E-02   0.18261E-01
-0.49975E+00   0.28034E-02   0.18261E-01
-0.49833E+00   0.31615E-02   0.18261E-01
-0.49686E+00   0.35509E-02   0.18261E-01
-0.49533E+00   0.39494E-02   0.18261E-01
-0.49373E+00   0.43608E-02   0.18261E-01
-0.49208E+00   0.47938E-02   0.18261E-01
-0.49036E+00   0.52477E-02   0.18261E-01
-0.48857E+00   0.57230E-02   0.18261E-01
-0.48671E+00   0.62245E-02   0.18261E-01
-0.48478E+00   0.67572E-02   0.18261E-01
-0.48278E+00   0.73260E-02   0.18261E-01
-0.48070E+00   0.79352E-02   0.18261E-01
-0.47855E+00   0.85899E-02   0.18261E-01
-0.47631E+00   0.92956E-02   0.18261E-01
-0.47400E+00   0.10050E-01   0.18261E-01
-0.47159E+00   0.10845E-01   0.18261E-01
-0.46909E+00   0.11679E-01   0.18261E-01
-0.46650E+00   0.12557E-01   0.18261E-01
-0.46380E+00   0.13478E-01   0.18261E-01
-0.46100E+00   0.14445E-01   0.18261E-01
-0.45809E+00   0.15467E-01   0.18261E-01
-0.45507E+00   0.16539E-01   0.18261E-01
-0.45194E+00   0.17663E-01   0.18261E-01
-0.44868E+00   0.18846E-01   0.18261E-01
-0.44529E+00   0.20086E-01   0.18261E-01
-0.44177E+00   0.21378E-01   0.18261E-01
-0.43811E+00   0.22726E-01   0.18261E-01
-0.43431E+00   0.24137E-01   0.18261E-01
-0.43036E+00   0.25602E-01   0.18261E-01
-0.42624E+00   0.27124E-01   0.18261E-01
-0.42196E+00   0.28707E-01   0.18261E-01
-0.41751E+00   0.30343E-01   0.18261E-01
-0.41288E+00   0.32034E-01   0.18261E-01
-0.40805E+00   0.33767E-01   0.18261E-01
-0.40301E+00   0.35540E-01   0.18261E-01
-0.39777E+00   0.37358E-01   0.18261E-01
-0.39231E+00   0.39245E-01   0.18261E-01
-0.38664E+00   0.41194E-01   0.18261E-01
-0.38072E+00   0.43191E-01   0.18261E-01
-0.37456E+00   0.45223E-01   0.18261E-01
-0.36812E+00   0.47281E-01   0.18261E-01
-0.36141E+00   0.49334E-01   0.18261E-01
-0.35439E+00   0.51363E-01   0.18261E-01
-0.34706E+00   0.53335E-01   0.18261E-01
-0.33939E+00   0.55241E-01   0.18261E-01
-0.33138E+00   0.57077E-01   0.18261E-01
-0.32302E+00   0.58836E-01   0.18261E-01
-0.31430E+00   0.60515E-01   0.18261E-01
-0.30520E+00   0.62120E-01   0.18261E-01
-0.29571E+00   0.63647E-01   0.18261E-01
-0.28582E+00   0.65087E-01   0.18261E-01
-0.27551E+00   0.66406E-01   0.18261E-01
-0.26476E+00   0.67566E-01   0.18261E-01
-0.25356E+00   0.68531E-01   0.18261E-01
-0.24189E+00   0.69252E-01   0.18261E-01
-0.22973E+00   0.69708E-01   0.18261E-01
-0.21709E+00   0.69933E-01   0.18261E-01
-0.20394E+00   0.69999E-01   0.18261E-01
-0.19026E+00   0.69998E-01   0.18261E-01
-0.17603E+00   0.69998E-01   0.18261E-01
-0.16124E+00   0.70000E-01   0.18261E-01
-0.14585E+00   0.70000E-01   0.18261E-01
-0.12985E+00   0.70000E-01   0.18261E-01
-0.11320E+00   0.70000E-01   0.18261E-01
-0.95894E-01   0.70000E-01   0.18261E-01
-0.77893E-01   0.70000E-01   0.18261E-01
-0.59172E-01   0.70000E-01   0.18261E-01
-0.39702E-01   0.70000E-01   0.18261E-01
-0.19454E-01   0.70000E-01   0.18261E-01
 0.16050E-02   0.70000E-01   0.18261E-01
