FC_ID,Wind_Speed,Wave_Hs,Wind_Scale,Wave_Scale,Original_Wind_Min,Original_Wind_Max,Original_Wave_Min,Original_Wave_Max,Scaled_Wind_Min,Scaled_Wind_Max,Scaled_Wave_Min,Scaled_Wave_Max,Combined_Min,Combined_Max,Wind_Contribution_%,Wave_Contribution_%
FC001,15,0.75,2.25,1.5,239.6098001346476,792.6351649173437,75.43090555211734,317.0717002846968,539.1220503029571,1783.4291210640233,113.146358328176,475.6075504270452,912.1688131426307,2148.30211023419,78.80344084516729,21.196559154832688
FC002,10,0.5,1.0,1.0,239.6098001346476,792.6351649173437,75.43090555211734,317.0717002846968,239.6098001346476,792.6351649173437,75.43090555211734,317.0717002846968,431.53822911043613,1035.8838243641212,71.25195902347346,28.74804097652654
FC003,5,0.25,0.25,0.5,239.6098001346476,792.6351649173437,75.43090555211734,317.0717002846968,59.9024500336619,198.15879122933592,37.71545277605867,158.5358501423484,127.48195806289255,319.78312095272474,55.34216946762256,44.65783053237743
FC004,20,1.0,4.0,2.0,239.6098001346476,792.6351649173437,75.43090555211734,317.0717002846968,958.4392005385904,3170.5406596693747,150.86181110423468,634.1434005693936,1481.13390966701,3657.0379785629298,83.21301482303858,16.786985176961426
