nominal_stress_range,applied_stress_range,cycles,allowable_cycles,damage
28.0,31.491114210659546,100000.0,9129267.211928545,0.010953781686808042
16.0,17.99492240609117,1000000.0,141010063.57713968,0.0070916924269943974
