{
  "vessel_name": "test101 bottom mounted cylinder",
  "solver_names": [
    "OrcaWave (.owd)",
    "OrcaWave (spec.yml)"
  ],
  "comparison_date": "2026-02-19 21:59:20",
  "overall_consensus": "FULL",
  "pairwise_results": {
    "OrcaWave (.owd)-vs-OrcaWave (spec.yml)": {
      "solver_a": "OrcaWave (.owd)",
      "solver_b": "OrcaWave (spec.yml)",
      "overall_agreement": "EXCELLENT",
      "rao_comparisons": {
        "surge": {
          "magnitude_correlation": 1.0,
          "magnitude_rms_error": 5.599364557298192e-16,
          "phase_correlation": 1.0,
          "max_magnitude_diff": 1.140770480531938e-15,
          "max_phase_diff": 272.85124244226523
        },
        "sway": {
          "magnitude_correlation": 1.0,
          "magnitude_rms_error": 1.2888628463161294e-31,
          "phase_correlation": 1.0,
          "max_magnitude_diff": 3.944304526105059e-31,
          "max_phase_diff": 352.12724040733485
        },
        "heave": {
          "magnitude_correlation": 1.0,
          "magnitude_rms_error": 4.5757537789701625e-33,
          "phase_correlation": 1.0,
          "max_magnitude_diff": 9.623812230178055e-33,
          "max_phase_diff": 180.0
        },
        "roll": {
          "magnitude_correlation": 1.0,
          "magnitude_rms_error": 2.5642369032951343e-29,
          "phase_correlation": 1.0,
          "max_magnitude_diff": 8.474700092256304e-29,
          "max_phase_diff": 227.41950921665634
        },
        "pitch": {
          "magnitude_correlation": 1.0,
          "magnitude_rms_error": 6.867159978651744e-14,
          "phase_correlation": 1.0,
          "max_magnitude_diff": 1.9877850363320465e-13,
          "max_phase_diff": 270.0
        },
        "yaw": {
          "magnitude_correlation": 1.0,
          "magnitude_rms_error": 0.0,
          "phase_correlation": 1.0,
          "max_magnitude_diff": 0.0,
          "max_phase_diff": 0.0
        }
      },
      "added_mass_correlations": {
        "1,1": 0.9999999999673371,
        "1,2": 1.0,
        "1,3": 1.0,
        "1,4": 1.0,
        "1,5": 0.999999999959087,
        "1,6": 1.0,
        "2,1": 1.0,
        "2,2": 0.9999999999673371,
        "2,3": 1.0,
        "2,4": 0.9999999999590867,
        "2,5": 1.0,
        "2,6": 1.0,
        "3,1": 1.0,
        "3,2": 1.0,
        "3,3": 1.0,
        "3,4": 1.0,
        "3,5": 1.0,
        "3,6": 1.0,
        "4,1": 1.0,
        "4,2": 0.999999999936752,
        "4,3": 1.0,
        "4,4": 0.999999999893139,
        "4,5": 1.0,
        "4,6": 1.0,
        "5,1": 0.999999999936752,
        "5,2": 1.0,
        "5,3": 1.0,
        "5,4": 1.0,
        "5,5": 0.9999999998931385,
        "5,6": 1.0,
        "6,1": 1.0,
        "6,2": 1.0,
        "6,3": 1.0,
        "6,4": 1.0,
        "6,5": 1.0,
        "6,6": 1.0
      },
      "damping_correlations": {
        "1,1": 0.9999999961512274,
        "1,2": 1.0,
        "1,3": 1.0,
        "1,4": 1.0,
        "1,5": 0.9999999954053399,
        "1,6": 1.0,
        "2,1": 1.0,
        "2,2": 0.9999999961512562,
        "2,3": 1.0,
        "2,4": 0.9999999954053883,
        "2,5": 1.0,
        "2,6": 1.0,
        "3,1": 1.0,
        "3,2": 1.0,
        "3,3": 1.0,
        "3,4": 1.0,
        "3,5": 1.0,
        "3,6": 1.0,
        "4,1": 1.0,
        "4,2": 0.9999999957185524,
        "4,3": 1.0,
        "4,4": 0.9999999958729195,
        "4,5": 1.0,
        "4,6": 1.0,
        "5,1": 0.9999999957185142,
        "5,2": 1.0,
        "5,3": 1.0,
        "5,4": 1.0,
        "5,5": 0.9999999958728756,
        "5,6": 1.0,
        "6,1": 1.0,
        "6,2": 1.0,
        "6,3": 1.0,
        "6,4": 1.0,
        "6,5": 1.0,
        "6,6": 1.0
      }
    }
  },
  "consensus_by_dof": {
    "SURGE": {
      "consensus_level": "FULL",
      "mean_pairwise_correlation": 1.0,
      "outlier_solver": null,
      "agreement_pairs": [
        [
          "OrcaWave (.owd)",
          "OrcaWave (spec.yml)"
        ]
      ]
    },
    "SWAY": {
      "consensus_level": "FULL",
      "mean_pairwise_correlation": 1.0,
      "outlier_solver": null,
      "agreement_pairs": [
        [
          "OrcaWave (.owd)",
          "OrcaWave (spec.yml)"
        ]
      ]
    },
    "HEAVE": {
      "consensus_level": "FULL",
      "mean_pairwise_correlation": 1.0,
      "outlier_solver": null,
      "agreement_pairs": [
        [
          "OrcaWave (.owd)",
          "OrcaWave (spec.yml)"
        ]
      ]
    },
    "ROLL": {
      "consensus_level": "FULL",
      "mean_pairwise_correlation": 1.0,
      "outlier_solver": null,
      "agreement_pairs": [
        [
          "OrcaWave (.owd)",
          "OrcaWave (spec.yml)"
        ]
      ]
    },
    "PITCH": {
      "consensus_level": "FULL",
      "mean_pairwise_correlation": 1.0,
      "outlier_solver": null,
      "agreement_pairs": [
        [
          "OrcaWave (.owd)",
          "OrcaWave (spec.yml)"
        ]
      ]
    },
    "YAW": {
      "consensus_level": "FULL",
      "mean_pairwise_correlation": 1.0,
      "outlier_solver": null,
      "agreement_pairs": [
        [
          "OrcaWave (.owd)",
          "OrcaWave (spec.yml)"
        ]
      ]
    }
  },
  "notes": []
}