,Surge,Sway,Heave,Roll,Pitch,Yaw
Surge,5391.193006953311,0.0,0.0,0.0,125.09084809902137,0.0
Sway,0.0,6469.4316083439735,0.0,93.81813607426604,0.0,0.0
Heave,0.0,0.0,8782.386013906622,0.0,187.63627214853207,0.0
Roll,0.0,93.81813607426604,0.0,539.119300695331,0.0,0.0
Pitch,125.09084809902137,0.0,187.63627214853207,0.0,758.6789510429967,0.0
Yaw,0.0,0.0,0.0,0.0,0.0,646.9431608343973
