,Surge,Sway,Heave,Roll,Pitch,Yaw
Surge,5482.431825420877,0.0,0.0,0.0,138.9146249206148,0.0
Sway,0.0,6578.918190505053,0.0,104.18596869046111,0.0,0.0
Heave,0.0,0.0,8964.863650841755,0.0,208.37193738092222,0.0
Roll,0.0,104.18596869046111,0.0,548.2431825420878,0.0,0.0
Pitch,138.9146249206148,0.0,208.37193738092222,0.0,772.3647738131316,0.0
Yaw,0.0,0.0,0.0,0.0,0.0,657.8918190505053
