,Surge,Sway,Heave,Roll,Pitch,Yaw
Surge,5163.319284620718,0.0,0.0,0.0,80.82556145693448,0.0
Sway,0.0,6195.983141544861,0.0,60.61917109270086,0.0,0.0
Heave,0.0,0.0,8326.638569241435,0.0,121.23834218540172,0.0
Roll,0.0,60.61917109270086,0.0,516.3319284620717,0.0,0.0
Pitch,80.82556145693448,0.0,121.23834218540172,0.0,724.4978926931076,0.0
Yaw,0.0,0.0,0.0,0.0,0.0,619.598314154486
