,Surge,Sway,Heave,Roll,Pitch,Yaw
Surge,5061.39901748788,0.0,0.0,0.0,49.55765026224703,0.0
Sway,0.0,6073.678820985456,0.0,37.16823769668527,0.0,0.0
Heave,0.0,0.0,8122.79803497576,0.0,74.33647539337053,0.0
Roll,0.0,37.16823769668527,0.0,506.13990174878796,0.0,0.0
Pitch,49.55765026224703,0.0,74.33647539337053,0.0,709.209852623182,0.0
Yaw,0.0,0.0,0.0,0.0,0.0,607.3678820985456
