,Surge,Sway,Heave,Roll,Pitch,Yaw
Surge,5733.7121054494155,0.0,0.0,0.0,171.3139930594598,0.0
Sway,0.0,6880.454526539299,0.0,128.48549479459484,0.0,0.0
Heave,0.0,0.0,9467.424210898831,0.0,256.9709895891897,0.0
Roll,0.0,128.48549479459484,0.0,573.3712105449416,0.0,0.0
Pitch,171.3139930594598,0.0,256.9709895891897,0.0,810.0568158174124,0.0
Yaw,0.0,0.0,0.0,0.0,0.0,688.0454526539299
