,Surge,Sway,Heave,Roll,Pitch,Yaw
Surge,5084.086973712497,0.0,0.0,0.0,57.9955080027743,0.0
Sway,0.0,6100.904368454996,0.0,43.496631002080726,0.0,0.0
Heave,0.0,0.0,8168.173947424993,0.0,86.99326200416145,0.0
Roll,0.0,43.496631002080726,0.0,508.4086973712497,0.0,0.0
Pitch,57.9955080027743,0.0,86.99326200416145,0.0,712.6130460568745,0.0
Yaw,0.0,0.0,0.0,0.0,0.0,610.0904368454995
