,Surge,Sway,Heave,Roll,Pitch,Yaw
Surge,5574.522011943053,0.0,0.0,0.0,151.59446057729852,0.0
Sway,0.0,6689.426414331663,0.0,113.6958454329739,0.0,0.0
Heave,0.0,0.0,9149.044023886107,0.0,227.3916908659478,0.0
Roll,0.0,113.6958454329739,0.0,557.4522011943053,0.0,0.0
Pitch,151.59446057729852,0.0,227.3916908659478,0.0,786.1783017914579,0.0
Yaw,0.0,0.0,0.0,0.0,0.0,668.9426414331664
