,Surge,Sway,Heave,Roll,Pitch,Yaw
Surge,5535.745317075942,0.0,0.0,0.0,146.3892505720201,0.0
Sway,0.0,6642.8943804911305,0.0,109.79193792901508,0.0,0.0
Heave,0.0,0.0,9071.490634151884,0.0,219.58387585803015,0.0
Roll,0.0,109.79193792901508,0.0,553.5745317075942,0.0,0.0
Pitch,146.3892505720201,0.0,219.58387585803015,0.0,780.3617975613913,0.0
Yaw,0.0,0.0,0.0,0.0,0.0,664.2894380491131
