,Surge,Sway,Heave,Roll,Pitch,Yaw
Surge,5100.138122673313,0.0,0.0,0.0,63.289216355809884,0.0
Sway,0.0,6120.165747207975,0.0,47.46691226685741,0.0,0.0
Heave,0.0,0.0,8200.276245346626,0.0,94.93382453371483,0.0
Roll,0.0,47.46691226685741,0.0,510.0138122673313,0.0,0.0
Pitch,63.289216355809884,0.0,94.93382453371483,0.0,715.0207184009969,0.0
Yaw,0.0,0.0,0.0,0.0,0.0,612.0165747207975
