,Surge,Sway,Heave,Roll,Pitch,Yaw
Surge,5181.367682050015,0.0,0.0,0.0,85.17456945591576,0.0
Sway,0.0,6217.6412184600185,0.0,63.88092709193682,0.0,0.0
Heave,0.0,0.0,8362.73536410003,0.0,127.76185418387364,0.0
Roll,0.0,63.88092709193682,0.0,518.1367682050015,0.0,0.0
Pitch,85.17456945591576,0.0,127.76185418387364,0.0,727.2051523075023,0.0
Yaw,0.0,0.0,0.0,0.0,0.0,621.7641218460019
