,Surge,Sway,Heave,Roll,Pitch,Yaw
Surge,5078.411621238322,0.0,0.0,0.0,56.00415028846443,0.0
Sway,0.0,6094.093945485987,0.0,42.00311271634832,0.0,0.0
Heave,0.0,0.0,8156.823242476646,0.0,84.00622543269664,0.0
Roll,0.0,42.00311271634832,0.0,507.8411621238323,0.0,0.0
Pitch,56.00415028846443,0.0,84.00622543269664,0.0,711.7617431857484,0.0
Yaw,0.0,0.0,0.0,0.0,0.0,609.4093945485987
