,Surge,Sway,Heave,Roll,Pitch,Yaw
Surge,5157.711486214856,0.0,0.0,0.0,79.42581097221651,0.0
Sway,0.0,6189.253783457828,0.0,59.56935822916239,0.0,0.0
Heave,0.0,0.0,8315.422972429713,0.0,119.13871645832478,0.0
Roll,0.0,59.56935822916239,0.0,515.7711486214856,0.0,0.0
Pitch,79.42581097221651,0.0,119.13871645832478,0.0,723.6567229322285,0.0
Yaw,0.0,0.0,0.0,0.0,0.0,618.9253783457829
