,Surge,Sway,Heave,Roll,Pitch,Yaw
Surge,5096.699738737225,0.0,0.0,0.0,62.19316320536357,0.0
Sway,0.0,6116.03968648467,0.0,46.64487240402268,0.0,0.0
Heave,0.0,0.0,8193.39947747445,0.0,93.28974480804536,0.0
Roll,0.0,46.64487240402268,0.0,509.6699738737225,0.0,0.0
Pitch,62.19316320536357,0.0,93.28974480804536,0.0,714.5049608105837,0.0
Yaw,0.0,0.0,0.0,0.0,0.0,611.603968648467
