,Surge,Sway,Heave,Roll,Pitch,Yaw
Surge,5285.643128948677,0.0,0.0,0.0,106.89118372413637,0.0
Sway,0.0,6342.771754738413,0.0,80.16838779310228,0.0,0.0
Heave,0.0,0.0,8571.286257897355,0.0,160.33677558620457,0.0
Roll,0.0,80.16838779310228,0.0,528.5643128948677,0.0,0.0
Pitch,106.89118372413637,0.0,160.33677558620457,0.0,742.8464693423016,0.0
Yaw,0.0,0.0,0.0,0.0,0.0,634.2771754738412
