,Surge,Sway,Heave,Roll,Pitch,Yaw
Surge,5684.191060403474,0.0,0.0,0.0,165.43168504291714,0.0
Sway,0.0,6821.029272484168,0.0,124.07376378218785,0.0,0.0
Heave,0.0,0.0,9368.382120806948,0.0,248.1475275643757,0.0
Roll,0.0,124.07376378218785,0.0,568.4191060403473,0.0,0.0
Pitch,165.43168504291714,0.0,248.1475275643757,0.0,802.628659060521,0.0
Yaw,0.0,0.0,0.0,0.0,0.0,682.1029272484168
