,Surge,Sway,Heave,Roll,Pitch,Yaw
Surge,5275.835168505528,0.0,0.0,0.0,105.04002446791942,0.0
Sway,0.0,6331.002202206633,0.0,78.78001835093957,0.0,0.0
Heave,0.0,0.0,8551.670337011055,0.0,157.56003670187914,0.0
Roll,0.0,78.78001835093957,0.0,527.5835168505528,0.0,0.0
Pitch,105.04002446791942,0.0,157.56003670187914,0.0,741.3752752758292,0.0
Yaw,0.0,0.0,0.0,0.0,0.0,633.1002202206633
