,Surge,Sway,Heave,Roll,Pitch,Yaw
Surge,5087.076881476704,0.0,0.0,0.0,59.01758432084608,0.0
Sway,0.0,6104.492257772045,0.0,44.26318824063456,0.0,0.0
Heave,0.0,0.0,8174.153762953409,0.0,88.52637648126912,0.0
Roll,0.0,44.26318824063456,0.0,508.70768814767047,0.0,0.0
Pitch,59.01758432084608,0.0,88.52637648126912,0.0,713.0615322215057,0.0
Yaw,0.0,0.0,0.0,0.0,0.0,610.4492257772046
