,Surge,Sway,Heave,Roll,Pitch,Yaw
Surge,5152.296239491021,0.0,0.0,0.0,78.05030159865385,0.0
Sway,0.0,6182.755487389225,0.0,58.537726198990384,0.0,0.0
Heave,0.0,0.0,8304.592478982042,0.0,117.07545239798077,0.0
Roll,0.0,58.537726198990384,0.0,515.2296239491021,0.0,0.0
Pitch,78.05030159865385,0.0,117.07545239798077,0.0,722.8444359236531,0.0
Yaw,0.0,0.0,0.0,0.0,0.0,618.2755487389225
