,Surge,Sway,Heave,Roll,Pitch,Yaw
Surge,5119.253234714109,0.0,0.0,0.0,69.06612330632406,0.0
Sway,0.0,6143.103881656931,0.0,51.79959247974304,0.0,0.0
Heave,0.0,0.0,8238.506469428217,0.0,103.59918495948608,0.0
Roll,0.0,51.79959247974304,0.0,511.9253234714109,0.0,0.0
Pitch,69.06612330632406,0.0,103.59918495948608,0.0,717.8879852071163,0.0
Yaw,0.0,0.0,0.0,0.0,0.0,614.3103881656931
