,Surge,Sway,Heave,Roll,Pitch,Yaw
Surge,5517.349744611717,0.0,0.0,0.0,143.8540572402068,0.0
Sway,0.0,6620.819693534061,0.0,107.8905429301551,0.0,0.0
Heave,0.0,0.0,9034.699489223434,0.0,215.7810858603102,0.0
Roll,0.0,107.8905429301551,0.0,551.7349744611718,0.0,0.0
Pitch,143.8540572402068,0.0,215.7810858603102,0.0,777.6024616917576,0.0
Yaw,0.0,0.0,0.0,0.0,0.0,662.0819693534061
