,Surge,Sway,Heave,Roll,Pitch,Yaw
Surge,5090.173102359863,0.0,0.0,0.0,60.05767306843073,0.0
Sway,0.0,6108.207722831835,0.0,45.043254801323044,0.0,0.0
Heave,0.0,0.0,8180.346204719725,0.0,90.08650960264609,0.0
Roll,0.0,45.043254801323044,0.0,509.01731023598626,0.0,0.0
Pitch,60.05767306843073,0.0,90.08650960264609,0.0,713.5259653539794,0.0
Yaw,0.0,0.0,0.0,0.0,0.0,610.8207722831835
