,Surge,Sway,Heave,Roll,Pitch,Yaw
Surge,5103.698766340878,0.0,0.0,0.0,64.40458565688576,0.0
Sway,0.0,6124.438519609054,0.0,48.30343924266432,0.0,0.0
Heave,0.0,0.0,8207.397532681756,0.0,96.60687848532864,0.0
Roll,0.0,48.30343924266432,0.0,510.36987663408786,0.0,0.0
Pitch,64.40458565688576,0.0,96.60687848532864,0.0,715.5548149511318,0.0
Yaw,0.0,0.0,0.0,0.0,0.0,612.4438519609054
