,Surge,Sway,Heave,Roll,Pitch,Yaw
Surge,5111.204376361779,0.0,0.0,0.0,66.69464037290538,0.0
Sway,0.0,6133.445251634135,0.0,50.02098027967904,0.0,0.0
Heave,0.0,0.0,8222.408752723559,0.0,100.04196055935807,0.0
Roll,0.0,50.02098027967904,0.0,511.12043763617794,0.0,0.0
Pitch,66.69464037290538,0.0,100.04196055935807,0.0,716.6806564542669,0.0
Yaw,0.0,0.0,0.0,0.0,0.0,613.3445251634136
