,Surge,Sway,Heave,Roll,Pitch,Yaw
Surge,5215.988498482491,0.0,0.0,0.0,92.94912554349105,0.0
Sway,0.0,6259.18619817899,0.0,69.71184415761829,0.0,0.0
Heave,0.0,0.0,8431.976996964982,0.0,139.42368831523657,0.0
Roll,0.0,69.71184415761829,0.0,521.5988498482492,0.0,0.0
Pitch,92.94912554349105,0.0,139.42368831523657,0.0,732.3982747723737,0.0
Yaw,0.0,0.0,0.0,0.0,0.0,625.918619817899
