,Surge,Sway,Heave,Roll,Pitch,Yaw
Surge,5068.184216626874,0.0,0.0,0.0,52.2242153131569,0.0
Sway,0.0,6081.821059952249,0.0,39.168161484867674,0.0,0.0
Heave,0.0,0.0,8136.368433253749,0.0,78.33632296973535,0.0
Roll,0.0,39.168161484867674,0.0,506.8184216626874,0.0,0.0
Pitch,52.2242153131569,0.0,78.33632296973535,0.0,710.2276324940311,0.0
Yaw,0.0,0.0,0.0,0.0,0.0,608.1821059952249
