,Surge,Sway,Heave,Roll,Pitch,Yaw
Surge,5449.870650566566,0.0,0.0,0.0,134.14479498908122,0.0
Sway,0.0,6539.8447806798795,0.0,100.60859624181091,0.0,0.0
Heave,0.0,0.0,8899.741301133132,0.0,201.21719248362183,0.0
Roll,0.0,100.60859624181091,0.0,544.9870650566565,0.0,0.0
Pitch,134.14479498908122,0.0,201.21719248362183,0.0,767.4805975849849,0.0
Yaw,0.0,0.0,0.0,0.0,0.0,653.9844780679879
