,Surge,Sway,Heave,Roll,Pitch,Yaw
Surge,5132.431897477959,0.0,0.0,0.0,72.78238728647436,0.0
Sway,0.0,6158.918276973551,0.0,54.58679046485577,0.0,0.0
Heave,0.0,0.0,8264.863794955918,0.0,109.17358092971153,0.0
Roll,0.0,54.58679046485577,0.0,513.2431897477959,0.0,0.0
Pitch,72.78238728647436,0.0,109.17358092971153,0.0,719.8647846216938,0.0
Yaw,0.0,0.0,0.0,0.0,0.0,615.891827697355
