,Surge,Sway,Heave,Roll,Pitch,Yaw
Surge,5175.140166416227,0.0,0.0,0.0,83.69950212903939,0.0
Sway,0.0,6210.168199699472,0.0,62.774626596779534,0.0,0.0
Heave,0.0,0.0,8350.280332832453,0.0,125.54925319355907,0.0
Roll,0.0,62.774626596779534,0.0,517.5140166416227,0.0,0.0
Pitch,83.69950212903939,0.0,125.54925319355907,0.0,726.271024962434,0.0
Yaw,0.0,0.0,0.0,0.0,0.0,621.0168199699472
