,Surge,Sway,Heave,Roll,Pitch,Yaw
Surge,5594.950477237691,0.0,0.0,0.0,154.2660659040337,0.0
Sway,0.0,6713.94057268523,0.0,115.69954942802526,0.0,0.0
Heave,0.0,0.0,9189.900954475383,0.0,231.39909885605053,0.0
Roll,0.0,115.69954942802526,0.0,559.4950477237692,0.0,0.0
Pitch,154.2660659040337,0.0,231.39909885605053,0.0,789.2425715856538,0.0
Yaw,0.0,0.0,0.0,0.0,0.0,671.394057268523
