,Surge,Sway,Heave,Roll,Pitch,Yaw
Surge,5231.621523790436,0.0,0.0,0.0,96.25414771124123,0.0
Sway,0.0,6277.945828548523,0.0,72.19061078343093,0.0,0.0
Heave,0.0,0.0,8463.243047580872,0.0,144.38122156686185,0.0
Roll,0.0,72.19061078343093,0.0,523.1621523790436,0.0,0.0
Pitch,96.25414771124123,0.0,144.38122156686185,0.0,734.7432285685654,0.0
Yaw,0.0,0.0,0.0,0.0,0.0,627.7945828548524
