,Surge,Sway,Heave,Roll,Pitch,Yaw
Surge,5065.843015205419,0.0,0.0,0.0,51.31978768678578,0.0
Sway,0.0,6079.0116182465035,0.0,38.48984076508933,0.0,0.0
Heave,0.0,0.0,8131.686030410839,0.0,76.97968153017867,0.0
Roll,0.0,38.48984076508933,0.0,506.58430152054194,0.0,0.0
Pitch,51.31978768678578,0.0,76.97968153017867,0.0,709.8764522808129,0.0
Yaw,0.0,0.0,0.0,0.0,0.0,607.9011618246503
