,Surge,Sway,Heave,Roll,Pitch,Yaw
Surge,5708.519063581426,0.0,0.0,0.0,168.3471489014799,0.0
Sway,0.0,6850.222876297711,0.0,126.26036167610992,0.0,0.0
Heave,0.0,0.0,9417.038127162852,0.0,252.52072335221985,0.0
Roll,0.0,126.26036167610992,0.0,570.8519063581426,0.0,0.0
Pitch,168.3471489014799,0.0,252.52072335221985,0.0,806.2778595372139,0.0
Yaw,0.0,0.0,0.0,0.0,0.0,685.0222876297712
