,Surge,Sway,Heave,Roll,Pitch,Yaw
Surge,5340.168820740907,0.0,0.0,0.0,116.6479868220462,0.0
Sway,0.0,6408.202584889088,0.0,87.48599011653465,0.0,0.0
Heave,0.0,0.0,8680.337641481814,0.0,174.9719802330693,0.0
Roll,0.0,87.48599011653465,0.0,534.0168820740906,0.0,0.0
Pitch,116.6479868220462,0.0,174.9719802330693,0.0,751.025323111136,0.0
Yaw,0.0,0.0,0.0,0.0,0.0,640.8202584889088
