,Surge,Sway,Heave,Roll,Pitch,Yaw
Surge,4.915919572047125,0.0,0.0,0.0,4.227523205662151,0.0
Sway,0.0,12.963656461519339,0.0,3.3820185645297207,0.0,0.0
Heave,0.0,0.0,42.96237818810672,0.0,0.0,0.0
Roll,0.0,3.3820185645297207,0.0,5.79738549390559,0.0,0.0
Pitch,4.227523205662151,0.0,0.0,0.0,4.296237818810672,0.0
Yaw,0.0,0.0,0.0,0.0,0.0,2.776537087951664
