,Surge,Sway,Heave,Roll,Pitch,Yaw
Surge,0.03211472262449611,0.0,0.0,0.0,0.30944114097025766,0.0
Sway,0.0,0.138122663268711,0.0,0.24755291277620609,0.0,0.0
Heave,0.0,0.0,0.7465583677578144,0.0,0.0,0.0
Roll,0.0,0.24755291277620609,0.0,0.16430306193763106,0.0,0.0
Pitch,0.30944114097025766,0.0,0.0,0.0,0.07465583677578144,0.0
Yaw,0.0,0.0,0.0,0.0,0.0,0.03777982317891666
