,Surge,Sway,Heave,Roll,Pitch,Yaw
Surge,1.3714675517729606e-06,0.0,0.0,0.0,0.0009533497321161907,0.0
Sway,0.0,1.1063203656996204e-05,0.0,0.0007626797856929526,0.0,0.0
Heave,0.0,0.0,0.00011215388777741917,0.0,0.0,0.0
Roll,0.0,0.0007626797856929526,0.0,4.6294652031301274e-05,0.0,0.0
Pitch,0.0009533497321161907,0.0,0.0,0.0,1.1215388777741918e-05,0.0
Yaw,0.0,0.0,0.0,0.0,0.0,4.144223654622525e-06
