,Surge,Sway,Heave,Roll,Pitch,Yaw
Surge,0.7693629131869195,0.0,0.0,0.0,1.690198486018039,0.0
Sway,0.0,2.5020665652900362,0.0,1.3521587888144313,0.0,0.0
Heave,0.0,0.0,10.225970297995985,0.0,0.0,0.0
Roll,0.0,1.3521587888144313,0.0,1.701740206646954,0.0,0.0
Pitch,1.690198486018039,0.0,0.0,0.0,1.0225970297995985,0.0
Yaw,0.0,0.0,0.0,0.0,0.0,0.5951100143509045
