,Surge,Sway,Heave,Roll,Pitch,Yaw
Surge,8.244801527602538,0.0,0.0,0.0,5.358269080476188,0.0
Sway,0.0,20.274710478779152,0.0,4.286615264380951,0.0,0.0
Heave,0.0,0.0,62.6566501571527,0.0,0.0,0.0
Roll,0.0,4.286615264380951,0.0,7.884292882246103,0.0,0.0
Pitch,5.358269080476188,0.0,0.0,0.0,6.2656650157152685,0.0
Yaw,0.0,0.0,0.0,0.0,0.0,4.193305290315566
