,Surge,Sway,Heave,Roll,Pitch,Yaw
Surge,83.74745191479202,0.0,0.0,0.0,9.712168200632323,0.0
Sway,0.0,113.70658083778889,0.0,7.769734560505858,0.0,0.0
Heave,0.0,0.0,194.01604808147349,0.0,0.0,0.0
Roll,0.0,7.769734560505858,0.0,13.479468665067438,0.0,0.0
Pitch,9.712168200632323,0.0,0.0,0.0,19.40160480814735,0.0
Yaw,0.0,0.0,0.0,0.0,0.0,17.474597957089248
