,Surge,Sway,Heave,Roll,Pitch,Yaw
Surge,13.142693999009852,0.0,0.0,0.0,6.560861525031783,0.0
Sway,0.0,30.1377317441109,0.0,5.248689220025427,0.0,0.0
Heave,0.0,0.0,86.8509923157516,0.0,0.0,0.0
Roll,0.0,5.248689220025427,0.0,10.191123682831254,0.0,0.0
Pitch,6.560861525031783,0.0,0.0,0.0,8.68509923157516,0.0
Yaw,0.0,0.0,0.0,0.0,0.0,6.01919258886481
