,Surge,Sway,Heave,Roll,Pitch,Yaw
Surge,0.8629358649937049,0.0,0.0,0.0,0.06720551273974976,0.0
Sway,0.0,0.4891464477403943,0.0,0.05376441019179981,0.0,0.0
Heave,0.0,0.0,0.3484474927898703,0.0,0.0,0.0
Roll,0.0,0.05376441019179981,0.0,0.0101069204986282,0.0,0.0
Pitch,0.06720551273974976,0.0,0.0,0.0,0.03484474927898703,0.0
Yaw,0.0,0.0,0.0,0.0,0.0,0.0485717430884445
