,Surge,Sway,Heave,Roll,Pitch,Yaw
Surge,75.88820624809726,0.0,0.0,0.0,6.342845429948888,0.0
Sway,0.0,83.54941601818354,0.0,5.07427634395911,0.0,0.0
Heave,0.0,0.0,115.59807581038949,0.0,0.0,0.0
Roll,0.0,5.07427634395911,0.0,6.512396842962448,0.0,0.0
Pitch,6.342845429948888,0.0,0.0,0.0,11.55980758103895,0.0
Yaw,0.0,0.0,0.0,0.0,0.0,11.562255901171355
