,Surge,Sway,Heave,Roll,Pitch,Yaw
Surge,1.7353472987995523e-07,0.0,0.0,0.0,0.0002797827418396727,0.0
Sway,0.0,1.5545482566641791e-06,0.0,0.0002238261934717382,0.0,0.0
Heave,0.0,0.0,1.750088727132094e-05,0.0,0.0,0.0
Roll,0.0,0.0002238261934717382,0.0,8.02230172853083e-06,0.0,0.0
Pitch,0.0002797827418396727,0.0,0.0,0.0,1.7500887271320942e-06,0.0
Yaw,0.0,0.0,0.0,0.0,0.0,6.136598407062767e-07
