,Surge,Sway,Heave,Roll,Pitch,Yaw
Surge,2.66508410055539e-06,0.0,0.0,0.0,0.0014109866394346393,0.0
Sway,0.0,2.0760229207415022e-05,0.0,0.0011287893115477115,0.0,0.0
Heave,0.0,0.0,0.0002032316884278236,0.0,0.0,0.0
Roll,0.0,0.0011287893115477115,0.0,8.100909341858212e-05,0.0,0.0
Pitch,0.0014109866394346393,0.0,0.0,0.0,2.032316884278236e-05,0.0
Yaw,0.0,0.0,0.0,0.0,0.0,7.642005571029031e-06
