,Surge,Sway,Heave,Roll,Pitch,Yaw
Surge,3.484562358621643,0.0,0.0,0.0,0.24888854057620635,0.0
Sway,0.0,2.1934667687647385,0.0,0.1991108324609651,0.0,0.0
Heave,0.0,0.0,1.7352095644233525,0.0,0.0,0.0
Roll,0.0,0.1991108324609651,0.0,0.05589280071130963,0.0,0.0
Pitch,0.24888854057620635,0.0,0.0,0.0,0.17352095644233523,0.0
Yaw,0.0,0.0,0.0,0.0,0.0,0.2295287340032474
