,Surge,Sway,Heave,Roll,Pitch,Yaw
Surge,79.87893831304838,0.0,0.0,0.0,6.979587270474374,0.0
Sway,0.0,91.07004675288898,0.0,5.583669816379499,0.0,0.0
Heave,0.0,0.0,130.4838885092301,0.0,0.0,0.0
Roll,0.0,5.583669816379499,0.0,7.612394504290058,0.0,0.0
Pitch,6.979587270474374,0.0,0.0,0.0,13.04838885092301,0.0
Yaw,0.0,0.0,0.0,0.0,0.0,12.825130422851812
