,Surge,Sway,Heave,Roll,Pitch,Yaw
Surge,0.00011065023639254587,0.0,0.0,0.0,0.012455140259564625,0.0
Sway,0.0,0.0006989219896259678,0.0,0.0099641122076517,0.0,0.0
Heave,0.0,0.0,0.005548085156943921,0.0,0.0,0.0
Roll,0.0,0.0099641122076517,0.0,0.0017932490020266094,0.0,0.0
Pitch,0.012455140259564625,0.0,0.0,0.0,0.0005548085156943922,0.0
Yaw,0.0,0.0,0.0,0.0,0.0,0.00023167622963454908
