,Surge,Sway,Heave,Roll,Pitch,Yaw
Surge,85.26543674929835,0.0,0.0,0.0,9.268162660587029,0.0
Sway,0.0,111.79255313261584,0.0,7.4145301284696234,0.0,0.0
Heave,0.0,0.0,184.20049116683913,0.0,0.0,0.0
Roll,0.0,7.4145301284696234,0.0,12.358101522463967,0.0,0.0
Pitch,9.268162660587029,0.0,0.0,0.0,18.420049116683913,0.0
Yaw,0.0,0.0,0.0,0.0,0.0,16.88291347018076
