,Surge,Sway,Heave,Roll,Pitch,Yaw
Surge,3.7244595811598176,0.0,0.0,0.0,3.7069255223347692,0.0
Sway,0.0,10.170918044449385,0.0,2.9655404178678153,0.0,0.0
Heave,0.0,0.0,34.90559935240434,0.0,0.0,0.0
Roll,0.0,2.9655404178678153,0.0,4.8776778071468945,0.0,0.0
Pitch,3.7069255223347692,0.0,0.0,0.0,3.4905599352404333,0.0
Yaw,0.0,0.0,0.0,0.0,0.0,2.2167830519737066
