,Surge,Sway,Heave,Roll,Pitch,Yaw
Surge,12.215330145499042,0.0,0.0,0.0,0.82302056686301,0.0
Sway,0.0,8.842694184930169,0.0,0.658416453490408,0.0,0.0
Heave,0.0,0.0,8.044555597155165,0.0,0.0,0.0
Roll,0.0,0.658416453490408,0.0,0.29799060705984454,0.0,0.0
Pitch,0.82302056686301,0.0,0.0,0.0,0.8044555597155166,0.0
Yaw,0.0,0.0,0.0,0.0,0.0,0.9922906447086406
