,Surge,Sway,Heave,Roll,Pitch,Yaw
Surge,62.625237992340445,0.0,0.0,0.0,10.671435985604955,0.0
Sway,0.0,101.25911104349923,0.0,8.537148788483963,0.0,0.0
Heave,0.0,0.0,205.75807437402338,0.0,0.0,0.0
Roll,0.0,8.537148788483963,0.0,17.024043834857785,0.0,0.0
Pitch,10.671435985604955,0.0,0.0,0.0,20.57580743740234,0.0
Yaw,0.0,0.0,0.0,0.0,0.0,16.982087094653807
