,Surge,Sway,Heave,Roll,Pitch,Yaw
Surge,0.0006031038389039085,0.0,0.0,0.0,0.033070339924475674,0.0
Sway,0.0,0.003430409905176357,0.0,0.02645627193958054,0.0,0.0
Heave,0.0,0.0,0.024520989867944046,0.0,0.0,0.0
Roll,0.0,0.02645627193958054,0.0,0.007136956400358831,0.0,0.0
Pitch,0.033070339924475674,0.0,0.0,0.0,0.0024520989867944046,0.0
Yaw,0.0,0.0,0.0,0.0,0.0,0.0010790400715139795
