,Surge,Sway,Heave,Roll,Pitch,Yaw
Surge,68.1573708831112,0.0,0.0,0.0,10.66659947313796,0.0
Sway,0.0,106.4200371115051,0.0,8.533279578510367,0.0,0.0
Heave,0.0,0.0,208.81997428322813,0.0,0.0,0.0
Roll,0.0,8.533279578510367,0.0,16.684136542027726,0.0,0.0
Pitch,10.66659947313796,0.0,0.0,0.0,20.881997428322816,0.0
Yaw,0.0,0.0,0.0,0.0,0.0,17.53853392931711
