,Surge,Sway,Heave,Roll,Pitch,Yaw
Surge,8.499328471344922e-08,0.0,0.0,0.0,0.00018287019992912647,0.0
Sway,0.0,7.88454365527374e-07,0.0,0.00014629615994330117,0.0,0.0
Heave,0.0,0.0,9.19192698651223e-06,0.0,0.0,0.0
Roll,0.0,0.00014629615994330117,0.0,4.363345827979563e-06,0.0,0.0
Pitch,0.00018287019992912647,0.0,0.0,0.0,9.191926986512231e-07,0.0
Yaw,0.0,0.0,0.0,0.0,0.0,3.167284893011083e-07
