,Surge,Sway,Heave,Roll,Pitch,Yaw
Surge,6.912859240764807,0.0,0.0,0.0,0.4756683373490058,0.0
Sway,0.0,4.666473686520568,0.0,0.38053466987920465,0.0,0.0
Heave,0.0,0.0,3.9587491578933927,0.0,0.0,0.0
Roll,0.0,0.38053466987920465,0.0,0.13674460854133866,0.0,0.0
Pitch,0.4756683373490058,0.0,0.0,0.0,0.3958749157893393,0.0
Yaw,0.0,0.0,0.0,0.0,0.0,0.5056720713669927
