,Surge,Sway,Heave,Roll,Pitch,Yaw
Surge,0.020410096497276053,0.0,0.0,0.0,0.24095174613808387,0.0
Sway,0.0,0.09090336731603069,0.0,0.1927613969104671,0.0,0.0
Heave,0.0,0.0,0.5088068380893362,0.0,0.0,0.0
Roll,0.0,0.1927613969104671,0.0,0.11596020469391385,0.0,0.0
Pitch,0.24095174613808387,0.0,0.0,0.0,0.050880683808933624,0.0
Yaw,0.0,0.0,0.0,0.0,0.0,0.025302417672821285
