,Surge,Sway,Heave,Roll,Pitch,Yaw
Surge,1.501483016855351,0.0,0.0,0.0,2.374011012655306,0.0
Sway,0.0,4.553441351729326,0.0,1.8992088101242448,0.0,0.0
Heave,0.0,0.0,17.353901399193386,0.0,0.0,0.0
Roll,0.0,1.8992088101242448,0.0,2.6930075406289857,0.0,0.0
Pitch,2.374011012655306,0.0,0.0,0.0,1.7353901399193388,0.0
Yaw,0.0,0.0,0.0,0.0,0.0,1.0458369982663929
