,Surge,Sway,Heave,Roll,Pitch,Yaw
Surge,39.163240532842714,0.0,0.0,0.0,9.769358713874599,0.0
Sway,0.0,72.82155010731113,0.0,7.81548697109968,0.0,0.0
Heave,0.0,0.0,170.16854045257074,0.0,0.0,0.0
Roll,0.0,7.81548697109968,0.0,16.191299047761703,0.0,0.0
Pitch,9.769358713874599,0.0,0.0,0.0,17.016854045257073,0.0
Yaw,0.0,0.0,0.0,0.0,0.0,13.09679898534014
