,Surge,Sway,Heave,Roll,Pitch,Yaw
Surge,6.970894488054731e-07,0.0,0.0,0.0,0.0006388181106822713,0.0
Sway,0.0,5.823150627102727e-06,0.0,0.000511054488545817,0.0,0.0
Heave,0.0,0.0,6.113157629653139e-05,0.0,0.0,0.0
Roll,0.0,0.000511054488545817,0.0,2.6131012047197537e-05,0.0,0.0
Pitch,0.0006388181106822713,0.0,0.0,0.0,6.113157629653138e-06,0.0
Yaw,0.0,0.0,0.0,0.0,0.0,2.2197669172397583e-06
