,Surge,Sway,Heave,Roll,Pitch,Yaw
Surge,24.305742920950266,0.0,0.0,0.0,1.6359021624921122,0.0
Sway,0.0,19.539377800817125,0.0,1.3087217299936897,0.0,0.0
Heave,0.0,0.0,19.74015760275517,0.0,0.0,0.0
Roll,0.0,1.3087217299936897,0.0,0.8120327905524244,0.0,0.0
Pitch,1.6359021624921122,0.0,0.0,0.0,1.9740157602755168,0.0
Yaw,0.0,0.0,0.0,0.0,0.0,2.310607816779773
