,Surge,Sway,Heave,Roll,Pitch,Yaw
Surge,73.20596227258822,0.0,0.0,0.0,10.56492858879123,0.0
Sway,0.0,110.37809278873752,0.0,8.451942871032983,0.0,0.0
Heave,0.0,0.0,209.1497611837556,0.0,0.0,0.0
Roll,0.0,8.451942871032983,0.0,16.136707465509748,0.0,0.0
Pitch,10.56492858879123,0.0,0.0,0.0,20.914976118375563,0.0
Yaw,0.0,0.0,0.0,0.0,0.0,17.875808545785045
