,Surge,Sway,Heave,Roll,Pitch,Yaw
Surge,6.406880981680243,0.0,0.0,0.0,4.779976856120244,0.0
Sway,0.0,16.31530723869449,0.0,3.8239814848961946,0.0,0.0
Heave,0.0,0.0,52.21339252991982,0.0,0.0,0.0
Roll,0.0,3.8239814848961946,0.0,6.803801478729357,0.0,0.0
Pitch,4.779976856120244,0.0,0.0,0.0,5.221339252991982,0.0
Yaw,0.0,0.0,0.0,0.0,0.0,3.433872372452161
