,Surge,Sway,Heave,Roll,Pitch,Yaw
Surge,19.710910667863104,0.0,0.0,0.0,1.3217222379758644,0.0
Sway,0.0,15.301512987147603,0.0,1.0573777903806916,0.0,0.0
Heave,0.0,0.0,14.927948088633894,0.0,0.0,0.0
Roll,0.0,1.0573777903806916,0.0,0.5929921205727533,0.0,0.0
Pitch,1.3217222379758644,0.0,0.0,0.0,1.4927948088633893,0.0
Yaw,0.0,0.0,0.0,0.0,0.0,1.77812714086799
