,Surge,Sway,Heave,Roll,Pitch,Yaw
Surge,0.0010353534504803654,0.0,0.0,0.0,0.045035311484719905,0.0
Sway,0.0,0.005686806032746891,0.0,0.036028249187775925,0.0,0.0
Heave,0.0,0.0,0.039254210867702456,0.0,0.0,0.0
Roll,0.0,0.036028249187775925,0.0,0.01103283574029636,0.0,0.0
Pitch,0.045035311484719905,0.0,0.0,0.0,0.003925421086770246,0.0
Yaw,0.0,0.0,0.0,0.0,0.0,0.001757813917001654
