,Surge,Sway,Heave,Roll,Pitch,Yaw
Surge,50.83156446756869,0.0,0.0,0.0,10.395117245040067,0.0
Sway,0.0,88.13866873920573,0.0,8.316093796032053,0.0,0.0
Heave,0.0,0.0,192.0602775418776,0.0,0.0,0.0
Roll,0.0,8.316093796032053,0.0,17.040866857028927,0.0,0.0
Pitch,10.395117245040067,0.0,0.0,0.0,19.20602775418776,0.0
Yaw,0.0,0.0,0.0,0.0,0.0,15.307264429913841
