,Surge,Sway,Heave,Roll,Pitch,Yaw
Surge,2.786315734258575,0.0,0.0,0.0,3.2226827603488117,0.0
Sway,0.0,7.8795490121600364,0.0,2.5781462082790494,0.0,0.0
Heave,0.0,0.0,28.00337979069422,0.0,0.0,0.0
Roll,0.0,2.5781462082790494,0.0,4.052309477367907,0.0,0.0
Pitch,3.2226827603488117,0.0,0.0,0.0,2.8003379790694223,0.0
Yaw,0.0,0.0,0.0,0.0,0.0,1.747637967237182
