,Surge,Sway,Heave,Roll,Pitch,Yaw
Surge,33.71396546181722,0.0,0.0,0.0,9.345314883351168,0.0
Sway,0.0,64.91802239318991,0.0,7.476251906680935,0.0,0.0
Heave,0.0,0.0,157.0937043027703,0.0,0.0,0.0
Roll,0.0,7.476251906680935,0.0,15.478730733200328,0.0,0.0
Pitch,9.345314883351168,0.0,0.0,0.0,15.709370430277032,0.0
Yaw,0.0,0.0,0.0,0.0,0.0,11.881125853019977
