,Surge,Sway,Heave,Roll,Pitch,Yaw
Surge,59.670588552500114,0.0,0.0,0.0,4.4731239090105595,0.0
Sway,0.0,59.15711947935425,0.0,3.5784991272084476,0.0,0.0
Heave,0.0,0.0,73.70412108491031,0.0,0.0,0.0
Roll,0.0,3.5784991272084476,0.0,3.7390355124308012,0.0,0.0
Pitch,4.4731239090105595,0.0,0.0,0.0,7.370412108491032,0.0
Yaw,0.0,0.0,0.0,0.0,0.0,7.768639353910483
