,Surge,Sway,Heave,Roll,Pitch,Yaw
Surge,35.01672715561791,0.0,0.0,0.0,2.4035636432052296,0.0
Sway,0.0,30.187397358734067,0.0,1.9228509145641839,0.0,0.0
Heave,0.0,0.0,32.7049768471186,0.0,0.0,0.0
Roll,0.0,1.9228509145641839,0.0,1.4427300784449322,0.0,0.0
Pitch,2.4035636432052296,0.0,0.0,0.0,3.27049768471186,0.0
Yaw,0.0,0.0,0.0,0.0,0.0,3.696709503589061
