,Surge,Sway,Heave,Roll,Pitch,Yaw
Surge,40.97344744032571,0.0,0.0,0.0,2.85758599538996,0.0
Sway,0.0,36.57857394918559,0.0,2.286068796311968,0.0,0.0
Heave,0.0,0.0,41.03827422779523,0.0,0.0,0.0
Roll,0.0,2.286068796311968,0.0,1.8747116314280292,0.0,0.0
Pitch,2.85758599538996,0.0,0.0,0.0,4.103827422779522,0.0
Yaw,0.0,0.0,0.0,0.0,0.0,4.558306197527917
