,Surge,Sway,Heave,Roll,Pitch,Yaw
Surge,5.115202700681686e-06,0.0,0.0,0.0,0.0020710346844787916,0.0
Sway,0.0,3.8477773110102695e-05,0.0,0.0016568277475830333,0.0,0.0
Heave,0.0,0.0,0.0003637433531546952,0.0,0.0,0.0
Roll,0.0,0.0016568277475830333,0.0,0.0001400113580760813,0.0,0.0
Pitch,0.0020710346844787916,0.0,0.0,0.0,3.637433531546952e-05,0.0
Yaw,0.0,0.0,0.0,0.0,0.0,1.3918680409092839e-05
