damage,weighted_damage,annual_damage,fatigue_life_years,design_life_years,design_factor,passes_check
0.0023873088406671096,0.0023873088406671096,753.3773747023638,0.001327356028438031,25,5.309424113752124e-05,False
