damage,weighted_damage,annual_damage,fatigue_life_years,design_life_years,design_factor,passes_check
2.136393456476969e-05,2.136393456476969e-05,6.74194501421176,0.14832514918054635,25,0.005933005967221854,False
