damage,weighted_damage,annual_damage,fatigue_life_years,design_life_years,design_factor,passes_check
0.06855617234174526,0.06855617234174526,21634.6826429186,4.6222078525719305e-05,25,1.8488831410287722e-06,False
