damage,weighted_damage,annual_damage,fatigue_life_years,design_life_years,design_factor,passes_check
1.4906307392970191e-05,1.4906307392970191e-05,4.704072861843961,0.21258174126325238,25,0.008503269650530096,False
