damage,weighted_damage,annual_damage,fatigue_life_years,design_life_years,design_factor,passes_check
0.0020255987659112303,0.0020255987659112303,639.2303561512024,0.0015643812756656096,25,6.257525102662439e-05,False
