{
  "vessel_name": "Sphere_R5",
  "solver_names": [
    "OrcaWave (.owd)",
    "OrcaWave (spec.yml)"
  ],
  "comparison_date": "2026-02-19 21:59:46",
  "overall_consensus": "FULL",
  "pairwise_results": {
    "OrcaWave (.owd)-vs-OrcaWave (spec.yml)": {
      "solver_a": "OrcaWave (.owd)",
      "solver_b": "OrcaWave (spec.yml)",
      "overall_agreement": "EXCELLENT",
      "rao_comparisons": {
        "surge": {
          "magnitude_correlation": 0.9999999998346969,
          "magnitude_rms_error": 9.133443664118526e-06,
          "phase_correlation": 0.99999999568758,
          "max_magnitude_diff": 1.8183963900075817e-05,
          "max_phase_diff": 0.00624029551165961
        },
        "sway": {
          "magnitude_correlation": 1.0,
          "magnitude_rms_error": 6.133760564485432e-16,
          "phase_correlation": 1.0,
          "max_magnitude_diff": 1.5537842246724788e-15,
          "max_phase_diff": 228.305139599504
        },
        "heave": {
          "magnitude_correlation": 0.9999999996085069,
          "magnitude_rms_error": 1.8207973424701217e-05,
          "phase_correlation": 0.999999995922222,
          "max_magnitude_diff": 4.2302693058493546e-05,
          "max_phase_diff": 0.007218927679758735
        },
        "roll": {
          "magnitude_correlation": 1.0,
          "magnitude_rms_error": 1.0136877802919716e-16,
          "phase_correlation": 1.0,
          "max_magnitude_diff": 3.280497569182568e-16,
          "max_phase_diff": 322.53991328338145
        },
        "pitch": {
          "magnitude_correlation": 0.9999999996851994,
          "magnitude_rms_error": 1.7045706731506344e-07,
          "phase_correlation": 0.9999999997224837,
          "max_magnitude_diff": 3.451284302626381e-07,
          "max_phase_diff": 0.006212824200133582
        },
        "yaw": {
          "magnitude_correlation": 1.0,
          "magnitude_rms_error": 2.3442334276046398e-29,
          "phase_correlation": 1.0,
          "max_magnitude_diff": 4.406729450436391e-29,
          "max_phase_diff": 181.22396560748402
        }
      },
      "added_mass_correlations": {
        "1,1": 0.9999999992620984,
        "1,2": 1.0,
        "1,3": 1.0,
        "1,4": 1.0,
        "1,5": 1.0,
        "1,6": 1.0,
        "2,1": 1.0,
        "2,2": 0.9999999992620985,
        "2,3": 1.0,
        "2,4": 1.0,
        "2,5": 1.0,
        "2,6": 1.0,
        "3,1": 1.0,
        "3,2": 1.0,
        "3,3": 0.9999999998423005,
        "3,4": 1.0,
        "3,5": 1.0,
        "3,6": 1.0,
        "4,1": 1.0,
        "4,2": 0.999999996077448,
        "4,3": 1.0,
        "4,4": 1.0,
        "4,5": 1.0,
        "4,6": 1.0,
        "5,1": 0.999999996077448,
        "5,2": 1.0,
        "5,3": 1.0,
        "5,4": 1.0,
        "5,5": 1.0,
        "5,6": 1.0,
        "6,1": 1.0,
        "6,2": 1.0,
        "6,3": 1.0,
        "6,4": 1.0,
        "6,5": 1.0,
        "6,6": 1.0
      },
      "damping_correlations": {
        "1,1": 0.9999999991096055,
        "1,2": 1.0,
        "1,3": 1.0,
        "1,4": 1.0,
        "1,5": 0.9999999995730948,
        "1,6": 1.0,
        "2,1": 1.0,
        "2,2": 0.9999999991096057,
        "2,3": 1.0,
        "2,4": 0.9999999995730949,
        "2,5": 1.0,
        "2,6": 1.0,
        "3,1": 1.0,
        "3,2": 1.0,
        "3,3": 0.9999999976754576,
        "3,4": 1.0,
        "3,5": 1.0,
        "3,6": 1.0,
        "4,1": 1.0,
        "4,2": 0.99999999958007,
        "4,3": 1.0,
        "4,4": 1.0,
        "4,5": 1.0,
        "4,6": 1.0,
        "5,1": 0.9999999995800699,
        "5,2": 1.0,
        "5,3": 1.0,
        "5,4": 1.0,
        "5,5": 1.0,
        "5,6": 1.0,
        "6,1": 1.0,
        "6,2": 1.0,
        "6,3": 1.0,
        "6,4": 1.0,
        "6,5": 1.0,
        "6,6": 1.0
      }
    }
  },
  "consensus_by_dof": {
    "SURGE": {
      "consensus_level": "FULL",
      "mean_pairwise_correlation": 0.9999999998346969,
      "outlier_solver": null,
      "agreement_pairs": [
        [
          "OrcaWave (.owd)",
          "OrcaWave (spec.yml)"
        ]
      ]
    },
    "SWAY": {
      "consensus_level": "FULL",
      "mean_pairwise_correlation": 1.0,
      "outlier_solver": null,
      "agreement_pairs": [
        [
          "OrcaWave (.owd)",
          "OrcaWave (spec.yml)"
        ]
      ]
    },
    "HEAVE": {
      "consensus_level": "FULL",
      "mean_pairwise_correlation": 0.9999999996085069,
      "outlier_solver": null,
      "agreement_pairs": [
        [
          "OrcaWave (.owd)",
          "OrcaWave (spec.yml)"
        ]
      ]
    },
    "ROLL": {
      "consensus_level": "FULL",
      "mean_pairwise_correlation": 1.0,
      "outlier_solver": null,
      "agreement_pairs": [
        [
          "OrcaWave (.owd)",
          "OrcaWave (spec.yml)"
        ]
      ]
    },
    "PITCH": {
      "consensus_level": "FULL",
      "mean_pairwise_correlation": 0.9999999996851994,
      "outlier_solver": null,
      "agreement_pairs": [
        [
          "OrcaWave (.owd)",
          "OrcaWave (spec.yml)"
        ]
      ]
    },
    "YAW": {
      "consensus_level": "FULL",
      "mean_pairwise_correlation": 1.0,
      "outlier_solver": null,
      "agreement_pairs": [
        [
          "OrcaWave (.owd)",
          "OrcaWave (spec.yml)"
        ]
      ]
    }
  },
  "notes": []
}