node,phi_deg,contour,K1_MPa_sqrt_m,K2_MPa_sqrt_m,K3_MPa_sqrt_m,J_N_per_mm
1,0.0,1,1.2198796290375706,0.35206908046800633,9.862562093405595e-12,0.009606321815
1,0.0,2,1.3279666798064778,0.3785108594595285,-2.1542969878354266e-11,0.00958696065
1,0.0,3,1.3283978775527019,0.38000778240833366,-7.07394792107183e-12,0.009592734983
1,0.0,4,1.328459462593906,0.3800807475381533,4.984663829032864e-11,0.009593566815
1,0.0,5,1.328474229165668,0.38012376874458104,4.3216716552563316e-11,0.009593768332
1,0.0,6,1.3284784681988715,0.3801545218948262,3.298299988447135e-11,0.009593828473
2,1.40624999,1,1.2191720216607154,0.35210001418430587,0.00163833307974738,0.009596161792
2,1.40624999,2,1.3271926041992554,0.3785442540603031,0.0018095508282138983,0.00957682134
2,1.40624999,3,1.3276235780562216,0.3800412959107483,0.0018102761557298504,0.009582589334
2,1.40624999,4,1.327685124833866,0.3801141864108152,0.0018123570024192108,0.009583420213
2,1.40624999,5,1.3276998806538836,0.380157144055462,0.0018137192085449596,0.009583621469
2,1.40624999,6,1.3277041165248094,0.38018783269524287,0.0018146536059374526,0.009583681488
3,2.81250001,1,1.2170505223108947,0.3521938870291035,0.0032737464867170353,0.009565737483
3,2.81250001,2,1.324871920569087,0.3786446013523822,0.003615916832360367,0.009546460491
3,2.81250001,3,1.3253022180148615,0.38014194804639384,0.0036173540243113604,0.0095522094
3,2.81250001,4,1.3253636490531435,0.3802146241440354,0.0036215027523516744,0.00955303744
3,2.81250001,5,1.3253783748315235,0.38025738509501167,0.003624215474295118,0.009553237887
3,2.81250001,6,1.32538259931825,0.3802878802033997,0.00362607371402973,0.009553297567
4,4.218749983,1,1.2135199619996897,0.35234912482058,0.004903320516508465,0.009515220118
4,4.218749983,2,1.3210094188179444,0.37881206672288725,0.005415901353547832,0.009496048493
4,4.218749983,3,1.3214385911253272,0.38030990862958053,0.005418021388763097,0.00950176576
4,4.218749983,4,1.3214998321107219,0.38038222580870756,0.0054242112468664986,0.009502589051
4,4.218749983,5,1.3215145072926595,0.3804246790700676,0.00542825392792548,0.009502788185
4,4.218749983,6,1.3215187140706308,0.38045484941254,0.005431014770248078,0.009502847291
5,5.625000018,1,1.2085877534221643,0.3525674627004875,0.006524140716631906,0.009444893843
5,5.625000018,2,1.3156129296939971,0.3790470514648534,0.007206325879298848,0.009425868145
5,5.625000018,3,1.3160405300331552,0.38054559096999846,0.007209089754245722,0.009431541255
5,5.625000018,4,1.3161015031736318,0.3806174006035611,0.007217279594855297,0.009432357946
5,5.625000018,5,1.316116108785461,0.3806594168381485,0.007222618854026835,0.009432555238
5,5.625000018,6,1.3161202896327555,0.38068913529114323,0.0072262507868405355,0.009432613547
6,7.031249978,1,1.202263182606667,0.35284767275641055,0.00813335538304075,0.009355154015
6,7.031249978,2,1.3086934734186633,0.3793500824137388,0.008984087042023773,0.009336313064
6,7.031249978,3,1.3091190562246742,0.3808495468850995,0.00898744600702985,0.009341929876
6,7.031249978,4,1.3091796875229358,0.38092069718377,0.008997578757358387,0.009342738134
6,7.031249978,5,1.3091942033260795,0.3809621609684501,0.009004172400371662,0.009342933096
6,7.031249978,6,1.3091983528668252,0.38099129882726646,0.009008632011928747,0.009342990389
7,8.437499986,1,1.1945601958301348,0.353190457962673,0.009727997641536007,0.009246501018
7,8.437499986,2,1.3002652476699537,0.37972187076578934,0.010745935484422518,0.009227884792
7,8.437499986,3,1.3006883702239451,0.3812224616404525,0.010749824273239166,0.009233433411
7,8.437499986,4,1.3007485828366447,0.3812928276942633,0.010761836899606067,0.009234231466
7,8.437499986,5,1.300762989224981,0.38133361854625736,0.010769631841305995,0.009234423596
7,8.437499986,6,1.300767098921028,0.3813620616526717,0.010774869717855748,0.009234479663
8,9.843749985,1,1.185494105473454,0.3535947795110635,0.011305217603218445,0.009119542721
8,9.843749985,2,1.2903455232273098,0.38016320139832005,0.012488744286261426,0.009101189042
8,9.843749985,3,1.2907657617840747,0.38166513782212763,0.012493087174987797,0.009106658139
8,9.843749985,4,1.2908254848761924,0.3817346038917164,0.012506906312551344,0.00910744431
8,9.843749985,5,1.2908397619273726,0.38177460796902857,0.012515838804582577,0.009107633111
8,9.843749985,6,1.2908438254541659,0.38180224216481745,0.012521794828064398,0.009107687733
9,11.25,1,1.1750838459903423,0.3540619427898002,0.012862144103384736,0.008974987028
9,11.25,2,1.2789546743294673,0.3806751048976206,0.014209389158321862,0.008956932096
9,11.25,3,1.2793715962894225,0.3821786003243146,0.014214103703217079,0.008962310651
9,11.25,4,1.2794307552312056,0.3822470320128807,0.014229638038047557,0.008963083273
9,11.25,5,1.2794448852364746,0.3822861427467539,0.014239636815320745,0.008963268319
9,11.25,6,1.2794488956370034,0.3823128538736938,0.01424624072941186,0.008963321292
10,12.656250009,1,1.1633515726143147,0.35459163378471137,0.014395926522649507,0.008813638105
10,12.656250009,2,1.2661167020314124,0.38158468315389765,0.015893290375179735,0.008795916397
10,12.656250009,3,1.2665289767081183,0.38276119432711386,0.015823640292654005,0.008801193961
10,12.656250009,4,1.266587500664547,0.3828284765277504,0.015840790823324707,0.008801951479
10,12.656250009,5,1.2666014640177834,0.38286658956302183,0.015851775209812183,0.008802132313
10,12.656250009,6,1.2666054146512644,0.38289226346288924,0.015858945475183125,0.008802183434
11,14.062499987,1,1.1503206893623343,0.35518319221222167,0.015903705210162395,0.008636390949
11,14.062499987,2,1.2518575458643353,0.38224233603055535,0.01755935384151035,0.008619035184
11,14.062499987,3,1.2522653655242735,0.3834194847189478,0.017490933379030002,0.00862420186
11,14.062499987,4,1.2523231839765563,0.3834854928379151,0.017509585318024146,0.008624942797
11,14.062499987,5,1.2523369623365497,0.3835225041356497,0.017521461925342048,0.008625118991
11,14.062499987,6,1.2523408468784272,0.38354705605940326,0.01752911986136235,0.00862516808
12,15.468750006,1,1.136018158762415,0.35583729796202784,0.017382620451827473,0.008444224223
12,15.468750006,2,1.2362069843645065,0.38297457249073913,0.019193930363713897,0.008427264831
12,15.468750006,3,1.2366099423387698,0.38415245988719304,0.01912659581157066,0.008432311444
12,15.468750006,4,1.2366669872979372,0.3842171019022111,0.019146637245881847,0.008433034402
12,15.468750006,5,1.23668056327216,0.3842529178589902,0.01915930886245263,0.00843320557
12,15.468750006,6,1.236684375714107,0.38427625230584456,0.019167361305260148,0.008433252454
13,16.874999979,1,1.1204758945207027,0.3565536053971819,0.018829863120504553,0.008238195118
13,16.874999979,2,1.2191977739850686,0.3837829436316414,0.020793909108063183,0.008221660449
13,16.874999979,3,1.2195954468446788,0.38496172532021755,0.020727528213480756,0.008226578283
13,16.874999979,4,1.2196516506379884,0.38502489339761825,0.020748825416711296,0.008227282017
13,16.874999979,5,1.2196650068339139,0.38505944317842217,0.020762196415258508,0.008227447809
13,16.874999979,6,1.2196687402189195,0.38508147318574176,0.020770544508891313,0.008227492305
14,18.281250008,1,1.1037259011007132,0.3573318479376769,0.020242584585880914,0.008019431259
14,18.281250008,2,1.2008655320917643,0.3846691703647647,0.02235617190750912,0.008003347565
14,18.281250008,3,1.2012575400471737,0.38584900034838526,0.02229059891478559,0.008008128803
14,18.281250008,4,1.2013128384803893,0.38591060341457195,0.0223130137428359,0.008008812101
14,18.281250008,5,1.2013259578217181,0.3859438174492922,0.02232698071688006,0.0080089722
14,18.281250008,6,1.2013296064576824,0.3859644709171463,0.0223355246155833,0.008009014151
15,19.687499998,1,1.0858025872456667,0.35817361051707614,0.021617971799592062,0.007789124227
15,19.687499998,2,1.1812489915262854,0.3859688332791785,0.023865454112584644,0.007773513855
15,19.687499998,3,1.1816348675090842,0.38682243763973184,0.023897777589832546,0.007778151457
15,19.687499998,4,1.1816891957555138,0.3868824010649517,0.023921172654387396,0.007778813257
15,19.687499998,5,1.181702061798402,0.3869142097834798,0.02393562380792638,0.007778967376
15,19.687499998,6,1.1817056196769973,0.386933410184749,0.023944251623991893,0.007779006611
16,21.093750012,1,1.0672838161909828,0.35923683530671113,0.022893276150882096,0.007548517502
16,21.093750012,2,1.1603930711778845,0.38701794893457714,0.02526164466081276,0.00753340196
16,21.093750012,3,1.1607722807631478,0.3878716083187618,0.025295123972681393,0.007537889669
16,21.093750012,4,1.1608255787395154,0.3879298625329063,0.02531935309113139,0.007538529042
16,21.093750012,5,1.1608381750401193,0.3879602045870556,0.02533417230532952,0.007538676877
16,21.093750012,6,1.1608416374179293,0.38797790259020853,0.02534278076509347,0.007538713294
17,22.5,1,1.0476625445418968,0.36036806045023934,0.02426785270522823,0.007298902913
17,22.5,2,1.138331669081939,0.38815319839265566,0.02677354141808404,0.00728430012
17,22.5,3,1.138703849872647,0.389007000079335,0.026807977584576204,0.007288632465
17,22.5,4,1.1387560578119054,0.38906348721272305,0.02683289365725143,0.007289248607
17,22.5,5,1.1387683685588363,0.3890922987244848,0.026847951405215745,0.007289389925
17,22.5,6,1.138771728795078,0.3891084481602675,0.026856434208714593,0.007289423386
18,23.906249992,1,1.0264415673819003,0.36140024780086755,0.025515392106872654,0.007041609313
18,23.906249992,2,1.1151226539709471,0.3893720749159129,0.028153221091679715,0.007027534078
18,23.906249992,3,1.1154874359806137,0.3902261027054449,0.02818840728086276,0.007031706469
18,23.906249992,4,1.1155384985429035,0.3902807765888226,0.028213859868728087,0.007032298707
18,23.906249992,5,1.11555050982214,0.3903080253029647,0.02822904548338959,0.007032433308
18,23.906249992,6,1.115553763173397,0.39032258095080674,0.028237285423964135,0.007032463691
19,25.312500017,1,1.0042152945642702,0.3624967542979648,0.02671431284610911,0.006777990406
19,25.312500017,2,1.0908123687077906,0.390678946242253,0.029479754407472306,0.00676445637
19,25.312500017,3,1.0911694161025283,0.39153332725819967,0.029515493773886445,0.006768464985
19,25.312500017,4,1.091219278896674,0.391586142038541,0.02954132348866097,0.006769032748
19,25.312500017,5,1.0912309758455112,0.39161179032395926,0.029556512233977355,0.006769160462
19,25.312500017,6,1.091234116619683,0.39162472530450043,0.029564402265366527,0.006769187675
20,26.718749991,1,0.9810329308131703,0.36365885497188355,0.02786163201915314,0.006509421553
20,26.718749991,2,1.0654535234014206,0.39207601869279957,0.030749901102872273,0.006496437647
20,26.718749991,3,1.0658025142613632,0.39293084685480734,0.030785967780835626,0.006500279628
20,26.718749991,4,1.0658511235286445,0.392981763636097,0.03081201162924191,0.00650082245
20,26.718749991,5,1.0658624922330604,0.3930057937840366,0.030827090969238087,0.006500943168
20,26.718749991,6,1.065865516319187,0.39301708374773897,0.03083451756567388,0.006500967113
21,28.124999994,1,0.9569443139407532,0.364885367130779,0.02895453857936202,0.006237284905
21,28.124999994,2,1.0391013383767942,0.39356536577301426,0.03196055816762735,0.006224856922
21,28.124999994,3,1.0394419707044253,0.39442078749453885,0.03199675872061544,0.006228530277
21,28.124999994,4,1.0394892764808552,0.39446979647371616,0.032022870311333766,0.006229047871
21,28.124999994,5,1.0395003042917395,0.39449218666446123,0.032037714105916146,0.006229161467
21,28.124999994,6,1.0395032059977203,0.3945018309788692,0.03204458092860965,0.006229182089
22,29.531249996,1,0.9320026872159828,0.36617849045499157,0.02999018602779816,0.005962958456
22,29.531249996,2,1.0118136675037042,0.3951490157677884,0.033108535318946405,0.005951090763
22,29.531249996,3,1.0121456582751736,0.3960051708215024,0.03314465861749127,0.005954594357
22,29.531249996,4,1.0121916131265865,0.3960522628279621,0.033170686218114934,0.00595508654
22,29.531249996,5,1.012202288027284,0.39607300831809605,0.033185180517770314,0.00595519297
22,29.531249996,6,1.012205063874614,0.3960809965476934,0.033191374565891614,0.005955210194
23,30.937499996,1,0.9062636871195566,0.3675379387583929,0.030965719412755804,0.005687811018
23,30.937499996,2,0.9836508204767742,0.39682891505902174,0.034190700791986425,0.005676504879
23,30.937499996,3,0.9839738980524306,0.39768594416628106,0.034226533002872664,0.005679838338
23,30.937499996,4,0.9840184592880789,0.3977311229947563,0.03425232906152605,0.005680305059
23,30.937499996,5,0.9840287686294789,0.3977502354847066,0.03426637125034436,0.005680404301
23,30.937499996,6,0.9840314138747416,0.39775656952685995,0.034271785607285776,0.005680418065
24,32.343750001,1,0.8804669571146221,0.3691453194334123,0.03190690848273821,0.00541318982
24,32.343750001,2,0.9546749983488965,0.3986083701242359,0.03520603320268595,0.005402443132
24,32.343750001,3,0.9549889239767767,0.39946646080810566,0.03524138958565266,0.005405607046
24,32.343750001,4,0.9550320501708228,0.39950972898841863,0.03526679817042435,0.005406048393
24,32.343750001,5,0.9550419825687256,0.39952721575142386,0.035280277537064704,0.005406140446
24,32.343750001,6,0.9550444924685044,0.39953192311794883,0.03528483011009816,0.005406150733
25,33.750000002,1,0.8532865228717215,0.3706445590668313,0.032754535189830486,0.005140410121
25,33.750000002,2,0.9249518101595977,0.4004856701712165,0.03614715090954839,0.005130217796
25,33.750000002,3,0.9252563555232547,0.40134499509205707,0.03618183695289671,0.00513321354
25,33.750000002,4,0.9252980080959111,0.4013863908877675,0.036206741691968795,0.005133629728
25,33.750000002,5,0.925307553747256,0.40140226394048273,0.036219545374741494,0.005133714622
25,33.750000002,6,0.9253099248230456,0.40140537277565047,0.0362231523951318,0.00513372142
26,35.156250008,1,0.8254857126812214,0.37221142021327985,0.033533441302669685,0.004870745836
26,35.156250008,2,0.8945478964833773,0.40246370172701196,0.03701295113148533,0.004861101448
26,35.156250008,3,0.894842854453624,0.4033244841416261,0.037046827916357626,0.0048639312
26,35.156250008,4,0.89488299672247,0.4033640312698164,0.03707108514745602,0.004864322535
26,35.156250008,5,0.8948921458241964,0.4033783241323848,0.03708312438122716,0.004864400348
26,35.156250008,6,0.8948943739650357,0.4033798717510717,0.037085708594531044,0.004864403653
27,36.562500017,1,0.7971294022504589,0.37384777146262727,0.03424097664283993,0.0046054219
27,36.562500017,2,0.8635322971147951,0.4045433397938507,0.03780045364316149,0.004596315643
27,36.562500017,3,0.8638174833308441,0.4054057627981149,0.03783332396992288,0.004598982293
27,36.562500017,4,0.863856084938014,0.4054434922491062,0.03785679645019713,0.004599349196
27,36.562500017,5,0.8638648273708334,0.40545625267192054,0.037867998534203286,0.004599420061
27,36.562500017,6,0.8638669084657615,0.4054562744916363,0.03786947914422656,0.004599419872
28,37.968749978,1,0.7682816308643299,0.3755522403863691,0.03487439872504044,0.004345603521
28,37.968749978,2,0.8319758654146493,0.40672498977572885,0.038506550905942995,0.004337023816
28,37.968749978,3,0.8322511274547175,0.4075892712505739,0.03853826146737252,0.004339531009
28,37.968749978,4,0.8322881570936627,0.4076252484835137,0.03856085609936831,0.004339874058
28,37.968749978,5,0.8322964849518806,0.4076365099867171,0.03857112822076016,0.004339938084
28,37.968749978,6,0.8322984158386199,0.4076350610310932,0.03857144865435547,0.004339934424
29,39.37500002,1,0.739009393272432,0.377325201714408,0.03543099652863315,0.004092390996
29,39.37500002,2,0.7999512714722541,0.4090086915173449,0.03912826199879349,0.004084322607
29,39.37500002,3,0.8002164537522805,0.4098750575656236,0.03915867504607628,0.004086674738
29,39.37500002,4,0.8002518864410072,0.40990934550983726,0.039180292534275074,0.004086994571
29,39.37500002,5,0.8002597924513855,0.4099191507841781,0.039189550576466864,0.004087051914
29,39.37500002,6,0.8002615693352026,0.4099162999908675,0.03918867355038059,0.004087044847
30,40.781250003,1,0.7070005591732117,0.37353081953502626,0.0365734059209215,0.003846806626
30,40.781250003,2,0.7675313526614116,0.41139743463599876,0.039671290342455305,0.003839233068
30,40.781250003,3,0.7677863460828169,0.4122661319153685,0.03970028637311857,0.003841434988
30,40.781250003,4,0.7678201584204706,0.4122987846458041,0.03972081568995173,0.003841732341
30,40.781250003,5,0.7678276349935425,0.41230720231270773,0.03972901446399569,0.00384178321
30,40.781250003,6,0.7678292553446155,0.4123030085000748,0.039726890931301335,0.003841772771
31,42.187500001,1,0.676843252241814,0.376202854349183,0.036981531151749986,0.003609791236
31,42.187500001,2,0.7347947371187753,0.41388257725930067,0.04011588378145305,0.003602695032
31,42.187500001,3,0.735039442386041,0.41475382270200906,0.04014332773461793,0.00360475236
31,42.187500001,4,0.7350716147665001,0.41478492148920243,0.04016269605283093,0.003605028063
31,42.187500001,5,0.7350786562101659,0.41479201226439977,0.04016978110430575,0.003605072674
31,42.187500001,6,0.7350801162337616,0.41478654468632536,0.040166378588411746,0.003605058927
32,43.593750007,1,0.6464694333296298,0.37895195892956224,0.03730403183309298,0.003382198667
32,43.593750007,2,0.7018169178989262,0.41646600568587505,0.040467813757121524,0.003375559227
32,43.593750007,3,0.7020512641770328,0.4173400570175512,0.04049361686765409,0.003377478048
32,43.593750007,4,0.7020817817375923,0.41736967143161097,0.040511739090355096,0.003377733004
32,43.593750007,5,0.7020883823597523,0.4173755080474883,0.04051767468552324,0.003377771608
32,43.593750007,6,0.7020896798422762,0.417368849555647,0.0405129843636749,0.003377754645
33,45.0,1,0.6160952264059767,0.38186417853506954,0.03748518629249282,0.00316478736
33,45.0,2,0.6686837517890214,0.4194937142013538,0.04058106684191893,0.003158583041
33,45.0,3,0.6689006388159384,0.4200133618024163,0.04059757835849373,0.003160369924
33,45.0,4,0.6689294876425765,0.42004158007088904,0.04061439775442153,0.003160605116
33,45.0,5,0.6689356430160421,0.42004623747342695,0.04061915834207948,0.00316063798
33,45.0,6,0.6689367747952166,0.42003846238134385,0.04061316465587072,0.003160617876
34,46.406249993,1,0.5856726850169711,0.38554260631720827,0.03770983187278072,0.002958215799
34,46.406249993,2,0.6354575644356928,0.4222611109768583,0.04073535696202622,0.002952423666
34,46.406249993,3,0.6356634597016909,0.4227817208590128,0.04074996801297282,0.002954085619
34,46.406249993,4,0.6356906325211692,0.4228086286796232,0.04076543344809764,0.002954302087
34,46.406249993,5,0.6356963385349792,0.42281218244725766,0.040768996196600696,0.002954329496
34,46.406249993,6,0.6356973030296655,0.4228033761364296,0.04076170585006016,0.002954306359
35,47.812499999,1,0.5550637156594714,0.3885203072062246,0.03776314888606001,0.002763041026
35,47.812499999,2,0.602234941285515,0.42549095322905833,0.04083567215698703,0.00275763693
35,47.812499999,3,0.6024245293180751,0.42565235588083333,0.040874960705733064,0.002759181225
35,47.812499999,4,0.6024500204382938,0.42567806298461613,0.040889060479627565,0.002759380109
35,47.812499999,5,0.6024552748788539,0.4256805915418332,0.040891416376484385,0.002759402359
35,47.812499999,6,0.6024560692430021,0.42567084761567897,0.04088285764037436,0.002759376318
36,49.218749997,1,0.524556601368039,0.3922548296830938,0.03772863955078735,0.00257971293
36,49.218749997,2,0.5690841758355204,0.42844819829257436,0.040887113180667206,0.002574671544
36,49.218749997,3,0.5692622215546209,0.42860865668824005,0.04092432465057771,0.002576105824
36,49.218749997,4,0.569286029394441,0.42863325920843615,0.04093703476155444,0.00257628826
36,49.218749997,5,0.569290829731929,0.428634846039366,0.040938186399832724,0.002576305659
36,49.218749997,6,0.5692914530168558,0.4286242599986708,0.04092839801205454,0.002576276849
37,50.62499998,1,0.4941763513317774,0.39534435123999584,0.03759351302303733,0.002408572375
37,50.62499998,2,0.5360905857045246,0.43147111216266476,0.040743450084373564,0.002403868203
37,50.62499998,3,0.5362571178868921,0.4316308233121194,0.04077849729145345,0.002405200299
37,50.62499998,4,0.5362792456085914,0.4316544132710087,0.04078980158027358,0.00240536745
37,50.62499998,5,0.5362835915267797,0.43165514755188134,0.040789773594116285,0.002405380345
37,50.62499998,6,0.536284041202663,0.43164380699173643,0.04077879517800904,0.002405348899
38,52.031250022,1,0.4640221937127014,0.39847700278567716,0.03736234122898271,0.002249852441
38,52.031250022,2,0.5033355242800687,0.43456332481785565,0.040495787012321156,0.002245459038
38,52.031250022,3,0.5034906137607229,0.43472248952573056,0.04052862593766539,0.002246696846
38,52.031250022,4,0.503511067056401,0.4347451753894368,0.04053853869782394,0.002246849935
38,52.031250022,5,0.5035149579228341,0.43474514977498774,0.04053736966701853,0.002246858685
38,52.031250022,6,0.5035152339896739,0.434733141341801,0.0405252465063983,0.00224682473
39,53.437499983,1,0.43416815110628043,0.4016444349584316,0.037034273326196215,0.002103677009
39,53.437499983,2,0.470900075523637,0.43771670604228263,0.04014321990094971,0.00209956758
39,53.437499983,3,0.47104379819724174,0.4378755529412527,0.0401738633834056,0.002100719242
39,53.437499983,4,0.4710625887673262,0.43789742641582813,0.040182386670383055,0.002100859451
39,53.437499983,5,0.47106602679559834,0.43789672407395974,0.04018010894502999,0.002100864391
39,53.437499983,6,0.4710661270398002,0.4378841476957053,0.04016692199420487,0.002100828103
40,54.843749992,1,0.4046886110348257,0.4048380628068674,0.036608866753919334,0.001970060725
40,54.843749992,2,0.4388651292328657,0.44092206973557085,0.03968520417442339,0.001966208785
40,54.843749992,3,0.4389976087444775,0.44108079077589,0.03971363975461694,0.001967282344
40,54.843749992,4,0.43901474987053446,0.4411019483108031,0.039720796052207456,0.001967410886
40,54.843749992,5,0.43901773664178445,0.4411006533581013,0.03971745668699832,0.001967412364
40,54.843749992,6,0.43901766201203163,0.4410876001083756,0.03970328835492415,0.00196737391
41,56.249999998,1,0.37565730484803384,0.40804813007194723,0.03608588785145574,0.001848913451
41,56.249999998,2,0.4073112324144924,0.4441693421460059,0.039121448175873576,0.001845292803
41,56.249999998,3,0.40743261011792264,0.4443281330726614,0.03914769141221089,0.001846296235
41,56.249999998,4,0.40744812140607356,0.4443486847151748,0.039153539127682845,0.00184641435
41,56.249999998,5,0.4074506603988069,0.4443468819006808,0.03914919675124545,0.001846412712
41,56.249999998,6,0.40745041026264395,0.4443334434855361,0.03913413994563988,0.001846372259
42,57.656249999,1,0.34714736654135153,0.41126475431975557,0.03546552752550778,0.001740042607
42,57.656249999,2,0.37631817281238855,0.447447439490389,0.038452113118215385,0.001736627179
42,57.656249999,3,0.3764286242140474,0.44760648940758485,0.038476204867323824,0.001737568375
42,57.656249999,4,0.3764425281164636,0.4476265357181282,0.038480800700315676,0.001737677259
42,57.656249999,5,0.376444623757869,0.4476243085259721,0.03847552782367678,0.001737672854
42,57.656249999,6,0.3764441987477515,0.44761057095936085,0.038459681903303886,0.001737630568
43,59.062500004,1,0.319230920078741,0.41447707249407395,0.03474835153917164,0.00164315671
43,59.062500004,2,0.3459649042778067,0.4507443580789499,0.03767779581811163,0.001639921153
43,59.062500004,3,0.3460646251226813,0.45090383774967974,0.037699772382938736,0.001640807785
43,59.062500004,4,0.34607694851872295,0.45092346885316636,0.03770317432962277,0.001640908596
43,59.062500004,5,0.3460786065009002,0.4509208979214286,0.037697050926784395,0.001640901776
43,59.062500004,6,0.3460780081979669,0.4509069399440644,0.037680521574963585,0.001640857821
44,60.468750004,1,0.2919795892150839,0.41767416050672546,0.03393531322429353,0.001557871621
44,60.468750004,2,0.31632940320197456,0.45404722839029504,0.036799396987108254,0.001554791616
44,60.468750004,3,0.31641862781483954,0.45420730288545275,0.03681932515495821,0.001555631132
44,60.468750004,4,0.3164294023272832,0.45422660163355727,0.03682159061067396,0.001555724972
44,60.468750004,5,0.3164306302396987,0.45422377360864574,0.03681471913943229,0.001555716101
44,60.468750004,6,0.3164298592764051,0.4542096742774701,0.03679762399289253,0.001555670649
45,61.875000006,1,0.2654635734786494,0.42084441153378616,0.03302769978599501,0.00148371764
45,61.875000006,2,0.2874882504313656,0.4573424140506982,0.03581827909253514,0.001480769424
45,61.875000006,3,0.2875672294859711,0.45750322662146176,0.035836218124491295,0.00148156891
45,61.875000006,4,0.28757649106991384,0.4575222897798805,0.03583744632151172,0.001481656907
45,61.875000006,5,0.28757729605931504,0.45751927012094284,0.03582990909595427,0.001481646292
45,61.875000006,6,0.28757635515521995,0.4575050993222921,0.03581236522221452,0.001481599497
46,63.281250009,1,0.2397503142275087,0.4239743868438837,0.0320270780063656,0.001420145216
46,63.281250009,2,0.2595164384320075,0.46061560195901385,0.0347361572905496,0.001417306696
46,63.281250009,3,0.2595854604861899,0.46077729206182816,0.034752201264372354,0.001418072912
46,63.281250009,4,0.2595932490495758,0.4607962050120581,0.03475249020168216,0.001418156105
46,63.281250009,5,0.25959364148823344,0.460793058862014,0.034744382501234815,0.00141814404
46,63.281250009,6,0.2595925332047819,0.4607788893282743,0.034726531981430366,0.001418096082
47,64.687499983,1,0.21473897170808284,0.4273487872434463,0.03090152723173487,0.001366533866
47,64.687499983,2,0.2324856931003504,0.4638503656639364,0.03348903179310356,0.001363784026
47,64.687499983,3,0.2325450708717476,0.46401305156798583,0.03350328047865308,0.001364523342
47,64.687499983,4,0.23255143027536776,0.4640318785042634,0.03350270627227554,0.001364602667
47,64.687499983,5,0.23255142037743867,0.46402866910866614,0.033494133811880475,0.001364589452
47,64.687499983,6,0.23255014800339932,0.464014565034074,0.033476114900790624,0.001364540501
48,66.093750008,1,0.19066350213152888,0.430666106950104,0.02979549000924323,0.00132220147
48,66.093750008,2,0.2064717566784551,0.46703625257288783,0.03228093392487381,0.001319521035
48,66.093750008,3,0.20652182837266286,0.4672000446416628,0.03229350600243068,0.001320239361
48,66.093750008,4,0.20652680668313772,0.46721885228804666,0.03229216665135049,0.001320315707
48,66.093750008,5,0.20652640703448702,0.46721563214070533,0.03228323318533773,0.001320301599
48,66.093750008,6,0.20652497439621587,0.4672016491813476,0.032265186888923346,0.001320251807
49,67.5,1,0.16774221747870036,0.4336310303400067,0.02852810514595877,0.001286413979
49,67.5,2,0.18153939055732143,0.47015160329749034,0.030910355975760626,0.00128378523
49,67.5,3,0.18158052407372272,0.4703165790067936,0.030921356129364516,0.001284487934
49,67.5,4,0.1815841737848614,0.4703354287114703,0.030919358638733137,0.001284562126
49,67.5,5,0.18158339782516916,0.47033225599829387,0.03091018808727737,0.001284547403
49,67.5,6,0.18158180953959158,0.47031843558000785,0.03089224625986776,0.001284496892
50,68.906249988,1,0.14588037107261376,0.43650269658057217,0.027177972729132135,0.001258395446
50,68.906249988,2,0.15775649706023506,0.4731825673778202,0.029449835178306655,0.001255802222
50,68.906249988,3,0.15778908199143765,0.4733487842811051,0.029459369926118265,0.001256494139
50,68.906249988,4,0.1577914601507292,0.4733677361273503,0.02945683090492442,0.001256566937
50,68.906249988,5,0.1577903221734904,0.47336465227417607,0.029447532445661853,0.001256551815
50,68.906249988,6,0.1577885836164784,0.47335104277981,0.02942984946649012,0.001256500745
51,70.312500002,1,0.1251365368653079,0.43926747087921314,0.025748594333005047,0.001237338202
51,70.312500002,2,0.1351869384161659,0.47611292517553067,0.027903119950985482,0.001234766377
51,70.312500002,3,0.13521139528185303,0.4762804300745065,0.027911312659780894,0.001235451834
51,70.312500002,4,0.1352125615298541,0.47629951916360214,0.02790832592331592,0.001235523871
51,70.312500002,5,0.13521107813702649,0.4762965595879399,0.02789900926514542,0.001235508546
51,70.312500002,6,0.13520919484256597,0.47628319358895377,0.027881726639812296,0.001235457039
52,71.718749992,1,0.10556571366419004,0.4419118433533098,0.024243704430406614,0.001222416142
52,71.718749992,2,0.11389172169683005,0.47892660156836403,0.02627427626186878,0.001219853373
52,71.718749992,3,0.11390848970574587,0.4790954058472304,0.026281229699347396,0.001220536059
52,71.718749992,4,0.11390850969134068,0.4791146717076472,0.026277906050658228,0.001220607895
52,71.718749992,5,0.11390669792760084,0.47911187151077916,0.02626869358637435,0.001220592565
52,71.718749992,6,0.11390467675783435,0.47909876861329426,0.02625194331467393,0.001220540707
53,73.125000021,1,0.08722078591457835,0.4444220909827281,0.02266738903508659,0.001212793748
53,73.125000021,2,0.09392857124512727,0.4816076093453815,0.024567706722458803,0.001210229831
53,73.125000021,3,0.09393811752892778,0.48177772944798225,0.024573561916717432,0.00121091295
53,73.125000021,4,0.09393705838727107,0.48179720401872467,0.024570014109976324,0.001210985086
53,73.125000021,5,0.09393493700492551,0.4817945850203665,0.024561014517575423,0.001210969893
53,73.125000021,6,0.09393278482199556,0.4817817673603266,0.024544939755817372,0.001210917797
54,74.531249994,1,0.0701516636866694,0.4467861518917888,0.021024059679332515,0.001207639666
54,74.531249994,2,0.07535204463586297,0.48414042646668815,0.022788150236675592,0.001205066052
54,74.531249994,3,0.0753548579878061,0.484311846581635,0.022793035838656283,0.001205752209
54,74.531249994,4,0.07535279254615236,0.4843315469390023,0.022789361098089895,0.00120582501
54,74.531249994,5,0.07535038099320872,0.4843291224207203,0.02278067720219236,0.001205810057
54,74.531249994,6,0.07534810579767777,0.48431660422837475,0.022765416929317578,0.001205757822
55,75.937500013,1,0.054405237454967594,0.44899197653769557,0.019318399313723505,0.001206136753
55,75.937500013,2,0.058213134102271746,0.48650993376656293,0.020940677342821953,0.001203546557
55,75.937500013,3,0.05820972089787925,0.48668260076759123,0.02094468572581743,0.001204237677
55,75.937500013,4,0.05820672384922682,0.4867025449365662,0.020940992482764452,0.001204311478
55,75.937500013,5,0.058204043439436505,0.48670032565010424,0.02093272892946262,0.001204296863
55,75.937500013,6,0.05820165351647206,0.4866881047118588,0.020918404298652816,0.001204244545
56,77.343749991,1,0.040023913837237426,0.45102654835314376,0.01755522926062225,0.001207494158
56,77.343749991,2,0.04255899812188976,0.48870179980265005,0.01903056074993606,0.001204882729
56,77.343749991,3,0.042549889940036285,0.48887566941787247,0.019033815413538067,0.001205580339
56,77.343749991,4,0.04254604005672168,0.4888958592958216,0.019030195563787305,0.001205655332
56,77.343749991,5,0.0425431122935728,0.48889384808722974,0.019022450235061588,0.00120564112
56,77.343749991,6,0.04254061671891172,0.4888819244030843,0.019009185963385404,0.001205588789
57,78.75,1,0.02704689358474798,0.4528791491142319,0.01573967155602325,0.00121095889
57,78.75,2,0.028432965059498435,0.49070252765766803,0.017063361019704664,0.001208323322
57,78.75,3,0.02841870751957147,0.49087752335996526,0.017065965531668854,0.001209028317
57,78.75,4,0.028414086119564735,0.4908979513574222,0.017062502293719212,0.001209104609
57,78.75,5,0.028410934751762495,0.4908961456968782,0.017055369564584102,0.001209090841
57,78.75,6,0.02840834275925556,0.4908845066177222,0.017043276382356084,0.001209038534
58,80.156250015,1,0.015510609807548755,0.45453987994320044,0.013877078342217231,0.001215824959
58,80.156250015,2,0.015874287970439348,0.4924995153389134,0.015044858318186631,0.001213163818
58,80.156250015,3,0.01585544985867252,0.4926755485845109,0.01504690773025491,0.001213876602
58,80.156250015,4,0.01585013979048606,0.4926962096418314,0.01504368925892072,0.001213954273
58,80.156250015,5,0.015846788452893706,0.4926946035210078,0.015037254893508633,0.001213940974
58,80.156250015,6,0.015844110433785304,0.49268323260299735,0.015026435985848838,0.001213888726
59,81.562500014,1,0.005446739575386584,0.45599908956863044,0.01197294113888279,0.001221444008
59,81.562500014,2,0.00491796850602041,0.4940813296315058,0.012981044247649733,0.001218757452
59,81.562500014,3,0.004895126017863897,0.4942582957490131,0.012982631148149714,0.001219478031
59,81.562500014,4,0.004889215338281445,0.4942791715249867,0.01297972949908974,0.001219557041
59,81.562500014,5,0.004885688715638383,0.49427774976495065,0.012974068408596174,0.0012195442
59,81.562500014,6,0.0048829349062213005,0.494266621077409,0.01296461399528624,0.001219492019
60,82.968750022,1,-0.0031169709703717683,0.45724855764974437,0.01003289861912716,0.001227234711
60,82.968750022,2,-0.004405377337819926,0.49543779179611264,0.010878053111303439,0.00122452405
60,82.968750022,3,-0.004431630744042192,0.4956155712514342,0.010879252566382218,0.001225251946
60,82.968750022,4,-0.0044380538738817525,0.4956366396101173,0.01087673238603867,0.001225332209
60,82.968750022,5,-0.0044417299805520885,0.4956353816560641,0.010871910725312272,0.001225319791
60,82.968750022,6,-0.004444548379490379,0.4956244714819087,0.010863905906406315,0.001225267706
61,84.374999982,1,-0.010156509845593336,0.45828114439604106,0.00806275230703252,0.001232689838
61,84.374999982,2,-0.012069583585512135,0.4965600269004808,0.008742202270286409,0.001229957753
61,84.374999982,3,-0.012098640954875176,0.49673848877532134,0.008743082610439669,0.001230692173
61,84.374999982,4,-0.012105485891444993,0.4967597180939373,0.008740997123107842,0.001230773531
61,84.374999982,5,-0.012109285345917742,0.49675860149369555,0.008737071152230465,0.001230761489
61,84.374999982,6,-0.012112157380247426,0.49674787346673344,0.008730582209068243,0.00123070948
62,85.781250017,1,-0.015651944601020436,0.4590904926807403,0.006068380294910033,0.001237384701
62,85.781250017,2,-0.01805313823295334,0.4974406579832845,0.006579918140044691,0.001234635044
62,85.781250017,3,-0.018084391048367007,0.4976196644023381,0.006580529607539894,0.001235374856
62,85.781250017,4,-0.018091565491106732,0.4976410268528436,0.006578925700310657,0.001235457128
62,85.781250017,5,-0.01809546117368868,0.49764002219723097,0.006575939950476312,0.001235445388
62,85.781250017,6,-0.01809837509871053,0.49762943837013013,0.006571022346245704,0.001235393445
63,87.18749999,1,-0.019588435487572494,0.4596720529349724,0.004055756656522405,0.001240982989
63,87.18749999,2,-0.022339216100409898,0.49807390946060526,0.004397714481295585,0.001238220113
63,87.18749999,3,-0.022372038977195006,0.4982533045235833,0.004398098277448366,0.001238963926
63,87.18749999,4,-0.022379450451619026,0.49827476500469625,0.004397010008052119,0.001239046879
63,87.18749999,5,-0.022383415384919454,0.49827384003848063,0.004394999346534286,0.001239035356
63,87.18749999,6,-0.022386359468583347,0.4982633646775036,0.004391697571319695,0.001238983474
64,88.59375001,1,-0.021954738514739808,0.4600224614439902,0.002030931817245306,0.001243240684
64,88.59375001,2,-0.024915695067650925,0.498455584989988,0.0022021930875068055,0.001240469684
64,88.59375001,3,-0.024949463579298416,0.49863521690756274,0.0022023775131210853,0.00124121597
64,88.59375001,4,-0.024957016790169446,0.49865673304476255,0.002201827264159105,0.00124129933
64,88.59375001,5,-0.024961023342206158,0.4986558586749895,0.0022008159456274397,0.001241287945
64,88.59375001,6,-0.024963985542558766,0.49864544845693226,0.0021991578277885016,0.001241236103
65,90.0,1,-0.022744345617067136,0.460139406899052,8.296329984066949e-10,0.001244009772
65,90.0,2,-0.025775336896147177,0.49858309877699003,9.884173677631997e-10,0.001241236126
65,90.0,3,-0.025809421891705174,0.49876280975150633,1.0913698779430506e-09,0.00124198326
65,90.0,4,-0.02581702272331549,0.4987843445461443,1.0586489201020207e-09,0.00124206675
65,90.0,5,-0.025821043028097748,0.49878348788512616,1.0295253313798667e-09,0.00124205542
65,90.0,6,-0.02582401130318574,0.4987731013841513,1.028173866562646e-09,0.001242003597
66,91.40624999,1,-0.021954738385086423,0.4600224614439902,-0.002030929934425187,0.001243240684
66,91.40624999,2,-0.024915694985431707,0.498455584989988,-0.002202191055110953,0.001240469683
66,91.40624999,3,-0.024949463509728306,0.49863521690756274,-0.002202375479460322,0.001241215969
66,91.40624999,4,-0.024957016730086174,0.49865673304476255,-0.0022018252304983423,0.001241299329
66,91.40624999,5,-0.024961023282122886,0.4986558586749895,-0.0022008139110179935,0.001241287944
66,91.40624999,6,-0.024963985482475495,0.49864544845693226,-0.0021991557928628274,0.001241236102
67,92.81250001,1,-0.019588435418002387,0.4596720529349724,-0.004055754828725917,0.001240982989
67,92.81250001,2,-0.022339215980243344,0.49807390946060526,-0.004397712470086993,0.001238220113
67,92.81250001,3,-0.022372038853866173,0.4982533045235833,-0.0043980962599152185,0.001238963925
67,92.81250001,4,-0.02237945032512792,0.49827476500469625,-0.004397007993681249,0.001239046878
67,92.81250001,5,-0.02238341525526607,0.49827384003848063,-0.004394997329001139,0.001239035355
67,92.81250001,6,-0.022386359338929962,0.4982633646775036,-0.004391695553786547,0.001238983473
68,94.218749983,1,-0.01565194440495922,0.4590904926807403,-0.006068378441815324,0.001237384701
68,94.218749983,2,-0.01805313803056757,0.4974406579832845,-0.006579916128836099,0.001234635044
68,94.218749983,3,-0.018084390855468067,0.4976196644023381,-0.0065805275931690235,0.001235374856
68,94.218749983,4,-0.01809156529504552,0.4976410268528436,-0.006578923689102064,0.001235457128
68,94.218749983,5,-0.01809546097446519,0.49764002219723097,-0.00657593793926772,0.001235445388
68,94.218749983,6,-0.018098374899487037,0.49762943837013013,-0.006571020335037112,0.001235393445
69,95.625000018,1,-0.010156509602097954,0.45828114439604106,-0.008062750447613256,0.001232689837
69,95.625000018,2,-0.01206958331039398,0.4965600269004808,-0.008742200262240095,0.001229957753
69,95.625000018,3,-0.01209864069240613,0.49673848877532134,-0.008743080596068799,0.001230692172
69,95.625000018,4,-0.012105485628975947,0.4967597180939373,-0.00874099511189925,0.001230773531
69,95.625000018,5,-0.012109285086610973,0.49675860149369555,-0.008737069141021873,0.001230761489
69,95.625000018,6,-0.012112157124102936,0.49674787346673344,-0.008730580194697373,0.00123070948
70,97.031249978,1,-0.0031169706690067074,0.45724855764974437,-0.010032896772357006,0.00122723471
70,97.031249978,2,-0.004405377027916715,0.49543779179611264,-0.010878051106419402,0.00122452405
70,97.031249978,3,-0.004431630421489871,0.4956155712514342,-0.010879250558335904,0.001225251946
70,97.031249978,4,-0.004438053548167153,0.4956366396101173,-0.010876730377992356,0.001225332209
70,97.031249978,5,-0.00444172965483749,0.4956353816560641,-0.010871908717265958,0.001225319791
70,97.031249978,6,-0.004444548056938058,0.4956244714819087,-0.01086390389836,0.001225267706
71,98.437499986,1,0.005446739939048515,0.45599908956863044,-0.011972939282625803,0.001221444008
71,98.437499986,2,0.0049179689013051165,0.4940813296315058,-0.012981042245927974,0.001218757451
71,98.437499986,3,0.004895126413148604,0.4942582957490131,-0.012982629146427954,0.001219478031
71,98.437499986,4,0.004889215730403875,0.4942791715249867,-0.012979727497367982,0.00121955704
71,98.437499986,5,0.004885689107760813,0.49427774976495065,-0.012974066406874415,0.0012195442
71,98.437499986,6,0.004882935292019175,0.494266621077409,-0.012964611993564482,0.001219492018
72,99.843749985,1,0.01551061019650891,0.45453987994320044,-0.013877076482797967,0.001215824959
72,99.843749985,2,0.015874288409995944,0.4924995153389134,-0.015044856319627148,0.001213163818
72,99.843749985,3,0.01585545030771595,0.4926755485845109,-0.015046905734857707,0.001213876602
72,99.843749985,4,0.015850140239529492,0.4926962096418314,-0.01504368726036124,0.001213954273
72,99.843749985,5,0.01584678890193713,0.4926946035210078,-0.01503725289811143,0.001213940973
72,99.843749985,6,0.01584411088599101,0.49268323260299735,-0.015026433990451634,0.001213888725
73,101.25,1,0.027046894074901018,0.4528791491142319,-0.015739669721902206,0.001210958889
73,101.25,2,0.02843296558127425,0.49070252765766803,-0.017063359033794294,0.001208323321
73,101.25,3,0.02841870803502273,0.49087752335996526,-0.017065963545758487,0.001209028317
73,101.25,4,0.028414086631853717,0.4908979510411944,-0.017062500304646563,0.001209104609
73,101.25,5,0.028410935267213753,0.4908961456968782,-0.017055367572349173,0.001209090841
73,101.25,6,0.028408343271544543,0.4908845066177222,-0.017043274390121158,0.001209038534
74,102.656250009,1,0.04002391437482463,0.45102654835314376,-0.01755522743598804,0.001207494157
74,102.656250009,2,0.042558998691099734,0.48870179980265005,-0.019030558767187965,0.001204882728
74,102.656250009,3,0.04254989050924626,0.48887566941787247,-0.019033813430789973,0.001205580339
74,102.656250009,4,0.04254604062593166,0.4888958592958216,-0.019030193581039214,0.001205655332
74,102.656250009,5,0.04254311286278278,0.48889384808722974,-0.019022448252313494,0.001205641119
74,102.656250009,6,0.0425406172881217,0.4888819244030843,-0.01900918398063731,0.001205588789
75,104.062499987,1,0.054405238055800345,0.44899197653769557,-0.01931839749857613,0.001206136752
75,104.062499987,2,0.05821313473472728,0.48650993376656293,-0.02094067536956069,0.001203546556
75,104.062499987,3,0.058209721561957556,0.48668260045136347,-0.02094468375571845,0.001204237676
75,104.062499987,4,0.05820672451330513,0.4867025449365662,-0.020940990509503196,0.001204311478
75,104.062499987,5,0.05820404407189204,0.48670032565010424,-0.02093272695620136,0.001204296863
75,104.062499987,6,0.058201654180550365,0.4866881047118588,-0.020918402325391557,0.001204244545
76,105.468750006,1,0.07015166435074771,0.4467861518917888,-0.02102405786734742,0.001207639666
76,105.468750006,2,0.07535204533156403,0.48414042646668815,-0.022788148282388,0.001205066051
76,105.468750006,3,0.07535485868350719,0.484311846581635,-0.02279303388120641,0.001205752209
76,105.468750006,4,0.07535279324185346,0.48433154662277456,-0.022789359140640023,0.001205825009
76,105.468750006,5,0.0753503816889098,0.4843291224207203,-0.02278067524158021,0.001205810056
76,105.468750006,6,0.07534810649337886,0.484316603912147,-0.022765414971867706,0.001205757821
77,106.874999979,1,0.08722078661027945,0.4444220906665003,-0.02266738724839971,0.001212793748
77,106.874999979,2,0.09392857200407391,0.4816076093453815,-0.024567704777658045,0.001210229831
77,106.874999979,3,0.09393811828787443,0.48177772944798225,-0.02457355997191667,0.00121091295
77,106.874999979,4,0.09393705914621771,0.4817972037024969,-0.024570012165175563,0.001210985086
77,106.874999979,5,0.09393493776387216,0.4817945850203665,-0.02456101257277466,0.001210969893
77,106.874999979,6,0.0939327855809422,0.48178176704409875,-0.024544937807854335,0.001210917797
78,108.281250008,1,0.10556571442313668,0.4419118433533098,-0.024243702643719733,0.001222416142
78,108.281250008,2,0.11389172251902224,0.47892660156836403,-0.02627427432971713,0.001219853373
78,108.281250008,3,0.11390849052793807,0.4790954058472304,-0.02628122776719574,0.001220536059
78,108.281250008,4,0.11390851051353287,0.4791146717076472,-0.026277904118506574,0.001220607895
78,108.281250008,5,0.11390669874979303,0.47911187119455134,-0.02626869165106042,0.001220592566
78,108.281250008,6,0.11390467758002654,0.47909876861329426,-0.02625194137936,0.001220540707
79,109.687499998,1,0.12513653768750008,0.43926747087921314,-0.02574859257477867,0.001237338202
79,109.687499998,2,0.13518693933322645,0.47611292485930296,-0.027903118028320663,0.001234766377
79,109.687499998,3,0.13521139616729075,0.4762804300745065,-0.027911310737116078,0.001235451834
79,109.687499998,4,0.1352125624152918,0.47629951916360214,-0.02790832400381338,0.001235523871
79,109.687499998,5,0.1352110790224642,0.4762965595879399,-0.027899007345642882,0.001235508546
79,109.687499998,6,0.1352091957280037,0.47628319358895377,-0.027881724723472032,0.001235457039
80,111.093750012,1,0.1458803719896743,0.43650269658057217,-0.027177970948769812,0.001258395447
80,111.093750012,2,0.1577564980089184,0.4731825673778202,-0.029449833265128667,0.001255802223
80,111.093750012,3,0.15778908294012095,0.4733487842811051,-0.02945936801610256,0.00125649414
80,111.093750012,4,0.15779146109941247,0.4733677361273503,-0.029456828991746436,0.001256566938
80,111.093750012,5,0.15779032309055094,0.47336465227417607,-0.029447530532483866,0.001256551816
80,111.093750012,6,0.1577885845651617,0.47335104277981,-0.02942984755647441,0.001256500746
81,112.5,1,0.16774221839576087,0.4336310303400067,-0.028528103394056946,0.00128641398
81,112.5,2,0.18153939156925028,0.47015160329749034,-0.030910354072069473,0.001283785231
81,112.5,3,0.18158052508565156,0.4703165790067936,-0.030921354222511088,0.001284487935
81,112.5,4,0.18158417479679026,0.4703354287114703,-0.030919356731879708,0.001284562127
81,112.5,5,0.181583398837098,0.4703322556820661,-0.03091018618358622,0.001284547404
81,112.5,6,0.18158181055152042,0.4703184352637801,-0.030892244356176612,0.001284496893
82,113.906249992,1,0.19066350311183494,0.430666106950104,-0.029795488269990515,0.001322201471
82,113.906249992,2,0.20647175775362953,0.46703625225666007,-0.03228093202750721,0.001319521036
82,113.906249992,3,0.20652182944783729,0.4672000446416628,-0.03229350410506408,0.001320239362
82,113.906249992,4,0.20652680775831211,0.46721885197181895,-0.03229216478560667,0.001320315708
82,113.906249992,5,0.20652640810966144,0.46721563214070533,-0.032283231319593916,0.0013203016
82,113.906249992,6,0.2065249754397675,0.46720164886511983,-0.032265184991556756,0.001320251808
83,115.312500017,1,0.2147389727200117,0.4273487872434463,-0.030901525517780377,0.001366533867
83,115.312500017,2,0.23248569423877033,0.4638503656639364,-0.03348902992735974,0.001363784028
83,115.312500017,3,0.2325450719785448,0.46401305156798583,-0.033503278612909256,0.001364523344
83,115.312500017,4,0.23255143141378773,0.4640318785042634,-0.033502704406531726,0.001364602668
83,115.312500017,5,0.23255142151585864,0.46402866910866614,-0.03349413194613665,0.001364589453
83,115.312500017,6,0.2325501491101965,0.464014565034074,-0.03347611303504681,0.001364540502
84,116.718749991,1,0.23975031533430588,0.4239743868438837,-0.032027076330358444,0.001420145218
84,116.718749991,2,0.25951643960205023,0.46061560195901385,-0.034736155424805785,0.001417306698
84,116.718749991,3,0.25958546165623264,0.46077729206182816,-0.034752199430251304,0.001418072914
84,116.718749991,4,0.2595932502512413,0.4607962050120581,-0.03475248836756112,0.001418156107
84,116.718749991,5,0.25959364268989893,0.4607930585457862,-0.034744380667113765,0.001418144042
84,116.718749991,6,0.2595925343748246,0.4607788893282743,-0.034726530147309316,0.001418096084
85,118.124999994,1,0.2654635746803149,0.42084441153378616,-0.03302769810998785,0.001483717642
85,118.124999994,2,0.2874882516646539,0.4573424137344704,-0.03581827729003687,0.001480769426
85,118.124999994,3,0.2875672307192593,0.45750322662146176,-0.03583621632199303,0.001481568912
85,118.124999994,4,0.2875764923032021,0.4575222897798805,-0.035837444487390686,0.001481656909
85,118.124999994,5,0.2875772973242261,0.45751927012094284,-0.035829907293456004,0.001481646294
85,118.124999994,6,0.2875763563885083,0.4575050993222921,-0.03581236338809349,0.001481599499
86,119.531249996,1,0.29197959038512655,0.41767416050672546,-0.033935311548286363,0.001557871624
86,119.531249996,2,0.3163294044668856,0.45404722839029504,-0.036799395184609986,0.001554791619
86,119.531249996,3,0.3164186290797506,0.45420730288545275,-0.036819323352459944,0.001555631135
86,119.531249996,4,0.3164294035921943,0.45422660131732945,-0.03682158883979846,0.001555724975
86,119.531249996,5,0.31643063150460976,0.454223773292418,-0.03681471733693402,0.001555716104
86,119.531249996,6,0.31642986054131617,0.4542096742774701,-0.03679762219039426,0.001555670652
87,120.937499996,1,0.31923092134365205,0.41447707249407395,-0.03474834992641003,0.001643156713
87,120.937499996,2,0.34596490554271775,0.4507443580789499,-0.03767779404723614,0.001639921156
87,120.937499996,3,0.3460646267038201,0.45090383774967974,-0.03769977058044047,0.001640807788
87,120.937499996,4,0.34607695009986184,0.45092346885316636,-0.037703172527124504,0.0016409086
87,120.937499996,5,0.346078608082039,0.4509208979214286,-0.03769704915590891,0.001640901779
87,120.937499996,6,0.3460780094628779,0.4509069399440644,-0.0376805198040881,0.001640857824
88,122.343750001,1,0.34714736780626265,0.41126475431975557,-0.035465525912746175,0.001740042611
88,122.343750001,2,0.37631817439352744,0.4474474391741613,-0.03845211137896267,0.001736627184
88,122.343750001,3,0.37642862547895845,0.44760648940758485,-0.038476203096448336,0.001737568379
88,122.343750001,4,0.37644252969760245,0.4476265357181282,-0.03848079892944019,0.001737677263
88,122.343750001,5,0.37644462502278003,0.4476243085259721,-0.038475526052801294,0.001737672859
88,122.343750001,6,0.37644420001266254,0.44761057095936085,-0.03845968016405118,0.001737630572
89,123.750000002,1,0.3756573061129449,0.4080481297557195,-0.03608588623869413,0.001848913456
89,123.750000002,2,0.40731123399563124,0.4441693421460059,-0.039121446436620855,0.001845292807
89,123.750000002,3,0.4074326116990615,0.4443281327564336,-0.03914768967295817,0.00184629624
89,123.750000002,4,0.40744812298721234,0.4443486847151748,-0.03915353738843013,0.001846414355
89,123.750000002,5,0.40745066197994567,0.4443468819006808,-0.039149195011992745,0.001846412717
89,123.750000002,6,0.407450411527555,0.4443334434855361,-0.03913413820638717,0.001846372264
90,125.156250008,1,0.4046886126159645,0.4048380628068674,-0.036608865204403276,0.001970060731
90,125.156250008,2,0.4388651308140045,0.44092206973557085,-0.03968520243517068,0.001966208791
90,125.156250008,3,0.4389976103256163,0.44108079077589,-0.039713638046987,0.001967282349
90,125.156250008,4,0.4390147514516733,0.44110194799457536,-0.03972079434457752,0.001967410892
90,125.156250008,5,0.4390177379066955,0.4411006533581013,-0.03971745497936838,0.00196741237
90,125.156250008,6,0.43901766327694275,0.4410876001083756,-0.03970328664729421,0.001967373915
91,126.562500017,1,0.4341681526874193,0.4016444349584316,-0.03703427180830294,0.002103677016
91,126.562500017,2,0.4709000771047758,0.43771670604228263,-0.04014321822494256,0.002099567586
91,126.562500017,3,0.4710437997783806,0.4378755529412527,-0.04017386167577566,0.002100719248
91,126.562500017,4,0.47106259034846504,0.4378974260996003,-0.040182384994375896,0.002100859457
91,126.562500017,5,0.47106602806050946,0.43789672375773203,-0.040180107269022824,0.002100864397
91,126.562500017,6,0.471066128620939,0.4378841476957053,-0.04016692031819771,0.002100828109
92,127.968749978,1,0.46402219529384026,0.39847700278567716,-0.037362339711089425,0.002249852448
92,127.968749978,2,0.5033355258612074,0.43456332481785565,-0.04049578536793677,0.002245459045
92,127.968749978,3,0.5034906153418617,0.43472248952573056,-0.04052862426165823,0.002246696853
92,127.968749978,4,0.5035110686375399,0.4347451753894368,-0.04053853705343956,0.002246849942
92,127.968749978,5,0.5035149598202007,0.43474514977498774,-0.04053736802263415,0.002246858692
92,127.968749978,6,0.5035152355708127,0.434733141341801,-0.04052524483039113,0.002246824737
93,129.37500002,1,0.49417635291291623,0.39534435123999584,-0.037593511536766835,0.002408572383
93,129.37500002,2,0.5360905872856634,0.43147111216266476,-0.04074344847161195,0.002403868211
93,129.37500002,3,0.5362571197842587,0.4316308233121194,-0.04077849564706906,0.002405200307
93,129.37500002,4,0.5362792475059579,0.4316544132710087,-0.040789799935889194,0.002405367458
93,129.37500002,5,0.5362835931079186,0.43165514755188134,-0.0407897719497319,0.002405380353
93,129.37500002,6,0.5362840427838018,0.43164380699173643,-0.040778793565247426,0.002405348907
94,130.781250003,1,0.5245566029491779,0.3922548296830938,-0.037728638096139626,0.002579712939
94,130.781250003,2,0.5690841777328869,0.42844819829257436,-0.0408871115679056,0.002574671553
94,130.781250003,3,0.5692622231357596,0.42860865668824005,-0.0409243230378161,0.002576105832
94,130.781250003,4,0.5692860312918074,0.42863325920843615,-0.04093703314879284,0.002576288268
94,130.781250003,5,0.5692908316292956,0.428634846039366,-0.04093818481869389,0.002576305668
94,130.781250003,6,0.5692914545979947,0.4286242596824431,-0.04092839639929294,0.002576276858
95,132.187500001,1,0.555063717556838,0.3885203072062246,-0.03776314746303506,0.002763041036
95,132.187500001,2,0.6022349431828817,0.42549095322905833,-0.04083567060747098,0.00275763694
95,132.187500001,3,0.6024245312154417,0.42565235588083333,-0.04087495915621701,0.002759181234
95,132.187500001,4,0.6024500220194327,0.42567806298461613,-0.04088905893011151,0.002759380118
95,132.187500001,5,0.6024552764599928,0.4256805915418332,-0.040891414795345554,0.002759402369
95,132.187500001,6,0.602456070824141,0.42567084761567897,-0.040882856059235535,0.002759376327
96,133.593750007,1,0.58567268659811,0.38554260631720827,-0.037709830449755774,0.002958215809
96,133.593750007,2,0.6354575663330595,0.4222611109768583,-0.04073535541251017,0.002952423676
96,133.593750007,3,0.6356634612828297,0.4227817208590128,-0.040749966463456765,0.002954085629
96,133.593750007,4,0.6356906344185358,0.4228086286796232,-0.04076543189858159,0.002954302098
96,133.593750007,5,0.6356963404323458,0.42281218244725766,-0.04076899464708464,0.002954329506
96,133.593750007,6,0.635697304927032,0.4228033761364296,-0.040761704300544106,0.002954306369
97,135.0,1,0.6160952283033433,0.38186417853506954,-0.037485184901090644,0.003164787371
97,135.0,2,0.668683753686388,0.4194937142013538,-0.04058106532402565,0.003158583052
97,135.0,3,0.668900640713305,0.4200133618024163,-0.040597576840600454,0.003160369935
97,135.0,4,0.6689294895399432,0.42004158007088904,-0.04061439623652825,0.003160605127
97,135.0,5,0.6689356445971809,0.42004623747342695,-0.040619156855808976,0.003160637991
97,135.0,6,0.6689367766925832,0.42003846238134385,-0.04061316313797744,0.003160617887
98,136.406249993,1,0.6464694352269965,0.37895195892956224,-0.037304030473313585,0.00338219868
98,136.406249993,2,0.7018169197962928,0.41646600568587505,-0.040467812302473795,0.003375559239
98,136.406249993,3,0.7020512660743994,0.4173400570175512,-0.04049361538138359,0.003377478061
98,136.406249993,4,0.7020817836349588,0.41736967143161097,-0.0405117376040846,0.003377733016
98,136.406249993,5,0.702088383940891,0.4173755080474883,-0.040517673199252736,0.003377771621
98,136.406249993,6,0.7020896817396429,0.417368849555647,-0.040512982877404395,0.003377754658
99,137.812499999,1,0.6768432538229529,0.376202854349183,-0.03698152982359337,0.003609791249
99,137.812499999,2,0.7347947390161418,0.41388257725930067,-0.040115882358428105,0.003602695046
99,137.812499999,3,0.7350394442834075,0.41475382270200906,-0.04014332627997021,0.003604752373
99,137.812499999,4,0.7350716166638666,0.41478492148920243,-0.04016269462980598,0.003605028076
99,137.812499999,5,0.7350786581075325,0.41479201226439977,-0.04016977968128081,0.003605072687
99,137.812499999,6,0.7350801181311282,0.41478654468632536,-0.0401663771653868,0.00360505894
100,139.218749997,1,0.7070005610705783,0.37353081953502626,-0.03657340462438766,0.00384680664
100,139.218749997,2,0.7675313545587782,0.41139743463599876,-0.03967128895105313,0.003839233083
100,139.218749997,3,0.7677863479801835,0.4122661319153685,-0.0397002849817164,0.003841435003
100,139.218749997,4,0.7678201603178371,0.4122987846458041,-0.03972081429854956,0.003841732355
100,139.218749997,5,0.767827636890909,0.41230720231270773,-0.03972901307259352,0.003841783224
100,139.218749997,6,0.7678292572419821,0.4123030085000748,-0.03972688953989916,0.003841772785
101,140.62499998,1,0.7390093951697986,0.377325201714408,-0.03543099529534486,0.004092391011
101,140.62499998,2,0.7999512733696208,0.4090086915173449,-0.03912826060739132,0.004084322622
101,140.62499998,3,0.8002164556496472,0.4098750575656236,-0.03915867368629688,0.004086674753
101,140.62499998,4,0.8002518883383738,0.40990934550983726,-0.03918029117449568,0.004086994587
101,140.62499998,5,0.8002597943487519,0.4099191507841781,-0.03918954921668747,0.004087051929
101,140.62499998,6,0.8002615712325692,0.4099162999908675,-0.03918867215897842,0.004087044862
102,142.031250022,1,0.7682816324454688,0.3755522403863691,-0.03487439752337493,0.004345603536
102,142.031250022,2,0.831975867312016,0.40672498977572885,-0.03850654957778637,0.004337023832
102,142.031250022,3,0.8322511293520841,0.4075892712505739,-0.03853826013921591,0.004339531025
102,142.031250022,4,0.8322881589910291,0.4076252484835137,-0.03856085477121169,0.004339874074
102,142.031250022,5,0.8322964868492472,0.4076365099867171,-0.03857112689260355,0.0043399381
102,142.031250022,6,0.8322984177359866,0.4076350610310932,-0.038571447326198854,0.00433993444
103,143.437499983,1,0.7971294041478254,0.37384777146262727,-0.0342409754727972,0.004605421916
103,143.437499983,2,0.8635322993283894,0.4045433397938507,-0.03780045234662764,0.00459631566
103,143.437499983,3,0.8638174855444385,0.40540576311434273,-0.03783332270501182,0.004598982309
103,143.437499983,4,0.8638560871516084,0.4054434922491062,-0.03785679515366329,0.004599349213
103,143.437499983,5,0.8638648292681999,0.40545625267192054,-0.03786799723766945,0.004599420077
103,143.437499983,6,0.863866910679356,0.4054562744916363,-0.037869477879315494,0.004599419888
104,144.843749992,1,0.825485714578588,0.37221142021327985,-0.03353344019587251,0.004870745854
104,144.843749992,2,0.8945478983807438,0.40246370172701196,-0.03701294989819704,0.004861101466
104,144.843749992,3,0.8948428563509907,0.4033244841416261,-0.037046826683069335,0.004863931218
104,144.843749992,4,0.8948829989360644,0.4033640312698164,-0.03707108388254496,0.004864322553
104,144.843749992,5,0.8948921480377907,0.4033783241323848,-0.03708312311631609,0.004864400366
104,144.843749992,6,0.8948943758624024,0.4033798717510717,-0.03708570736124276,0.004864403671
105,146.249999998,1,0.8532865247690882,0.3706445590668313,-0.03275453408303331,0.00514041014
105,146.249999998,2,0.9249518123731921,0.4004856701712165,-0.03614714970788288,0.005130217815
105,146.249999998,3,0.925256357736849,0.40134499509205707,-0.0361818357512312,0.005133213559
105,146.249999998,4,0.9252980099932777,0.4013863908877675,-0.036206740458680504,0.005133629747
105,146.249999998,5,0.9253075559608505,0.40140226394048273,-0.03621954417307599,0.005133714641
105,146.249999998,6,0.9253099267204122,0.40140537277565047,-0.03622315119346628,0.005133721439
106,147.656249999,1,0.8804669590119887,0.3691453194334123,-0.0319069074075638,0.005413189839
106,147.656249999,2,0.9546750005624909,0.3986083701242359,-0.03520603203264322,0.005402443152
106,147.656249999,3,0.9549889258741433,0.39946646080810566,-0.03524138841560993,0.005405607066
106,147.656249999,4,0.9550320520681893,0.39950972898841863,-0.035266797000381614,0.005406048413
106,147.656249999,5,0.9550419847823199,0.39952721575142386,-0.03528027636702197,0.005406140466
106,147.656249999,6,0.9550444946820988,0.39953192311794883,-0.03528482894005543,0.005406150753
107,149.062500004,1,0.9062636890169232,0.3675379387583929,-0.030965718400826955,0.005687811039
107,149.062500004,2,0.9836508226903685,0.39682891505902174,-0.03419069965356647,0.0056765049
107,149.062500004,3,0.983973900266025,0.39768594416628106,-0.034226531864452715,0.005679838358
107,149.062500004,4,0.9840184611854456,0.3977311229947563,-0.03425232795472887,0.005680305079
107,149.062500004,5,0.9840287708430732,0.3977502354847066,-0.03426637014354718,0.005680404322
107,149.062500004,6,0.9840314160883359,0.3977565698430877,-0.034271784468865814,0.005680418086
108,150.468750004,1,0.9320026891133493,0.36617849045499157,-0.029990185050654365,0.005962958477
108,150.468750004,2,1.0118136694010706,0.3951490157677884,-0.033108534243772005,0.005951090784
108,150.468750004,3,1.012145660488768,0.3960051708215024,-0.033144657542316866,0.005954594379
108,150.468750004,4,1.0121916150239534,0.3960522628279621,-0.03317068511131775,0.005955086562
108,150.468750004,5,1.0122022899246508,0.39607300831809605,-0.03318517944259591,0.005955192991
108,150.468750004,6,1.0122050660882087,0.39608099686392123,-0.03319137345909443,0.005955210216
109,151.875000006,1,0.9569443158381197,0.364885367130779,-0.028954537633840996,0.006237284927
109,151.875000006,2,1.0391013405903884,0.39356536577301426,-0.031960557124075716,0.006224856944
109,151.875000006,3,1.0394419726017923,0.39442078749453885,-0.031996757677063815,0.0062285303
109,151.875000006,4,1.0394892786944494,0.39446979647371616,-0.03202286926778213,0.006229047894
109,151.875000006,5,1.0395003065053336,0.39449218666446123,-0.03203771306236452,0.00622916149
109,151.875000006,6,1.0395032082113147,0.3945018309788692,-0.03204457988505802,0.006229182111
110,153.281250009,1,0.9810329327105369,0.3636588552881113,-0.02786163111474173,0.006509421575
110,153.281250009,2,1.0654535256150148,0.39207601900902733,-0.030749900106754807,0.00649643767
110,153.281250009,3,1.0658025164749578,0.39293084685480734,-0.030785966784718163,0.006500279651
110,153.281250009,4,1.0658511257422387,0.392981763636097,-0.030812010633124446,0.006500822473
110,153.281250009,5,1.0658624944466548,0.3930057941002644,-0.03082708997312062,0.006500943191
110,153.281250009,6,1.0658655185327812,0.39301708374773897,-0.03083451656955642,0.006500967137
111,154.687499983,1,1.0042152964616367,0.3624967542979648,-0.026714311973320477,0.00677799043
111,154.687499983,2,1.090812370921385,0.390678946242253,-0.029479753455626728,0.006764456394
111,154.687499983,3,1.0911694183161225,0.39153332725819967,-0.02951549281571631,0.006768465009
111,154.687499983,4,1.0912192811102681,0.391586142038541,-0.029541322536815393,0.006769032772
111,154.687499983,5,1.0912309780591054,0.39161179032395926,-0.029556511278969504,0.006769160486
111,154.687499983,6,1.0912341188332775,0.3916247256207282,-0.029564401313520953,0.006769187699
112,156.093750008,1,1.0264415695954947,0.3614002481170953,-0.02551539127835591,0.007041609338
112,156.093750008,2,1.1151226561845413,0.3893720749159129,-0.028153220187268305,0.007027534103
112,156.093750008,3,1.115487438194208,0.3902261027054449,-0.028188406373289072,0.007031706494
112,156.093750008,4,1.1155385007564977,0.3902807765888226,-0.028213858961154397,0.007032298732
112,156.093750008,5,1.1155505120357345,0.3903080253029647,-0.028229044575815904,0.007032433333
112,156.093750008,6,1.1155537653869911,0.39032258095080674,-0.02823728451639045,0.007032463716
113,157.5,1,1.0476625467554912,0.36036806045023934,-0.0242678519304702,0.007298902938
113,157.5,2,1.1383316712955331,0.38815319839265566,-0.026773540561106795,0.007284300146
113,157.5,3,1.1387038520862416,0.389007000079335,-0.026807976727598958,0.007288632491
113,157.5,4,1.1387560600254998,0.38906348721272305,-0.026832892797111905,0.007289248632
113,157.5,5,1.1387683707724308,0.3890922987244848,-0.02684795054507622,0.007289389951
113,157.5,6,1.1387717310086725,0.3891084484764953,-0.026856433351737347,0.007289423411
114,158.906249988,1,1.0672838184045772,0.3592368356229389,-0.022893275417233676,0.007548517528
114,158.906249988,2,1.1603930737077066,0.38701794893457714,-0.025261643854431953,0.007533401986
114,158.906249988,3,1.1607722829767422,0.3878716083187618,-0.02529512316313831,0.007537889696
114,158.906249988,4,1.1608255812693375,0.3879298625329063,-0.025319352281588308,0.007538529068
114,158.906249988,5,1.1608381772537135,0.3879602045870556,-0.025334171498948718,0.007538676903
114,158.906249988,6,1.1608416396315238,0.38797790259020853,-0.025342779958712668,0.00753871332
115,160.312500002,1,1.0858025894592613,0.3581736108333039,-0.021617971119702366,0.007789124254
115,160.312500002,2,1.1812489937398798,0.3859688332791785,-0.023865453353638006,0.007773513882
115,160.312500002,3,1.1816348697226784,0.38682243763973184,-0.023897776834048187,0.007778151484
115,160.312500002,4,1.181689197969108,0.3868824010649517,-0.023921171898603037,0.007778813284
115,160.312500002,5,1.181702064328224,0.3869142097834798,-0.023935623048979743,0.007778967403
115,160.312500002,6,1.1817056218905917,0.386933410184749,-0.02394425086820753,0.007779006637
116,161.718749992,1,1.1037259033143079,0.3573318479376769,-0.020242583947100826,0.008019431286
116,161.718749992,2,1.2008655343053585,0.3846691703647647,-0.022356171202321203,0.008003347593
116,161.718749992,3,1.201257542260768,0.38584900034838526,-0.02229059821275995,0.00800812883
116,161.718749992,4,1.2013128406939837,0.38591060341457195,-0.022313013037647978,0.008008812128
116,161.718749992,5,1.2013259600353123,0.3859438174492922,-0.02232698000852986,0.008008972227
116,161.718749992,6,1.2013296086712768,0.3859644709171463,-0.02233552391039538,0.008009014178
117,163.125000021,1,1.1204758964180694,0.3565536053971819,-0.018829862519671798,0.008238195146
117,163.125000021,2,1.2191977761986632,0.3837829436316414,-0.020793908450309432,0.008221660477
117,163.125000021,3,1.219595449374501,0.38496172532021755,-0.020727527552564726,0.008226578311
117,163.125000021,4,1.2196516531678105,0.38502489339761825,-0.02074882475895754,0.008227282045
117,163.125000021,5,1.2196650090475083,0.38505944317842217,-0.020762195754342478,0.008227447838
117,163.125000021,6,1.219668742432514,0.38508147318574176,-0.02077054384797528,0.008227492333
118,164.531249994,1,1.1360181606597815,0.35583729796202784,-0.017382619895266606,0.008444224251
118,164.531249994,2,1.2362069868943286,0.38297457249073913,-0.019193929753394307,0.008427264859
118,164.531249994,3,1.2366099448685919,0.38415245988719304,-0.0191265951980888,0.008432311472
118,164.531249994,4,1.2366669895115314,0.3842171019022111,-0.01914663663556226,0.008433034431
118,164.531249994,5,1.2366805654857544,0.3842529178589902,-0.019159308252133044,0.008433205599
118,164.531249994,6,1.2366843779277015,0.3842762526220724,-0.01916736069494056,0.008433252483
119,165.937500013,1,1.1503206912597008,0.35518319221222167,-0.015903704694711137,0.008636390978
119,165.937500013,2,1.2518575480779297,0.38224233603055535,-0.017559353284949484,0.008619035213
119,165.937500013,3,1.252265367737868,0.3834194847189478,-0.017490932819306856,0.008624201889
119,165.937500013,4,1.252323186190151,0.3834854931541429,-0.017509584758300997,0.008624942827
119,165.937500013,5,1.2523369648663718,0.3835225041356497,-0.017521461365618902,0.00862511902
119,165.937500013,6,1.2523408494082493,0.383547056375631,-0.017529119298476926,0.00862516811
120,167.343749991,1,1.1633515748279093,0.35459163378471137,-0.014395926064119248,0.008813638134
120,167.343749991,2,1.2661167042450068,0.38158468315389765,-0.015893289866053033,0.008795916426
120,167.343749991,3,1.2665289789217125,0.3827611946433416,-0.0158236397835273,0.008801193991
120,167.343749991,4,1.2665875028781415,0.3828284765277504,-0.015840790314198005,0.008801951509
120,167.343749991,5,1.2666014662313778,0.38286658956302183,-0.01585177470384776,0.008802132343
120,167.343749991,6,1.2666054168648586,0.38289226346288924,-0.015858944966056422,0.008802183463
121,168.75,1,1.1750838478877088,0.354061943106028,-0.012862143689126361,0.008974987058
121,168.75,2,1.2789546768592894,0.3806751048976206,-0.014209388699791601,0.008956932126
121,168.75,3,1.279371598503017,0.3821786003243146,-0.014214103247849094,0.008962310681
121,168.75,4,1.2794307574448003,0.38224703232910845,-0.014229637582679575,0.008963083303
121,168.75,5,1.279444887450069,0.38228614306298164,-0.014239636359952762,0.008963268349
121,168.75,6,1.2794488978505978,0.38231285418992156,-0.014246240274043875,0.008963321322
122,170.156250015,1,1.1854941076870484,0.3535947795110635,-0.011305217239556515,0.009119542751
122,170.156250015,2,1.290345525757132,0.38016320139832005,-0.012488743881489885,0.009101189072
122,170.156250015,3,1.290765763997669,0.38166513813835545,-0.012493086770216256,0.009106658169
122,170.156250015,4,1.2908254870897868,0.38173460420794414,-0.012506905907779805,0.00910744434
122,170.156250015,5,1.290839764140967,0.38177460796902857,-0.012515838402973314,0.009107633141
122,170.156250015,6,1.290843827983988,0.38180224216481745,-0.012521794426455136,0.009107687763
123,171.562500014,1,1.1945601980437293,0.353190457962673,-0.009727997322145963,0.009246501049
123,171.562500014,2,1.3002652498835483,0.37972187076578934,-0.010745935133409698,0.009227884822
123,171.562500014,3,1.3006883727537673,0.3812224616404525,-0.010749823925388624,0.009233433442
123,171.562500014,4,1.3007485853664669,0.3812928276942633,-0.010761836548593246,0.009234231497
123,171.562500014,5,1.3007629917548031,0.38133361854625736,-0.010769631490293176,0.009234423627
123,171.562500014,6,1.3007671014508502,0.3813620616526717,-0.010774869366842927,0.009234479694
124,172.968750022,1,1.2022631848202612,0.35284767307263826,-0.00813335511424715,0.009355154046
124,172.968750022,2,1.3086934756322577,0.3793500824137388,-0.008984086744769674,0.009336313095
124,172.968750022,3,1.3091190584382686,0.3808495472013273,-0.00898744570977575,0.009341929907
124,172.968750022,4,1.309179690052758,0.38092069718377,-0.008997578456942011,0.009342738164
124,172.968750022,5,1.3091942055396737,0.3809621609684501,-0.009004172103117563,0.009342933126
124,172.968750022,6,1.3091983550804194,0.38099129882726646,-0.009008631714674647,0.00934299042
125,174.374999982,1,1.2085877556357585,0.35256746301671527,-0.006524140498434748,0.009444893874
125,174.374999982,2,1.3156129319075913,0.3790470514648534,-0.007206325642128023,0.009425868176
125,174.374999982,3,1.3160405325629774,0.38054559096999846,-0.00720908951391262,0.009431541286
125,174.374999982,4,1.3161015053872265,0.3806174006035611,-0.0072172793545221955,0.009432357977
125,174.374999982,5,1.3161161109990553,0.3806594168381485,-0.007222618613693731,0.009432555269
125,174.374999982,6,1.31612029184635,0.38068913529114323,-0.007226250546507433,0.009432613577
126,175.781250017,1,1.2135199642132841,0.35234912482058,-0.004903320348907749,0.009515220149
126,175.781250017,2,1.3210094213477666,0.37881206672288725,-0.005415901170135728,0.009496048524
126,175.781250017,3,1.3214385936551494,0.38030990862958053,-0.005418021205350993,0.009501765791
126,175.781250017,4,1.3214998343243163,0.38038222580870756,-0.0054242110634543945,0.009502589082
126,175.781250017,5,1.3215145098224816,0.3804246793862953,-0.005428253741351097,0.009502788216
126,175.781250017,6,1.3215187162842252,0.38045484941254,-0.005431014583673695,0.009502847322
127,177.18749999,1,1.2170505242082612,0.3521938870291035,-0.0032737463665504845,0.009565737514
127,177.18749999,2,1.3248719227826815,0.3786446016686099,-0.0036159166963824277,0.009546460522
127,177.18749999,3,1.325302220228456,0.38014194804639384,-0.003617353888333421,0.009552209431
127,177.18749999,4,1.325363651266738,0.3802146244602631,-0.0036215026195360127,0.009553037471
127,177.18749999,5,1.325378377045118,0.38025738509501167,-0.0036242153383171786,0.009553237918
127,177.18749999,6,1.3253826015318442,0.3802878802033997,-0.0036260735780517905,0.009553297598
128,178.59375001,1,1.2191720238743098,0.35210001418430587,-0.0016383329994255273,0.009596161823
128,178.59375001,2,1.3271926064128499,0.3785442540603031,-0.0018095507526354625,0.009576821371
128,178.59375001,3,1.3276235802698158,0.38004129622697613,-0.0018102760798351864,0.009582589365
128,178.59375001,4,1.3276851270474601,0.380114186727043,-0.001812356926524547,0.009583420244
128,178.59375001,5,1.327699882867478,0.380157144055462,-0.0018137191326502958,0.0095836215
128,178.59375001,6,1.3277041190546317,0.3801878330114707,-0.0018146535300427886,0.009583681519
129,180.0,1,1.2198796309349373,0.3520690807842341,2.9238967331880894e-11,0.009606321845
129,180.0,2,1.327966682020072,0.3785108597757562,-7.584535473309109e-11,0.009586960681
129,180.0,3,1.328397880082524,0.38000778272456137,-3.693159869262761e-11,0.009592735014
129,180.0,4,1.3284594648075003,0.3800807475381533,7.950100567279524e-12,0.009593566846
129,180.0,5,1.3284742313792623,0.38012376906080886,1.983121289756094e-11,0.009593768363
129,180.0,6,1.3284784704124657,0.3801545218948262,2.7983409586268957e-11,0.009593828504
130,181.40624999,1,1.2191720238743098,0.35210001418430587,0.0016383330098610437,0.009596161822
130,181.40624999,2,1.3271926064128499,0.3785442540603031,0.0018095507459946793,0.009576821371
130,181.40624999,3,1.3276235802698158,0.38004129622697613,0.0018102760741430866,0.009582589365
130,181.40624999,4,1.3276851270474601,0.380114186727043,0.0018123569208324472,0.009583420244
130,181.40624999,5,1.327699882867478,0.380157144055462,0.001813719126958196,0.0095836215
130,181.40624999,6,1.3277041190546317,0.3801878330114707,0.0018146535243506888,0.009583681519
131,182.81250001,1,1.2170505242082612,0.3521938870291035,0.003273746360225929,0.009565737514
131,182.81250001,2,1.3248719227826815,0.3786446016686099,0.00361591669322015,0.009546460522
131,182.81250001,3,1.325302220228456,0.38014194804639384,0.003617353885171143,0.009552209431
131,182.81250001,4,1.325363651266738,0.3802146244602631,0.0036215026163737354,0.009553037471
131,182.81250001,5,1.325378377045118,0.38025738509501167,0.003624215335154901,0.009553237918
131,182.81250001,6,1.3253826015318442,0.3802878802033997,0.0036260735748895132,0.009553297598
132,184.218749983,1,1.2135199642132841,0.35234912482058,0.004903320345745472,0.009515220149
132,184.218749983,2,1.3210094213477666,0.37881206672288725,0.005415901163811173,0.009496048524
132,184.218749983,3,1.3214385936551494,0.38030990862958053,0.005418021199026437,0.00950176579
132,184.218749983,4,1.3214998343243163,0.38038222580870756,0.005424211057129839,0.009502589082
132,184.218749983,5,1.3215145098224816,0.3804246793862953,0.00542825373818882,0.009502788216
132,184.218749983,6,1.3215187162842252,0.38045484941254,0.005431014580511418,0.009502847321
133,185.625000018,1,1.2085877556357585,0.35256746301671527,0.00652414049527247,0.009444893873
133,185.625000018,2,1.3156129319075913,0.3790470514648534,0.007206325638965745,0.009425868175
133,185.625000018,3,1.3160405325629774,0.38054559096999846,0.00720908951391262,0.009431541286
133,185.625000018,4,1.3161015053872265,0.3806174006035611,0.007217279351359917,0.009432357976
133,185.625000018,5,1.3161161109990553,0.3806594168381485,0.007222618613693731,0.009432555269
133,185.625000018,6,1.31612029184635,0.38068913529114323,0.007226250546507433,0.009432613577
134,187.031249978,1,1.2022631848202612,0.35284767307263826,0.008133355111084872,0.009355154045
134,187.031249978,2,1.3086934756322577,0.3793500824137388,0.008984086744769674,0.009336313094
134,187.031249978,3,1.3091190584382686,0.3808495472013273,0.00898744570977575,0.009341929907
134,187.031249978,4,1.3091796897365302,0.38092069718377,0.008997578460104287,0.009342738164
134,187.031249978,5,1.3091942055396737,0.3809621609684501,0.009004172106279839,0.009342933126
134,187.031249978,6,1.3091983550804194,0.38099129882726646,0.009008631714674647,0.009342990419
135,188.437499986,1,1.1945601980437293,0.353190457962673,0.00972799732530824,0.009246501048
135,188.437499986,2,1.3002652498835483,0.37972187076578934,0.010745935133409698,0.009227884822
135,188.437499986,3,1.3006883727537673,0.3812224616404525,0.010749823925388624,0.009233433441
135,188.437499986,4,1.300748585050239,0.3812928276942633,0.010761836548593246,0.009234231496
135,188.437499986,5,1.3007629914385754,0.38133361854625736,0.010769631490293176,0.009234423626
135,188.437499986,6,1.3007671014508502,0.3813620616526717,0.010774869366842927,0.009234479693
136,189.843749985,1,1.1854941076870484,0.3535947795110635,0.011305217239556515,0.009119542751
136,189.843749985,2,1.290345525440904,0.38016320139832005,0.012488743881489885,0.009101189072
136,189.843749985,3,1.290765763997669,0.38166513813835545,0.012493086770216256,0.009106658168
136,189.843749985,4,1.2908254870897868,0.38173460420794414,0.012506905907779805,0.009107444339
136,189.843749985,5,1.290839764140967,0.38177460796902857,0.012515838399811036,0.00910763314
136,189.843749985,6,1.2908438276677605,0.38180224216481745,0.012521794423292858,0.009107687763
137,191.25,1,1.1750838478877088,0.354061943106028,0.012862143689126361,0.008974987058
137,191.25,2,1.2789546765430617,0.3806751048976206,0.014209388699791601,0.008956932125
137,191.25,3,1.279371598503017,0.3821786003243146,0.014214103247849094,0.008962310681
137,191.25,4,1.2794307574448003,0.38224703232910845,0.014229637579517297,0.008963083302
137,191.25,5,1.279444887450069,0.38228614306298164,0.014239636359952762,0.008963268348
137,191.25,6,1.2794488978505978,0.38231285418992156,0.014246240274043875,0.008963321321
138,192.656250009,1,1.1633515748279093,0.35459163378471137,0.014395926070443802,0.008813638134
138,192.656250009,2,1.2661167042450068,0.38158468315389765,0.015893289872377588,0.008795916425
138,192.656250009,3,1.2665289789217125,0.3827611946433416,0.015823639789851858,0.00880119399
138,192.656250009,4,1.2665875028781415,0.3828284765277504,0.01584079032052256,0.008801951508
138,192.656250009,5,1.2666014662313778,0.38286658956302183,0.015851774707010036,0.008802132342
138,192.656250009,6,1.2666054168648586,0.38289226346288924,0.015858944972380974,0.008802183463
139,194.062499987,1,1.1503206912597008,0.35518319221222167,0.015903704701035692,0.008636390976
139,194.062499987,2,1.2518575480779297,0.38224233603055535,0.017559353281787204,0.008619035212
139,194.062499987,3,1.252265367737868,0.3834194847189478,0.017490932816144576,0.008624201888
139,194.062499987,4,1.252323186190151,0.3834854931541429,0.01750958475513872,0.008624942825
139,194.062499987,5,1.2523369648663718,0.3835225041356497,0.017521461362456622,0.008625119019
139,194.062499987,6,1.2523408494082493,0.383547056375631,0.017529119295314647,0.008625168108
140,195.468750006,1,1.1360181606597815,0.35583729796202784,0.01738261988261749,0.008444224251
140,195.468750006,2,1.2362069865781007,0.38297457249073913,0.0191939297407452,0.008427264858
140,195.468750006,3,1.2366099445523642,0.38415245988719304,0.019126595188601964,0.008432311471
140,195.468750006,4,1.2366669895115314,0.3842171019022111,0.01914663662291315,0.00843303443
140,195.468750006,5,1.2366805654857544,0.3842529178589902,0.01915930823948393,0.008433205597
140,195.468750006,6,1.2366843779277015,0.3842762526220724,0.01916736068229145,0.008433252481
141,196.874999979,1,1.1204758964180694,0.3565536053971819,0.018829862513347242,0.008238195145
141,196.874999979,2,1.2191977761986632,0.3837829436316414,0.020793908440822597,0.008221660476
141,196.874999979,3,1.2195954490582732,0.38496172532021755,0.02072752754624017,0.00822657831
141,196.874999979,4,1.2196516528515828,0.38502489339761825,0.02074882474947071,0.008227282044
141,196.874999979,5,1.2196650090475083,0.38505944317842217,0.020762195748017923,0.008227447836
141,196.874999979,6,1.219668742432514,0.38508147318574176,0.020770543841650724,0.008227492332
142,198.281250008,1,1.10372590299808,0.3573318479376769,0.020242583934451715,0.008019431285
142,198.281250008,2,1.2008655343053585,0.3846691703647647,0.022356171192834368,0.008003347591
142,198.281250008,3,1.201257542260768,0.38584900034838526,0.02229059820011084,0.008008128829
142,198.281250008,4,1.2013128406939837,0.38591060341457195,0.02231301302499887,0.008008812127
142,198.281250008,5,1.2013259600353123,0.3859438174492922,0.02232697999904303,0.008008972226
142,198.281250008,6,1.2013296086712768,0.3859644709171463,0.02233552390090855,0.008009014177
143,199.687499998,1,1.0858025891430334,0.3581736108333039,0.02161797111021553,0.007789124253
143,199.687499998,2,1.1812489937398798,0.3859688332791785,0.023865453344151175,0.00777351388
143,199.687499998,3,1.1816348697226784,0.38682243763973184,0.023897776821399073,0.007778151483
143,199.687499998,4,1.181689197969108,0.3868824010649517,0.023921171885953926,0.007778813283
143,199.687499998,5,1.1817020640119962,0.3869142097834798,0.023935623039492912,0.007778967402
143,199.687499998,6,1.1817056218905917,0.386933410184749,0.02394425085555842,0.007779006636
144,201.093750012,1,1.0672838184045772,0.3592368356229389,0.022893275417233676,0.007548517527
144,201.093750012,2,1.1603930733914787,0.38701794893457714,0.025261643848107397,0.007533401985
144,201.093750012,3,1.1607722829767422,0.3878716083187618,0.02529512315681376,0.007537889694
144,201.093750012,4,1.1608255809531098,0.3879298625329063,0.025319352272101477,0.007538529067
144,201.093750012,5,1.1608381772537135,0.3879602045870556,0.025334171489461883,0.007538676902
144,201.093750012,6,1.1608416393152958,0.38797790259020853,0.025342779949225833,0.007538713319
145,202.5,1,1.0476625464392633,0.36036806045023934,0.024267851924145645,0.007298902937
145,202.5,2,1.1383316712955331,0.38815319839265566,0.026773540554782243,0.007284300144
145,202.5,3,1.1387038520862416,0.389007000079335,0.026807976721274402,0.007288632489
145,202.5,4,1.138756059709272,0.38906348721272305,0.02683289279078735,0.007289248631
145,202.5,5,1.1387683707724308,0.3890922987244848,0.026847950538751667,0.007289389949
145,202.5,6,1.1387717310086725,0.3891084484764953,0.026856433345412788,0.00728942341
146,203.906249992,1,1.026441569279267,0.3614002481170953,0.025515391272031354,0.007041609337
146,203.906249992,2,1.1151226561845413,0.3893720749159129,0.02815322017778147,0.007027534101
146,203.906249992,3,1.115487438194208,0.3902261027054449,0.028188406366964517,0.007031706493
146,203.906249992,4,1.1155385007564977,0.3902807765888226,0.028213858954829845,0.007032298731
146,203.906249992,5,1.1155505117195066,0.3903080253029647,0.028229044572653628,0.007032433332
146,203.906249992,6,1.1155537650707634,0.39032258095080674,0.028237284513228173,0.007032463714
147,205.312500017,1,1.0042152964616367,0.3624967546141925,0.026714311960671363,0.006777990429
147,205.312500017,2,1.090812370921385,0.390678946242253,0.0294797534461399,0.006764456393
147,205.312500017,3,1.0911694179998948,0.39153332725819967,0.029515492809391756,0.006768465007
147,205.312500017,4,1.0912192807940404,0.391586142038541,0.029541322527328558,0.006769032771
147,205.312500017,5,1.0912309777428777,0.39161179032395926,0.02955651127264495,0.006769160485
147,205.312500017,6,1.0912341188332775,0.39162472530450043,0.029564401307196394,0.006769187697
148,206.718749991,1,0.9810329327105369,0.3636588552881113,0.027861631121066287,0.006509421574
148,206.718749991,2,1.0654535256150148,0.39207601900902733,0.030749900097267975,0.006496437669
148,206.718749991,3,1.0658025164749578,0.39293084685480734,0.03078596677523133,0.006500279649
148,206.718749991,4,1.0658511257422387,0.392981763636097,0.03081201062363761,0.006500822471
148,206.718749991,5,1.065862494130427,0.3930057941002644,0.030827089960471513,0.00650094319
148,206.718749991,6,1.0658655185327812,0.39301708374773897,0.030834516556907308,0.006500967135
149,208.124999994,1,0.9569443158381197,0.364885367130779,0.028954537614867333,0.006237284926
149,208.124999994,2,1.0391013402741607,0.39356536577301426,0.031960557124075716,0.006224856942
149,208.124999994,3,1.0394419726017923,0.39442078749453885,0.031996757677063815,0.006228530298
149,208.124999994,4,1.0394892783782217,0.39446979647371616,0.03202286923615936,0.006229047892
149,208.124999994,5,1.039500306189106,0.39449218666446123,0.032037713030741745,0.006229161488
149,208.124999994,6,1.0395032082113147,0.3945018309788692,0.03204457988505802,0.00622918211
150,209.531249996,1,0.9320026887971216,0.36617849045499157,0.02999018502851842,0.005962958476
150,209.531249996,2,1.0118136694010706,0.3951490157677884,0.033108534212149224,0.005951090783
150,209.531249996,3,1.01214566017254,0.3960051708215024,0.033144657510694085,0.005954594377
150,209.531249996,4,1.0121916150239534,0.3960522628279621,0.03317068511131775,0.005955086561
150,209.531249996,5,1.0122022899246508,0.39607300831809605,0.03318517944259591,0.00595519299
150,209.531249996,6,1.0122050657719808,0.39608099686392123,0.03319137345909443,0.005955210214
151,210.937499996,1,0.9062636887006955,0.3675379387583929,0.030965718388177844,0.005687811037
151,210.937499996,2,0.9836508226903685,0.39682891505902174,0.03419069965356647,0.005676504898
151,210.937499996,3,0.9839738999497972,0.39768594416628106,0.034226531864452715,0.005679838357
151,210.937499996,4,0.9840184611854456,0.3977311229947563,0.0342523279231061,0.005680305078
151,210.937499996,5,0.9840287705268453,0.3977502354847066,0.034266370111924405,0.00568040432
151,210.937499996,6,0.9840314160883359,0.3977565698430877,0.034271784468865814,0.005680418084
152,212.343750001,1,0.8804669590119887,0.3691453194334123,0.03190690737594103,0.005413189838
152,212.343750001,2,0.9546750005624909,0.3986083701242359,0.03520603203264322,0.005402443151
152,212.343750001,3,0.9549889258741433,0.39946646080810566,0.03524138841560993,0.005405607064
152,212.343750001,4,0.9550320520681893,0.39950972898841863,0.035266797000381614,0.005406048412
152,212.343750001,5,0.9550419844660922,0.39952721575142386,0.03528027636702197,0.005406140464
152,212.343750001,6,0.9550444946820988,0.39953192311794883,0.03528482894005543,0.005406150751
153,213.750000002,1,0.8532865247690882,0.3706445590668313,0.03275453405141053,0.005140410139
153,213.750000002,2,0.9249518120569644,0.4004856701712165,0.03614714967626011,0.005130217814
153,213.750000002,3,0.9252563574206212,0.40134499509205707,0.0361818357512312,0.005133213557
153,213.750000002,4,0.9252980099932777,0.4013863908877675,0.036206740458680504,0.005133629746
153,213.750000002,5,0.9253075556446226,0.40140226394048273,0.03621954417307599,0.005133714639
153,213.750000002,6,0.9253099267204122,0.40140537277565047,0.036223151161843506,0.005133721438
154,215.156250008,1,0.8254857142623602,0.37221142021327985,0.03353344016424973,0.004870745853
154,215.156250008,2,0.8945478983807438,0.40246370172701196,0.03701294986657426,0.004861101465
154,215.156250008,3,0.8948428563509907,0.4033244841416261,0.03704682665144657,0.004863931216
154,215.156250008,4,0.8948829986198366,0.4033640312698164,0.03707108388254496,0.004864322552
154,215.156250008,5,0.894892147721563,0.4033783241323848,0.03708312311631609,0.004864400364
154,215.156250008,6,0.8948943758624024,0.4033798717510717,0.03708570732961998,0.004864403669
155,216.562500017,1,0.7971294038315977,0.37384777146262727,0.0342409754727972,0.004605421915
155,216.562500017,2,0.8635322990121617,0.4045433397938507,0.03780045231500487,0.004596315658
155,216.562500017,3,0.8638174852282108,0.40540576311434273,0.03783332267338904,0.004598982308
155,216.562500017,4,0.8638560868353806,0.4054434922491062,0.03785679515366329,0.004599349211
155,216.562500017,5,0.8638648292681999,0.40545625267192054,0.03786799723766945,0.004599420076
155,216.562500017,6,0.8638669103631281,0.4054562744916363,0.03786947784769271,0.004599419887
156,217.968749978,1,0.7682816324454688,0.3755522403863691,0.03487439752337493,0.004345603535
156,217.968749978,2,0.8319758669957882,0.40672498977572885,0.03850654957778637,0.004337023831
156,217.968749978,3,0.8322511293520841,0.4075892712505739,0.03853826010759313,0.004339531024
156,217.968749978,4,0.8322881586748014,0.4076252484835137,0.03856085477121169,0.004339874072
156,217.968749978,5,0.8322964865330195,0.4076365099867171,0.03857112689260355,0.004339938099
156,217.968749978,6,0.8322984177359866,0.4076350610310932,0.038571447326198854,0.004339934439
157,219.37500002,1,0.7390093948535708,0.377325201714408,0.03543099529534486,0.004092391009
157,219.37500002,2,0.799951273053393,0.4090086915173449,0.03912826060739132,0.00408432262
157,219.37500002,3,0.8002164556496472,0.4098750572493958,0.03915867365467411,0.004086674751
157,219.37500002,4,0.8002518883383738,0.40990934550983726,0.03918029117449568,0.004086994585
157,219.37500002,5,0.8002597940325242,0.4099191507841781,0.03918954918506469,0.004087051927
157,219.37500002,6,0.8002615712325692,0.4099162999908675,0.03918867215897842,0.004087044861
158,220.781250003,1,0.7070005607543506,0.37353081953502626,0.03657340462438766,0.003846806638
158,220.781250003,2,0.7675313542425504,0.41139743463599876,0.039671288919430364,0.003839233081
158,220.781250003,3,0.7677863476639557,0.4122661319153685,0.039700284950093624,0.003841435001
158,220.781250003,4,0.7678201600016094,0.4122987846458041,0.03972081426692678,0.003841732354
158,220.781250003,5,0.7678276365746812,0.41230720231270773,0.03972901304097074,0.003841783222
158,220.781250003,6,0.7678292569257543,0.4123030085000748,0.03972688950827639,0.003841772784
159,222.187500001,1,0.6768432538229529,0.376202854349183,0.03698152979197059,0.003609791248
159,222.187500001,2,0.7347947390161418,0.41388257725930067,0.040115882326805324,0.003602695044
159,222.187500001,3,0.7350394439671798,0.41475382270200906,0.04014332627997021,0.003604752372
159,222.187500001,4,0.7350716163476387,0.41478492148920243,0.0401626945981832,0.003605028074
159,222.187500001,5,0.7350786581075325,0.41479201226439977,0.04016977964965804,0.003605072686
159,222.187500001,6,0.7350801181311282,0.41478654468632536,0.040166377133764024,0.003605058938
160,223.593750007,1,0.6464694349107687,0.37895195892956224,0.037304030473313585,0.003382198678
160,223.593750007,2,0.7018169194800651,0.41646600568587505,0.040467812270851014,0.003375559238
160,223.593750007,3,0.7020512660743994,0.4173400570175512,0.04049361538138359,0.003377478059
160,223.593750007,4,0.7020817833187311,0.41736967143161097,0.04051173757246182,0.003377733015
160,223.593750007,5,0.702088383940891,0.4173755080474883,0.040517673199252736,0.003377771619
160,223.593750007,6,0.7020896814234151,0.417368849555647,0.040512982877404395,0.003377754656
161,225.0,1,0.6160952279871155,0.38186417853506954,0.03748518486946787,0.00316478737
161,225.0,2,0.6686837533701602,0.4194937142013538,0.04058106529240287,0.003158583051
161,225.0,3,0.6689006403970772,0.4200133618024163,0.040597576840600454,0.003160369934
161,225.0,4,0.6689294892237154,0.42004158007088904,0.04061439623652825,0.003160605126
161,225.0,5,0.6689356445971809,0.42004623747342695,0.0406191568241862,0.003160637989
161,225.0,6,0.6689367763763555,0.42003846238134385,0.04061316313797744,0.003160617886
162,226.406249993,1,0.58567268659811,0.38554260631720827,0.037709830418133,0.002958215808
162,226.406249993,2,0.6354575660168317,0.4222611109768583,0.04073535538088739,0.002952423675
162,226.406249993,3,0.6356634612828297,0.4227817208590128,0.040749966431833984,0.002954085628
162,226.406249993,4,0.635690634102308,0.4228086286796232,0.04076543189858159,0.002954302096
162,226.406249993,5,0.635696340116118,0.42281218244725766,0.04076899461546186,0.002954329505
162,226.406249993,6,0.6356973046108044,0.4228033761364296,0.04076170426892133,0.002954306368
163,227.812499999,1,0.5550637172406102,0.3885203072062246,0.03776314743141229,0.002763041035
163,227.812499999,2,0.6022349428666539,0.42549095322905833,0.04083567057584821,0.002757636938
163,227.812499999,3,0.602424530899214,0.42565235588083333,0.04087495912459423,0.002759181233
163,227.812499999,4,0.6024500220194327,0.42567806298461613,0.04088905889848873,0.002759380117
163,227.812499999,5,0.6024552761437649,0.4256805915418332,0.040891414795345554,0.002759402367
163,227.812499999,6,0.6024560705079132,0.42567084761567897,0.040882856027612755,0.002759376326
164,229.218749997,1,0.5245566026329501,0.3922548296830938,0.03772863806451685,0.002579712938
164,229.218749997,2,0.5690841774166592,0.42844819829257436,0.04088711153628282,0.002574671552
164,229.218749997,3,0.5692622231357596,0.42860865668824005,0.04092432300619332,0.002576105831
164,229.218749997,4,0.5692860309755798,0.42863325920843615,0.040937033117170056,0.002576288267
164,229.218749997,5,0.5692908313130679,0.428634846039366,0.04093818478707112,0.002576305667
164,229.218749997,6,0.5692914542817669,0.4286242596824431,0.04092839636767016,0.002576276857
165,230.62499998,1,0.4941763525966884,0.39534435123999584,0.037593511505144055,0.002408572382
165,230.62499998,2,0.5360905869694357,0.43147111216266476,0.040743448439989186,0.00240386821
165,230.62499998,3,0.5362571194680309,0.4316308233121194,0.04077849561544629,0.002405200306
165,230.62499998,4,0.5362792471897302,0.4316544132710087,0.040789799935889194,0.002405367457
165,230.62499998,5,0.5362835927916908,0.43165514755188134,0.040789771918109126,0.002405380352
165,230.62499998,6,0.5362840424675741,0.43164380699173643,0.04077879353362465,0.002405348906
166,232.031250022,1,0.46402219497761243,0.39847700278567716,0.03736233967946665,0.002249852447
166,232.031250022,2,0.5033355255449797,0.43456332481785565,0.040495785336314,0.002245459044
166,232.031250022,3,0.503490615025634,0.43472248952573056,0.04052862426165823,0.002246696852
166,232.031250022,4,0.5035110686375399,0.4347451753894368,0.040538537021816784,0.002246849941
166,232.031250022,5,0.503514959503973,0.43474514977498774,0.04053736799101137,0.002246858691
166,232.031250022,6,0.503515235254585,0.434733141341801,0.04052524483039113,0.002246824736
167,233.437499983,1,0.4341681523711915,0.4016444349584316,0.037034271776680165,0.002103677015
167,233.437499983,2,0.47090007678854806,0.43771670604228263,0.040143218193319785,0.002099567585
167,233.437499983,3,0.4710437994621528,0.4378755529412527,0.04017386167577566,0.002100719247
167,233.437499983,4,0.47106259034846504,0.4378974260996003,0.040182384962753115,0.002100859456
167,233.437499983,5,0.47106602806050946,0.43789672375773203,0.04018010723740005,0.002100864396
167,233.437499983,6,0.4710661283047113,0.4378841476957053,0.04016692028657493,0.002100828108
168,234.843749992,1,0.40468861229973674,0.4048380628068674,0.0366088651727805,0.00197006073
168,234.843749992,2,0.43886513049777676,0.44092206973557085,0.03968520243517068,0.00196620879
168,234.843749992,3,0.43899761000938853,0.44108079077589,0.039713638015364226,0.001967282349
168,234.843749992,4,0.43901475113544547,0.44110194799457536,0.03972079431295474,0.001967410891
168,234.843749992,5,0.4390177379066955,0.4411006533581013,0.03971745494774561,0.001967412369
168,234.843749992,6,0.43901766327694275,0.4410876001083756,0.03970328661567143,0.001967373915
169,236.249999998,1,0.3756573061129449,0.4080481297557195,0.03608588620707136,0.001848913455
169,236.249999998,2,0.4073112336794035,0.4441693421460059,0.03912144640499808,0.001845292807
169,236.249999998,3,0.4074326113828337,0.4443281327564336,0.0391476896413354,0.001846296239
169,236.249999998,4,0.4074481226709846,0.4443486847151748,0.03915353735680735,0.001846414354
169,236.249999998,5,0.40745066166371796,0.4443468819006808,0.039149194980369964,0.001846412716
169,236.249999998,6,0.407450411527555,0.4443334434855361,0.03913413817476439,0.001846372263
170,237.656249999,1,0.34714736780626265,0.41126475431975557,0.035465525881123394,0.00174004261
170,237.656249999,2,0.3763181740772996,0.4474474391741613,0.0384521113473399,0.001736627183
170,237.656249999,3,0.37642862547895845,0.44760648940758485,0.038476203064825555,0.001737568378
170,237.656249999,4,0.3764425293813747,0.4476265357181282,0.038480798897817414,0.001737677262
170,237.656249999,5,0.3764446247065523,0.4476243085259721,0.03847552602117851,0.001737672858
170,237.656249999,6,0.37644420001266254,0.44761057095936085,0.0384596801324284,0.001737630571
171,239.062500004,1,0.31923092134365205,0.41447707249407395,0.034748349894787256,0.001643156713
171,239.062500004,2,0.34596490554271775,0.4507443580789499,0.037677794015613365,0.001639921156
171,239.062500004,3,0.3460646263875924,0.45090383774967974,0.03769977054881769,0.001640807788
171,239.062500004,4,0.346076949783634,0.45092346885316636,0.03770317249550172,0.001640908599
171,239.062500004,5,0.3460786077658113,0.4509208979214286,0.03769704909266335,0.001640901779
171,239.062500004,6,0.3460780094628779,0.4509069399440644,0.037680519772465317,0.001640857824
172,240.468750004,1,0.29197959022701275,0.4176741601904977,0.03393531151666359,0.001557871623
172,240.468750004,2,0.3163294044668856,0.45404722839029504,0.036799395152987205,0.001554791619
172,240.468750004,3,0.3164186287635228,0.45420730288545275,0.03681932332083716,0.001555631135
172,240.468750004,4,0.3164294035921943,0.45422660131732945,0.03682158877655291,0.001555724974
172,240.468750004,5,0.31643063118838194,0.454223773292418,0.03681471730531125,0.001555716103
172,240.468750004,6,0.31642986022508846,0.4542096742774701,0.036797622158771484,0.001555670652
173,241.875000006,1,0.2654635744905782,0.42084441153378616,0.03302769807836508,0.001483717642
173,241.875000006,2,0.28748825150654,0.4573424137344704,0.03581827722679132,0.001480769426
173,241.875000006,3,0.2875672305611454,0.45750322662146176,0.035836216290370246,0.001481568912
173,241.875000006,4,0.28757649214508824,0.4575222897798805,0.035837444455767906,0.001481656909
173,241.875000006,5,0.28757729713448943,0.45751927012094284,0.03582990723021045,0.001481646294
173,241.875000006,6,0.28757635619877164,0.4575050993222921,0.03581236335647071,0.001481599499
174,243.281250009,1,0.23975031517619202,0.4239743868438837,0.032027076267112896,0.001420145218
174,243.281250009,2,0.2595164394439364,0.46061560195901385,0.034736155393183005,0.001417306697
174,243.281250009,3,0.2595854614981188,0.46077729206182816,0.03475219939862853,0.001418072914
174,243.281250009,4,0.2595932500615047,0.4607962050120581,0.034752488335938345,0.001418156106
174,243.281250009,5,0.2595936425001623,0.4607930585457862,0.03474438063549099,0.001418144041
174,243.281250009,6,0.25959253421671075,0.4607788893282743,0.03472653011568654,0.001418096084
175,244.687499983,1,0.21473897259352057,0.4273487872434463,0.030901525482995323,0.001366533867
175,244.687499983,2,0.23248569408065647,0.4638503656639364,0.03348902989573697,0.001363784027
175,244.687499983,3,0.23254507182043088,0.46401305156798583,0.03350327854966371,0.001364523344
175,244.687499983,4,0.23255143125567382,0.4640318785042634,0.03350270437490895,0.001364602668
175,244.687499983,5,0.23255142135774476,0.46402866910866614,0.033494131914513885,0.001364589453
175,244.687499983,6,0.23255014895208265,0.464014565034074,0.03347611300342403,0.001364540502
176,246.093750008,1,0.1906635029537211,0.430666106950104,0.029795488241530017,0.001322201471
176,246.093750008,2,0.20647175759551561,0.46703625225666007,0.032280931995884436,0.001319521036
176,246.093750008,3,0.20652182928972337,0.4672000446416628,0.0322935040734413,0.001320239362
176,246.093750008,4,0.20652680760019826,0.46721885197181895,0.03229216475398389,0.001320315708
176,246.093750008,5,0.20652640795154756,0.46721563214070533,0.03228323128797114,0.0013203016
176,246.093750008,6,0.2065249753132764,0.46720164886511983,0.032265184959933975,0.001320251808
177,247.5,1,0.16774221823764698,0.4336310303400067,0.028528103365596448,0.00128641398
177,247.5,2,0.18153939144275916,0.47015160329749034,0.03091035403728442,0.00128378523
177,247.5,3,0.18158052492753768,0.4703165790067936,0.030921354187726034,0.001284487934
177,247.5,4,0.1815841746386764,0.4703354287114703,0.030919356697094655,0.001284562126
177,247.5,5,0.18158339867898415,0.4703322556820661,0.03091018614563889,0.001284547403
177,247.5,6,0.18158181039340657,0.4703184352637801,0.030892244315067003,0.001284496893
178,248.906249988,1,0.14588037186318317,0.43650269658057217,0.02717797091398476,0.001258395447
178,248.906249988,2,0.15775649785080448,0.4731825673778202,0.029449833220856782,0.001255802223
178,248.906249988,3,0.15778908278200704,0.4733487842811051,0.029459367974992948,0.00125649414
178,248.906249988,4,0.15779146094129862,0.4733677361273503,0.029456828950636824,0.001256566938
178,248.906249988,5,0.15779032296405981,0.47336465227417607,0.029447530491374257,0.001256551816
178,248.906249988,6,0.15778858443867058,0.47335104277981,0.0294298475153648,0.001256500746
179,250.312500002,1,0.1251365375293862,0.43926747087921314,0.02574859253366906,0.001237338202
179,250.312500002,2,0.13518693917511257,0.47611292485930296,0.02790311799037333,0.001234766377
179,250.312500002,3,0.13521139604079963,0.4762804300745065,0.027911310699168745,0.001235451834
179,250.312500002,4,0.13521256225717795,0.47629951916360214,0.02790832396270377,0.001235523871
179,250.312500002,5,0.13521107886435033,0.4762965595879399,0.027899007304533274,0.001235508546
179,250.312500002,6,0.13520919556988983,0.47628319358895377,0.027881724682362424,0.001235457039
180,251.718749992,1,0.10556571432826835,0.4419118433533098,0.024243702605772403,0.001222416142
180,251.718749992,2,0.11389172239253113,0.47892660156836403,0.02627427428544524,0.001219853373
180,251.718749992,3,0.11390849040144695,0.4790954058472304,0.026281227722923853,0.001220536059
180,251.718749992,4,0.11390851038704178,0.4791146717076472,0.02627790407423469,0.001220607895
180,251.718749992,5,0.11390669862330192,0.47911187119455134,0.026268691609950812,0.001220592565
180,251.718749992,6,0.11390467745353543,0.47909876861329426,0.02625194133508811,0.001220540707
181,253.125000021,1,0.08722078648378834,0.4444220906665003,0.022667387197803267,0.001212793747
181,253.125000021,2,0.0939285718775828,0.4816076093453815,0.024567704733386157,0.001210229831
181,253.125000021,3,0.09393811816138331,0.48177772944798225,0.024573559927644782,0.00121091295
181,253.125000021,4,0.0939370590197266,0.4817972037024969,0.024570012120903678,0.001210985086
181,253.125000021,5,0.09393493763738105,0.4817945850203665,0.024561012528502773,0.001210969893
181,253.125000021,6,0.09393278545445109,0.48178176704409875,0.024544937766744726,0.001210917797
182,254.531249994,1,0.07015166419263383,0.4467861518917888,0.021024057826237806,0.001207639666
182,254.531249994,2,0.07535204520507294,0.48414042646668815,0.022788148241278387,0.001205066052
182,254.531249994,3,0.07535485858863886,0.484311846581635,0.022793033840096802,0.001205752209
182,254.531249994,4,0.0753527931469851,0.48433154662277456,0.022789359096368134,0.001205825009
182,254.531249994,5,0.0753503815624187,0.4843291224207203,0.022780675200470602,0.001205810056
182,254.531249994,6,0.07534810639851054,0.484316603912147,0.022765414930758097,0.001205757822
183,255.937500013,1,0.05440523796093202,0.44899197653769557,0.01931839745746652,0.001206136752
183,255.937500013,2,0.05821313463985895,0.48650993376656293,0.020940675331613357,0.001203546556
183,255.937500013,3,0.05820972143546645,0.48668260045136347,0.020944683714608836,0.001204237676
183,255.937500013,4,0.05820672438681402,0.4867025449365662,0.02094099047155586,0.001204311478
183,255.937500013,5,0.05820404394540093,0.48670032565010424,0.020932726918254027,0.001204296863
183,255.937500013,6,0.05820165405405926,0.4866881047118588,0.020918402287444224,0.001204244544
184,257.343749991,1,0.0400239142799563,0.45102654835314376,0.017555227401202984,0.001207494157
184,257.343749991,2,0.042558998596231405,0.48870179980265005,0.019030558726078353,0.001204882728
184,257.343749991,3,0.04254989041437793,0.48887566941787247,0.019033813389680364,0.001205580339
184,257.343749991,4,0.04254604053106333,0.4888958592958216,0.01903019354309188,0.001205655332
184,257.343749991,5,0.04254311276791444,0.48889384808722974,0.019022448211203885,0.001205641119
184,257.343749991,6,0.04254061719325337,0.4888819244030843,0.019009183942689977,0.001205588789
185,258.75,1,0.027046893954734464,0.4528791491142319,0.015739669677630318,0.001210958889
185,258.75,2,0.028432965476919085,0.49070252765766803,0.01706335898636013,0.001208323321
185,258.75,3,0.02841870793382984,0.49087752335996526,0.0170659635014866,0.001209028316
185,258.75,4,0.028414086533823105,0.4908979510411944,0.017062500263536954,0.001209104608
185,258.75,5,0.02841093516285859,0.4908961456968782,0.017055367531239565,0.00120909084
185,258.75,6,0.028408343170351655,0.4908845066177222,0.017043274349011546,0.001209038533
186,260.156250015,1,0.015510610117451968,0.45453987994320044,0.013877076448012912,0.001215824959
186,260.156250015,2,0.015874288327776726,0.4924995153389134,0.015044856275355262,0.001213163817
186,260.156250015,3,0.015855450216009898,0.4926755485845109,0.01504690569058582,0.001213876602
186,260.156250015,4,0.01585014014466116,0.4926962096418314,0.015043687216089351,0.001213954272
186,260.156250015,5,0.015846788803906525,0.4926946035210078,0.015037252850677267,0.001213940973
186,260.156250015,6,0.015844110787960403,0.49268323260299735,0.01502643394301747,0.001213888725
187,261.562500014,1,0.0054467398346933526,0.45599908956863044,0.011972939247840748,0.001221444008
187,261.562500014,2,0.004917968800112232,0.4940813296315058,0.012981042201656088,0.001218757451
187,261.562500014,3,0.004895126311955719,0.4942582957490131,0.01298262909899379,0.00121947803
187,261.562500014,4,0.004889215635535546,0.4942791715249867,0.012979727449933818,0.00121955704
187,261.562500014,5,0.00488568901605476,0.49427774976495065,0.01297406635944025,0.0012195442
187,261.562500014,6,0.0048829352034754,0.494266621077409,0.012964611949292595,0.001219492018
188,262.968750022,1,-0.003116970758815393,0.45724855764974437,0.010032896734409673,0.00122723471
188,262.968750022,2,-0.004405377103811379,0.49543779179611264,0.010878051062147514,0.00122452405
188,262.968750022,3,-0.004431630500546813,0.4956155712514342,0.010879250517226295,0.001225251946
188,262.968750022,4,-0.00443805363354865,0.4956366396101173,0.010876730333720467,0.001225332209
188,262.968750022,5,-0.004441729737056708,0.4956353816560641,0.01087190867299407,0.001225319791
188,262.968750022,6,-0.004444548139157277,0.4956244714819087,0.010863903854088112,0.001225267706
189,264.374999982,1,-0.010156509668505785,0.45828114439604106,0.008062750412828201,0.001232689837
189,264.374999982,2,-0.012069583389450921,0.4965600269004808,0.008742200217968208,0.001229957753
189,264.374999982,3,-0.012098640765138516,0.49673848877532134,0.008743080554959188,0.001230692172
189,264.374999982,4,-0.012105485704870609,0.4967597180939373,0.00874099507078964,0.001230773531
189,264.374999982,5,-0.012109285159343359,0.49675860149369555,0.008737069099912264,0.001230761489
189,264.374999982,6,-0.01211215719683532,0.49674787346673344,0.008730580153587762,0.00123070948
190,265.781250017,1,-0.015651944480853885,0.4590904926807403,0.006068378391218881,0.001237384701
190,265.781250017,2,-0.01805313810013768,0.4974406579832845,0.006579916081401934,0.001234635044
190,265.781250017,3,-0.018084390915551345,0.4976196644023381,0.006580527548897137,0.001235374856
190,265.781250017,4,-0.01809156535829107,0.4976410268528436,0.0065789236416679,0.001235457128
190,265.781250017,5,-0.018095461047197572,0.49764002219723097,0.0065759378918335545,0.001235445388
190,265.781250017,6,-0.018098374969057144,0.49762943837013013,0.006571020287602947,0.001235393445
191,267.18749999,1,-0.01958843541484011,0.4596720529349724,0.0040557547591558085,0.001240982989
191,267.18749999,2,-0.022339216030839788,0.49807390946060526,0.004397712419490551,0.001238220113
191,267.18749999,3,-0.022372038901300337,0.4982533045235833,0.004398096212481054,0.001238963926
191,267.18749999,4,-0.02237945037888664,0.49827476500469625,0.004397007946247084,0.001239046879
191,267.18749999,5,-0.022383415312187068,0.49827384003848063,0.004394997284729253,0.001239035356
191,267.18749999,6,-0.02238635939585096,0.4982633646775036,0.004391695506352383,0.001238983474
192,268.59375001,1,-0.021954738489441586,0.4600224614439902,0.002030929922408532,0.001243240684
192,268.59375001,2,-0.024915695055001814,0.498455584989988,0.0022021910228557213,0.001240469684
192,268.59375001,3,-0.024949463566649305,0.49863521690756274,0.002202375446888862,0.00124121597
192,268.59375001,4,-0.024957016777520335,0.49865673304476255,0.002201825196661971,0.00124129933
192,268.59375001,5,-0.024961023332719327,0.4986558586749895,0.002200813879078989,0.001241287945
192,268.59375001,6,-0.02496398553307194,0.49864544845693226,0.002199155761240051,0.001241236103
193,270.0,1,-0.022744345538010195,0.4601394065828242,-1.058332590826891e-09,0.001244009772
193,270.0,2,-0.025775336851875292,0.49858309877699003,-1.0686694538455104e-09,0.001241236126
193,270.0,3,-0.02580942203716995,0.49876280975150633,-9.706004683461512e-10,0.001241983261
193,270.0,4,-0.025817022840319767,0.4987843445461443,-1.0055870934593009e-09,0.00124206675
193,270.0,5,-0.025821043110316966,0.49878348788512616,-1.0360771048882361e-09,0.00124205542
193,270.0,6,-0.025824011366431296,0.4987731013841513,-1.0376961831445482e-09,0.001242003597
194,271.40624999,1,-0.02195473852422664,0.4600224614439902,-0.0020309318561413207,0.001243240684
194,271.40624999,2,-0.024915695102435978,0.498455584989988,-0.002202193112488799,0.001240469683
194,271.40624999,3,-0.02494946361408347,0.49863521690756274,-0.002202377536838168,0.001241215969
194,271.40624999,4,-0.024957016831279055,0.49865673304476255,-0.002201827286295049,0.00124129933
194,271.40624999,5,-0.024961023386478046,0.4986558586749895,-0.002200815968712067,0.001241287945
194,271.40624999,6,-0.024963985586830655,0.49864544845693226,-0.0021991578508731287,0.001241236103
195,272.81250001,1,-0.01958843551919527,0.4596720529349724,-0.004055756691307459,0.001240982989
195,272.81250001,2,-0.022339216119383564,0.49807390946060526,-0.0043977145192429165,0.001238220113
195,272.81250001,3,-0.022372039002493224,0.4982533045235833,-0.004398098315395699,0.001238963926
195,272.81250001,4,-0.02237945047691725,0.49827476500469625,-0.00439701004599945,0.001239046879
195,272.81250001,5,-0.022383415410217673,0.4982738403547084,-0.0043949993844816185,0.001239035356
195,272.81250001,6,-0.02238635949704385,0.4982633646775036,-0.004391697609267027,0.001238983474
196,274.218749983,1,-0.015651944604182712,0.4590904926807403,-0.006068380326532809,0.001237384701
196,274.218749983,2,-0.018053138251927003,0.4974406579832845,-0.006579918177992023,0.001234635044
196,274.218749983,3,-0.01808439107050295,0.4976196644023381,-0.006580529645487226,0.001235374856
196,274.218749983,4,-0.018091565516404954,0.4976410268528436,-0.006578925738257988,0.001235457128
196,274.218749983,5,-0.018095461195824624,0.49764002219723097,-0.0065759399884236435,0.001235445388
196,274.218749983,6,-0.018098375117684196,0.49762943837013013,-0.006571022384193036,0.001235393445
197,275.625000018,1,-0.010156509823457392,0.45828114439604106,-0.00806275233549302,0.001232689838
197,275.625000018,2,-0.012069583572863026,0.4965600269004808,-0.008742202311396018,0.001229957753
197,275.625000018,3,-0.012098640961199732,0.49673848877532134,-0.008743082648387,0.001230692172
197,275.625000018,4,-0.012105485900931825,0.4967597180939373,-0.00874099716421745,0.001230773531
197,275.625000018,5,-0.01210928535856685,0.49675860149369555,-0.008737071193340074,0.001230761489
197,275.625000018,6,-0.012112157399221092,0.49674787346673344,-0.008730582247015574,0.00123070948
198,277.031249978,1,-0.003116970973850274,0.45724855764974437,-0.010032898666561324,0.001227234711
198,277.031249978,2,-0.004405377347306758,0.49543779179611264,-0.010878053155575327,0.00122452405
198,277.031249978,3,-0.00443163074720447,0.4956155712514342,-0.010879252607491827,0.001225251946
198,277.031249978,4,-0.004438053880206307,0.4956366396101173,-0.010876732423986003,0.001225332209
198,277.031249978,5,-0.0044417299805520885,0.4956353816560641,-0.010871910763259603,0.001225319791
198,277.031249978,6,-0.0044445483826526565,0.4956244714819087,-0.010863905944353647,0.001225267706
199,278.437499986,1,0.005446739550088363,0.45599908956863044,-0.01197294117683012,0.001221444008
199,278.437499986,2,0.004917968502858131,0.4940813296315058,-0.012981044288759342,0.001218757452
199,278.437499986,3,0.004895126021026174,0.4942582957490131,-0.012982631186097045,0.001219478031
199,278.437499986,4,0.004889215341443722,0.4942791715249867,-0.012979729537037073,0.001219557041
199,278.437499986,5,0.004885688725125216,0.49427774976495065,-0.012974068446543505,0.0012195442
199,278.437499986,6,0.004882934909383578,0.494266621077409,-0.012964614033233571,0.001219492019
200,279.843749985,1,0.015510609823360144,0.45453987994320044,-0.01387707837067773,0.001215824959
200,279.843749985,2,0.01587428798308846,0.4924995153389134,-0.015044858356133962,0.001213163818
200,279.843749985,3,0.01585544987132163,0.4926755485845109,-0.015046907768202243,0.001213876603
200,279.843749985,4,0.015850139803135176,0.4926962096418314,-0.015043689293705774,0.001213954273
200,279.843749985,5,0.015846788462380537,0.4926946035210078,-0.015037254931455968,0.001213940974
200,279.843749985,6,0.015844110443272136,0.49268323260299735,-0.015026436023796169,0.001213888726
201,281.25,1,0.027046893610046203,0.4528791491142319,-0.015739671578159194,0.00121095889
201,281.25,2,0.028432965084796657,0.49070252765766803,-0.017063361054489717,0.001208323322
201,281.25,3,0.028418707541707413,0.49087752335996526,-0.01706596556645391,0.001209028318
201,281.25,4,0.0284140861385384,0.4908979513574222,-0.01706250232850427,0.001209104609
201,281.25,5,0.028410934773898437,0.4908961456968782,-0.017055369599369156,0.001209090841
201,281.25,6,0.028408342778229224,0.4908845066177222,-0.017043276417141137,0.001209038535
202,282.656250009,1,0.040023913837237426,0.45102654835314376,-0.017555229282758194,0.001207494158
202,282.656250009,2,0.04255899812188976,0.48870179980265005,-0.019030560781558833,0.001204882729
202,282.656250009,3,0.042549889940036285,0.48887566941787247,-0.01903381544199857,0.001205580339
202,282.656250009,4,0.042546040088344464,0.4888958592958216,-0.019030195595410082,0.001205655332
202,282.656250009,5,0.04254311232519557,0.48889384808722974,-0.019022450266684365,0.001205641119
202,282.656250009,6,0.0425406167505345,0.4888819244030843,-0.01900918599817046,0.001205588789
203,284.062499987,1,0.05440523751821314,0.44899197653769557,-0.019318399357995394,0.001206136753
203,284.062499987,2,0.05821313413389452,0.48650993376656293,-0.020940677380769282,0.001203546557
203,284.062499987,3,0.0582097209611248,0.48668260076759123,-0.02094468576376476,0.001204237677
203,284.062499987,4,0.0582067238808496,0.4867025449365662,-0.020940992520711785,0.001204311478
203,284.062499987,5,0.058204043471059286,0.48670032565010424,-0.020932728964247676,0.001204296863
203,284.062499987,6,0.05820165354809484,0.4866881047118588,-0.020918404333437873,0.001204244545
204,285.468750006,1,0.07015166371829218,0.4467861518917888,-0.021024059717279848,0.001207639666
204,285.468750006,2,0.07535204466748573,0.48414042646668815,-0.022788150274622925,0.001205066052
204,285.468750006,3,0.07535485805105165,0.484311846581635,-0.022793035879765892,0.001205752209
204,285.468750006,4,0.07535279257777514,0.48433154662277456,-0.022789361136037224,0.00120582501
204,285.468750006,5,0.07535038102483149,0.4843291224207203,-0.022780677236977416,0.001205810057
204,285.468750006,6,0.07534810582930056,0.484316603912147,-0.022765416967264907,0.001205757822
205,286.874999979,1,0.08722078594620114,0.4444220906665003,-0.022667389073033922,0.001212793748
205,286.874999979,2,0.09392857127675006,0.4816076093453815,-0.024567706754081584,0.001210229831
205,286.874999979,3,0.09393811759217334,0.48177772944798225,-0.024573561951502485,0.00121091295
205,286.874999979,4,0.09393705845051661,0.48179720401872467,-0.024570014144761378,0.001210985086
205,286.874999979,5,0.0939349370365483,0.4817945850203665,-0.024561014552360476,0.001210969893
205,286.874999979,6,0.09393278488524112,0.48178176704409875,-0.024544939790602426,0.001210917797
206,288.281250008,1,0.10556571372743559,0.4419118433533098,-0.02424370445886711,0.001222416142
206,288.281250008,2,0.11389172176007561,0.47892660156836403,-0.026274276293491557,0.001219853373
206,288.281250008,3,0.11390848976899143,0.4790954058472304,-0.02628122973097017,0.001220536059
206,288.281250008,4,0.11390850972296347,0.4791146717076472,-0.026277906082281,0.001220607895
206,288.281250008,5,0.11390669799084639,0.47911187119455134,-0.02626869361799713,0.001220592566
206,288.281250008,6,0.1139046768210799,0.47909876861329426,-0.026251943346296703,0.001220540707
207,289.687499998,1,0.12513653692855345,0.43926747087921314,-0.02574859437095238,0.001237338202
207,289.687499998,2,0.13518693851103428,0.47611292517553067,-0.027903119985770535,0.001234766377
207,289.687499998,3,0.13521139534509855,0.4762804300745065,-0.027911312691403675,0.001235451834
207,289.687499998,4,0.13521256159309963,0.47629951916360214,-0.027908325954938695,0.001235523871
207,289.687499998,5,0.13521107820027203,0.4762965595879399,-0.027899009299930475,0.001235508546
207,289.687499998,6,0.13520919490581151,0.47628319358895377,-0.02788172667459735,0.001235457039
208,291.093750012,1,0.1458803711358593,0.43650269658057217,-0.027177972744943525,0.001258395446
208,291.093750012,2,0.1577564971234806,0.4731825673778202,-0.0294498352004426,0.001255802223
208,291.093750012,3,0.15778908205468317,0.4733487842811051,-0.02945936995141649,0.00125649414
208,291.093750012,4,0.15779146021397475,0.4733677361273503,-0.02945683093022264,0.001256566938
208,291.093750012,5,0.15779032223673595,0.47336465227417607,-0.029447532467797796,0.001256551816
208,291.093750012,6,0.15778858371134674,0.47335104277981,-0.029429849491788337,0.001256500746
209,292.5,1,0.16774221754194588,0.4336310303400067,-0.028528105152283323,0.001286413979
209,292.5,2,0.18153939065218977,0.47015160329749034,-0.030910355991572016,0.00128378523
209,292.5,3,0.18158052416859105,0.4703165790067936,-0.030921356145175907,0.001284487934
209,292.5,4,0.181584173848107,0.4703354287114703,-0.030919358654544527,0.001284562126
209,292.5,5,0.18158339788841474,0.47033225599829387,-0.03091018810308876,0.001284547403
209,292.5,6,0.18158180960283712,0.47031843558000785,-0.030892246275679148,0.001284496893
210,293.906249992,1,0.19066350219477443,0.430666106950104,-0.02979549001873006,0.00132220147
210,293.906249992,2,0.20647175674170065,0.46703625257288783,-0.03228093392487381,0.001319521035
210,293.906249992,3,0.2065218284675312,0.4672000446416628,-0.03229350600243068,0.001320239361
210,293.906249992,4,0.20652680677800606,0.46721885197181895,-0.032292166682973265,0.001320315707
210,293.906249992,5,0.20652640712935538,0.46721563214070533,-0.032283233216960514,0.001320301599
210,293.906249992,6,0.2065249744594614,0.4672016491813476,-0.032265186888923346,0.001320251807
211,295.312500017,1,0.21473897177132836,0.4273487872434463,-0.030901527247546256,0.001366533866
211,295.312500017,2,0.2324856931952187,0.4638503656639364,-0.03348903179310356,0.001363784026
211,295.312500017,3,0.23254507093499316,0.46401305156798583,-0.03350328047865308,0.001364523343
211,295.312500017,4,0.2325514303702361,0.4640318785042634,-0.03350270630389832,0.001364602667
211,295.312500017,5,0.232551420472307,0.46402866910866614,-0.033494133843503256,0.001364589452
211,295.312500017,6,0.23255014809826766,0.464014565034074,-0.0334761149324134,0.001364540501
212,296.718749991,1,0.23975031432237703,0.4239743868438837,-0.032027078037988384,0.001420145216
212,296.718749991,2,0.25951643852687584,0.46061560195901385,-0.0347361572905496,0.001417306696
212,296.718749991,3,0.25958546058105825,0.46077729206182816,-0.03475220129599513,0.001418072912
212,296.718749991,4,0.25959324914444415,0.4607962050120581,-0.034752490233304935,0.001418156104
212,296.718749991,5,0.2595936415831018,0.460793058862014,-0.03474438253285758,0.001418144039
212,296.718749991,6,0.2595925332996502,0.4607788893282743,-0.03472653201305313,0.001418096082
213,298.124999994,1,0.2654635736051405,0.42084441153378616,-0.033027699817617794,0.00148371764
213,298.124999994,2,0.28748825052623395,0.4573424140506982,-0.035818279124157915,0.001480769424
213,298.124999994,3,0.28756722961246217,0.45750322662146176,-0.03583621815611407,0.00148156891
213,298.124999994,4,0.2875764911647822,0.4575222897798805,-0.03583744632151172,0.001481656908
213,298.124999994,5,0.2875772961858061,0.45751927012094284,-0.035829909127577046,0.001481646292
213,298.124999994,6,0.2875763552500883,0.4575050993222921,-0.03581236522221452,0.001481599497
214,299.531249996,1,0.2919795893099522,0.41767416050672546,-0.03393531322429353,0.001557871621
214,299.531249996,2,0.31632940320197456,0.45404722839029504,-0.03679939701873103,0.001554791617
214,299.531249996,3,0.31641862781483954,0.45420730288545275,-0.03681932515495821,0.001555631132
214,299.531249996,4,0.316429402643511,0.45422660131732945,-0.03682159064229673,0.001555724972
214,299.531249996,5,0.3164306302396987,0.454223773292418,-0.03681471917105507,0.001555716101
214,299.531249996,6,0.3164298592764051,0.4542096742774701,-0.03679762399289253,0.00155567065
215,300.937499996,1,0.3192309203949687,0.41447707249407395,-0.034748351570794415,0.00164315671
215,300.937499996,2,0.3459649045940345,0.4507443580789499,-0.03767779584973441,0.001639921153
215,300.937499996,3,0.34606462543890903,0.45090383774967974,-0.037699772382938736,0.001640807785
215,300.937499996,4,0.3460769488349507,0.45092346885316636,-0.03770317432962277,0.001640908597
215,300.937499996,5,0.34607860681712793,0.4509208979214286,-0.037697050926784395,0.001640901776
215,300.937499996,6,0.3460780081979669,0.4509069399440644,-0.037680521574963585,0.001640857821
216,302.343750001,1,0.34714736654135153,0.41126475431975557,-0.03546552752550778,0.001740042607
216,302.343750001,2,0.3763181731286163,0.447447439490389,-0.03845211314983816,0.00173662718
216,302.343750001,3,0.3764286242140474,0.44760648940758485,-0.038476204867323824,0.001737568375
216,302.343750001,4,0.3764425281164636,0.4476265357181282,-0.038480800700315676,0.001737677259
216,302.343750001,5,0.376444623757869,0.4476243085259721,-0.03847552782367678,0.001737672855
216,302.343750001,6,0.3764441987477515,0.44761057095936085,-0.038459681934926666,0.001737630568
217,303.750000002,1,0.37565730484803384,0.4080481297557195,-0.03608588785145574,0.001848913451
217,303.750000002,2,0.4073112327307201,0.4441693421460059,-0.039121448175873576,0.001845292803
217,303.750000002,3,0.40743261043415036,0.4443281330726614,-0.03914769141221089,0.001846296236
217,303.750000002,4,0.40744812172230127,0.4443486847151748,-0.039153539127682845,0.001846414351
217,303.750000002,5,0.4074506603988069,0.4443468819006808,-0.03914919675124545,0.001846412713
217,303.750000002,6,0.40745041026264395,0.4443334434855361,-0.03913413994563988,0.00184637226
218,305.156250008,1,0.40468861135105344,0.4048380628068674,-0.03660886678554211,0.001970060726
218,305.156250008,2,0.43886512954909346,0.44092206973557085,-0.03968520417442339,0.001966208786
218,305.156250008,3,0.4389976087444775,0.44108079077589,-0.03971363975461694,0.001967282344
218,305.156250008,4,0.43901474987053446,0.44110194799457536,-0.039720796052207456,0.001967410887
218,305.156250008,5,0.43901773664178445,0.4411006533581013,-0.03971745668699832,0.001967412365
218,305.156250008,6,0.43901766201203163,0.4410876001083756,-0.03970328835492415,0.00196737391
219,306.562500017,1,0.43416815142250825,0.4016444349584316,-0.03703427335781899,0.00210367701
219,306.562500017,2,0.470900075523637,0.43771670604228263,-0.04014321990094971,0.00209956758
219,306.562500017,3,0.47104379819724174,0.4378755529412527,-0.0401738633834056,0.002100719243
219,306.562500017,4,0.47106258908355403,0.4378974260996003,-0.04018238670200583,0.002100859452
219,306.562500017,5,0.47106602679559834,0.43789672407395974,-0.04018010894502999,0.002100864392
219,306.562500017,6,0.4710661270398002,0.4378841476957053,-0.04016692199420487,0.002100828103
220,307.968749978,1,0.4640221940289292,0.39847700278567716,-0.03736234122898271,0.002249852441
220,307.968749978,2,0.5033355242800687,0.43456332481785565,-0.04049578704394394,0.002245459038
220,307.968749978,3,0.5034906137607229,0.43472248952573056,-0.04052862593766539,0.002246696847
220,307.968749978,4,0.5035110673726289,0.4347451753894368,-0.04053853869782394,0.002246849935
220,307.968749978,5,0.5035149582390619,0.43474514977498774,-0.04053736966701853,0.002246858685
220,307.968749978,6,0.5035152339896739,0.434733141341801,-0.0405252465063983,0.00224682473
221,309.37500002,1,0.4941763513317774,0.39534435123999584,-0.03759351302303733,0.002408572375
221,309.37500002,2,0.5360905857045246,0.43147111216266476,-0.040743450084373564,0.002403868204
221,309.37500002,3,0.5362571182031198,0.4316308233121194,-0.04077849729145345,0.0024052003
221,309.37500002,4,0.5362792459248191,0.4316544132710087,-0.04078980158027358,0.00240536745
221,309.37500002,5,0.5362835915267797,0.43165514755188134,-0.040789773594116285,0.002405380346
221,309.37500002,6,0.536284041202663,0.43164380699173643,-0.04077879517800904,0.002405348899
222,310.781250003,1,0.524556601368039,0.3922548296830938,-0.03772863958241013,0.002579712931
222,310.781250003,2,0.5690841761517481,0.42844819829257436,-0.040887113180667206,0.002574671545
222,310.781250003,3,0.5692622215546209,0.42860865668824005,-0.04092432465057771,0.002576105824
222,310.781250003,4,0.5692860297106688,0.42863325920843615,-0.04093703472993166,0.002576288261
222,310.781250003,5,0.5692908300481568,0.428634846039366,-0.040938186399832724,0.00257630566
222,310.781250003,6,0.5692914530168558,0.4286242596824431,-0.04092839801205454,0.00257627685
223,312.187500001,1,0.5550637159756991,0.3885203072062246,-0.03776314888606001,0.002763041027
223,312.187500001,2,0.6022349416017428,0.42549095322905833,-0.04083567215698703,0.002757636931
223,312.187500001,3,0.6024245296343029,0.42565235588083333,-0.040874960705733064,0.002759181226
223,312.187500001,4,0.6024500204382938,0.42567806298461613,-0.040889060479627565,0.002759380109
223,312.187500001,5,0.6024552748788539,0.4256805915418332,-0.040891416376484385,0.00275940236
223,312.187500001,6,0.6024560692430021,0.42567084761567897,-0.04088285764037436,0.002759376318
224,313.593750007,1,0.5856726853331989,0.38554260631720827,-0.03770983187278072,0.0029582158
224,313.593750007,2,0.6354575647519206,0.4222611109768583,-0.04073535693040345,0.002952423666
224,313.593750007,3,0.6356634597016909,0.4227817208590128,-0.04074996798135004,0.002954085619
224,313.593750007,4,0.6356906328373969,0.4228086286796232,-0.04076543344809764,0.002954302088
224,313.593750007,5,0.6356963388512069,0.42281218244725766,-0.040768996164977915,0.002954329497
224,313.593750007,6,0.6356973033458934,0.4228033761364296,-0.04076170581843738,0.00295430636
225,315.0,1,0.6160952267222045,0.38186417853506954,-0.03748518629249282,0.003164787361
225,315.0,2,0.6686837517890214,0.4194937142013538,-0.040581066810296156,0.003158583042
225,315.0,3,0.6689006388159384,0.4200133618024163,-0.04059757835849373,0.003160369925
225,315.0,4,0.6689294876425765,0.42004158007088904,-0.04061439775442153,0.003160605117
225,315.0,5,0.6689356430160421,0.42004623747342695,-0.04061915834207948,0.00316063798
225,315.0,6,0.6689367751114444,0.42003846238134385,-0.04061316465587072,0.003160617876
226,316.406249993,1,0.6464694336458576,0.37895195892956224,-0.03730403183309298,0.003382198668
226,316.406249993,2,0.7018169178989262,0.41646600568587505,-0.040467813757121524,0.003375559228
226,316.406249993,3,0.7020512644932605,0.4173400570175512,-0.04049361686765409,0.003377478049
226,316.406249993,4,0.7020817820538199,0.41736967143161097,-0.04051173905873232,0.003377733005
226,316.406249993,5,0.7020883823597523,0.4173755080474883,-0.04051767468552324,0.003377771609
226,316.406249993,6,0.7020896798422762,0.417368849555647,-0.0405129843636749,0.003377754646
227,317.812499999,1,0.676843252241814,0.376202854349183,-0.03698153112012722,0.003609791237
227,317.812499999,2,0.7347947374350029,0.41388257694307296,-0.04011588378145305,0.003602695033
227,317.812499999,3,0.735039442386041,0.41475382270200906,-0.04014332770299515,0.003604752361
227,317.812499999,4,0.7350716147665001,0.41478492148920243,-0.04016269605283093,0.003605028064
227,317.812499999,5,0.7350786565263936,0.41479201226439977,-0.04016978110430575,0.003605072675
227,317.812499999,6,0.7350801165499893,0.41478654468632536,-0.040166378588411746,0.003605058928
228,319.218749997,1,0.7070005591732117,0.37353081953502626,-0.0365734059209215,0.003846806627
228,319.218749997,2,0.7675313526614116,0.41139743463599876,-0.039671290342455305,0.00383923307
228,319.218749997,3,0.7677863460828169,0.4122661319153685,-0.03970028637311857,0.00384143499
228,319.218749997,4,0.7678201584204706,0.4122987846458041,-0.03972081568995173,0.003841732342
228,319.218749997,5,0.7678276349935425,0.41230720231270773,-0.03972901446399569,0.003841783211
228,319.218749997,6,0.7678292553446155,0.4123030085000748,-0.039726890899678555,0.003841772772
229,320.62499998,1,0.7390093935886598,0.377325201714408,-0.03543099652863315,0.004092390997
229,320.62499998,2,0.7999512714722541,0.4090086915173449,-0.039128261967170716,0.004084322608
229,320.62499998,3,0.8002164537522805,0.4098750572493958,-0.0391586750144535,0.004086674739
229,320.62499998,4,0.8002518864410072,0.40990934550983726,-0.039180292534275074,0.004086994573
229,320.62499998,5,0.8002597924513855,0.4099191507841781,-0.03918955054484408,0.004087051915
229,320.62499998,6,0.8002615696514305,0.4099162999908675,-0.039188673518757815,0.004087044848
230,322.031250022,1,0.7682816308643299,0.3755522403863691,-0.03487439869341766,0.004345603522
230,322.031250022,2,0.8319758654146493,0.40672498977572885,-0.038506550874320214,0.004337023817
230,322.031250022,3,0.8322511274547175,0.4075892712505739,-0.038538261435749746,0.00433953101
230,322.031250022,4,0.8322881570936627,0.4076252484835137,-0.038560856067745536,0.004339874059
230,322.031250022,5,0.8322964849518806,0.4076365099867171,-0.03857112818913738,0.004339938085
230,322.031250022,6,0.8322984158386199,0.4076350610310932,-0.038571448622732686,0.004339934426
231,323.437499983,1,0.7971294022504589,0.37384777146262727,-0.03424097664283993,0.004605421901
231,323.437499983,2,0.8635322974310228,0.4045433397938507,-0.037800453611538706,0.004596315644
231,323.437499983,3,0.8638174836470719,0.4054057627981149,-0.03783332396992288,0.004598982293
231,323.437499983,4,0.8638560852542418,0.4054434922491062,-0.03785679641857436,0.004599349197
231,323.437499983,5,0.8638648273708334,0.40545625267192054,-0.03786799850258051,0.004599420061
231,323.437499983,6,0.8638669087819892,0.4054562744916363,-0.03786947914422656,0.004599419872
232,324.843749992,1,0.8254857126812214,0.37221142021327985,-0.033533441302669685,0.004870745837
232,324.843749992,2,0.8945478964833773,0.40246370172701196,-0.03701295113148533,0.004861101449
232,324.843749992,3,0.894842854453624,0.4033244841416261,-0.037046827916357626,0.004863931201
232,324.843749992,4,0.8948829970386978,0.4033640312698164,-0.03707108511583324,0.004864322537
232,324.843749992,5,0.8948921461404241,0.4033783241323848,-0.03708312434960438,0.004864400349
232,324.843749992,6,0.8948943739650357,0.4033798717510717,-0.03708570856290827,0.004864403654
233,326.249999998,1,0.8532865231879493,0.3706445590668313,-0.03275453515820771,0.005140410122
233,326.249999998,2,0.9249518104758255,0.4004856701712165,-0.03614715087792562,0.005130217798
233,326.249999998,3,0.9252563558394824,0.40134499509205707,-0.03618183695289671,0.005133213541
233,326.249999998,4,0.9252980080959111,0.4013863908877675,-0.03620674166034602,0.00513362973
233,326.249999998,5,0.925307553747256,0.40140226394048273,-0.036219545374741494,0.005133714623
233,326.249999998,6,0.9253099248230456,0.40140537277565047,-0.036223152363509016,0.005133721422
234,327.656249999,1,0.8804669574308498,0.3691453194334123,-0.031906908451115434,0.005413189821
234,327.656249999,2,0.9546749986651243,0.3986083701242359,-0.03520603317106317,0.005402443134
234,327.656249999,3,0.9549889239767767,0.39946646080810566,-0.03524138955402988,0.005405607047
234,327.656249999,4,0.9550320501708228,0.39950972898841863,-0.03526679813880157,0.005406048395
234,327.656249999,5,0.9550419825687256,0.39952721575142386,-0.03528027750544192,0.005406140447
234,327.656249999,6,0.9550444927847322,0.39953192311794883,-0.03528483007847539,0.005406150734
235,329.062500004,1,0.9062636871195566,0.3675379387583929,-0.030965719387457586,0.005687811019
235,329.062500004,2,0.9836508207930018,0.39682891505902174,-0.03419070076036365,0.00567650488
235,329.062500004,3,0.9839738983686583,0.39768594416628106,-0.03422653297124989,0.005679838339
235,329.062500004,4,0.9840184592880789,0.3977311229947563,-0.03425232902990328,0.00568030506
235,329.062500004,5,0.9840287686294789,0.3977502354847066,-0.034266371218721586,0.005680404302
235,329.062500004,6,0.9840314141909693,0.39775656952685995,-0.034271785575662995,0.005680418066
236,330.468750004,1,0.9320026872159828,0.36617849045499157,-0.02999018599301311,0.005962958457
236,330.468750004,2,1.0118136675037042,0.3951490157677884,-0.03310853528732363,0.005951090764
236,330.468750004,3,1.0121456582751736,0.3960051708215024,-0.03314465858586849,0.005954594359
236,330.468750004,4,1.0121916131265865,0.3960522628279621,-0.03317068618649215,0.005955086542
236,330.468750004,5,1.012202288027284,0.39607300831809605,-0.03318518048614754,0.005955192971
236,330.468750004,6,1.012205063874614,0.3960809965476934,-0.03319137453426883,0.005955210195
237,331.875000006,1,0.9569443139407532,0.364885367130779,-0.028954538541414686,0.006237284906
237,331.875000006,2,1.0391013383767942,0.39356536577301426,-0.03196055813600457,0.006224856923
237,331.875000006,3,1.0394419707044253,0.39442078749453885,-0.03199675868899267,0.006228530279
237,331.875000006,4,1.0394892764808552,0.39446979647371616,-0.032022870279710985,0.006229047873
237,331.875000006,5,1.0395003042917395,0.39449218666446123,-0.032037714074293365,0.006229161469
237,331.875000006,6,1.039503206313948,0.3945018309788692,-0.03204458089698688,0.00622918209
238,333.281250009,1,0.9810329308131703,0.36365885497188355,-0.027861631978043533,0.006509421553
238,333.281250009,2,1.0654535234014206,0.39207601869279957,-0.03074990106808722,0.006496437648
238,333.281250009,3,1.0658025142613632,0.39293084685480734,-0.030785967742888293,0.006500279629
238,333.281250009,4,1.0658511238448722,0.392981763636097,-0.030812011591294576,0.006500822451
238,333.281250009,5,1.0658624922330604,0.3930057937840366,-0.030827090931290754,0.006500943169
238,333.281250009,6,1.065865516319187,0.39301708374773897,-0.03083451752772655,0.006500967115
239,334.687499983,1,1.0042152945642702,0.3624967542979648,-0.02671431279551267,0.006777990407
239,334.687499983,2,1.0908123687077906,0.390678946242253,-0.029479754363200418,0.006764456371
239,334.687499983,3,1.0911694161025283,0.39153332725819967,-0.02951549372645228,0.006768464986
239,334.687499983,4,1.091219278896674,0.391586142038541,-0.029541323444389082,0.006769032749
239,334.687499983,5,1.0912309758455112,0.39161179032395926,-0.02955651218970547,0.006769160464
239,334.687499983,6,1.0912341169359108,0.39162472530450043,-0.029564402221094643,0.006769187676
240,336.093750008,1,1.0264415676981282,0.36140024780086755,-0.025515392062600766,0.007041609314
240,336.093750008,2,1.1151226539709471,0.38937207459968515,-0.028153221050570106,0.007027534079
240,336.093750008,3,1.1154874359806137,0.3902261027054449,-0.02818840723975315,0.00703170647
240,336.093750008,4,1.1155384988591313,0.3902807765888226,-0.0282138598244562,0.007032298708
240,336.093750008,5,1.11555050982214,0.3903080253029647,-0.02822904544227998,0.007032433309
240,336.093750008,6,1.115553763173397,0.39032258095080674,-0.028237285382854527,0.007032463692
241,337.5,1,1.0476625448581245,0.36036806045023934,-0.02426785266411862,0.007298902914
241,337.5,2,1.1383316693981667,0.38815319839265566,-0.026773541376974432,0.007284300121
241,337.5,3,1.1387038501888747,0.389007000079335,-0.026807977546628867,0.007288632466
241,337.5,4,1.1387560578119054,0.38906348721272305,-0.026832893619304094,0.007289248608
241,337.5,5,1.138768368875064,0.3890922987244848,-0.026847951367268412,0.007289389926
241,337.5,6,1.138771728795078,0.3891084481602675,-0.026856434170767256,0.007289423387
242,338.906249988,1,1.0672838165072105,0.35923683530671113,-0.022893276122421598,0.007548517503
242,338.906249988,2,1.1603930714941122,0.38701794893457714,-0.025261644619703146,0.007533401961
242,338.906249988,3,1.1607722810793755,0.3878716083187618,-0.02529512393157178,0.007537889671
242,338.906249988,4,1.1608255790557431,0.3879298625329063,-0.0253193530468595,0.007538529043
242,338.906249988,5,1.1608381750401193,0.3879602045870556,-0.025334172264219912,0.007538676878
242,338.906249988,6,1.1608416374179293,0.38797790259020853,-0.02534278072398386,0.007538713295
243,340.312500002,1,1.0858025872456667,0.35817361051707614,-0.021617971758482454,0.007789124228
243,340.312500002,2,1.1812489915262854,0.3859688332791785,-0.023865454068312756,0.007773513856
243,340.312500002,3,1.1816348675090842,0.38682243763973184,-0.023897777545560658,0.007778151458
243,340.312500002,4,1.1816891957555138,0.3868824010649517,-0.023921172613277787,0.007778813258
243,340.312500002,5,1.1817020621146297,0.3869142097834798,-0.023935623763654493,0.007778967377
243,340.312500002,6,1.1817056196769973,0.386933410184749,-0.02394425158288228,0.007779006612
244,341.718749992,1,1.1037259011007132,0.3573318479376769,-0.02024258454793358,0.00801943126
244,341.718749992,2,1.2008655320917643,0.3846691703647647,-0.022356171863237233,0.008003347566
244,341.718749992,3,1.2012575400471737,0.38584900034838526,-0.02229059887367598,0.008008128804
244,341.718749992,4,1.2013128384803893,0.38591060341457195,-0.02231301370172629,0.008008812102
244,341.718749992,5,1.2013259578217181,0.3859438174492922,-0.02232698067260817,0.008008972201
244,341.718749992,6,1.2013296064576824,0.3859644709171463,-0.02233552457447369,0.008009014152
245,343.125000021,1,1.1204758945207027,0.3565536050809541,-0.018829863076232668,0.008238195119
245,343.125000021,2,1.2191977739850686,0.3837829436316414,-0.02079390906062902,0.00822166045
245,343.125000021,3,1.2195954471609065,0.38496172532021755,-0.020727528166046595,0.008226578284
245,343.125000021,4,1.2196516509542161,0.38502489339761825,-0.02074882536927713,0.008227282018
245,343.125000021,5,1.2196650068339139,0.38505944317842217,-0.020762196367824347,0.00822744781
245,343.125000021,6,1.2196687402189195,0.38508147318574176,-0.02077054446145715,0.008227492306
246,344.531249994,1,1.136018158762415,0.35583729796202784,-0.017382620410717864,0.008444224224
246,344.531249994,2,1.2362069846807342,0.38297457249073913,-0.019193930313117454,0.008427264832
246,344.531249994,3,1.2366099426549977,0.38415245988719304,-0.019126595760974217,0.008432311445
246,344.531249994,4,1.2366669872979372,0.3842171019022111,-0.019146637195285407,0.008433034403
246,344.531249994,5,1.23668056327216,0.3842529178589902,-0.01915930881185619,0.008433205571
246,344.531249994,6,1.236684375714107,0.38427625230584456,-0.019167361254663704,0.008433252455
247,345.937500013,1,1.1503206893623343,0.35518319221222167,-0.015903705156403672,0.008636390949
247,345.937500013,2,1.2518575458643353,0.38224233603055535,-0.017559353790913907,0.008619035184
247,345.937500013,3,1.2522653655242735,0.3834194847189478,-0.01749093332527128,0.008624201861
247,345.937500013,4,1.2523231839765563,0.3834854928379151,-0.017509585267427703,0.008624942798
247,345.937500013,5,1.2523369626527774,0.3835225041356497,-0.017521461874745604,0.008625118992
247,345.937500013,6,1.252340847194655,0.38354705605940326,-0.01752911980760363,0.008625168081
248,347.343749991,1,1.1633515729305426,0.35459163378471137,-0.014395926475215343,0.008813638106
248,347.343749991,2,1.2661167020314124,0.38158468315389765,-0.01589329032458329,0.008795916397
248,347.343749991,3,1.2665289767081183,0.38276119432711386,-0.015823640238895285,0.008801193962
248,347.343749991,4,1.266587500664547,0.3828284765277504,-0.015840790772728267,0.00880195148
248,347.343749991,5,1.2666014640177834,0.38286658956302183,-0.01585177515921574,0.008802132314
248,347.343749991,6,1.2666054146512644,0.38289226346288924,-0.01585894542458668,0.008802183435
249,348.75,1,1.1750838459903423,0.3540619427898002,-0.012862144052788292,0.008974987029
249,348.75,2,1.2789546743294673,0.3806751048976206,-0.014209389101400864,0.008956932097
249,348.75,3,1.2793715962894225,0.3821786003243146,-0.014214103649458357,0.008962310652
249,348.75,4,1.2794307552312056,0.3822470320128807,-0.01422963798112656,0.008963083274
249,348.75,5,1.2794448852364746,0.3822861427467539,-0.014239636761562023,0.008963268319
249,348.75,6,1.2794488956370034,0.3823128538736938,-0.01424624067249086,0.008963321292
250,350.156250015,1,1.185494105473454,0.3535947795110635,-0.01130521755578428,0.009119542722
250,350.156250015,2,1.2903455232273098,0.38016320139832005,-0.012488744229340428,0.009101189043
250,350.156250015,3,1.2907657617840747,0.38166513782212763,-0.012493087121229077,0.009106658139
250,350.156250015,4,1.2908254848761924,0.3817346038917164,-0.012506906258792623,0.00910744431
250,350.156250015,5,1.2908397619273726,0.38177460796902857,-0.012515838750823856,0.009107633111
250,350.156250015,6,1.2908438254541659,0.38180224216481745,-0.012521794774305678,0.009107687733
251,351.562500014,1,1.1945601958301348,0.353190457962673,-0.009727997590939565,0.009246501018
251,351.562500014,2,1.3002652476699537,0.37972187076578934,-0.010745935433826074,0.009227884792
251,351.562500014,3,1.3006883705401728,0.3812224616404525,-0.010749824225805001,0.009233433412
251,351.562500014,4,1.3007485828366447,0.3812928276942633,-0.010761836849009623,0.009234231467
251,351.562500014,5,1.300762989224981,0.38133361854625736,-0.010769631790709553,0.009234423597
251,351.562500014,6,1.300767098921028,0.3813620616526717,-0.010774869667259305,0.009234479664
252,352.968750022,1,1.202263182606667,0.35284767275641055,-0.008133355335606586,0.009355154015
252,352.968750022,2,1.3086934734186633,0.3793500824137388,-0.008984086991427333,0.009336313065
252,352.968750022,3,1.3091190562246742,0.3808495468850995,-0.008987445956433407,0.009341929877
252,352.968750022,4,1.3091796875229358,0.38092069718377,-0.008997578706761947,0.009342738134
252,352.968750022,5,1.3091942033260795,0.3809621609684501,-0.009004172352937496,0.009342933096
252,352.968750022,6,1.3091983528668252,0.38099129882726646,-0.009008631961332305,0.009342990389
253,354.374999982,1,1.2085877534221643,0.3525674627004875,-0.006524140669197742,0.009444893843
253,354.374999982,2,1.3156129296939971,0.3790470514648534,-0.007206325831864683,0.009425868145
253,354.374999982,3,1.316040530349383,0.38054559096999846,-0.007209089706811557,0.009431541256
253,354.374999982,4,1.3161015031736318,0.3806174006035611,-0.007217279544258854,0.009432357946
253,354.374999982,5,1.316116108785461,0.3806594168381485,-0.0072226188065926695,0.009432555239
253,354.374999982,6,1.3161202896327555,0.38068913529114323,-0.00722625073940637,0.009432613547
254,355.781250017,1,1.2135199619996897,0.35234912482058,-0.0049033204690743,0.009515220118
254,355.781250017,2,1.3210094191341721,0.37881206672288725,-0.00541590130295139,0.009496048494
254,355.781250017,3,1.3214385914415552,0.38030990862958053,-0.005418021338166654,0.00950176576
254,355.781250017,4,1.3214998321107219,0.38038222580870756,-0.005424211196270057,0.009502589051
254,355.781250017,5,1.3215145076088872,0.3804246790700676,-0.005428253874166759,0.009502788185
254,355.781250017,6,1.3215187140706308,0.38045484941254,-0.005431014716489357,0.009502847291
255,357.18749999,1,1.2170505223108947,0.3521938870291035,-0.0032737464361205933,0.009565737483
255,357.18749999,2,1.324871920569087,0.3786446013523822,-0.0036159167786016465,0.009546460491
255,357.18749999,3,1.3253022180148615,0.38014194804639384,-0.0036173539705526402,0.0095522094
255,357.18749999,4,1.3253636490531435,0.3802146241440354,-0.0036215026985929543,0.00955303744
255,357.18749999,5,1.3253783748315235,0.38025738509501167,-0.0036242154173741206,0.009553237888
255,357.18749999,6,1.32538259931825,0.3802878802033997,-0.003626073657108732,0.009553297567
256,358.59375001,1,1.2191720216607154,0.35210001418430587,-0.0016383330278860262,0.009596161792
256,358.59375001,2,1.3271926041992554,0.3785442540603031,-0.001809550778882367,0.00957682134
256,358.59375001,3,1.3276235780562216,0.3800412959107483,-0.0018102761070307744,0.009582589334
256,358.59375001,4,1.327685124833866,0.3801141864108152,-0.001812356953720135,0.009583420213
256,358.59375001,5,1.3276998806538836,0.380157144055462,-0.0018137191598458836,0.009583621469
256,358.59375001,6,1.3277041165248094,0.38018783269524287,-0.0018146535572383766,0.009583681488
