{
  "state": "OPEN",
  "state_changed_at": 1767767593.872861,
  "failure_times": [
    1767767593.869861,
    1767767593.8718607,
    1767767593.872861
  ],
  "success_count_in_half_open": 0,
  "metrics": {
    "success_count": 0,
    "failure_count": 3,
    "total_executions": 3,
    "circuit_opens": 1,
    "last_failure_time": 1767767593.872861,
    "last_recovery_time": null
  }
}