,Surge,Sway,Heave,Roll,Pitch,Yaw
Surge,1.81567775379614e-05,0.0,0.0,0.0,0.004352013040083296,0.0
Sway,0.0,0.00012736132383479512,0.0,0.003481610432066637,0.0,0.0
Heave,0.0,0.0,0.0011227276337786758,0.0,0.0,0.0
Roll,0.0,0.003481610432066637,0.0,0.0004029900516856869,0.0,0.0
Pitch,0.004352013040083296,0.0,0.0,0.0,0.00011227276337786759,0.0
Yaw,0.0,0.0,0.0,0.0,0.0,4.448888830092483e-05
