,Surge,Sway,Heave,Roll,Pitch,Yaw
Surge,56.791298318287794,0.0,0.0,0.0,10.579931535277666,0.0
Sway,0.0,95.09127333326816,0.0,8.463945228222133,0.0,0.0
Heave,0.0,0.0,200.09562077548387,0.0,0.0,0.0
Roll,0.0,8.463945228222133,0.0,17.14421366140746,0.0,0.0
Pitch,10.579931535277666,0.0,0.0,0.0,20.009562077548384,0.0
Yaw,0.0,0.0,0.0,0.0,0.0,16.22873574736256
