,Surge,Sway,Heave,Roll,Pitch,Yaw
Surge,82.90042675961587,0.0,0.0,0.0,7.603422287808469,0.0
Sway,0.0,97.87554342840916,0.0,6.082737830246775,0.0,0.0
Heave,0.0,0.0,145.2210798800197,0.0,0.0,0.0
Roll,0.0,6.082737830246775,0.0,8.773405508462371,0.0,0.0
Pitch,7.603422287808469,0.0,0.0,0.0,14.52210798800197,0.0
Yaw,0.0,0.0,0.0,0.0,0.0,14.026441004630582
