,Surge,Sway,Heave,Roll,Pitch,Yaw
Surge,2.3332106183105426,0.0,0.0,0.0,0.1708309572004852,0.0
Sway,0.0,1.4182820875505584,0.0,0.13666476576038813,0.0,0.0
Heave,0.0,0.0,1.0834511802821,0.0,0.0,0.0
Roll,0.0,0.13666476576038813,0.0,0.03370071706970348,0.0,0.0
Pitch,0.1708309572004852,0.0,0.0,0.0,0.10834511802821002,0.0
Yaw,0.0,0.0,0.0,0.0,0.0,0.1458416428209868
