,Surge,Sway,Heave,Roll,Pitch,Yaw
Surge,0.07658809207808785,0.0,0.0,0.0,0.49763928297993304,0.0
Sway,0.0,0.3071664157541971,0.0,0.3981114263839465,0.0,0.0
Heave,0.0,0.0,1.5481900243601237,0.0,0.0,0.0
Roll,0.0,0.3981114263839465,0.0,0.3177297383256573,0.0,0.0
Pitch,0.49763928297993304,0.0,0.0,0.0,0.15481900243601235,0.0
Yaw,0.0,0.0,0.0,0.0,0.0,0.08113244475143314
