,Surge,Sway,Heave,Roll,Pitch,Yaw
Surge,0.004861720847384228,0.0,0.0,0.0,0.10817130823978223,0.0
Sway,0.0,0.024046250405422097,0.0,0.08653704659182579,0.0,0.0
Heave,0.0,0.0,0.14946612224659608,0.0,0.0,0.0
Roll,0.0,0.08653704659182579,0.0,0.03782868415383097,0.0,0.0
Pitch,0.10817130823978223,0.0,0.0,0.0,0.014946612224659608,0.0
Yaw,0.0,0.0,0.0,0.0,0.0,0.0070532719908374016
