,Surge,Sway,Heave,Roll,Pitch,Yaw
Surge,0.11607831729339231,0.0,0.0,0.0,0.6231536982219151,0.0
Sway,0.0,0.4495618384832283,0.0,0.4985229585775321,0.0,0.0
Heave,0.0,0.0,2.1880932619226443,0.0,0.0,0.0
Roll,0.0,0.4985229585775321,0.0,0.43363595487820583,0.0,0.0
Pitch,0.6231536982219151,0.0,0.0,0.0,0.21880932619226443,0.0
Yaw,0.0,0.0,0.0,0.0,0.0,0.11668719468344606
