,Surge,Sway,Heave,Roll,Pitch,Yaw
Surge,47.17350187250536,0.0,0.0,0.0,3.3564402284341237,0.0
Sway,0.0,43.611048195781265,0.0,2.685152182747299,0.0,0.0
Heave,0.0,0.0,50.66790980553399,0.0,0.0,0.0
Roll,0.0,2.685152182747299,0.0,2.3969143641999846,0.0,0.0
Pitch,3.3564402284341237,0.0,0.0,0.0,5.066790980553399,0.0
Yaw,0.0,0.0,0.0,0.0,0.0,5.530448114462052
