,Surge,Sway,Heave,Roll,Pitch,Yaw
Surge,44.908222101922924,0.0,0.0,0.0,10.122409508415782,0.0
Sway,0.0,80.63675018941746,0.0,8.097927606732627,0.0,0.0
Heave,0.0,0.0,181.9609630326724,0.0,0.0,0.0
Roll,0.0,8.097927606732627,0.0,16.718853888795717,0.0,0.0
Pitch,10.122409508415782,0.0,0.0,0.0,18.196096303267236,0.0
Yaw,0.0,0.0,0.0,0.0,0.0,14.251191859653897
