,Surge,Sway,Heave,Roll,Pitch,Yaw
Surge,15.678523820128156,0.0,0.0,0.0,1.0516979524465355,0.0
Sway,0.0,11.75326994951052,0.0,0.8413583619572285,0.0,0.0
Heave,0.0,0.0,11.072617753219957,0.0,0.0,0.0
Roll,0.0,0.8413583619572285,0.0,0.42474176705608874,0.0,0.0
Pitch,1.0516979524465355,0.0,0.0,0.0,1.1072617753219955,0.0
Yaw,0.0,0.0,0.0,0.0,0.0,1.342146967995341
