,Surge,Sway,Heave,Roll,Pitch,Yaw
Surge,29.42904255891894,0.0,0.0,0.0,1.9962123967021237,0.0
Sway,0.0,24.499211542187947,0.0,1.596969917361699,0.0,0.0
Heave,0.0,0.0,25.631034649363585,0.0,0.0,0.0
Roll,0.0,1.596969917361699,0.0,1.0918506408576405,0.0,0.0
Pitch,1.9962123967021237,0.0,0.0,0.0,2.563103464936358,0.0
Yaw,0.0,0.0,0.0,0.0,0.0,2.948184699657645
