,Surge,Sway,Heave,Roll,Pitch,Yaw
Surge,24.036601768639496,0.0,0.0,0.0,8.32822231463502,0.0
Sway,0.0,49.633717119943114,0.0,6.662577851708017,0.0,0.0
Heave,0.0,0.0,128.80080859113494,0.0,0.0,0.0
Roll,0.0,6.662577851708017,0.0,13.609539904853113,0.0,0.0
Pitch,8.32822231463502,0.0,0.0,0.0,12.880080859113496,0.0
Yaw,0.0,0.0,0.0,0.0,0.0,9.406829243067556
