,Surge,Sway,Heave,Roll,Pitch,Yaw
Surge,0.0017554523833927308,0.0,0.0,0.0,0.06081893750370632,0.0
Sway,0.0,0.00931096489961706,0.0,0.04865515000296506,0.0,0.0
Heave,0.0,0.0,0.062063802544012725,0.0,0.0,0.0
Roll,0.0,0.04865515000296506,0.0,0.016844772008032187,0.0,0.0
Pitch,0.06081893750370632,0.0,0.0,0.0,0.006206380254401272,0.0
Yaw,0.0,0.0,0.0,0.0,0.0,0.0028282129093558355
