,Surge,Sway,Heave,Roll,Pitch,Yaw
Surge,77.59291379227759,0.0,0.0,0.0,10.368511098563983,0.0
Sway,0.0,112.97551984235025,0.0,8.294808878851187,0.0,0.0
Heave,0.0,0.0,206.72104472979925,0.0,0.0,0.0
Roll,0.0,8.294808878851187,0.0,15.401680132035871,0.0,0.0
Pitch,10.368511098563983,0.0,0.0,0.0,20.672104472979925,0.0
Yaw,0.0,0.0,0.0,0.0,0.0,17.979602461886632
