,Surge,Sway,Heave,Roll,Pitch,Yaw
Surge,0.37489765403314773,0.0,0.0,0.0,1.1631411455074656,0.0
Sway,0.0,1.3074606407582972,0.0,0.9305129164059724,0.0,0.0
Heave,0.0,0.0,5.73036889066391,0.0,0.0,0.0
Roll,0.0,0.9305129164059724,0.0,1.0226325276325106,0.0,0.0
Pitch,1.1631411455074656,0.0,0.0,0.0,0.573036889066391,0.0
Yaw,0.0,0.0,0.0,0.0,0.0,0.32203358549003674
