,Surge,Sway,Heave,Roll,Pitch,Yaw
Surge,1.0815771146077768,0.0,0.0,0.0,2.011676938710531,0.0
Sway,0.0,3.3966512398897093,0.0,1.609341550968425,0.0,0.0
Heave,0.0,0.0,13.405483415340147,0.0,0.0,0.0
Roll,0.0,1.609341550968425,0.0,2.1542547943765538,0.0,0.0
Pitch,2.011676938710531,0.0,0.0,0.0,1.3405483415340145,0.0
Yaw,0.0,0.0,0.0,0.0,0.0,0.793893568298325
