,Surge,Sway,Heave,Roll,Pitch,Yaw
Surge,6.133344757925478e-05,0.0,0.0,0.0,0.008845955769874873,0.0
Sway,0.0,0.0004011879500910873,0.0,0.007076764615899899,0.0,0.0
Heave,0.0,0.0,0.003297892071896315,0.0,0.0,0.0
Roll,0.0,0.007076764615899899,0.0,0.0011038449182264427,0.0,0.0
Pitch,0.008845955769874873,0.0,0.0,0.0,0.00032978920718963154,0.0
Yaw,0.0,0.0,0.0,0.0,0.0,0.00013532801908903815
