,Surge,Sway,Heave,Roll,Pitch,Yaw
Surge,10.476014827591218,0.0,0.0,0.0,5.954877939003026,0.0
Sway,0.0,24.876908887766806,0.0,4.763902351202421,0.0,0.0
Heave,0.0,0.0,74.2394561997106,0.0,0.0,0.0
Roll,0.0,4.763902351202421,0.0,9.021031807349525,0.0,0.0
Pitch,5.954877939003026,0.0,0.0,0.0,7.423945619971061,0.0
Yaw,0.0,0.0,0.0,0.0,0.0,5.056047717830891
