,Surge,Sway,Heave,Roll,Pitch,Yaw
Surge,0.5404403321186123,0.0,0.0,0.0,1.408079565074213,0.0
Sway,0.0,1.8200759405233482,0.0,1.1264636520593703,0.0,0.0
Heave,0.0,0.0,7.703167133950747,0.0,0.0,0.0
Roll,0.0,1.1264636520593703,0.0,1.327492873539085,0.0,0.0
Pitch,1.408079565074213,0.0,0.0,0.0,0.7703167133950747,0.0
Yaw,0.0,0.0,0.0,0.0,0.0,0.4405294836173882
