,Surge,Sway,Heave,Roll,Pitch,Yaw
Surge,0.00019716117576534572,0.0,0.0,0.0,0.017391371647169206,0.0
Sway,0.0,0.0012026066840384213,0.0,0.013913097317735365,0.0,0.0
Heave,0.0,0.0,0.009218576894531219,0.0,0.0,0.0
Roll,0.0,0.013913097317735365,0.0,0.0028773137259436245,0.0,0.0
Pitch,0.017391371647169206,0.0,0.0,0.0,0.0009218576894531219,0.0
Yaw,0.0,0.0,0.0,0.0,0.0,0.0003917322375514376
