,Surge,Sway,Heave,Roll,Pitch,Yaw
Surge,28.650762634185632,0.0,0.0,0.0,8.86103033381242,0.0
Sway,0.0,57.13020402070767,0.0,7.0888242670499375,0.0,0.0
Heave,0.0,0.0,143.16386638367243,0.0,0.0,0.0
Roll,0.0,7.0888242670499375,0.0,14.607776922436484,0.0,0.0
Pitch,8.86103033381242,0.0,0.0,0.0,14.316386638367243,0.0
Yaw,0.0,0.0,0.0,0.0,0.0,10.640086585981598
