,Surge,Sway,Heave,Roll,Pitch,Yaw
Surge,85.638753831275,0.0,0.0,0.0,8.760608414704809,0.0
Sway,0.0,108.42665211393964,0.0,7.008486731763846,0.0,0.0
Heave,0.0,0.0,172.52014436692872,0.0,0.0,0.0
Roll,0.0,7.008486731763846,0.0,11.177035828758315,0.0,0.0
Pitch,8.760608414704809,0.0,0.0,0.0,17.25201443669287,0.0
Yaw,0.0,0.0,0.0,0.0,0.0,16.09101708136916
