,Surge,Sway,Heave,Roll,Pitch,Yaw
Surge,9.304971549501975,0.0,0.0,0.0,0.6322770510480932,0.0
Sway,0.0,6.504595607039903,0.0,0.5058216408384745,0.0,0.0
Heave,0.0,0.0,5.7143075227565,0.0,0.0,0.0
Roll,0.0,0.5058216408384745,0.0,0.20440427833245817,0.0,0.0
Pitch,0.6322770510480932,0.0,0.0,0.0,0.5714307522756501,0.0
Yaw,0.0,0.0,0.0,0.0,0.0,0.7172780162561855
