,Surge,Sway,Heave,Roll,Pitch,Yaw
Surge,4.111665323315271e-08,0.0,0.0,0.0,0.00011854061100073453,0.0
Sway,0.0,3.949879532409506e-07,0.0,9.483248880058763e-05,0.0,0.0
Heave,0.0,0.0,4.768568204279391e-06,0.0,0.0,0.0
Roll,0.0,9.483248880058763e-05,0.0,2.3440950225070484e-06,0.0,0.0
Pitch,0.00011854061100073453,0.0,0.0,0.0,4.76856820427939e-07,0.0
Yaw,0.0,0.0,0.0,0.0,0.0,1.6146614987389213e-07
