,Surge,Sway,Heave,Roll,Pitch,Yaw
Surge,0.00034697816537243884,0.0,0.0,0.0,0.024082302802992245,0.0
Sway,0.0,0.002043761509489012,0.0,0.019265842242393798,0.0,0.0
Heave,0.0,0.0,0.015128516403598195,0.0,0.0,0.0
Roll,0.0,0.019265842242393798,0.0,0.004559797234254408,0.0,0.0
Pitch,0.024082302802992245,0.0,0.0,0.0,0.0015128516403598194,0.0
Yaw,0.0,0.0,0.0,0.0,0.0,0.0006541974446374088
