,Surge,Sway,Heave,Roll,Pitch,Yaw
Surge,53.46404220190604,0.0,0.0,0.0,3.8966720821492196,0.0
Sway,0.0,51.18401426443229,0.0,3.1173376657193757,0.0,0.0
Heave,0.0,0.0,61.5807468903811,0.0,0.0,0.0
Roll,0.0,3.1173376657193757,0.0,3.0167451681638906,0.0,0.0
Pitch,3.8966720821492196,0.0,0.0,0.0,6.15807468903811,0.0
Yaw,0.0,0.0,0.0,0.0,0.0,6.60518845527583
