,Surge,Sway,Heave,Roll,Pitch,Yaw
Surge,0.25682161260121367,0.0,0.0,0.0,0.9527057517646895,0.0
Sway,0.0,0.9275164361154279,0.0,0.7621646014117517,0.0,0.0
Heave,0.0,0.0,4.209686119191201,0.0,0.0,0.0
Roll,0.0,0.7621646014117517,0.0,0.7779664745059434,0.0,0.0
Pitch,0.9527057517646895,0.0,0.0,0.0,0.42096861191912005,0.0
Yaw,0.0,0.0,0.0,0.0,0.0,0.23247766241459367
