,Surge,Sway,Heave,Roll,Pitch,Yaw
Surge,0.007941169765523544,0.0,0.0,0.0,0.14246021414854873,0.0
Sway,0.0,0.03792867597550275,0.0,0.11396817131883898,0.0,0.0
Heave,0.0,0.0,0.22766115767974396,0.0,0.0,0.0
Roll,0.0,0.11396817131883898,0.0,0.05564078685051459,0.0,0.0
Pitch,0.14246021414854873,0.0,0.0,0.0,0.022766115767974396,0.0
Yaw,0.0,0.0,0.0,0.0,0.0,0.010932610522128863
