,Surge,Sway,Heave,Roll,Pitch,Yaw
Surge,9.697045870657772e-06,0.0,0.0,0.0,0.003014697805627978,0.0
Sway,0.0,7.043887103282935e-05,0.0,0.0024117582445023823,0.0,0.0
Heave,0.0,0.0,0.0006430183677550325,0.0,0.0,0.0
Roll,0.0,0.0024117582445023823,0.0,0.00023901075089349918,0.0,0.0
Pitch,0.003014697805627978,0.0,0.0,0.0,6.430183677550325e-05,0.0
Yaw,0.0,0.0,0.0,0.0,0.0,2.5038796352174287e-05
