,Surge,Sway,Heave,Roll,Pitch,Yaw
Surge,1.478041256598776,0.0,0.0,0.0,0.11138390163521834,0.0
Sway,0.0,0.8676030815450293,0.0,0.08910712130817469,0.0,0.0
Heave,0.0,0.0,0.6400201841254347,0.0,0.0,0.0
Roll,0.0,0.08910712130817469,0.0,0.019224246236190245,0.0,0.0
Pitch,0.11138390163521834,0.0,0.0,0.0,0.06400201841254347,0.0
Yaw,0.0,0.0,0.0,0.0,0.0,0.087670390989957
