,Surge,Sway,Heave,Roll,Pitch,Yaw
Surge,3.357830626010968e-05,0.0,0.0,0.0,0.006230523692894508,0.0
Sway,0.0,0.00022744868665586554,0.0,0.0049844189543156074,0.0,0.0
Heave,0.0,0.0,0.0019361818130399651,0.0,0.0,0.0
Roll,0.0,0.0049844189543156074,0.0,0.0006711072103891695,0.0,0.0
Pitch,0.006230523692894508,0.0,0.0,0.0,0.0001936181813039965,0.0
Yaw,0.0,0.0,0.0,0.0,0.0,7.807470468320958e-05
