,Surge,Sway,Heave,Roll,Pitch,Yaw
Surge,9.272456245224962e-09,0.0,0.0,0.0,4.858790376937829e-05,0.0
Sway,0.0,9.552326863114114e-08,0.0,3.887032301550264e-05,0.0,0.0
Heave,0.0,0.0,1.2366921734631348e-06,0.0,0.0,0.0
Roll,0.0,3.887032301550264e-05,0.0,6.519242190474254e-07,0.0,0.0
Pitch,4.858790376937829e-05,0.0,0.0,0.0,1.2366921734631348e-07,0.0
Yaw,0.0,0.0,0.0,0.0,0.0,4.0437189087349774e-08
