,Surge,Sway,Heave,Roll,Pitch,Yaw
Surge,16.279251004925985,0.0,0.0,0.0,7.166017761479085,0.0
Sway,0.0,36.04843719140051,0.0,5.732814209183268,0.0,0.0
Heave,0.0,0.0,100.3174580179293,0.0,0.0,0.0
Roll,0.0,5.732814209183268,0.0,11.367099508131894,0.0,0.0
Pitch,7.166017761479085,0.0,0.0,0.0,10.031745801792932,0.0
Yaw,0.0,0.0,0.0,0.0,0.0,7.075009794925705
