,Surge,Sway,Heave,Roll,Pitch,Yaw
Surge,19.908325763780322,0.0,0.0,0.0,7.759119753821051,0.0
Sway,0.0,42.570878851854275,0.0,6.207295803056841,0.0,0.0
Heave,0.0,0.0,114.40066497305085,0.0,0.0,0.0
Roll,0.0,6.207295803056841,0.0,12.517786708309325,0.0,0.0
Pitch,7.759119753821051,0.0,0.0,0.0,11.440066497305086,0.0
Yaw,0.0,0.0,0.0,0.0,0.0,8.210434631066581
