,Surge,Sway,Heave,Roll,Pitch,Yaw
Surge,0.0029396153460560836,0.0,0.0,0.0,0.08145031913352906,0.0
Sway,0.0,0.015056429574046742,0.0,0.06516025530682323,0.0,0.0
Heave,0.0,0.0,0.09691512129424859,0.0,0.0,0.0
Roll,0.0,0.06516025530682323,0.0,0.02540061054808119,0.0,0.0
Pitch,0.08145031913352906,0.0,0.0,0.0,0.009691512129424859,0.0
Yaw,0.0,0.0,0.0,0.0,0.0,0.004494199381527225
