,Surge,Sway,Heave,Roll,Pitch,Yaw
Surge,2.0583235277691627,0.0,0.0,0.0,2.7778242829158923,0.0
Sway,0.0,6.027799757543745,0.0,2.222259426332714,0.0,0.0
Heave,0.0,0.0,22.18411206590469,0.0,0.0,0.0
Roll,0.0,2.222259426332714,0.0,3.3243623098669164,0.0,0.0
Pitch,2.7778242829158923,0.0,0.0,0.0,2.218411206590469,0.0
Yaw,0.0,0.0,0.0,0.0,0.0,1.3604920203002213
