,Surge,Sway,Heave,Roll,Pitch,Yaw
Surge,71.07303626817811,0.0,0.0,0.0,5.705508568646754,0.0
Sway,0.0,75.56137557911153,0.0,4.564406854917403,0.0,0.0
Heave,0.0,0.0,100.95617724363241,0.0,0.0,0.0
Roll,0.0,4.564406854917403,0.0,5.492233652809305,0.0,0.0
Pitch,5.705508568646754,0.0,0.0,0.0,10.095617724363242,0.0
Yaw,0.0,0.0,0.0,0.0,0.0,10.275712427930042
