,Surge,Sway,Heave,Roll,Pitch,Yaw
Surge,84.84300521437629,0.0,0.0,0.0,8.201448188522823,0.0
Sway,0.0,103.73077147967726,0.0,6.5611585508182575,0.0,0.0
Heave,0.0,0.0,159.3812497656473,0.0,0.0,0.0
Roll,0.0,6.5611585508182575,0.0,9.971257084234736,0.0,0.0
Pitch,8.201448188522823,0.0,0.0,0.0,15.93812497656473,0.0
Yaw,0.0,0.0,0.0,0.0,0.0,15.127528618168906
