,Surge,Sway,Heave,Roll,Pitch,Yaw
Surge,4.991316097656673,0.0,0.0,0.0,0.3492070753986006,0.0
Sway,0.0,3.2536590186962484,0.0,0.27936566031888044,0.0,0.0
Heave,0.0,0.0,2.665428612421067,0.0,0.0,0.0
Roll,0.0,0.27936566031888044,0.0,0.0889088799553834,0.0,0.0
Pitch,0.3492070753986006,0.0,0.0,0.0,0.26654286124210674,0.0
Yaw,0.0,0.0,0.0,0.0,0.0,0.3464695815773215
