,Surge,Sway,Heave,Roll,Pitch,Yaw
Surge,0.049905018766930064,0.0,0.0,0.0,0.3940707767870658,0.0
Sway,0.0,0.2072673272450807,0.0,0.31525662142965266,0.0,0.0
Heave,0.0,0.0,1.0818212959128466,0.0,0.0,0.0
Roll,0.0,0.31525662142965266,0.0,0.22991286388958562,0.0,0.0
Pitch,0.3940707767870658,0.0,0.0,0.0,0.10818212959128466,0.0
Yaw,0.0,0.0,0.0,0.0,0.0,0.055710717530328434
