,Surge,Sway,Heave,Roll,Pitch,Yaw
Surge,0.17374383810562577,0.0,0.0,0.0,0.7737691703887629,0.0
Sway,0.0,0.6497908646472115,0.0,0.6190153363110102,0.0,0.0
Heave,0.0,0.0,3.0540479187376053,0.0,0.0,0.0
Roll,0.0,0.6190153363110102,0.0,0.5844685651103642,0.0,0.0
Pitch,0.7737691703887629,0.0,0.0,0.0,0.3054047918737605,0.0
Yaw,0.0,0.0,0.0,0.0,0.0,0.16573731140254938
