,Surge,Sway,Heave,Roll,Pitch,Yaw
Surge,65.60465152447249,0.0,0.0,0.0,5.0789162099812355,0.0
Sway,0.0,67.35277207350349,0.0,4.063132967984988,0.0,0.0
Heave,0.0,0.0,86.89891865258701,0.0,0.0,0.0
Roll,0.0,4.063132967984988,0.0,4.565163488049243,0.0,0.0
Pitch,5.0789162099812355,0.0,0.0,0.0,8.689891865258703,0.0
Yaw,0.0,0.0,0.0,0.0,0.0,9.000787091750638
