,Surge,Sway,Heave,Roll,Pitch,Yaw
Surge,3.4996255106865137e-07,0.0,0.0,0.0,0.00042452136601080524,0.0
Sway,0.0,3.0273681189119303e-06,0.0,0.0003396170928086442,0.0,0.0
Heave,0.0,0.0,3.2911444783124506e-05,0.0,0.0,0.0
Roll,0.0,0.0003396170928086442,0.0,1.4568395671913428e-05,0.0,0.0
Pitch,0.00042452136601080524,0.0,0.0,0.0,3.2911444783124505e-06,0.0
Yaw,0.0,0.0,0.0,0.0,0.0,1.1743610963999938e-06
