,Surge,Sway,Heave,Roll,Pitch,Yaw
Surge,0.012810634252393673,0.0,0.0,0.0,0.18605188023776992,0.0
Sway,0.0,0.059085333290052944,0.0,0.14884150419021594,0.0,0.0
Heave,0.0,0.0,0.3424733662370372,0.0,0.0,0.0
Roll,0.0,0.14884150419021594,0.0,0.08082709703008091,0.0,0.0
Pitch,0.18605188023776992,0.0,0.0,0.0,0.034247336623703724,0.0
Yaw,0.0,0.0,0.0,0.0,0.0,0.01673588994858144
