,Surge,Sway,Heave,Roll,Pitch,Yaw
Surge,81.15374535544358,0.0,0.0,0.0,10.081946707518846,0.0
Sway,0.0,114.10290744743,0.0,8.065557366015076,0.0,0.0
Heave,0.0,0.0,201.61503198228604,0.0,0.0,0.0
Roll,0.0,8.065557366015076,0.0,14.505482281024094,0.0,0.0
Pitch,10.081946707518846,0.0,0.0,0.0,20.161503198228605,0.0
Yaw,0.0,0.0,0.0,0.0,0.0,17.844540742668148
