,Surge,Sway,Heave,Roll,Pitch,Yaw
Surge,1.9646596899141955e-08,0.0,0.0,0.0,7.620703885378153e-05,0.0
Sway,0.0,1.954463535314624e-07,0.0,6.096563108302523e-05,0.0,0.0
Heave,0.0,0.0,2.4434635513154563e-06,0.0,0.0,0.0
Roll,0.0,6.096563108302523e-05,0.0,1.2438477464909844e-06,0.0,0.0
Pitch,7.620703885378153e-05,0.0,0.0,0.0,2.443463551315456e-07,0.0
Yaw,0.0,0.0,0.0,0.0,0.0,8.130406951828086e-08
