# digitalmodel weldolet_crack CINT table
# units: length=mm force=N stress=MPa K=MPa*sqrt(mm) J=N/mm
# mesh_level     1.
# front_nodes     128.
# contours   6.
# columns: node contour x y z K1 K2 K3 J
      1.   1.   0.1425500000E+02   0.0000000000E+00   0.8415000000E+02   0.3574888243E+02   0.1023540216E+02  -0.2798747367E-08   0.9599148363E-02
      1.   2.   0.1425500000E+02   0.0000000000E+00   0.8415000000E+02   0.4123358152E+02   0.1171704910E+02   0.5994315687E-09   0.9580294068E-02
      1.   3.   0.1425500000E+02   0.0000000000E+00   0.8415000000E+02   0.4126962847E+02   0.1197465183E+02   0.4793932325E-09   0.9586013508E-02
      1.   4.   0.1425500000E+02   0.0000000000E+00   0.8415000000E+02   0.4127159036E+02   0.1199613801E+02   0.4841632871E-09   0.9586845169E-02
      1.   5.   0.1425500000E+02   0.0000000000E+00   0.8415000000E+02   0.4127241547E+02   0.1201685537E+02   0.4965906061E-09   0.9587054420E-02
      1.   6.   0.1425500000E+02   0.0000000000E+00   0.8415000000E+02   0.4127254990E+02   0.1201952316E+02   0.8408053934E-09   0.9587122466E-02
      2.   1.   0.1423782923E+02   0.6994597000E+00   0.8414709297E+02   0.3566486430E+02   0.1023850965E+02   0.9698798662E-01   0.9558627834E-02
      2.   2.   0.1423782923E+02   0.6994597000E+00   0.8414709297E+02   0.4113585027E+02   0.1172130845E+02   0.1147900335E+00   0.9539855285E-02
      2.   3.   0.1423782923E+02   0.6994597000E+00   0.8414709297E+02   0.4117177261E+02   0.1197891858E+02   0.1136001594E+00   0.9545549523E-02
      2.   4.   0.1423782923E+02   0.6994597000E+00   0.8414709297E+02   0.4117373210E+02   0.1200040108E+02   0.1137193418E+00   0.9546377346E-02
      2.   5.   0.1423782923E+02   0.6994597000E+00   0.8414709297E+02   0.4117455813E+02   0.1202111609E+02   0.1135676298E+00   0.9546585436E-02
      2.   6.   0.1423782923E+02   0.6994597000E+00   0.8414709297E+02   0.4117469222E+02   0.1202376161E+02   0.1137272621E+00   0.9546652903E-02
      3.   1.   0.1418635828E+02   0.1397234340E+01   0.8413839930E+02   0.3559216277E+02   0.1024780246E+02   0.1928648531E+00   0.9437974688E-02
      3.   2.   0.1418635828E+02   0.1397234340E+01   0.8413839930E+02   0.4112695933E+02   0.1173405908E+02   0.2281000820E+00   0.9419445830E-02
      3.   3.   0.1418635828E+02   0.1397234340E+01   0.8413839930E+02   0.4116250658E+02   0.1199169380E+02   0.2257354272E+00   0.9425064952E-02
      3.   4.   0.1418635828E+02   0.1397234340E+01   0.8413839930E+02   0.4116445872E+02   0.1201316566E+02   0.2259669139E+00   0.9425881336E-02
      3.   5.   0.1418635828E+02   0.1397234340E+01   0.8413839930E+02   0.4116528756E+02   0.1203387447E+02   0.2256596416E+00   0.9426085996E-02
      3.   6.   0.1418635828E+02   0.1397234340E+01   0.8413839930E+02   0.4116542061E+02   0.1203645382E+02   0.2259716264E+00   0.9426151735E-02
      4.   1.   0.1410071115E+02   0.2091642910E+01   0.8412400091E+02   0.3535419271E+02   0.1026344279E+02   0.2882084136E+00   0.9239891347E-02
      4.   2.   0.1410071115E+02   0.2091642910E+01   0.8412400091E+02   0.4092579314E+02   0.1175560340E+02   0.3411396801E+00   0.9221762008E-02
      4.   3.   0.1410071115E+02   0.2091642910E+01   0.8412400091E+02   0.4096071321E+02   0.1201328607E+02   0.3376299522E+00   0.9227257924E-02
      4.   4.   0.1410071115E+02   0.2091642910E+01   0.8412400091E+02   0.4096265328E+02   0.1203474120E+02   0.3379601424E+00   0.9228055535E-02
      4.   5.   0.1410071115E+02   0.2091642910E+01   0.8412400091E+02   0.4096348682E+02   0.1205544057E+02   0.3374897219E+00   0.9228254538E-02
      4.   6.   0.1410071115E+02   0.2091642910E+01   0.8412400091E+02   0.4096361811E+02   0.1205791141E+02   0.3379397350E+00   0.9228317404E-02
      5.   1.   0.1398109417E+02   0.2781012540E+01   0.8410403361E+02   0.3477576592E+02   0.1028534941E+02   0.3810692993E+00   0.8968800749E-02
      5.   2.   0.1398109417E+02   0.2781012540E+01   0.8410403361E+02   0.4025286460E+02   0.1178591491E+02   0.4510915742E+00   0.8951218293E-02
      5.   3.   0.1398109417E+02   0.2781012540E+01   0.8410403361E+02   0.4028690249E+02   0.1204368154E+02   0.4464806144E+00   0.8956545616E-02
      5.   4.   0.1398109417E+02   0.2781012540E+01   0.8410403361E+02   0.4028901142E+02   0.1207384106E+02   0.4404682831E+00   0.8957317533E-02
      5.   5.   0.1398109417E+02   0.2781012540E+01   0.8410403361E+02   0.4028960494E+02   0.1208576240E+02   0.4391121291E+00   0.8957508769E-02
      5.   6.   0.1398109417E+02   0.2781012540E+01   0.8410403361E+02   0.4028973380E+02   0.1208808512E+02   0.4396793193E+00   0.8957567629E-02
      6.   1.   0.1382779551E+02   0.3463682460E+01   0.8407868579E+02   0.3404035292E+02   0.1031366425E+02   0.4711909497E+00   0.8630731115E-02
      6.   2.   0.1382779551E+02   0.3463682460E+01   0.8407868579E+02   0.3940268270E+02   0.1194302001E+02   0.5522182179E+00   0.8613828993E-02
      6.   3.   0.1382779551E+02   0.3463682460E+01   0.8407868579E+02   0.3943006461E+02   0.1208295907E+02   0.5439187658E+00   0.8618946421E-02
      6.   4.   0.1382779551E+02   0.3463682460E+01   0.8407868579E+02   0.3943216837E+02   0.1211311426E+02   0.5378357372E+00   0.8619686262E-02
      6.   5.   0.1382779551E+02   0.3463682460E+01   0.8407868579E+02   0.3943275187E+02   0.1212494997E+02   0.5364612602E+00   0.8619867755E-02
      6.   6.   0.1382779551E+02   0.3463682460E+01   0.8407868579E+02   0.3943287760E+02   0.1212708851E+02   0.5371189504E+00   0.8619921496E-02
      7.   1.   0.1364118449E+02   0.4138008070E+01   0.8404819682E+02   0.3315722300E+02   0.1036812925E+02   0.5575631900E+00   0.8233151320E-02
      7.   2.   0.1364118449E+02   0.4138008070E+01   0.8404819682E+02   0.3837144406E+02   0.1199254842E+02   0.6509894234E+00   0.8217047538E-02
      7.   3.   0.1364118449E+02   0.4138008070E+01   0.8404819682E+02   0.3839736972E+02   0.1213183718E+02   0.6425926902E+00   0.8221918424E-02
      7.   4.   0.1364118449E+02   0.4138008070E+01   0.8404819682E+02   0.3839946566E+02   0.1216200776E+02   0.6364276668E+00   0.8222620577E-02
      7.   5.   0.1364118449E+02   0.4138008070E+01   0.8404819682E+02   0.3840003962E+02   0.1217374430E+02   0.6350103188E+00   0.8222790498E-02
      7.   6.   0.1364118449E+02   0.4138008070E+01   0.8404819682E+02   0.3840016148E+02   0.1217566750E+02   0.6357272295E+00   0.8222838045E-02
      8.   1.   0.1342171065E+02   0.4802364860E+01   0.8401285492E+02   0.3213797434E+02   0.1034442854E+02   0.6435751244E+00   0.7784768530E-02
      8.   2.   0.1342171065E+02   0.4802364860E+01   0.8401285492E+02   0.3717816756E+02   0.1217318043E+02   0.7452247310E+00   0.7769563994E-02
      8.   3.   0.1342171065E+02   0.4802364860E+01   0.8401285492E+02   0.3719757864E+02   0.1220086175E+02   0.7502404567E+00   0.7774157236E-02
      8.   4.   0.1342171065E+02   0.4802364860E+01   0.8401285492E+02   0.3719942573E+02   0.1222195683E+02   0.7401397892E+00   0.7774816853E-02
      8.   5.   0.1342171065E+02   0.4802364860E+01   0.8401285492E+02   0.3719999067E+02   0.1223358554E+02   0.7386531620E+00   0.7774973623E-02
      8.   6.   0.1342171065E+02   0.4802364860E+01   0.8401285492E+02   0.3720010796E+02   0.1223526720E+02   0.7393941911E+00   0.7775013930E-02
      9.   1.   0.1316990274E+02   0.5455152330E+01   0.8397299455E+02   0.3097232993E+02   0.1039644668E+02   0.7218223643E+00   0.7295289889E-02
      9.   2.   0.1316990274E+02   0.5455152330E+01   0.8397299455E+02   0.3582313219E+02   0.1224437592E+02   0.8360937351E+00   0.7281065972E-02
      9.   3.   0.1316990274E+02   0.5455152330E+01   0.8397299455E+02   0.3584059302E+02   0.1227024280E+02   0.8417387045E+00   0.7285356597E-02
      9.   4.   0.1316990274E+02   0.5455152330E+01   0.8397299455E+02   0.3584256523E+02   0.1230115841E+02   0.8357654261E+00   0.7285969755E-02
      9.   5.   0.1316990274E+02   0.5455152330E+01   0.8397299455E+02   0.3584294435E+02   0.1230339045E+02   0.8370133890E+00   0.7286111998E-02
      9.   6.   0.1316990274E+02   0.5455152330E+01   0.8397299455E+02   0.3584305635E+02   0.1230481052E+02   0.8377413398E+00   0.7286144080E-02
     10.   1.   0.1288636737E+02   0.6094797860E+01   0.8392899344E+02   0.2968202432E+02   0.1045604099E+02   0.7946191924E+00   0.6775155322E-02
     10.   2.   0.1288636737E+02   0.6094797860E+01   0.8392899344E+02   0.3432286408E+02   0.1232666017E+02   0.9207498868E+00   0.6761971043E-02
     10.   3.   0.1288636737E+02   0.6094797860E+01   0.8392899344E+02   0.3433809514E+02   0.1235051578E+02   0.9269774951E+00   0.6765940626E-02
     10.   4.   0.1288636737E+02   0.6094797860E+01   0.8392899344E+02   0.3434004061E+02   0.1238155068E+02   0.9208203478E+00   0.6766504402E-02
     10.   5.   0.1288636737E+02   0.6094797860E+01   0.8392899344E+02   0.3434040236E+02   0.1238351574E+02   0.9220753332E+00   0.6766630989E-02
     10.   6.   0.1288636737E+02   0.6094797860E+01   0.8392899344E+02   0.3434050836E+02   0.1238466030E+02   0.9227520460E+00   0.6766653933E-02
     11.   1.   0.1257178762E+02   0.6719760480E+01   0.8388126918E+02   0.2843674731E+02   0.1050239706E+02   0.8709082447E+00   0.6235240155E-02
     11.   2.   0.1257178762E+02   0.6719760480E+01   0.8388126918E+02   0.3269030568E+02   0.1242074308E+02   0.9986167610E+00   0.6223132551E-02
     11.   3.   0.1257178762E+02   0.6719760480E+01   0.8388126918E+02   0.3270302393E+02   0.1244237434E+02   0.1005372151E+01   0.6226769545E-02
     11.   4.   0.1257178762E+02   0.6719760480E+01   0.8388126918E+02   0.3270494254E+02   0.1247355943E+02   0.9990155063E+00   0.6227282009E-02
     11.   5.   0.1257178762E+02   0.6719760480E+01   0.8388126918E+02   0.3270528514E+02   0.1247524868E+02   0.1000236842E+01   0.6227392093E-02
     11.   6.   0.1257178762E+02   0.6719760480E+01   0.8388126918E+02   0.3270538443E+02   0.1247611022E+02   0.1000824665E+01   0.6227405065E-02
     12.   1.   0.1222692134E+02   0.7328534620E+01   0.8383027544E+02   0.2692830523E+02   0.1074476539E+02   0.9292762514E+00   0.5686549246E-02
     12.   2.   0.1222692134E+02   0.7328534620E+01   0.8383027544E+02   0.3093979411E+02   0.1252636887E+02   0.1062640193E+01   0.5675533040E-02
     12.   3.   0.1222692134E+02   0.7328534620E+01   0.8383027544E+02   0.3094983733E+02   0.1255539255E+02   0.1068222397E+01   0.5678832760E-02
     12.   4.   0.1222692134E+02   0.7328534620E+01   0.8383027544E+02   0.3095160568E+02   0.1257742298E+02   0.1068040348E+01   0.5679292994E-02
     12.   5.   0.1222692134E+02   0.7328534620E+01   0.8383027544E+02   0.3095192746E+02   0.1257883358E+02   0.1069188772E+01   0.5679386007E-02
     12.   6.   0.1222692134E+02   0.7328534620E+01   0.8383027544E+02   0.3095201932E+02   0.1257941126E+02   0.1069652302E+01   0.5679388282E-02
     13.   1.   0.1185259932E+02   0.7919653670E+01   0.8377649781E+02   0.2533093943E+02   0.1100008998E+02   0.9743091237E+00   0.5139900833E-02
     13.   2.   0.1185259932E+02   0.7919653670E+01   0.8377649781E+02   0.2908693505E+02   0.1264575169E+02   0.1129822198E+01   0.5129969124E-02
     13.   3.   0.1185259932E+02   0.7919653670E+01   0.8377649781E+02   0.2909390691E+02   0.1267217262E+02   0.1135697321E+01   0.5132933564E-02
     13.   4.   0.1185259932E+02   0.7919653670E+01   0.8377649781E+02   0.2909563112E+02   0.1269424462E+02   0.1135331692E+01   0.5133341668E-02
     13.   5.   0.1185259932E+02   0.7919653670E+01   0.8377649781E+02   0.2909593051E+02   0.1269537969E+02   0.1136370961E+01   0.5133417338E-02
     13.   6.   0.1185259932E+02   0.7919653670E+01   0.8377649781E+02   0.2909601425E+02   0.1269567892E+02   0.1136678271E+01   0.5133408321E-02
     14.   1.   0.1144972336E+02   0.8491693590E+01   0.8372044935E+02   0.2365357342E+02   0.1110646604E+02   0.1018790092E+01   0.4605615165E-02
     14.   2.   0.1144972336E+02   0.8491693590E+01   0.8372044935E+02   0.2714832852E+02   0.1277770980E+02   0.1181786477E+01   0.4596740163E-02
     14.   3.   0.1144972336E+02   0.8491693590E+01   0.8372044935E+02   0.2715193502E+02   0.1280109246E+02   0.1187885301E+01   0.4599377686E-02
     14.   4.   0.1144972336E+02   0.8491693590E+01   0.8372044935E+02   0.2715361352E+02   0.1282323345E+02   0.1187316686E+01   0.4599734748E-02
     14.   5.   0.1144972336E+02   0.8491693590E+01   0.8372044935E+02   0.2715388908E+02   0.1282410171E+02   0.1188214833E+01   0.4599793096E-02
     14.   6.   0.1144972336E+02   0.8491693590E+01   0.8372044935E+02   0.2715396404E+02   0.1282413387E+02   0.1188338868E+01   0.4599772342E-02
     15.   1.   0.1101926401E+02   0.9043276270E+01   0.8366266583E+02   0.2191764079E+02   0.1122198179E+02   0.1054479314E+01   0.4093217527E-02
     15.   2.   0.1101926401E+02   0.9043276270E+01   0.8366266583E+02   0.2514167771E+02   0.1292316383E+02   0.1223632200E+01   0.4085352289E-02
     15.   3.   0.1101926401E+02   0.9043276270E+01   0.8366266583E+02   0.2514195473E+02   0.1295276237E+02   0.1225892979E+01   0.4087677176E-02
     15.   4.   0.1101926401E+02   0.9043276270E+01   0.8366266583E+02   0.2514321536E+02   0.1296481399E+02   0.1225216766E+01   0.4087985213E-02
     15.   5.   0.1101926401E+02   0.9043276270E+01   0.8366266583E+02   0.2514346584E+02   0.1296542909E+02   0.1225946922E+01   0.4088026535E-02
     15.   6.   0.1101926401E+02   0.9043276270E+01   0.8366266583E+02   0.2514353138E+02   0.1296521103E+02   0.1225866756E+01   0.4087993768E-02
     16.   1.   0.1056225829E+02   0.9573072900E+01   0.8360370073E+02   0.2015626686E+02   0.1135504571E+02   0.1079695914E+01   0.3611164845E-02
     16.   2.   0.1056225829E+02   0.9573072900E+01   0.8360370073E+02   0.2308566747E+02   0.1308229982E+02   0.1252469239E+01   0.3604245764E-02
     16.   3.   0.1056225829E+02   0.9573072900E+01   0.8360370073E+02   0.2308202377E+02   0.1310750381E+02   0.1254811606E+01   0.3606277543E-02
     16.   4.   0.1056225829E+02   0.9573072900E+01   0.8360370073E+02   0.2308321085E+02   0.1311948523E+02   0.1253918846E+01   0.3606539339E-02
     16.   5.   0.1056225829E+02   0.9573072900E+01   0.8360370073E+02   0.2308343515E+02   0.1311986573E+02   0.1254461146E+01   0.3606564239E-02
     16.   6.   0.1056225829E+02   0.9573072900E+01   0.8360370073E+02   0.2308349069E+02   0.1311941909E+02   0.1254163108E+01   0.3606519382E-02
     17.   1.   0.1007980717E+02   0.1007980717E+02   0.8354412001E+02   0.1837974094E+02   0.1150263114E+02   0.1097342156E+01   0.3166608045E-02
     17.   2.   0.1007980717E+02   0.1007980717E+02   0.8354412001E+02   0.2099943746E+02   0.1326546513E+02   0.1271723333E+01   0.3160557156E-02
     17.   3.   0.1007980717E+02   0.1007980717E+02   0.8354412001E+02   0.2099136654E+02   0.1327448807E+02   0.1272155371E+01   0.3162319774E-02
     17.   4.   0.1007980717E+02   0.1007980717E+02   0.8354412001E+02   0.2099247967E+02   0.1328642806E+02   0.1271035932E+01   0.3162538861E-02
     17.   5.   0.1007980717E+02   0.1007980717E+02   0.8354412001E+02   0.2099267692E+02   0.1328659591E+02   0.1271377104E+01   0.3162548181E-02
     17.   6.   0.1007980717E+02   0.1007980717E+02   0.8354412001E+02   0.2099272193E+02   0.1328594624E+02   0.1270855490E+01   0.3162491366E-02
     18.   1.   0.9573072900E+01   0.1056225829E+02   0.8348449676E+02   0.1657506375E+02   0.1164873914E+02   0.1105091658E+01   0.2765199881E-02
     18.   2.   0.9573072900E+01   0.1056225829E+02   0.8348449676E+02   0.1890237746E+02   0.1345224062E+02   0.1281122048E+01   0.2759927365E-02
     18.   3.   0.9573072900E+01   0.1056225829E+02   0.8348449676E+02   0.1889041881E+02   0.1346464430E+02   0.1282745550E+01   0.2761448326E-02
     18.   4.   0.9573072900E+01   0.1056225829E+02   0.8348449676E+02   0.1889118973E+02   0.1346570046E+02   0.1283756903E+01   0.2761628828E-02
     18.   5.   0.9573072900E+01   0.1056225829E+02   0.8348449676E+02   0.1889135930E+02   0.1346568053E+02   0.1283891335E+01   0.2761623645E-02
     18.   6.   0.9573072900E+01   0.1056225829E+02   0.8348449676E+02   0.1889139334E+02   0.1346485632E+02   0.1283148870E+01   0.2761555221E-02
     19.   1.   0.9043276270E+01   0.1101926401E+02   0.8342540573E+02   0.1477802288E+02   0.1180231295E+02   0.1100720916E+01   0.2410953730E-02
     19.   2.   0.9043276270E+01   0.1101926401E+02   0.8342540573E+02   0.1681444733E+02   0.1365213045E+02   0.1276209699E+01   0.2406362102E-02
     19.   3.   0.9043276270E+01   0.1101926401E+02   0.8342540573E+02   0.1679899500E+02   0.1365391546E+02   0.1277406392E+01   0.2407671386E-02
     19.   4.   0.9043276270E+01   0.1101926401E+02   0.8342540573E+02   0.1679966482E+02   0.1365477818E+02   0.1278184415E+01   0.2407817841E-02
     19.   5.   0.9043276270E+01   0.1101926401E+02   0.8342540573E+02   0.1679980632E+02   0.1365459764E+02   0.1278114850E+01   0.2407799449E-02
     19.   6.   0.9043276270E+01   0.1101926401E+02   0.8342540573E+02   0.1679982904E+02   0.1365362910E+02   0.1277162750E+01   0.2407719962E-02
     20.   1.   0.8491693590E+01   0.1144972336E+02   0.8336741771E+02   0.1299783086E+02   0.1195767495E+02   0.1083666514E+01   0.2106163570E-02
     20.   2.   0.8491693590E+01   0.1144972336E+02   0.8336741771E+02   0.1475469062E+02   0.1387502198E+02   0.1255815027E+01   0.2102151007E-02
     20.   3.   0.8491693590E+01   0.1144972336E+02   0.8336741771E+02   0.1473778563E+02   0.1385207227E+02   0.1260236924E+01   0.2103280136E-02
     20.   4.   0.8491693590E+01   0.1144972336E+02   0.8336741771E+02   0.1473835497E+02   0.1385277207E+02   0.1260784709E+01   0.2103397349E-02
     20.   5.   0.8491693590E+01   0.1144972336E+02   0.8336741771E+02   0.1473846829E+02   0.1385245909E+02   0.1260521729E+01   0.2103367209E-02
     20.   6.   0.8491693590E+01   0.1144972336E+02   0.8336741771E+02   0.1473847945E+02   0.1385137717E+02   0.1259379628E+01   0.2103277404E-02
     21.   1.   0.7919653670E+01   0.1185259932E+02   0.8331109403E+02   0.1126183393E+02   0.1211736869E+02   0.1057318604E+01   0.1851392036E-02
     21.   2.   0.7919653670E+01   0.1185259932E+02   0.8331109403E+02   0.1274022947E+02   0.1409583504E+02   0.1226554501E+01   0.1847855299E-02
     21.   3.   0.7919653670E+01   0.1185259932E+02   0.8331109403E+02   0.1272723621E+02   0.1405644539E+02   0.1229883227E+01   0.1848836145E-02
     21.   4.   0.7919653670E+01   0.1185259932E+02   0.8331109403E+02   0.1272770668E+02   0.1405701301E+02   0.1230211973E+01   0.1848929022E-02
     21.   5.   0.7919653670E+01   0.1185259932E+02   0.8331109403E+02   0.1272779201E+02   0.1405659581E+02   0.1229773629E+01   0.1848888706E-02
     21.   6.   0.7919653670E+01   0.1185259932E+02   0.8331109403E+02   0.1272779150E+02   0.1405543111E+02   0.1228469128E+01   0.1848789500E-02
     22.   1.   0.7328534620E+01   0.1222692134E+02   0.8325698106E+02   0.9501299027E+01   0.1239289405E+02   0.1031278265E+01   0.1645521098E-02
     22.   2.   0.7328534620E+01   0.1222692134E+02   0.8325698106E+02   0.1078915026E+02   0.1432673654E+02   0.1180742216E+01   0.1642359425E-02
     22.   3.   0.7328534620E+01   0.1222692134E+02   0.8325698106E+02   0.1078763575E+02   0.1426445099E+02   0.1182347404E+01   0.1643223113E-02
     22.   4.   0.7328534620E+01   0.1222692134E+02   0.8325698106E+02   0.1078801007E+02   0.1426491687E+02   0.1182476825E+01   0.1643296538E-02
     22.   5.   0.7328534620E+01   0.1222692134E+02   0.8325698106E+02   0.1078806793E+02   0.1426442265E+02   0.1181887886E+01   0.1643247669E-02
     22.   6.   0.7328534620E+01   0.1222692134E+02   0.8325698106E+02   0.1078805579E+02   0.1426320431E+02   0.1180455883E+01   0.1643140113E-02
     23.   1.   0.6719760480E+01   0.1257178762E+02   0.8320560471E+02   0.7859713523E+01   0.1257666527E+02   0.9870801530E+00   0.1485874700E-02
     23.   2.   0.6719760480E+01   0.1257178762E+02   0.8320560471E+02   0.8924057897E+01   0.1453588370E+02   0.1123004555E+01   0.1482993036E-02
     23.   3.   0.6719760480E+01   0.1257178762E+02   0.8320560471E+02   0.8938781719E+01   0.1447345791E+02   0.1123163320E+01   0.1483768991E-02
     23.   4.   0.6719760480E+01   0.1257178762E+02   0.8320560471E+02   0.8939063605E+01   0.1447385042E+02   0.1123119212E+01   0.1483827616E-02
     23.   5.   0.6719760480E+01   0.1257178762E+02   0.8320560471E+02   0.8939094846E+01   0.1447330446E+02   0.1122410101E+01   0.1483771811E-02
     23.   6.   0.6719760480E+01   0.1257178762E+02   0.8320560471E+02   0.8939071264E+01   0.1447205911E+02   0.1120891423E+01   0.1483657050E-02
     24.   1.   0.6094797860E+01   0.1288636737E+02   0.8315746530E+02   0.6346487454E+01   0.1278049352E+02   0.9240627498E+00   0.1368405727E-02
     24.   2.   0.6094797860E+01   0.1288636737E+02   0.8315746530E+02   0.7173996098E+01   0.1474027479E+02   0.1056443543E+01   0.1365717759E-02
     24.   3.   0.6094797860E+01   0.1288636737E+02   0.8315746530E+02   0.7199850615E+01   0.1468012827E+02   0.1056757807E+01   0.1366432808E-02
     24.   4.   0.6094797860E+01   0.1288636737E+02   0.8315746530E+02   0.7200044885E+01   0.1468047306E+02   0.1056571229E+01   0.1366480896E-02
     24.   5.   0.6094797860E+01   0.1288636737E+02   0.8315746530E+02   0.7200050695E+01   0.1467989784E+02   0.1055776809E+01   0.1366419698E-02
     24.   6.   0.6094797860E+01   0.1288636737E+02   0.8315746530E+02   0.7200016034E+01   0.1467864865E+02   0.1054216782E+01   0.1366298897E-02
     25.   1.   0.5455152330E+01   0.1316990274E+02   0.8311303244E+02   0.4944481069E+01   0.1295770548E+02   0.8511009136E+00   0.1287943049E-02
     25.   2.   0.5455152330E+01   0.1316990274E+02   0.8311303244E+02   0.5560437918E+01   0.1492330967E+02   0.9738756132E+00   0.1285373404E-02
     25.   3.   0.5455152330E+01   0.1316990274E+02   0.8311303244E+02   0.5588971217E+01   0.1487957490E+02   0.9735653043E+00   0.1286050915E-02
     25.   4.   0.5455152330E+01   0.1316990274E+02   0.8311303244E+02   0.5589083735E+01   0.1487989396E+02   0.9732708564E+00   0.1286092211E-02
     25.   5.   0.5455152330E+01   0.1316990274E+02   0.8311303244E+02   0.5589065645E+01   0.1487930886E+02   0.9724295140E+00   0.1286027066E-02
     25.   6.   0.5455152330E+01   0.1316990274E+02   0.8311303244E+02   0.5589020443E+01   0.1487807488E+02   0.9708763943E+00   0.1285901372E-02
     26.   1.   0.4802364860E+01   0.1342171065E+02   0.8307274031E+02   0.3669168454E+01   0.1312420700E+02   0.7682529124E+00   0.1238488451E-02
     26.   2.   0.4802364860E+01   0.1342171065E+02   0.8307274031E+02   0.4097530817E+01   0.1509866104E+02   0.8795494457E+00   0.1235974900E-02
     26.   3.   0.4802364860E+01   0.1342171065E+02   0.8307274031E+02   0.4123338314E+01   0.1506823746E+02   0.8789808477E+00   0.1236634232E-02
     26.   4.   0.4802364860E+01   0.1342171065E+02   0.8307274031E+02   0.4123375919E+01   0.1506854891E+02   0.8786155777E+00   0.1236671895E-02
     26.   5.   0.4802364860E+01   0.1342171065E+02   0.8307274031E+02   0.4123335790E+01   0.1506796917E+02   0.8777669514E+00   0.1236604059E-02
     26.   6.   0.4802364860E+01   0.1342171065E+02   0.8307274031E+02   0.4123280765E+01   0.1506676488E+02   0.8762703494E+00   0.1236474566E-02
     27.   1.   0.4138008070E+01   0.1364118449E+02   0.8303698324E+02   0.2529864746E+01   0.1328569172E+02   0.6758279621E+00   0.1213552302E-02
     27.   2.   0.4138008070E+01   0.1364118449E+02   0.8303698324E+02   0.2797414173E+01   0.1526351313E+02   0.7732580047E+00   0.1211046979E-02
     27.   3.   0.4138008070E+01   0.1364118449E+02   0.8303698324E+02   0.2818734139E+01   0.1524202530E+02   0.7726348103E+00   0.1211703035E-02
     27.   4.   0.4138008070E+01   0.1364118449E+02   0.8303698324E+02   0.2818704663E+01   0.1524234283E+02   0.7722361622E+00   0.1211739542E-02
     27.   5.   0.4138008070E+01   0.1364118449E+02   0.8303698324E+02   0.2818644691E+01   0.1524177947E+02   0.7714196539E+00   0.1211670057E-02
     27.   6.   0.4138008070E+01   0.1364118449E+02   0.8303698324E+02   0.2818580727E+01   0.1524061429E+02   0.7700282525E+00   0.1211537726E-02
     28.   1.   0.3463682460E+01   0.1382779551E+02   0.8300611165E+02   0.1543215831E+01   0.1343019950E+02   0.5771353806E+00   0.1206513984E-02
     28.   2.   0.3463682460E+01   0.1382779551E+02   0.8300611165E+02   0.1672612425E+01   0.1541309337E+02   0.6604637722E+00   0.1203983824E-02
     28.   3.   0.3463682460E+01   0.1382779551E+02   0.8300611165E+02   0.1689467061E+01   0.1539709158E+02   0.6598840205E+00   0.1204646969E-02
     28.   4.   0.3463682460E+01   0.1382779551E+02   0.8300611165E+02   0.1689379185E+01   0.1539742419E+02   0.6594879354E+00   0.1204684079E-02
     28.   5.   0.3463682460E+01   0.1382779551E+02   0.8300611165E+02   0.1689301848E+01   0.1539688396E+02   0.6587412383E+00   0.1204613761E-02
     28.   6.   0.3463682460E+01   0.1382779551E+02   0.8300611165E+02   0.1689230007E+01   0.1539576226E+02   0.6575010490E+00   0.1204479408E-02
     29.   1.   0.2781012540E+01   0.1398109417E+02   0.8298042845E+02   0.7239077493E+00   0.1354630451E+02   0.4702543674E+00   0.1210988386E-02
     29.   2.   0.2781012540E+01   0.1398109417E+02   0.8298042845E+02   0.7348043545E+00   0.1554247409E+02   0.5382396297E+00   0.1208414621E-02
     29.   3.   0.2781012540E+01   0.1398109417E+02   0.8298042845E+02   0.7478392633E+00   0.1552962306E+02   0.5377481501E+00   0.1209090805E-02
     29.   4.   0.2781012540E+01   0.1398109417E+02   0.8298042845E+02   0.7477024613E+00   0.1552997523E+02   0.5373873799E+00   0.1209129561E-02
     29.   5.   0.2781012540E+01   0.1398109417E+02   0.8298042845E+02   0.7476105251E+00   0.1552946053E+02   0.5367445581E+00   0.1209058962E-02
     29.   6.   0.2781012540E+01   0.1398109417E+02   0.8298042845E+02   0.7475320076E+00   0.1552838208E+02   0.5356973567E+00   0.1208923255E-02
     30.   1.   0.2091642910E+01   0.1410071115E+02   0.8296018590E+02   0.7703108951E-01   0.1363956166E+02   0.3577360049E+00   0.1221179112E-02
     30.   2.   0.2091642910E+01   0.1410071115E+02   0.8296018590E+02  -0.5719192436E-02   0.1564759117E+02   0.4095046955E+00   0.1218556044E-02
     30.   3.   0.2091642910E+01   0.1410071115E+02   0.8296018590E+02   0.4314436238E-02   0.1563640753E+02   0.4091227018E+00   0.1219247111E-02
     30.   4.   0.2091642910E+01   0.1410071115E+02   0.8296018590E+02   0.4138847601E-02   0.1563677969E+02   0.4088255613E+00   0.1219287915E-02
     30.   5.   0.2091642910E+01   0.1410071115E+02   0.8296018590E+02   0.4035305333E-02   0.1563628932E+02   0.4083159773E+00   0.1219217380E-02
     30.   6.   0.2091642910E+01   0.1410071115E+02   0.8296018590E+02   0.3951443424E-02   0.1563524946E+02   0.4074973701E+00   0.1219080824E-02
     31.   1.   0.1397234340E+01   0.1418635828E+02   0.8294558300E+02  -0.3902475422E+00   0.1370780511E+02   0.2409144747E+00   0.1232201223E-02
     31.   2.   0.1397234340E+01   0.1418635828E+02   0.8294558300E+02  -0.5407046203E+00   0.1572513263E+02   0.2758018674E+00   0.1229534374E-02
     31.   3.   0.1397234340E+01   0.1418635828E+02   0.8294558300E+02  -0.5328165425E+00   0.1571473283E+02   0.2755410775E+00   0.1230238714E-02
     31.   4.   0.1397234340E+01   0.1418635828E+02   0.8294558300E+02  -0.5330202174E+00   0.1571512200E+02   0.2753300242E+00   0.1230281419E-02
     31.   5.   0.1397234340E+01   0.1418635828E+02   0.8294558300E+02  -0.5331322021E+00   0.1571465145E+02   0.2749768855E+00   0.1230211084E-02
     31.   6.   0.1397234340E+01   0.1418635828E+02   0.8294558300E+02  -0.5332199524E+00   0.1571364199E+02   0.2744149649E+00   0.1230074045E-02
     32.   1.   0.6994597000E+00   0.1423782923E+02   0.8293676337E+02  -0.6727204469E+00   0.1374941933E+02   0.1211887881E+00   0.1240354937E-02
     32.   2.   0.6994597000E+00   0.1423782923E+02   0.8293676337E+02  -0.8641332137E+00   0.1577265835E+02   0.1387457444E+00   0.1237658231E-02
     32.   3.   0.6994597000E+00   0.1423782923E+02   0.8293676337E+02  -0.8575322130E+00   0.1576256717E+02   0.1386134900E+00   0.1238371648E-02
     32.   4.   0.6994597000E+00   0.1423782923E+02   0.8293676337E+02  -0.8577529148E+00   0.1576296760E+02   0.1385039807E+00   0.1238415662E-02
     32.   5.   0.6994597000E+00   0.1423782923E+02   0.8293676337E+02  -0.8578700017E+00   0.1576250994E+02   0.1383233062E+00   0.1238345515E-02
     32.   6.   0.6994597000E+00   0.1423782923E+02   0.8293676337E+02  -0.8579601248E+00   0.1576151984E+02   0.1380373968E+00   0.1238208231E-02
     33.   1.   0.0000000000E+00   0.1425500000E+02   0.8293381382E+02  -0.7672313709E+00   0.1376340464E+02   0.2758923916E-07   0.1243334165E-02
     33.   2.   0.0000000000E+00   0.1425500000E+02   0.8293381382E+02  -0.9723511947E+00   0.1578866958E+02   0.3502244267E-07   0.1240626905E-02
     33.   3.   0.0000000000E+00   0.1425500000E+02   0.8293381382E+02  -0.9661788291E+00   0.1577865410E+02   0.3417473922E-07   0.1241343517E-02
     33.   4.   0.0000000000E+00   0.1425500000E+02   0.8293381382E+02  -0.9664052402E+00   0.1577905849E+02   0.3399877338E-07   0.1241388002E-02
     33.   5.   0.0000000000E+00   0.1425500000E+02   0.8293381382E+02  -0.9665240467E+00   0.1577860539E+02   0.3388449683E-07   0.1241317936E-02
     33.   6.   0.0000000000E+00   0.1425500000E+02   0.8293381382E+02  -0.9666149674E+00   0.1577762192E+02   0.3404502715E-07   0.1241180578E-02
     34.   1.  -0.6994597000E+00   0.1423782923E+02   0.8293676337E+02  -0.6727204432E+00   0.1374941933E+02  -0.1211887288E+00   0.1240354937E-02
     34.   2.  -0.6994597000E+00   0.1423782923E+02   0.8293676337E+02  -0.8641332087E+00   0.1577265835E+02  -0.1387456770E+00   0.1237658231E-02
     34.   3.  -0.6994597000E+00   0.1423782923E+02   0.8293676337E+02  -0.8575322081E+00   0.1576256717E+02  -0.1386134226E+00   0.1238371649E-02
     34.   4.  -0.6994597000E+00   0.1423782923E+02   0.8293676337E+02  -0.8577529098E+00   0.1576296760E+02  -0.1385039132E+00   0.1238415662E-02
     34.   5.  -0.6994597000E+00   0.1423782923E+02   0.8293676337E+02  -0.8578699966E+00   0.1576250994E+02  -0.1383232387E+00   0.1238345515E-02
     34.   6.  -0.6994597000E+00   0.1423782923E+02   0.8293676337E+02  -0.8579601197E+00   0.1576151984E+02  -0.1380373293E+00   0.1238208231E-02
     35.   1.  -0.1397234340E+01   0.1418635828E+02   0.8294558300E+02  -0.3902475347E+00   0.1370780511E+02  -0.2409144162E+00   0.1232201222E-02
     35.   2.  -0.1397234340E+01   0.1418635828E+02   0.8294558300E+02  -0.5407046112E+00   0.1572513263E+02  -0.2758018000E+00   0.1229534374E-02
     35.   3.  -0.1397234340E+01   0.1418635828E+02   0.8294558300E+02  -0.5328165334E+00   0.1571473283E+02  -0.2755410103E+00   0.1230238713E-02
     35.   4.  -0.1397234340E+01   0.1418635828E+02   0.8294558300E+02  -0.5330202083E+00   0.1571512200E+02  -0.2753299569E+00   0.1230281418E-02
     35.   5.  -0.1397234340E+01   0.1418635828E+02   0.8294558300E+02  -0.5331321932E+00   0.1571465145E+02  -0.2749768183E+00   0.1230211084E-02
     35.   6.  -0.1397234340E+01   0.1418635828E+02   0.8294558300E+02  -0.5332199435E+00   0.1571364199E+02  -0.2744148976E+00   0.1230074044E-02
     36.   1.  -0.2091642910E+01   0.1410071115E+02   0.8296018590E+02   0.7703110218E-01   0.1363956166E+02  -0.3577359468E+00   0.1221179112E-02
     36.   2.  -0.2091642910E+01   0.1410071115E+02   0.8296018590E+02  -0.5719178760E-02   0.1564759116E+02  -0.4095046287E+00   0.1218556044E-02
     36.   3.  -0.2091642910E+01   0.1410071115E+02   0.8296018590E+02   0.4314449688E-02   0.1563640753E+02  -0.4091226349E+00   0.1219247111E-02
     36.   4.  -0.2091642910E+01   0.1410071115E+02   0.8296018590E+02   0.4138861009E-02   0.1563677969E+02  -0.4088254943E+00   0.1219287915E-02
     36.   5.  -0.2091642910E+01   0.1410071115E+02   0.8296018590E+02   0.4035318761E-02   0.1563628931E+02  -0.4083159104E+00   0.1219217380E-02
     36.   6.  -0.2091642910E+01   0.1410071115E+02   0.8296018590E+02   0.3951456816E-02   0.1563524946E+02  -0.4074973032E+00   0.1219080823E-02
     37.   1.  -0.2781012540E+01   0.1398109417E+02   0.8298042845E+02   0.7239077643E+00   0.1354630451E+02  -0.4702543093E+00   0.1210988385E-02
     37.   2.  -0.2781012540E+01   0.1398109417E+02   0.8298042845E+02   0.7348043722E+00   0.1554247408E+02  -0.5382395631E+00   0.1208414621E-02
     37.   3.  -0.2781012540E+01   0.1398109417E+02   0.8298042845E+02   0.7478392812E+00   0.1552962306E+02  -0.5377480836E+00   0.1209090805E-02
     37.   4.  -0.2781012540E+01   0.1398109417E+02   0.8298042845E+02   0.7477024791E+00   0.1552997522E+02  -0.5373873133E+00   0.1209129560E-02
     37.   5.  -0.2781012540E+01   0.1398109417E+02   0.8298042845E+02   0.7476105429E+00   0.1552946053E+02  -0.5367444916E+00   0.1209058962E-02
     37.   6.  -0.2781012540E+01   0.1398109417E+02   0.8298042845E+02   0.7475320254E+00   0.1552838208E+02  -0.5356972902E+00   0.1208923255E-02
     38.   1.  -0.3463682460E+01   0.1382779551E+02   0.8300611165E+02   0.1543215850E+01   0.1343019950E+02  -0.5771353228E+00   0.1206513984E-02
     38.   2.  -0.3463682460E+01   0.1382779551E+02   0.8300611165E+02   0.1672612447E+01   0.1541309337E+02  -0.6604637061E+00   0.1203983823E-02
     38.   3.  -0.3463682460E+01   0.1382779551E+02   0.8300611165E+02   0.1689467082E+01   0.1539709158E+02  -0.6598839544E+00   0.1204646968E-02
     38.   4.  -0.3463682460E+01   0.1382779551E+02   0.8300611165E+02   0.1689379207E+01   0.1539742419E+02  -0.6594878694E+00   0.1204684078E-02
     38.   5.  -0.3463682460E+01   0.1382779551E+02   0.8300611165E+02   0.1689301870E+01   0.1539688396E+02  -0.6587411723E+00   0.1204613761E-02
     38.   6.  -0.3463682460E+01   0.1382779551E+02   0.8300611165E+02   0.1689230029E+01   0.1539576226E+02  -0.6575009829E+00   0.1204479407E-02
     39.   1.  -0.4138008070E+01   0.1364118449E+02   0.8303698324E+02   0.2529864768E+01   0.1328569172E+02  -0.6758279052E+00   0.1213552302E-02
     39.   2.  -0.4138008070E+01   0.1364118449E+02   0.8303698324E+02   0.2797414199E+01   0.1526351312E+02  -0.7732579394E+00   0.1211046978E-02
     39.   3.  -0.4138008070E+01   0.1364118449E+02   0.8303698324E+02   0.2818734165E+01   0.1524202530E+02  -0.7726347451E+00   0.1211703035E-02
     39.   4.  -0.4138008070E+01   0.1364118449E+02   0.8303698324E+02   0.2818704689E+01   0.1524234282E+02  -0.7722360969E+00   0.1211739541E-02
     39.   5.  -0.4138008070E+01   0.1364118449E+02   0.8303698324E+02   0.2818644717E+01   0.1524177947E+02  -0.7714195886E+00   0.1211670056E-02
     39.   6.  -0.4138008070E+01   0.1364118449E+02   0.8303698324E+02   0.2818580753E+01   0.1524061429E+02  -0.7700281872E+00   0.1211537725E-02
     40.   1.  -0.4802364860E+01   0.1342171065E+02   0.8307274031E+02   0.3669168480E+01   0.1312420700E+02  -0.7682528562E+00   0.1238488451E-02
     40.   2.  -0.4802364860E+01   0.1342171065E+02   0.8307274031E+02   0.4097530847E+01   0.1509866104E+02  -0.8795493814E+00   0.1235974900E-02
     40.   3.  -0.4802364860E+01   0.1342171065E+02   0.8307274031E+02   0.4123338345E+01   0.1506823746E+02  -0.8789807834E+00   0.1236634232E-02
     40.   4.  -0.4802364860E+01   0.1342171065E+02   0.8307274031E+02   0.4123375949E+01   0.1506854891E+02  -0.8786155134E+00   0.1236671895E-02
     40.   5.  -0.4802364860E+01   0.1342171065E+02   0.8307274031E+02   0.4123335820E+01   0.1506796917E+02  -0.8777668871E+00   0.1236604059E-02
     40.   6.  -0.4802364860E+01   0.1342171065E+02   0.8307274031E+02   0.4123280796E+01   0.1506676488E+02  -0.8762702851E+00   0.1236474566E-02
     41.   1.  -0.5455152330E+01   0.1316990274E+02   0.8311303244E+02   0.4944481099E+01   0.1295770548E+02  -0.8511008586E+00   0.1287943050E-02
     41.   2.  -0.5455152330E+01   0.1316990274E+02   0.8311303244E+02   0.5560437953E+01   0.1492330967E+02  -0.9738755499E+00   0.1285373405E-02
     41.   3.  -0.5455152330E+01   0.1316990274E+02   0.8311303244E+02   0.5588971251E+01   0.1487957490E+02  -0.9735652410E+00   0.1286050916E-02
     41.   4.  -0.5455152330E+01   0.1316990274E+02   0.8311303244E+02   0.5589083770E+01   0.1487989395E+02  -0.9732707930E+00   0.1286092212E-02
     41.   5.  -0.5455152330E+01   0.1316990274E+02   0.8311303244E+02   0.5589065679E+01   0.1487930886E+02  -0.9724294506E+00   0.1286027066E-02
     41.   6.  -0.5455152330E+01   0.1316990274E+02   0.8311303244E+02   0.5589020478E+01   0.1487807488E+02  -0.9708763309E+00   0.1285901373E-02
     42.   1.  -0.6094797860E+01   0.1288636737E+02   0.8315746530E+02   0.6346487487E+01   0.1278049352E+02  -0.9240626954E+00   0.1368405729E-02
     42.   2.  -0.6094797860E+01   0.1288636737E+02   0.8315746530E+02   0.7173996136E+01   0.1474027478E+02  -0.1056443480E+01   0.1365717761E-02
     42.   3.  -0.6094797860E+01   0.1288636737E+02   0.8315746530E+02   0.7199850653E+01   0.1468012827E+02  -0.1056757744E+01   0.1366432810E-02
     42.   4.  -0.6094797860E+01   0.1288636737E+02   0.8315746530E+02   0.7200044924E+01   0.1468047306E+02  -0.1056571167E+01   0.1366480898E-02
     42.   5.  -0.6094797860E+01   0.1288636737E+02   0.8315746530E+02   0.7200050734E+01   0.1467989783E+02  -0.1055776747E+01   0.1366419700E-02
     42.   6.  -0.6094797860E+01   0.1288636737E+02   0.8315746530E+02   0.7200016073E+01   0.1467864865E+02  -0.1054216720E+01   0.1366298898E-02
     43.   1.  -0.6719760480E+01   0.1257178762E+02   0.8320560471E+02   0.7859713559E+01   0.1257666527E+02  -0.9870800997E+00   0.1485874703E-02
     43.   2.  -0.6719760480E+01   0.1257178762E+02   0.8320560471E+02   0.8924057939E+01   0.1453588370E+02  -0.1123004494E+01   0.1482993038E-02
     43.   3.  -0.6719760480E+01   0.1257178762E+02   0.8320560471E+02   0.8938781761E+01   0.1447345791E+02  -0.1123163258E+01   0.1483768994E-02
     43.   4.  -0.6719760480E+01   0.1257178762E+02   0.8320560471E+02   0.8939063647E+01   0.1447385042E+02  -0.1123119151E+01   0.1483827619E-02
     43.   5.  -0.6719760480E+01   0.1257178762E+02   0.8320560471E+02   0.8939094888E+01   0.1447330445E+02  -0.1122410040E+01   0.1483771814E-02
     43.   6.  -0.6719760480E+01   0.1257178762E+02   0.8320560471E+02   0.8939071306E+01   0.1447205911E+02  -0.1120891362E+01   0.1483657052E-02
     44.   1.  -0.7328534620E+01   0.1222692134E+02   0.8325698106E+02   0.9501299068E+01   0.1239289405E+02  -0.1031278213E+01   0.1645521102E-02
     44.   2.  -0.7328534620E+01   0.1222692134E+02   0.8325698106E+02   0.1078915030E+02   0.1432673653E+02  -0.1180742156E+01   0.1642359429E-02
     44.   3.  -0.7328534620E+01   0.1222692134E+02   0.8325698106E+02   0.1078763580E+02   0.1426445099E+02  -0.1182347344E+01   0.1643223117E-02
     44.   4.  -0.7328534620E+01   0.1222692134E+02   0.8325698106E+02   0.1078801011E+02   0.1426491687E+02  -0.1182476765E+01   0.1643296542E-02
     44.   5.  -0.7328534620E+01   0.1222692134E+02   0.8325698106E+02   0.1078806798E+02   0.1426442265E+02  -0.1181887826E+01   0.1643247673E-02
     44.   6.  -0.7328534620E+01   0.1222692134E+02   0.8325698106E+02   0.1078805584E+02   0.1426320431E+02  -0.1180455824E+01   0.1643140117E-02
     45.   1.  -0.7919653670E+01   0.1185259932E+02   0.8331109403E+02   0.1126183397E+02   0.1211736869E+02  -0.1057318554E+01   0.1851392042E-02
     45.   2.  -0.7919653670E+01   0.1185259932E+02   0.8331109403E+02   0.1274022951E+02   0.1409583504E+02  -0.1226554443E+01   0.1847855304E-02
     45.   3.  -0.7919653670E+01   0.1185259932E+02   0.8331109403E+02   0.1272723625E+02   0.1405644539E+02  -0.1229883168E+01   0.1848836150E-02
     45.   4.  -0.7919653670E+01   0.1185259932E+02   0.8331109403E+02   0.1272770673E+02   0.1405701300E+02  -0.1230211915E+01   0.1848929027E-02
     45.   5.  -0.7919653670E+01   0.1185259932E+02   0.8331109403E+02   0.1272779206E+02   0.1405659581E+02  -0.1229773571E+01   0.1848888711E-02
     45.   6.  -0.7919653670E+01   0.1185259932E+02   0.8331109403E+02   0.1272779155E+02   0.1405543111E+02  -0.1228469069E+01   0.1848789505E-02
     46.   1.  -0.8491693590E+01   0.1144972336E+02   0.8336741771E+02   0.1299783091E+02   0.1195767495E+02  -0.1083666466E+01   0.2106163577E-02
     46.   2.  -0.8491693590E+01   0.1144972336E+02   0.8336741771E+02   0.1475469068E+02   0.1387502198E+02  -0.1255814970E+01   0.2102151015E-02
     46.   3.  -0.8491693590E+01   0.1144972336E+02   0.8336741771E+02   0.1473778568E+02   0.1385207227E+02  -0.1260236867E+01   0.2103280143E-02
     46.   4.  -0.8491693590E+01   0.1144972336E+02   0.8336741771E+02   0.1473835502E+02   0.1385277206E+02  -0.1260784652E+01   0.2103397356E-02
     46.   5.  -0.8491693590E+01   0.1144972336E+02   0.8336741771E+02   0.1473846834E+02   0.1385245909E+02  -0.1260521672E+01   0.2103367217E-02
     46.   6.  -0.8491693590E+01   0.1144972336E+02   0.8336741771E+02   0.1473847950E+02   0.1385137717E+02  -0.1259379572E+01   0.2103277411E-02
     47.   1.  -0.9043276270E+01   0.1101926401E+02   0.8342540573E+02   0.1477802292E+02   0.1180231295E+02  -0.1100720869E+01   0.2410953738E-02
     47.   2.  -0.9043276270E+01   0.1101926401E+02   0.8342540573E+02   0.1681444738E+02   0.1365213045E+02  -0.1276209644E+01   0.2406362111E-02
     47.   3.  -0.9043276270E+01   0.1101926401E+02   0.8342540573E+02   0.1679899506E+02   0.1365391546E+02  -0.1277406337E+01   0.2407671394E-02
     47.   4.  -0.9043276270E+01   0.1101926401E+02   0.8342540573E+02   0.1679966487E+02   0.1365477818E+02  -0.1278184360E+01   0.2407817850E-02
     47.   5.  -0.9043276270E+01   0.1101926401E+02   0.8342540573E+02   0.1679980637E+02   0.1365459764E+02  -0.1278114795E+01   0.2407799458E-02
     47.   6.  -0.9043276270E+01   0.1101926401E+02   0.8342540573E+02   0.1679982909E+02   0.1365362910E+02  -0.1277162695E+01   0.2407719970E-02
     48.   1.  -0.9573072900E+01   0.1056225829E+02   0.8348449676E+02   0.1657506380E+02   0.1164873914E+02  -0.1105091613E+01   0.2765199891E-02
     48.   2.  -0.9573072900E+01   0.1056225829E+02   0.8348449676E+02   0.1890237752E+02   0.1345224062E+02  -0.1281121996E+01   0.2759927375E-02
     48.   3.  -0.9573072900E+01   0.1056225829E+02   0.8348449676E+02   0.1889041886E+02   0.1346464430E+02  -0.1282745497E+01   0.2761448337E-02
     48.   4.  -0.9573072900E+01   0.1056225829E+02   0.8348449676E+02   0.1889118979E+02   0.1346570046E+02  -0.1283756850E+01   0.2761628838E-02
     48.   5.  -0.9573072900E+01   0.1056225829E+02   0.8348449676E+02   0.1889135936E+02   0.1346568053E+02  -0.1283891282E+01   0.2761623655E-02
     48.   6.  -0.9573072900E+01   0.1056225829E+02   0.8348449676E+02   0.1889139340E+02   0.1346485632E+02  -0.1283148818E+01   0.2761555231E-02
     49.   1.  -0.1007980717E+02   0.1007980717E+02   0.8354412001E+02   0.1837974099E+02   0.1150263114E+02  -0.1097342113E+01   0.3166608057E-02
     49.   2.  -0.1007980717E+02   0.1007980717E+02   0.8354412001E+02   0.2099943752E+02   0.1326546512E+02  -0.1271723282E+01   0.3160557168E-02
     49.   3.  -0.1007980717E+02   0.1007980717E+02   0.8354412001E+02   0.2099136660E+02   0.1327448807E+02  -0.1272155320E+01   0.3162319785E-02
     49.   4.  -0.1007980717E+02   0.1007980717E+02   0.8354412001E+02   0.2099247973E+02   0.1328642806E+02  -0.1271035881E+01   0.3162538873E-02
     49.   5.  -0.1007980717E+02   0.1007980717E+02   0.8354412001E+02   0.2099267698E+02   0.1328659591E+02  -0.1271377054E+01   0.3162548193E-02
     49.   6.  -0.1007980717E+02   0.1007980717E+02   0.8354412001E+02   0.2099272199E+02   0.1328594624E+02  -0.1270855439E+01   0.3162491378E-02
     50.   1.  -0.1056225829E+02   0.9573072900E+01   0.8360370073E+02   0.2015626692E+02   0.1135504571E+02  -0.1079695873E+01   0.3611164859E-02
     50.   2.  -0.1056225829E+02   0.9573072900E+01   0.8360370073E+02   0.2308566753E+02   0.1308229982E+02  -0.1252469191E+01   0.3604245778E-02
     50.   3.  -0.1056225829E+02   0.9573072900E+01   0.8360370073E+02   0.2308202383E+02   0.1310750381E+02  -0.1254811557E+01   0.3606277557E-02
     50.   4.  -0.1056225829E+02   0.9573072900E+01   0.8360370073E+02   0.2308321092E+02   0.1311948523E+02  -0.1253918797E+01   0.3606539352E-02
     50.   5.  -0.1056225829E+02   0.9573072900E+01   0.8360370073E+02   0.2308343521E+02   0.1311986573E+02  -0.1254461098E+01   0.3606564253E-02
     50.   6.  -0.1056225829E+02   0.9573072900E+01   0.8360370073E+02   0.2308349075E+02   0.1311941909E+02  -0.1254163060E+01   0.3606519396E-02
     51.   1.  -0.1101926401E+02   0.9043276270E+01   0.8366266583E+02   0.2191764085E+02   0.1122198179E+02  -0.1054479274E+01   0.4093217543E-02
     51.   2.  -0.1101926401E+02   0.9043276270E+01   0.8366266583E+02   0.2514167778E+02   0.1292316383E+02  -0.1223632154E+01   0.4085352305E-02
     51.   3.  -0.1101926401E+02   0.9043276270E+01   0.8366266583E+02   0.2514195480E+02   0.1295276237E+02  -0.1225892933E+01   0.4087677192E-02
     51.   4.  -0.1101926401E+02   0.9043276270E+01   0.8366266583E+02   0.2514321543E+02   0.1296481399E+02  -0.1225216720E+01   0.4087985229E-02
     51.   5.  -0.1101926401E+02   0.9043276270E+01   0.8366266583E+02   0.2514346591E+02   0.1296542909E+02  -0.1225946876E+01   0.4088026551E-02
     51.   6.  -0.1101926401E+02   0.9043276270E+01   0.8366266583E+02   0.2514353144E+02   0.1296521103E+02  -0.1225866710E+01   0.4087993784E-02
     52.   1.  -0.1144972336E+02   0.8491693590E+01   0.8372044935E+02   0.2365357348E+02   0.1110646604E+02  -0.1018790054E+01   0.4605615183E-02
     52.   2.  -0.1144972336E+02   0.8491693590E+01   0.8372044935E+02   0.2714832859E+02   0.1277770980E+02  -0.1181786433E+01   0.4596740181E-02
     52.   3.  -0.1144972336E+02   0.8491693590E+01   0.8372044935E+02   0.2715193508E+02   0.1280109246E+02  -0.1187885258E+01   0.4599377704E-02
     52.   4.  -0.1144972336E+02   0.8491693590E+01   0.8372044935E+02   0.2715361359E+02   0.1282323345E+02  -0.1187316643E+01   0.4599734766E-02
     52.   5.  -0.1144972336E+02   0.8491693590E+01   0.8372044935E+02   0.2715388915E+02   0.1282410171E+02  -0.1188214789E+01   0.4599793114E-02
     52.   6.  -0.1144972336E+02   0.8491693590E+01   0.8372044935E+02   0.2715396411E+02   0.1282413387E+02  -0.1188338825E+01   0.4599772359E-02
     53.   1.  -0.1185259932E+02   0.7919653670E+01   0.8377649781E+02   0.2533093949E+02   0.1100008998E+02  -0.9743090886E+00   0.5139900853E-02
     53.   2.  -0.1185259932E+02   0.7919653670E+01   0.8377649781E+02   0.2908693512E+02   0.1264575169E+02  -0.1129822157E+01   0.5129969144E-02
     53.   3.  -0.1185259932E+02   0.7919653670E+01   0.8377649781E+02   0.2909390698E+02   0.1267217263E+02  -0.1135697280E+01   0.5132933584E-02
     53.   4.  -0.1185259932E+02   0.7919653670E+01   0.8377649781E+02   0.2909563119E+02   0.1269424462E+02  -0.1135331652E+01   0.5133341688E-02
     53.   5.  -0.1185259932E+02   0.7919653670E+01   0.8377649781E+02   0.2909593058E+02   0.1269537969E+02  -0.1136370921E+01   0.5133417357E-02
     53.   6.  -0.1185259932E+02   0.7919653670E+01   0.8377649781E+02   0.2909601431E+02   0.1269567892E+02  -0.1136678230E+01   0.5133408341E-02
     54.   1.  -0.1222692134E+02   0.7328534620E+01   0.8383027544E+02   0.2692830529E+02   0.1074476539E+02  -0.9292762188E+00   0.5686549267E-02
     54.   2.  -0.1222692134E+02   0.7328534620E+01   0.8383027544E+02   0.3093979418E+02   0.1252636887E+02  -0.1062640155E+01   0.5675533062E-02
     54.   3.  -0.1222692134E+02   0.7328534620E+01   0.8383027544E+02   0.3094983740E+02   0.1255539255E+02  -0.1068222359E+01   0.5678832781E-02
     54.   4.  -0.1222692134E+02   0.7328534620E+01   0.8383027544E+02   0.3095160575E+02   0.1257742298E+02  -0.1068040309E+01   0.5679293016E-02
     54.   5.  -0.1222692134E+02   0.7328534620E+01   0.8383027544E+02   0.3095192753E+02   0.1257883358E+02  -0.1069188734E+01   0.5679386029E-02
     54.   6.  -0.1222692134E+02   0.7328534620E+01   0.8383027544E+02   0.3095201939E+02   0.1257941126E+02  -0.1069652264E+01   0.5679388303E-02
     55.   1.  -0.1257178762E+02   0.6719760480E+01   0.8388126918E+02   0.2843674737E+02   0.1050239706E+02  -0.8709082151E+00   0.6235240178E-02
     55.   2.  -0.1257178762E+02   0.6719760480E+01   0.8388126918E+02   0.3269030576E+02   0.1242074308E+02  -0.9986167261E+00   0.6223132575E-02
     55.   3.  -0.1257178762E+02   0.6719760480E+01   0.8388126918E+02   0.3270302400E+02   0.1244237434E+02  -0.1005372116E+01   0.6226769568E-02
     55.   4.  -0.1257178762E+02   0.6719760480E+01   0.8388126918E+02   0.3270494261E+02   0.1247355943E+02  -0.9990154711E+00   0.6227282032E-02
     55.   5.  -0.1257178762E+02   0.6719760480E+01   0.8388126918E+02   0.3270528522E+02   0.1247524868E+02  -0.1000236806E+01   0.6227392117E-02
     55.   6.  -0.1257178762E+02   0.6719760480E+01   0.8388126918E+02   0.3270538450E+02   0.1247611023E+02  -0.1000824630E+01   0.6227405089E-02
     56.   1.  -0.1288636737E+02   0.6094797860E+01   0.8392899344E+02   0.2968202438E+02   0.1045604099E+02  -0.7946191653E+00   0.6775155347E-02
     56.   2.  -0.1288636737E+02   0.6094797860E+01   0.8392899344E+02   0.3432286415E+02   0.1232666017E+02  -0.9207498547E+00   0.6761971068E-02
     56.   3.  -0.1288636737E+02   0.6094797860E+01   0.8392899344E+02   0.3433809521E+02   0.1235051578E+02  -0.9269774630E+00   0.6765940651E-02
     56.   4.  -0.1288636737E+02   0.6094797860E+01   0.8392899344E+02   0.3434004068E+02   0.1238155068E+02  -0.9208203156E+00   0.6766504427E-02
     56.   5.  -0.1288636737E+02   0.6094797860E+01   0.8392899344E+02   0.3434040243E+02   0.1238351574E+02  -0.9220753010E+00   0.6766631014E-02
     56.   6.  -0.1288636737E+02   0.6094797860E+01   0.8392899344E+02   0.3434050843E+02   0.1238466030E+02  -0.9227520138E+00   0.6766653958E-02
     57.   1.  -0.1316990274E+02   0.5455152330E+01   0.8397299455E+02   0.3097232999E+02   0.1039644668E+02  -0.7218223398E+00   0.7295289916E-02
     57.   2.  -0.1316990274E+02   0.5455152330E+01   0.8397299455E+02   0.3582313226E+02   0.1224437592E+02  -0.8360937061E+00   0.7281065998E-02
     57.   3.  -0.1316990274E+02   0.5455152330E+01   0.8397299455E+02   0.3584059309E+02   0.1227024280E+02  -0.8417386754E+00   0.7285356623E-02
     57.   4.  -0.1316990274E+02   0.5455152330E+01   0.8397299455E+02   0.3584256531E+02   0.1230115841E+02  -0.8357653970E+00   0.7285969781E-02
     57.   5.  -0.1316990274E+02   0.5455152330E+01   0.8397299455E+02   0.3584294443E+02   0.1230339045E+02  -0.8370133599E+00   0.7286112025E-02
     57.   6.  -0.1316990274E+02   0.5455152330E+01   0.8397299455E+02   0.3584305643E+02   0.1230481052E+02  -0.8377413107E+00   0.7286144106E-02
     58.   1.  -0.1342171065E+02   0.4802364860E+01   0.8401285492E+02   0.3213797440E+02   0.1034442854E+02  -0.6435751029E+00   0.7784768558E-02
     58.   2.  -0.1342171065E+02   0.4802364860E+01   0.8401285492E+02   0.3717816764E+02   0.1217318043E+02  -0.7452247053E+00   0.7769564022E-02
     58.   3.  -0.1342171065E+02   0.4802364860E+01   0.8401285492E+02   0.3719757872E+02   0.1220086176E+02  -0.7502404310E+00   0.7774157265E-02
     58.   4.  -0.1342171065E+02   0.4802364860E+01   0.8401285492E+02   0.3719942580E+02   0.1222195684E+02  -0.7401397634E+00   0.7774816881E-02
     58.   5.  -0.1342171065E+02   0.4802364860E+01   0.8401285492E+02   0.3719999074E+02   0.1223358554E+02  -0.7386531362E+00   0.7774973652E-02
     58.   6.  -0.1342171065E+02   0.4802364860E+01   0.8401285492E+02   0.3720010803E+02   0.1223526720E+02  -0.7393941653E+00   0.7775013958E-02
     59.   1.  -0.1364118449E+02   0.4138008070E+01   0.8404819682E+02   0.3315722306E+02   0.1036812926E+02  -0.5575631710E+00   0.8233151349E-02
     59.   2.  -0.1364118449E+02   0.4138008070E+01   0.8404819682E+02   0.3837144413E+02   0.1199254842E+02  -0.6509894010E+00   0.8217047568E-02
     59.   3.  -0.1364118449E+02   0.4138008070E+01   0.8404819682E+02   0.3839736980E+02   0.1213183719E+02  -0.6425926676E+00   0.8221918454E-02
     59.   4.  -0.1364118449E+02   0.4138008070E+01   0.8404819682E+02   0.3839946574E+02   0.1216200776E+02  -0.6364276443E+00   0.8222620607E-02
     59.   5.  -0.1364118449E+02   0.4138008070E+01   0.8404819682E+02   0.3840003969E+02   0.1217374430E+02  -0.6350102962E+00   0.8222790528E-02
     59.   6.  -0.1364118449E+02   0.4138008070E+01   0.8404819682E+02   0.3840016155E+02   0.1217566750E+02  -0.6357272069E+00   0.8222838075E-02
     60.   1.  -0.1382779551E+02   0.3463682460E+01   0.8407868579E+02   0.3404035298E+02   0.1031366426E+02  -0.4711909336E+00   0.8630731145E-02
     60.   2.  -0.1382779551E+02   0.3463682460E+01   0.8407868579E+02   0.3940268278E+02   0.1194302001E+02  -0.5522181988E+00   0.8613829023E-02
     60.   3.  -0.1382779551E+02   0.3463682460E+01   0.8407868579E+02   0.3943006468E+02   0.1208295907E+02  -0.5439187465E+00   0.8618946451E-02
     60.   4.  -0.1382779551E+02   0.3463682460E+01   0.8407868579E+02   0.3943216844E+02   0.1211311426E+02  -0.5378357179E+00   0.8619686292E-02
     60.   5.  -0.1382779551E+02   0.3463682460E+01   0.8407868579E+02   0.3943275195E+02   0.1212494998E+02  -0.5364612409E+00   0.8619867785E-02
     60.   6.  -0.1382779551E+02   0.3463682460E+01   0.8407868579E+02   0.3943287767E+02   0.1212708851E+02  -0.5371189311E+00   0.8619921527E-02
     61.   1.  -0.1398109417E+02   0.2781012540E+01   0.8410403361E+02   0.3477576599E+02   0.1028534941E+02  -0.3810692860E+00   0.8968800780E-02
     61.   2.  -0.1398109417E+02   0.2781012540E+01   0.8410403361E+02   0.4025286467E+02   0.1178591492E+02  -0.4510915586E+00   0.8951218324E-02
     61.   3.  -0.1398109417E+02   0.2781012540E+01   0.8410403361E+02   0.4028690256E+02   0.1204368154E+02  -0.4464805986E+00   0.8956545647E-02
     61.   4.  -0.1398109417E+02   0.2781012540E+01   0.8410403361E+02   0.4028901150E+02   0.1207384107E+02  -0.4404682674E+00   0.8957317563E-02
     61.   5.  -0.1398109417E+02   0.2781012540E+01   0.8410403361E+02   0.4028960501E+02   0.1208576240E+02  -0.4391121133E+00   0.8957508800E-02
     61.   6.  -0.1398109417E+02   0.2781012540E+01   0.8410403361E+02   0.4028973387E+02   0.1208808513E+02  -0.4396793036E+00   0.8957567660E-02
     62.   1.  -0.1410071115E+02   0.2091642910E+01   0.8412400091E+02   0.3535419277E+02   0.1026344279E+02  -0.2882084034E+00   0.9239891378E-02
     62.   2.  -0.1410071115E+02   0.2091642910E+01   0.8412400091E+02   0.4092579322E+02   0.1175560340E+02  -0.3411396680E+00   0.9221762039E-02
     62.   3.  -0.1410071115E+02   0.2091642910E+01   0.8412400091E+02   0.4096071329E+02   0.1201328607E+02  -0.3376299400E+00   0.9227257955E-02
     62.   4.  -0.1410071115E+02   0.2091642910E+01   0.8412400091E+02   0.4096265336E+02   0.1203474120E+02  -0.3379601302E+00   0.9228055567E-02
     62.   5.  -0.1410071115E+02   0.2091642910E+01   0.8412400091E+02   0.4096348689E+02   0.1205544057E+02  -0.3374897097E+00   0.9228254569E-02
     62.   6.  -0.1410071115E+02   0.2091642910E+01   0.8412400091E+02   0.4096361819E+02   0.1205791141E+02  -0.3379397228E+00   0.9228317435E-02
     63.   1.  -0.1418635828E+02   0.1397234340E+01   0.8413839930E+02   0.3559216284E+02   0.1024780246E+02  -0.1928648458E+00   0.9437974719E-02
     63.   2.  -0.1418635828E+02   0.1397234340E+01   0.8413839930E+02   0.4112695941E+02   0.1173405908E+02  -0.2281000735E+00   0.9419445861E-02
     63.   3.  -0.1418635828E+02   0.1397234340E+01   0.8413839930E+02   0.4116250666E+02   0.1199169380E+02  -0.2257354186E+00   0.9425064984E-02
     63.   4.  -0.1418635828E+02   0.1397234340E+01   0.8413839930E+02   0.4116445879E+02   0.1201316566E+02  -0.2259669052E+00   0.9425881367E-02
     63.   5.  -0.1418635828E+02   0.1397234340E+01   0.8413839930E+02   0.4116528764E+02   0.1203387448E+02  -0.2256596329E+00   0.9426086028E-02
     63.   6.  -0.1418635828E+02   0.1397234340E+01   0.8413839930E+02   0.4116542069E+02   0.1203645383E+02  -0.2259716177E+00   0.9426151767E-02
     64.   1.  -0.1423782923E+02   0.6994597000E+00   0.8414709297E+02   0.3566486437E+02   0.1023850965E+02  -0.9698798227E-01   0.9558627866E-02
     64.   2.  -0.1423782923E+02   0.6994597000E+00   0.8414709297E+02   0.4113585035E+02   0.1172130845E+02  -0.1147900285E+00   0.9539855316E-02
     64.   3.  -0.1423782923E+02   0.6994597000E+00   0.8414709297E+02   0.4117177268E+02   0.1197891858E+02  -0.1136001544E+00   0.9545549554E-02
     64.   4.  -0.1423782923E+02   0.6994597000E+00   0.8414709297E+02   0.4117373218E+02   0.1200040109E+02  -0.1137193368E+00   0.9546377377E-02
     64.   5.  -0.1423782923E+02   0.6994597000E+00   0.8414709297E+02   0.4117455821E+02   0.1202111609E+02  -0.1135676248E+00   0.9546585468E-02
     64.   6.  -0.1423782923E+02   0.6994597000E+00   0.8414709297E+02   0.4117469229E+02   0.1202376161E+02  -0.1137272571E+00   0.9546652935E-02
     65.   1.  -0.1425500000E+02   0.0000000000E+00   0.8415000000E+02   0.3574888250E+02   0.1023540216E+02  -0.7467133298E-08   0.9599148395E-02
     65.   2.  -0.1425500000E+02   0.0000000000E+00   0.8415000000E+02   0.4123358159E+02   0.1171704911E+02   0.2166929900E-08   0.9580294100E-02
     65.   3.  -0.1425500000E+02   0.0000000000E+00   0.8415000000E+02   0.4126962854E+02   0.1197465184E+02   0.2277997756E-08   0.9586013539E-02
     65.   4.  -0.1425500000E+02   0.0000000000E+00   0.8415000000E+02   0.4127159044E+02   0.1199613802E+02   0.1482250137E-08   0.9586845201E-02
     65.   5.  -0.1425500000E+02   0.0000000000E+00   0.8415000000E+02   0.4127241554E+02   0.1201685537E+02   0.1434727019E-08   0.9587054451E-02
     65.   6.  -0.1425500000E+02   0.0000000000E+00   0.8415000000E+02   0.4127254997E+02   0.1201952317E+02   0.1227976238E-08   0.9587122497E-02
     66.   1.  -0.1423782923E+02  -0.6994597000E+00   0.8414709297E+02   0.3566486437E+02   0.1023850965E+02   0.9698798379E-01   0.9558627865E-02
     66.   2.  -0.1423782923E+02  -0.6994597000E+00   0.8414709297E+02   0.4113585035E+02   0.1172130845E+02   0.1147900302E+00   0.9539855316E-02
     66.   3.  -0.1423782923E+02  -0.6994597000E+00   0.8414709297E+02   0.4117177268E+02   0.1197891858E+02   0.1136001561E+00   0.9545549554E-02
     66.   4.  -0.1423782923E+02  -0.6994597000E+00   0.8414709297E+02   0.4117373217E+02   0.1200040109E+02   0.1137193385E+00   0.9546377377E-02
     66.   5.  -0.1423782923E+02  -0.6994597000E+00   0.8414709297E+02   0.4117455821E+02   0.1202111609E+02   0.1135676265E+00   0.9546585468E-02
     66.   6.  -0.1423782923E+02  -0.6994597000E+00   0.8414709297E+02   0.4117469229E+02   0.1202376161E+02   0.1137272589E+00   0.9546652935E-02
     67.   1.  -0.1418635828E+02  -0.1397234340E+01   0.8413839930E+02   0.3559216284E+02   0.1024780246E+02   0.1928648473E+00   0.9437974719E-02
     67.   2.  -0.1418635828E+02  -0.1397234340E+01   0.8413839930E+02   0.4112695940E+02   0.1173405908E+02   0.2281000751E+00   0.9419445861E-02
     67.   3.  -0.1418635828E+02  -0.1397234340E+01   0.8413839930E+02   0.4116250666E+02   0.1199169380E+02   0.2257354203E+00   0.9425064983E-02
     67.   4.  -0.1418635828E+02  -0.1397234340E+01   0.8413839930E+02   0.4116445879E+02   0.1201316566E+02   0.2259669070E+00   0.9425881367E-02
     67.   5.  -0.1418635828E+02  -0.1397234340E+01   0.8413839930E+02   0.4116528764E+02   0.1203387448E+02   0.2256596346E+00   0.9426086028E-02
     67.   6.  -0.1418635828E+02  -0.1397234340E+01   0.8413839930E+02   0.4116542069E+02   0.1203645383E+02   0.2259716194E+00   0.9426151767E-02
     68.   1.  -0.1410071115E+02  -0.2091642910E+01   0.8412400091E+02   0.3535419277E+02   0.1026344279E+02   0.2882084048E+00   0.9239891378E-02
     68.   2.  -0.1410071115E+02  -0.2091642910E+01   0.8412400091E+02   0.4092579322E+02   0.1175560340E+02   0.3411396696E+00   0.9221762038E-02
     68.   3.  -0.1410071115E+02  -0.2091642910E+01   0.8412400091E+02   0.4096071329E+02   0.1201328607E+02   0.3376299416E+00   0.9227257954E-02
     68.   4.  -0.1410071115E+02  -0.2091642910E+01   0.8412400091E+02   0.4096265335E+02   0.1203474120E+02   0.3379601318E+00   0.9228055566E-02
     68.   5.  -0.1410071115E+02  -0.2091642910E+01   0.8412400091E+02   0.4096348689E+02   0.1205544057E+02   0.3374897113E+00   0.9228254569E-02
     68.   6.  -0.1410071115E+02  -0.2091642910E+01   0.8412400091E+02   0.4096361819E+02   0.1205791141E+02   0.3379397244E+00   0.9228317434E-02
     69.   1.  -0.1398109417E+02  -0.2781012540E+01   0.8410403361E+02   0.3477576599E+02   0.1028534941E+02   0.3810692874E+00   0.8968800779E-02
     69.   2.  -0.1398109417E+02  -0.2781012540E+01   0.8410403361E+02   0.4025286467E+02   0.1178591492E+02   0.4510915602E+00   0.8951218323E-02
     69.   3.  -0.1398109417E+02  -0.2781012540E+01   0.8410403361E+02   0.4028690256E+02   0.1204368154E+02   0.4464806002E+00   0.8956545646E-02
     69.   4.  -0.1398109417E+02  -0.2781012540E+01   0.8410403361E+02   0.4028901150E+02   0.1207384107E+02   0.4404682690E+00   0.8957317562E-02
     69.   5.  -0.1398109417E+02  -0.2781012540E+01   0.8410403361E+02   0.4028960501E+02   0.1208576240E+02   0.4391121149E+00   0.8957508799E-02
     69.   6.  -0.1398109417E+02  -0.2781012540E+01   0.8410403361E+02   0.4028973387E+02   0.1208808513E+02   0.4396793051E+00   0.8957567659E-02
     70.   1.  -0.1382779551E+02  -0.3463682460E+01   0.8407868579E+02   0.3404035298E+02   0.1031366426E+02   0.4711909349E+00   0.8630731143E-02
     70.   2.  -0.1382779551E+02  -0.3463682460E+01   0.8407868579E+02   0.3940268278E+02   0.1194302001E+02   0.5522182004E+00   0.8613829022E-02
     70.   3.  -0.1382779551E+02  -0.3463682460E+01   0.8407868579E+02   0.3943006468E+02   0.1208295907E+02   0.5439187481E+00   0.8618946450E-02
     70.   4.  -0.1382779551E+02  -0.3463682460E+01   0.8407868579E+02   0.3943216844E+02   0.1211311426E+02   0.5378357195E+00   0.8619686291E-02
     70.   5.  -0.1382779551E+02  -0.3463682460E+01   0.8407868579E+02   0.3943275194E+02   0.1212494998E+02   0.5364612425E+00   0.8619867784E-02
     70.   6.  -0.1382779551E+02  -0.3463682460E+01   0.8407868579E+02   0.3943287767E+02   0.1212708851E+02   0.5371189327E+00   0.8619921526E-02
     71.   1.  -0.1364118449E+02  -0.4138008070E+01   0.8404819682E+02   0.3315722306E+02   0.1036812926E+02   0.5575631724E+00   0.8233151347E-02
     71.   2.  -0.1364118449E+02  -0.4138008070E+01   0.8404819682E+02   0.3837144413E+02   0.1199254842E+02   0.6509894027E+00   0.8217047567E-02
     71.   3.  -0.1364118449E+02  -0.4138008070E+01   0.8404819682E+02   0.3839736980E+02   0.1213183719E+02   0.6425926693E+00   0.8221918452E-02
     71.   4.  -0.1364118449E+02  -0.4138008070E+01   0.8404819682E+02   0.3839946573E+02   0.1216200776E+02   0.6364276459E+00   0.8222620605E-02
     71.   5.  -0.1364118449E+02  -0.4138008070E+01   0.8404819682E+02   0.3840003969E+02   0.1217374430E+02   0.6350102978E+00   0.8222790526E-02
     71.   6.  -0.1364118449E+02  -0.4138008070E+01   0.8404819682E+02   0.3840016155E+02   0.1217566750E+02   0.6357272086E+00   0.8222838073E-02
     72.   1.  -0.1342171065E+02  -0.4802364860E+01   0.8401285492E+02   0.3213797440E+02   0.1034442854E+02   0.6435751040E+00   0.7784768556E-02
     72.   2.  -0.1342171065E+02  -0.4802364860E+01   0.8401285492E+02   0.3717816763E+02   0.1217318043E+02   0.7452247068E+00   0.7769564020E-02
     72.   3.  -0.1342171065E+02  -0.4802364860E+01   0.8401285492E+02   0.3719757871E+02   0.1220086176E+02   0.7502404325E+00   0.7774157263E-02
     72.   4.  -0.1342171065E+02  -0.4802364860E+01   0.8401285492E+02   0.3719942580E+02   0.1222195684E+02   0.7401397649E+00   0.7774816879E-02
     72.   5.  -0.1342171065E+02  -0.4802364860E+01   0.8401285492E+02   0.3719999074E+02   0.1223358554E+02   0.7386531378E+00   0.7774973650E-02
     72.   6.  -0.1342171065E+02  -0.4802364860E+01   0.8401285492E+02   0.3720010803E+02   0.1223526720E+02   0.7393941669E+00   0.7775013956E-02
     73.   1.  -0.1316990274E+02  -0.5455152330E+01   0.8397299455E+02   0.3097232999E+02   0.1039644668E+02   0.7218223409E+00   0.7295289915E-02
     73.   2.  -0.1316990274E+02  -0.5455152330E+01   0.8397299455E+02   0.3582313226E+02   0.1224437592E+02   0.8360937074E+00   0.7281065997E-02
     73.   3.  -0.1316990274E+02  -0.5455152330E+01   0.8397299455E+02   0.3584059309E+02   0.1227024280E+02   0.8417386768E+00   0.7285356622E-02
     73.   4.  -0.1316990274E+02  -0.5455152330E+01   0.8397299455E+02   0.3584256530E+02   0.1230115841E+02   0.8357653984E+00   0.7285969780E-02
     73.   5.  -0.1316990274E+02  -0.5455152330E+01   0.8397299455E+02   0.3584294442E+02   0.1230339045E+02   0.8370133613E+00   0.7286112023E-02
     73.   6.  -0.1316990274E+02  -0.5455152330E+01   0.8397299455E+02   0.3584305642E+02   0.1230481052E+02   0.8377413121E+00   0.7286144105E-02
     74.   1.  -0.1288636737E+02  -0.6094797860E+01   0.8392899344E+02   0.2968202438E+02   0.1045604099E+02   0.7946191665E+00   0.6775155346E-02
     74.   2.  -0.1288636737E+02  -0.6094797860E+01   0.8392899344E+02   0.3432286415E+02   0.1232666017E+02   0.9207498561E+00   0.6761971067E-02
     74.   3.  -0.1288636737E+02  -0.6094797860E+01   0.8392899344E+02   0.3433809521E+02   0.1235051578E+02   0.9269774643E+00   0.6765940650E-02
     74.   4.  -0.1288636737E+02  -0.6094797860E+01   0.8392899344E+02   0.3434004068E+02   0.1238155068E+02   0.9208203169E+00   0.6766504426E-02
     74.   5.  -0.1288636737E+02  -0.6094797860E+01   0.8392899344E+02   0.3434040243E+02   0.1238351574E+02   0.9220753022E+00   0.6766631013E-02
     74.   6.  -0.1288636737E+02  -0.6094797860E+01   0.8392899344E+02   0.3434050843E+02   0.1238466030E+02   0.9227520151E+00   0.6766653956E-02
     75.   1.  -0.1257178762E+02  -0.6719760480E+01   0.8388126918E+02   0.2843674737E+02   0.1050239706E+02   0.8709082161E+00   0.6235240177E-02
     75.   2.  -0.1257178762E+02  -0.6719760480E+01   0.8388126918E+02   0.3269030575E+02   0.1242074308E+02   0.9986167272E+00   0.6223132573E-02
     75.   3.  -0.1257178762E+02  -0.6719760480E+01   0.8388126918E+02   0.3270302400E+02   0.1244237434E+02   0.1005372117E+01   0.6226769566E-02
     75.   4.  -0.1257178762E+02  -0.6719760480E+01   0.8388126918E+02   0.3270494261E+02   0.1247355943E+02   0.9990154724E+00   0.6227282031E-02
     75.   5.  -0.1257178762E+02  -0.6719760480E+01   0.8388126918E+02   0.3270528521E+02   0.1247524868E+02   0.1000236808E+01   0.6227392115E-02
     75.   6.  -0.1257178762E+02  -0.6719760480E+01   0.8388126918E+02   0.3270538450E+02   0.1247611023E+02   0.1000824631E+01   0.6227405087E-02
     76.   1.  -0.1222692134E+02  -0.7328534620E+01   0.8383027544E+02   0.2692830529E+02   0.1074476539E+02   0.9292762198E+00   0.5686549266E-02
     76.   2.  -0.1222692134E+02  -0.7328534620E+01   0.8383027544E+02   0.3093979418E+02   0.1252636887E+02   0.1062640156E+01   0.5675533060E-02
     76.   3.  -0.1222692134E+02  -0.7328534620E+01   0.8383027544E+02   0.3094983740E+02   0.1255539255E+02   0.1068222361E+01   0.5678832780E-02
     76.   4.  -0.1222692134E+02  -0.7328534620E+01   0.8383027544E+02   0.3095160575E+02   0.1257742298E+02   0.1068040311E+01   0.5679293014E-02
     76.   5.  -0.1222692134E+02  -0.7328534620E+01   0.8383027544E+02   0.3095192753E+02   0.1257883358E+02   0.1069188735E+01   0.5679386027E-02
     76.   6.  -0.1222692134E+02  -0.7328534620E+01   0.8383027544E+02   0.3095201938E+02   0.1257941126E+02   0.1069652265E+01   0.5679388302E-02
     77.   1.  -0.1185259932E+02  -0.7919653670E+01   0.8377649781E+02   0.2533093948E+02   0.1100008998E+02   0.9743090895E+00   0.5139900851E-02
     77.   2.  -0.1185259932E+02  -0.7919653670E+01   0.8377649781E+02   0.2908693512E+02   0.1264575169E+02   0.1129822159E+01   0.5129969142E-02
     77.   3.  -0.1185259932E+02  -0.7919653670E+01   0.8377649781E+02   0.2909390698E+02   0.1267217263E+02   0.1135697281E+01   0.5132933583E-02
     77.   4.  -0.1185259932E+02  -0.7919653670E+01   0.8377649781E+02   0.2909563118E+02   0.1269424462E+02   0.1135331653E+01   0.5133341686E-02
     77.   5.  -0.1185259932E+02  -0.7919653670E+01   0.8377649781E+02   0.2909593057E+02   0.1269537969E+02   0.1136370922E+01   0.5133417356E-02
     77.   6.  -0.1185259932E+02  -0.7919653670E+01   0.8377649781E+02   0.2909601431E+02   0.1269567892E+02   0.1136678231E+01   0.5133408339E-02
     78.   1.  -0.1144972336E+02  -0.8491693590E+01   0.8372044935E+02   0.2365357347E+02   0.1110646604E+02   0.1018790055E+01   0.4605615181E-02
     78.   2.  -0.1144972336E+02  -0.8491693590E+01   0.8372044935E+02   0.2714832858E+02   0.1277770980E+02   0.1181786434E+01   0.4596740180E-02
     78.   3.  -0.1144972336E+02  -0.8491693590E+01   0.8372044935E+02   0.2715193508E+02   0.1280109246E+02   0.1187885259E+01   0.4599377703E-02
     78.   4.  -0.1144972336E+02  -0.8491693590E+01   0.8372044935E+02   0.2715361358E+02   0.1282323345E+02   0.1187316643E+01   0.4599734765E-02
     78.   5.  -0.1144972336E+02  -0.8491693590E+01   0.8372044935E+02   0.2715388914E+02   0.1282410171E+02   0.1188214790E+01   0.4599793112E-02
     78.   6.  -0.1144972336E+02  -0.8491693590E+01   0.8372044935E+02   0.2715396410E+02   0.1282413387E+02   0.1188338826E+01   0.4599772358E-02
     79.   1.  -0.1101926401E+02  -0.9043276270E+01   0.8366266583E+02   0.2191764084E+02   0.1122198179E+02   0.1054479275E+01   0.4093217542E-02
     79.   2.  -0.1101926401E+02  -0.9043276270E+01   0.8366266583E+02   0.2514167777E+02   0.1292316383E+02   0.1223632155E+01   0.4085352303E-02
     79.   3.  -0.1101926401E+02  -0.9043276270E+01   0.8366266583E+02   0.2514195479E+02   0.1295276237E+02   0.1225892934E+01   0.4087677191E-02
     79.   4.  -0.1101926401E+02  -0.9043276270E+01   0.8366266583E+02   0.2514321542E+02   0.1296481399E+02   0.1225216721E+01   0.4087985227E-02
     79.   5.  -0.1101926401E+02  -0.9043276270E+01   0.8366266583E+02   0.2514346590E+02   0.1296542909E+02   0.1225946876E+01   0.4088026549E-02
     79.   6.  -0.1101926401E+02  -0.9043276270E+01   0.8366266583E+02   0.2514353144E+02   0.1296521103E+02   0.1225866710E+01   0.4087993783E-02
     80.   1.  -0.1056225829E+02  -0.9573072900E+01   0.8360370073E+02   0.2015626691E+02   0.1135504571E+02   0.1079695873E+01   0.3611164858E-02
     80.   2.  -0.1056225829E+02  -0.9573072900E+01   0.8360370073E+02   0.2308566753E+02   0.1308229982E+02   0.1252469191E+01   0.3604245777E-02
     80.   3.  -0.1056225829E+02  -0.9573072900E+01   0.8360370073E+02   0.2308202383E+02   0.1310750381E+02   0.1254811558E+01   0.3606277555E-02
     80.   4.  -0.1056225829E+02  -0.9573072900E+01   0.8360370073E+02   0.2308321091E+02   0.1311948523E+02   0.1253918798E+01   0.3606539351E-02
     80.   5.  -0.1056225829E+02  -0.9573072900E+01   0.8360370073E+02   0.2308343521E+02   0.1311986573E+02   0.1254461099E+01   0.3606564251E-02
     80.   6.  -0.1056225829E+02  -0.9573072900E+01   0.8360370073E+02   0.2308349075E+02   0.1311941909E+02   0.1254163060E+01   0.3606519394E-02
     81.   1.  -0.1007980717E+02  -0.1007980717E+02   0.8354412001E+02   0.1837974098E+02   0.1150263114E+02   0.1097342113E+01   0.3166608055E-02
     81.   2.  -0.1007980717E+02  -0.1007980717E+02   0.8354412001E+02   0.2099943751E+02   0.1326546513E+02   0.1271723283E+01   0.3160557166E-02
     81.   3.  -0.1007980717E+02  -0.1007980717E+02   0.8354412001E+02   0.2099136659E+02   0.1327448807E+02   0.1272155321E+01   0.3162319784E-02
     81.   4.  -0.1007980717E+02  -0.1007980717E+02   0.8354412001E+02   0.2099247972E+02   0.1328642806E+02   0.1271035882E+01   0.3162538871E-02
     81.   5.  -0.1007980717E+02  -0.1007980717E+02   0.8354412001E+02   0.2099267697E+02   0.1328659591E+02   0.1271377054E+01   0.3162548192E-02
     81.   6.  -0.1007980717E+02  -0.1007980717E+02   0.8354412001E+02   0.2099272198E+02   0.1328594624E+02   0.1270855440E+01   0.3162491377E-02
     82.   1.  -0.9573072900E+01  -0.1056225829E+02   0.8348449676E+02   0.1657506380E+02   0.1164873914E+02   0.1105091613E+01   0.2765199890E-02
     82.   2.  -0.9573072900E+01  -0.1056225829E+02   0.8348449676E+02   0.1890237751E+02   0.1345224062E+02   0.1281121996E+01   0.2759927374E-02
     82.   3.  -0.9573072900E+01  -0.1056225829E+02   0.8348449676E+02   0.1889041886E+02   0.1346464430E+02   0.1282745497E+01   0.2761448335E-02
     82.   4.  -0.9573072900E+01  -0.1056225829E+02   0.8348449676E+02   0.1889118978E+02   0.1346570046E+02   0.1283756850E+01   0.2761628837E-02
     82.   5.  -0.9573072900E+01  -0.1056225829E+02   0.8348449676E+02   0.1889135935E+02   0.1346568053E+02   0.1283891283E+01   0.2761623654E-02
     82.   6.  -0.9573072900E+01  -0.1056225829E+02   0.8348449676E+02   0.1889139339E+02   0.1346485632E+02   0.1283148818E+01   0.2761555230E-02
     83.   1.  -0.9043276270E+01  -0.1101926401E+02   0.8342540573E+02   0.1477802292E+02   0.1180231295E+02   0.1100720870E+01   0.2410953737E-02
     83.   2.  -0.9043276270E+01  -0.1101926401E+02   0.8342540573E+02   0.1681444738E+02   0.1365213045E+02   0.1276209644E+01   0.2406362110E-02
     83.   3.  -0.9043276270E+01  -0.1101926401E+02   0.8342540573E+02   0.1679899505E+02   0.1365391546E+02   0.1277406338E+01   0.2407671393E-02
     83.   4.  -0.9043276270E+01  -0.1101926401E+02   0.8342540573E+02   0.1679966486E+02   0.1365477818E+02   0.1278184360E+01   0.2407817849E-02
     83.   5.  -0.9043276270E+01  -0.1101926401E+02   0.8342540573E+02   0.1679980636E+02   0.1365459764E+02   0.1278114796E+01   0.2407799457E-02
     83.   6.  -0.9043276270E+01  -0.1101926401E+02   0.8342540573E+02   0.1679982908E+02   0.1365362910E+02   0.1277162696E+01   0.2407719969E-02
     84.   1.  -0.8491693590E+01  -0.1144972336E+02   0.8336741771E+02   0.1299783090E+02   0.1195767495E+02   0.1083666466E+01   0.2106163576E-02
     84.   2.  -0.8491693590E+01  -0.1144972336E+02   0.8336741771E+02   0.1475469067E+02   0.1387502198E+02   0.1255814970E+01   0.2102151014E-02
     84.   3.  -0.8491693590E+01  -0.1144972336E+02   0.8336741771E+02   0.1473778568E+02   0.1385207227E+02   0.1260236868E+01   0.2103280142E-02
     84.   4.  -0.8491693590E+01  -0.1144972336E+02   0.8336741771E+02   0.1473835502E+02   0.1385277207E+02   0.1260784653E+01   0.2103397355E-02
     84.   5.  -0.8491693590E+01  -0.1144972336E+02   0.8336741771E+02   0.1473846833E+02   0.1385245909E+02   0.1260521672E+01   0.2103367215E-02
     84.   6.  -0.8491693590E+01  -0.1144972336E+02   0.8336741771E+02   0.1473847950E+02   0.1385137717E+02   0.1259379572E+01   0.2103277410E-02
     85.   1.  -0.7919653670E+01  -0.1185259932E+02   0.8331109403E+02   0.1126183396E+02   0.1211736869E+02   0.1057318554E+01   0.1851392041E-02
     85.   2.  -0.7919653670E+01  -0.1185259932E+02   0.8331109403E+02   0.1274022951E+02   0.1409583504E+02   0.1226554443E+01   0.1847855304E-02
     85.   3.  -0.7919653670E+01  -0.1185259932E+02   0.8331109403E+02   0.1272723625E+02   0.1405644539E+02   0.1229883168E+01   0.1848836150E-02
     85.   4.  -0.7919653670E+01  -0.1185259932E+02   0.8331109403E+02   0.1272770672E+02   0.1405701300E+02   0.1230211915E+01   0.1848929027E-02
     85.   5.  -0.7919653670E+01  -0.1185259932E+02   0.8331109403E+02   0.1272779206E+02   0.1405659581E+02   0.1229773571E+01   0.1848888711E-02
     85.   6.  -0.7919653670E+01  -0.1185259932E+02   0.8331109403E+02   0.1272779155E+02   0.1405543111E+02   0.1228469069E+01   0.1848789504E-02
     86.   1.  -0.7328534620E+01  -0.1222692134E+02   0.8325698106E+02   0.9501299062E+01   0.1239289405E+02   0.1031278213E+01   0.1645521101E-02
     86.   2.  -0.7328534620E+01  -0.1222692134E+02   0.8325698106E+02   0.1078915030E+02   0.1432673653E+02   0.1180742156E+01   0.1642359428E-02
     86.   3.  -0.7328534620E+01  -0.1222692134E+02   0.8325698106E+02   0.1078763579E+02   0.1426445099E+02   0.1182347344E+01   0.1643223116E-02
     86.   4.  -0.7328534620E+01  -0.1222692134E+02   0.8325698106E+02   0.1078801011E+02   0.1426491687E+02   0.1182476765E+01   0.1643296541E-02
     86.   5.  -0.7328534620E+01  -0.1222692134E+02   0.8325698106E+02   0.1078806797E+02   0.1426442265E+02   0.1181887826E+01   0.1643247672E-02
     86.   6.  -0.7328534620E+01  -0.1222692134E+02   0.8325698106E+02   0.1078805583E+02   0.1426320431E+02   0.1180455823E+01   0.1643140116E-02
     87.   1.  -0.6719760480E+01  -0.1257178762E+02   0.8320560471E+02   0.7859713554E+01   0.1257666527E+02   0.9870800996E+00   0.1485874702E-02
     87.   2.  -0.6719760480E+01  -0.1257178762E+02   0.8320560471E+02   0.8924057935E+01   0.1453588370E+02   0.1123004494E+01   0.1482993038E-02
     87.   3.  -0.6719760480E+01  -0.1257178762E+02   0.8320560471E+02   0.8938781756E+01   0.1447345791E+02   0.1123163258E+01   0.1483768993E-02
     87.   4.  -0.6719760480E+01  -0.1257178762E+02   0.8320560471E+02   0.8939063642E+01   0.1447385042E+02   0.1123119151E+01   0.1483827618E-02
     87.   5.  -0.6719760480E+01  -0.1257178762E+02   0.8320560471E+02   0.8939094883E+01   0.1447330446E+02   0.1122410040E+01   0.1483771814E-02
     87.   6.  -0.6719760480E+01  -0.1257178762E+02   0.8320560471E+02   0.8939071301E+01   0.1447205911E+02   0.1120891361E+01   0.1483657052E-02
     88.   1.  -0.6094797860E+01  -0.1288636737E+02   0.8315746530E+02   0.6346487483E+01   0.1278049352E+02   0.9240626949E+00   0.1368405728E-02
     88.   2.  -0.6094797860E+01  -0.1288636737E+02   0.8315746530E+02   0.7173996132E+01   0.1474027478E+02   0.1056443480E+01   0.1365717760E-02
     88.   3.  -0.6094797860E+01  -0.1288636737E+02   0.8315746530E+02   0.7199850649E+01   0.1468012827E+02   0.1056757744E+01   0.1366432809E-02
     88.   4.  -0.6094797860E+01  -0.1288636737E+02   0.8315746530E+02   0.7200044919E+01   0.1468047306E+02   0.1056571167E+01   0.1366480898E-02
     88.   5.  -0.6094797860E+01  -0.1288636737E+02   0.8315746530E+02   0.7200050729E+01   0.1467989783E+02   0.1055776746E+01   0.1366419699E-02
     88.   6.  -0.6094797860E+01  -0.1288636737E+02   0.8315746530E+02   0.7200016068E+01   0.1467864865E+02   0.1054216720E+01   0.1366298898E-02
     89.   1.  -0.5455152330E+01  -0.1316990274E+02   0.8311303244E+02   0.4944481096E+01   0.1295770548E+02   0.8511008582E+00   0.1287943049E-02
     89.   2.  -0.5455152330E+01  -0.1316990274E+02   0.8311303244E+02   0.5560437949E+01   0.1492330967E+02   0.9738755493E+00   0.1285373405E-02
     89.   3.  -0.5455152330E+01  -0.1316990274E+02   0.8311303244E+02   0.5588971247E+01   0.1487957490E+02   0.9735652404E+00   0.1286050916E-02
     89.   4.  -0.5455152330E+01  -0.1316990274E+02   0.8311303244E+02   0.5589083765E+01   0.1487989396E+02   0.9732707925E+00   0.1286092212E-02
     89.   5.  -0.5455152330E+01  -0.1316990274E+02   0.8311303244E+02   0.5589065675E+01   0.1487930886E+02   0.9724294501E+00   0.1286027066E-02
     89.   6.  -0.5455152330E+01  -0.1316990274E+02   0.8311303244E+02   0.5589020474E+01   0.1487807488E+02   0.9708763304E+00   0.1285901373E-02
     90.   1.  -0.4802364860E+01  -0.1342171065E+02   0.8307274031E+02   0.3669168478E+01   0.1312420700E+02   0.7682528557E+00   0.1238488451E-02
     90.   2.  -0.4802364860E+01  -0.1342171065E+02   0.8307274031E+02   0.4097530844E+01   0.1509866104E+02   0.8795493807E+00   0.1235974900E-02
     90.   3.  -0.4802364860E+01  -0.1342171065E+02   0.8307274031E+02   0.4123338341E+01   0.1506823746E+02   0.8789807827E+00   0.1236634232E-02
     90.   4.  -0.4802364860E+01  -0.1342171065E+02   0.8307274031E+02   0.4123375946E+01   0.1506854891E+02   0.8786155127E+00   0.1236671895E-02
     90.   5.  -0.4802364860E+01  -0.1342171065E+02   0.8307274031E+02   0.4123335817E+01   0.1506796917E+02   0.8777668864E+00   0.1236604059E-02
     90.   6.  -0.4802364860E+01  -0.1342171065E+02   0.8307274031E+02   0.4123280792E+01   0.1506676488E+02   0.8762702844E+00   0.1236474566E-02
     91.   1.  -0.4138008070E+01  -0.1364118449E+02   0.8303698324E+02   0.2529864766E+01   0.1328569172E+02   0.6758279044E+00   0.1213552302E-02
     91.   2.  -0.4138008070E+01  -0.1364118449E+02   0.8303698324E+02   0.2797414196E+01   0.1526351312E+02   0.7732579387E+00   0.1211046978E-02
     91.   3.  -0.4138008070E+01  -0.1364118449E+02   0.8303698324E+02   0.2818734162E+01   0.1524202530E+02   0.7726347443E+00   0.1211703035E-02
     91.   4.  -0.4138008070E+01  -0.1364118449E+02   0.8303698324E+02   0.2818704686E+01   0.1524234283E+02   0.7722360962E+00   0.1211739542E-02
     91.   5.  -0.4138008070E+01  -0.1364118449E+02   0.8303698324E+02   0.2818644715E+01   0.1524177947E+02   0.7714195879E+00   0.1211670057E-02
     91.   6.  -0.4138008070E+01  -0.1364118449E+02   0.8303698324E+02   0.2818580750E+01   0.1524061429E+02   0.7700281865E+00   0.1211537726E-02
     92.   1.  -0.3463682460E+01  -0.1382779551E+02   0.8300611165E+02   0.1543215847E+01   0.1343019950E+02   0.5771353225E+00   0.1206513984E-02
     92.   2.  -0.3463682460E+01  -0.1382779551E+02   0.8300611165E+02   0.1672612445E+01   0.1541309337E+02   0.6604637053E+00   0.1203983823E-02
     92.   3.  -0.3463682460E+01  -0.1382779551E+02   0.8300611165E+02   0.1689467080E+01   0.1539709158E+02   0.6598839536E+00   0.1204646968E-02
     92.   4.  -0.3463682460E+01  -0.1382779551E+02   0.8300611165E+02   0.1689379205E+01   0.1539742419E+02   0.6594878685E+00   0.1204684078E-02
     92.   5.  -0.3463682460E+01  -0.1382779551E+02   0.8300611165E+02   0.1689301868E+01   0.1539688396E+02   0.6587411715E+00   0.1204613761E-02
     92.   6.  -0.3463682460E+01  -0.1382779551E+02   0.8300611165E+02   0.1689230027E+01   0.1539576226E+02   0.6575009821E+00   0.1204479407E-02
     93.   1.  -0.2781012540E+01  -0.1398109417E+02   0.8298042845E+02   0.7239077630E+00   0.1354630451E+02   0.4702543085E+00   0.1210988385E-02
     93.   2.  -0.2781012540E+01  -0.1398109417E+02   0.8298042845E+02   0.7348043705E+00   0.1554247409E+02   0.5382395621E+00   0.1208414621E-02
     93.   3.  -0.2781012540E+01  -0.1398109417E+02   0.8298042845E+02   0.7478392796E+00   0.1552962306E+02   0.5377480826E+00   0.1209090805E-02
     93.   4.  -0.2781012540E+01  -0.1398109417E+02   0.8298042845E+02   0.7477024776E+00   0.1552997523E+02   0.5373873124E+00   0.1209129561E-02
     93.   5.  -0.2781012540E+01  -0.1398109417E+02   0.8298042845E+02   0.7476105415E+00   0.1552946053E+02   0.5367444906E+00   0.1209058962E-02
     93.   6.  -0.2781012540E+01  -0.1398109417E+02   0.8298042845E+02   0.7475320240E+00   0.1552838208E+02   0.5356972892E+00   0.1208923255E-02
     94.   1.  -0.2091642910E+01  -0.1410071115E+02   0.8296018590E+02   0.7703110115E-01   0.1363956166E+02   0.3577359458E+00   0.1221179112E-02
     94.   2.  -0.2091642910E+01  -0.1410071115E+02   0.8296018590E+02  -0.5719179665E-02   0.1564759117E+02   0.4095046276E+00   0.1218556044E-02
     94.   3.  -0.2091642910E+01  -0.1410071115E+02   0.8296018590E+02   0.4314448713E-02   0.1563640753E+02   0.4091226338E+00   0.1219247111E-02
     94.   4.  -0.2091642910E+01  -0.1410071115E+02   0.8296018590E+02   0.4138860172E-02   0.1563677969E+02   0.4088254933E+00   0.1219287915E-02
     94.   5.  -0.2091642910E+01  -0.1410071115E+02   0.8296018590E+02   0.4035317912E-02   0.1563628932E+02   0.4083159094E+00   0.1219217380E-02
     94.   6.  -0.2091642910E+01  -0.1410071115E+02   0.8296018590E+02   0.3951455997E-02   0.1563524946E+02   0.4074973021E+00   0.1219080824E-02
     95.   1.  -0.1397234340E+01  -0.1418635828E+02   0.8294558300E+02  -0.3902475341E+00   0.1370780511E+02   0.2409144149E+00   0.1232201223E-02
     95.   2.  -0.1397234340E+01  -0.1418635828E+02   0.8294558300E+02  -0.5407046116E+00   0.1572513263E+02   0.2758017991E+00   0.1229534374E-02
     95.   3.  -0.1397234340E+01  -0.1418635828E+02   0.8294558300E+02  -0.5328165337E+00   0.1571473283E+02   0.2755410092E+00   0.1230238713E-02
     95.   4.  -0.1397234340E+01  -0.1418635828E+02   0.8294558300E+02  -0.5330202087E+00   0.1571512200E+02   0.2753299558E+00   0.1230281418E-02
     95.   5.  -0.1397234340E+01  -0.1418635828E+02   0.8294558300E+02  -0.5331321933E+00   0.1571465145E+02   0.2749768171E+00   0.1230211084E-02
     95.   6.  -0.1397234340E+01  -0.1418635828E+02   0.8294558300E+02  -0.5332199436E+00   0.1571364199E+02   0.2744148965E+00   0.1230074044E-02
     96.   1.  -0.6994597000E+00  -0.1423782923E+02   0.8293676337E+02  -0.6727204428E+00   0.1374941933E+02   0.1211887283E+00   0.1240354937E-02
     96.   2.  -0.6994597000E+00  -0.1423782923E+02   0.8293676337E+02  -0.8641332087E+00   0.1577265835E+02   0.1387456758E+00   0.1237658231E-02
     96.   3.  -0.6994597000E+00  -0.1423782923E+02   0.8293676337E+02  -0.8575322081E+00   0.1576256717E+02   0.1386134214E+00   0.1238371649E-02
     96.   4.  -0.6994597000E+00  -0.1423782923E+02   0.8293676337E+02  -0.8577529099E+00   0.1576296760E+02   0.1385039120E+00   0.1238415662E-02
     96.   5.  -0.6994597000E+00  -0.1423782923E+02   0.8293676337E+02  -0.8578699968E+00   0.1576250995E+02   0.1383232376E+00   0.1238345515E-02
     96.   6.  -0.6994597000E+00  -0.1423782923E+02   0.8293676337E+02  -0.8579601199E+00   0.1576151984E+02   0.1380373281E+00   0.1238208231E-02
     97.   1.   0.0000000000E+00  -0.1425500000E+02   0.8293381382E+02  -0.7672313667E+00   0.1376340463E+02  -0.3190865490E-07   0.1243334165E-02
     97.   2.   0.0000000000E+00  -0.1425500000E+02   0.8293381382E+02  -0.9723511942E+00   0.1578866958E+02  -0.3353890101E-07   0.1240626908E-02
     97.   3.   0.0000000000E+00  -0.1425500000E+02   0.8293381382E+02  -0.9661788282E+00   0.1577865410E+02  -0.3445813833E-07   0.1241343519E-02
     97.   4.   0.0000000000E+00  -0.1425500000E+02   0.8293381382E+02  -0.9664052389E+00   0.1577905849E+02  -0.3470203638E-07   0.1241388004E-02
     97.   5.   0.0000000000E+00  -0.1425500000E+02   0.8293381382E+02  -0.9665240451E+00   0.1577860539E+02  -0.3487614280E-07   0.1241317938E-02
     97.   6.   0.0000000000E+00  -0.1425500000E+02   0.8293381382E+02  -0.9666149653E+00   0.1577762192E+02  -0.3473929716E-07   0.1241180580E-02
     98.   1.   0.6994597000E+00  -0.1423782923E+02   0.8293676337E+02  -0.6727204446E+00   0.1374941933E+02  -0.1211887887E+00   0.1240354937E-02
     98.   2.   0.6994597000E+00  -0.1423782923E+02   0.8293676337E+02  -0.8641332110E+00   0.1577265835E+02  -0.1387457456E+00   0.1237658231E-02
     98.   3.   0.6994597000E+00  -0.1423782923E+02   0.8293676337E+02  -0.8575322104E+00   0.1576256717E+02  -0.1386134912E+00   0.1238371649E-02
     98.   4.   0.6994597000E+00  -0.1423782923E+02   0.8293676337E+02  -0.8577529123E+00   0.1576296760E+02  -0.1385039818E+00   0.1238415663E-02
     98.   5.   0.6994597000E+00  -0.1423782923E+02   0.8293676337E+02  -0.8578699991E+00   0.1576250995E+02  -0.1383233074E+00   0.1238345515E-02
     98.   6.   0.6994597000E+00  -0.1423782923E+02   0.8293676337E+02  -0.8579601223E+00   0.1576151984E+02  -0.1380373979E+00   0.1238208231E-02
     99.   1.   0.1397234340E+01  -0.1418635828E+02   0.8294558300E+02  -0.3902475395E+00   0.1370780511E+02  -0.2409144760E+00   0.1232201223E-02
     99.   2.   0.1397234340E+01  -0.1418635828E+02   0.8294558300E+02  -0.5407046171E+00   0.1572513263E+02  -0.2758018687E+00   0.1229534374E-02
     99.   3.   0.1397234340E+01  -0.1418635828E+02   0.8294558300E+02  -0.5328165393E+00   0.1571473283E+02  -0.2755410788E+00   0.1230238714E-02
     99.   4.   0.1397234340E+01  -0.1418635828E+02   0.8294558300E+02  -0.5330202144E+00   0.1571512200E+02  -0.2753300255E+00   0.1230281419E-02
     99.   5.   0.1397234340E+01  -0.1418635828E+02   0.8294558300E+02  -0.5331321991E+00   0.1571465145E+02  -0.2749768868E+00   0.1230211084E-02
     99.   6.   0.1397234340E+01  -0.1418635828E+02   0.8294558300E+02  -0.5332199494E+00   0.1571364199E+02  -0.2744149662E+00   0.1230074044E-02
    100.   1.   0.2091642910E+01  -0.1410071115E+02   0.8296018590E+02   0.7703109383E-01   0.1363956166E+02  -0.3577360064E+00   0.1221179113E-02
    100.   2.   0.2091642910E+01  -0.1410071115E+02   0.8296018590E+02  -0.5719188495E-02   0.1564759117E+02  -0.4095046970E+00   0.1218556044E-02
    100.   3.   0.2091642910E+01  -0.1410071115E+02   0.8296018590E+02   0.4314440116E-02   0.1563640753E+02  -0.4091227031E+00   0.1219247111E-02
    100.   4.   0.2091642910E+01  -0.1410071115E+02   0.8296018590E+02   0.4138851505E-02   0.1563677969E+02  -0.4088255625E+00   0.1219287915E-02
    100.   5.   0.2091642910E+01  -0.1410071115E+02   0.8296018590E+02   0.4035309267E-02   0.1563628932E+02  -0.4083159786E+00   0.1219217380E-02
    100.   6.   0.2091642910E+01  -0.1410071115E+02   0.8296018590E+02   0.3951447344E-02   0.1563524946E+02  -0.4074973714E+00   0.1219080824E-02
    101.   1.   0.2781012540E+01  -0.1398109417E+02   0.8298042845E+02   0.7239077534E+00   0.1354630451E+02  -0.4702543685E+00   0.1210988386E-02
    101.   2.   0.2781012540E+01  -0.1398109417E+02   0.8298042845E+02   0.7348043593E+00   0.1554247409E+02  -0.5382396311E+00   0.1208414621E-02
    101.   3.   0.2781012540E+01  -0.1398109417E+02   0.8298042845E+02   0.7478392682E+00   0.1552962306E+02  -0.5377481515E+00   0.1209090804E-02
    101.   4.   0.2781012540E+01  -0.1398109417E+02   0.8298042845E+02   0.7477024661E+00   0.1552997523E+02  -0.5373873812E+00   0.1209129560E-02
    101.   5.   0.2781012540E+01  -0.1398109417E+02   0.8298042845E+02   0.7476105297E+00   0.1552946053E+02  -0.5367445595E+00   0.1209058961E-02
    101.   6.   0.2781012540E+01  -0.1398109417E+02   0.8298042845E+02   0.7475320121E+00   0.1552838208E+02  -0.5356973580E+00   0.1208923254E-02
    102.   1.   0.3463682460E+01  -0.1382779551E+02   0.8300611165E+02   0.1543215835E+01   0.1343019950E+02  -0.5771353815E+00   0.1206513984E-02
    102.   2.   0.3463682460E+01  -0.1382779551E+02   0.8300611165E+02   0.1672612430E+01   0.1541309337E+02  -0.6604637735E+00   0.1203983824E-02
    102.   3.   0.3463682460E+01  -0.1382779551E+02   0.8300611165E+02   0.1689467066E+01   0.1539709158E+02  -0.6598840219E+00   0.1204646969E-02
    102.   4.   0.3463682460E+01  -0.1382779551E+02   0.8300611165E+02   0.1689379190E+01   0.1539742419E+02  -0.6594879369E+00   0.1204684079E-02
    102.   5.   0.3463682460E+01  -0.1382779551E+02   0.8300611165E+02   0.1689301854E+01   0.1539688396E+02  -0.6587412398E+00   0.1204613761E-02
    102.   6.   0.3463682460E+01  -0.1382779551E+02   0.8300611165E+02   0.1689230012E+01   0.1539576226E+02  -0.6575010504E+00   0.1204479408E-02
    103.   1.   0.4138008070E+01  -0.1364118449E+02   0.8303698324E+02   0.2529864751E+01   0.1328569172E+02  -0.6758279633E+00   0.1213552302E-02
    103.   2.   0.4138008070E+01  -0.1364118449E+02   0.8303698324E+02   0.2797414179E+01   0.1526351313E+02  -0.7732580060E+00   0.1211046979E-02
    103.   3.   0.4138008070E+01  -0.1364118449E+02   0.8303698324E+02   0.2818734145E+01   0.1524202530E+02  -0.7726348116E+00   0.1211703035E-02
    103.   4.   0.4138008070E+01  -0.1364118449E+02   0.8303698324E+02   0.2818704669E+01   0.1524234283E+02  -0.7722361635E+00   0.1211739542E-02
    103.   5.   0.4138008070E+01  -0.1364118449E+02   0.8303698324E+02   0.2818644697E+01   0.1524177947E+02  -0.7714196552E+00   0.1211670057E-02
    103.   6.   0.4138008070E+01  -0.1364118449E+02   0.8303698324E+02   0.2818580732E+01   0.1524061429E+02  -0.7700282538E+00   0.1211537726E-02
    104.   1.   0.4802364860E+01  -0.1342171065E+02   0.8307274031E+02   0.3669168459E+01   0.1312420700E+02  -0.7682529137E+00   0.1238488451E-02
    104.   2.   0.4802364860E+01  -0.1342171065E+02   0.8307274031E+02   0.4097530823E+01   0.1509866104E+02  -0.8795494471E+00   0.1235974900E-02
    104.   3.   0.4802364860E+01  -0.1342171065E+02   0.8307274031E+02   0.4123338320E+01   0.1506823746E+02  -0.8789808491E+00   0.1236634232E-02
    104.   4.   0.4802364860E+01  -0.1342171065E+02   0.8307274031E+02   0.4123375925E+01   0.1506854891E+02  -0.8786155790E+00   0.1236671895E-02
    104.   5.   0.4802364860E+01  -0.1342171065E+02   0.8307274031E+02   0.4123335796E+01   0.1506796917E+02  -0.8777669527E+00   0.1236604059E-02
    104.   6.   0.4802364860E+01  -0.1342171065E+02   0.8307274031E+02   0.4123280772E+01   0.1506676488E+02  -0.8762703508E+00   0.1236474566E-02
    105.   1.   0.5455152330E+01  -0.1316990274E+02   0.8311303244E+02   0.4944481075E+01   0.1295770548E+02  -0.8511009150E+00   0.1287943049E-02
    105.   2.   0.5455152330E+01  -0.1316990274E+02   0.8311303244E+02   0.5560437926E+01   0.1492330967E+02  -0.9738756146E+00   0.1285373405E-02
    105.   3.   0.5455152330E+01  -0.1316990274E+02   0.8311303244E+02   0.5588971224E+01   0.1487957490E+02  -0.9735653056E+00   0.1286050916E-02
    105.   4.   0.5455152330E+01  -0.1316990274E+02   0.8311303244E+02   0.5589083742E+01   0.1487989396E+02  -0.9732708577E+00   0.1286092211E-02
    105.   5.   0.5455152330E+01  -0.1316990274E+02   0.8311303244E+02   0.5589065652E+01   0.1487930886E+02  -0.9724295153E+00   0.1286027066E-02
    105.   6.   0.5455152330E+01  -0.1316990274E+02   0.8311303244E+02   0.5589020450E+01   0.1487807488E+02  -0.9708763956E+00   0.1285901373E-02
    106.   1.   0.6094797860E+01  -0.1288636737E+02   0.8315746530E+02   0.6346487460E+01   0.1278049352E+02  -0.9240627504E+00   0.1368405727E-02
    106.   2.   0.6094797860E+01  -0.1288636737E+02   0.8315746530E+02   0.7173996105E+01   0.1474027478E+02  -0.1056443544E+01   0.1365717760E-02
    106.   3.   0.6094797860E+01  -0.1288636737E+02   0.8315746530E+02   0.7199850622E+01   0.1468012827E+02  -0.1056757808E+01   0.1366432809E-02
    106.   4.   0.6094797860E+01  -0.1288636737E+02   0.8315746530E+02   0.7200044893E+01   0.1468047306E+02  -0.1056571230E+01   0.1366480897E-02
    106.   5.   0.6094797860E+01  -0.1288636737E+02   0.8315746530E+02   0.7200050703E+01   0.1467989784E+02  -0.1055776810E+01   0.1366419699E-02
    106.   6.   0.6094797860E+01  -0.1288636737E+02   0.8315746530E+02   0.7200016042E+01   0.1467864865E+02  -0.1054216784E+01   0.1366298897E-02
    107.   1.   0.6719760480E+01  -0.1257178762E+02   0.8320560471E+02   0.7859713529E+01   0.1257666527E+02  -0.9870801536E+00   0.1485874701E-02
    107.   2.   0.6719760480E+01  -0.1257178762E+02   0.8320560471E+02   0.8924057905E+01   0.1453588370E+02  -0.1123004556E+01   0.1482993036E-02
    107.   3.   0.6719760480E+01  -0.1257178762E+02   0.8320560471E+02   0.8938781727E+01   0.1447345791E+02  -0.1123163321E+01   0.1483768992E-02
    107.   4.   0.6719760480E+01  -0.1257178762E+02   0.8320560471E+02   0.8939063613E+01   0.1447385042E+02  -0.1123119213E+01   0.1483827617E-02
    107.   5.   0.6719760480E+01  -0.1257178762E+02   0.8320560471E+02   0.8939094854E+01   0.1447330446E+02  -0.1122410102E+01   0.1483771812E-02
    107.   6.   0.6719760480E+01  -0.1257178762E+02   0.8320560471E+02   0.8939071272E+01   0.1447205911E+02  -0.1120891424E+01   0.1483657050E-02
    108.   1.   0.7328534620E+01  -0.1222692134E+02   0.8325698106E+02   0.9501299035E+01   0.1239289405E+02  -0.1031278265E+01   0.1645521099E-02
    108.   2.   0.7328534620E+01  -0.1222692134E+02   0.8325698106E+02   0.1078915027E+02   0.1432673654E+02  -0.1180742216E+01   0.1642359426E-02
    108.   3.   0.7328534620E+01  -0.1222692134E+02   0.8325698106E+02   0.1078763576E+02   0.1426445099E+02  -0.1182347405E+01   0.1643223114E-02
    108.   4.   0.7328534620E+01  -0.1222692134E+02   0.8325698106E+02   0.1078801007E+02   0.1426491687E+02  -0.1182476826E+01   0.1643296539E-02
    108.   5.   0.7328534620E+01  -0.1222692134E+02   0.8325698106E+02   0.1078806794E+02   0.1426442265E+02  -0.1181887886E+01   0.1643247670E-02
    108.   6.   0.7328534620E+01  -0.1222692134E+02   0.8325698106E+02   0.1078805580E+02   0.1426320431E+02  -0.1180455884E+01   0.1643140114E-02
    109.   1.   0.7919653670E+01  -0.1185259932E+02   0.8331109403E+02   0.1126183393E+02   0.1211736869E+02  -0.1057318605E+01   0.1851392037E-02
    109.   2.   0.7919653670E+01  -0.1185259932E+02   0.8331109403E+02   0.1274022947E+02   0.1409583504E+02  -0.1226554502E+01   0.1847855300E-02
    109.   3.   0.7919653670E+01  -0.1185259932E+02   0.8331109403E+02   0.1272723621E+02   0.1405644539E+02  -0.1229883227E+01   0.1848836146E-02
    109.   4.   0.7919653670E+01  -0.1185259932E+02   0.8331109403E+02   0.1272770669E+02   0.1405701300E+02  -0.1230211974E+01   0.1848929023E-02
    109.   5.   0.7919653670E+01  -0.1185259932E+02   0.8331109403E+02   0.1272779202E+02   0.1405659581E+02  -0.1229773630E+01   0.1848888707E-02
    109.   6.   0.7919653670E+01  -0.1185259932E+02   0.8331109403E+02   0.1272779151E+02   0.1405543111E+02  -0.1228469128E+01   0.1848789500E-02
    110.   1.   0.8491693590E+01  -0.1144972336E+02   0.8336741771E+02   0.1299783087E+02   0.1195767495E+02  -0.1083666514E+01   0.2106163571E-02
    110.   2.   0.8491693590E+01  -0.1144972336E+02   0.8336741771E+02   0.1475469063E+02   0.1387502198E+02  -0.1255815027E+01   0.2102151009E-02
    110.   3.   0.8491693590E+01  -0.1144972336E+02   0.8336741771E+02   0.1473778564E+02   0.1385207227E+02  -0.1260236924E+01   0.2103280138E-02
    110.   4.   0.8491693590E+01  -0.1144972336E+02   0.8336741771E+02   0.1473835498E+02   0.1385277207E+02  -0.1260784709E+01   0.2103397351E-02
    110.   5.   0.8491693590E+01  -0.1144972336E+02   0.8336741771E+02   0.1473846830E+02   0.1385245909E+02  -0.1260521729E+01   0.2103367211E-02
    110.   6.   0.8491693590E+01  -0.1144972336E+02   0.8336741771E+02   0.1473847946E+02   0.1385137717E+02  -0.1259379629E+01   0.2103277405E-02
    111.   1.   0.9043276270E+01  -0.1101926401E+02   0.8342540573E+02   0.1477802288E+02   0.1180231295E+02  -0.1100720917E+01   0.2410953731E-02
    111.   2.   0.9043276270E+01  -0.1101926401E+02   0.8342540573E+02   0.1681444734E+02   0.1365213045E+02  -0.1276209699E+01   0.2406362104E-02
    111.   3.   0.9043276270E+01  -0.1101926401E+02   0.8342540573E+02   0.1679899501E+02   0.1365391546E+02  -0.1277406393E+01   0.2407671387E-02
    111.   4.   0.9043276270E+01  -0.1101926401E+02   0.8342540573E+02   0.1679966482E+02   0.1365477818E+02  -0.1278184415E+01   0.2407817843E-02
    111.   5.   0.9043276270E+01  -0.1101926401E+02   0.8342540573E+02   0.1679980632E+02   0.1365459764E+02  -0.1278114851E+01   0.2407799451E-02
    111.   6.   0.9043276270E+01  -0.1101926401E+02   0.8342540573E+02   0.1679982904E+02   0.1365362910E+02  -0.1277162750E+01   0.2407719963E-02
    112.   1.   0.9573072900E+01  -0.1056225829E+02   0.8348449676E+02   0.1657506376E+02   0.1164873914E+02  -0.1105091658E+01   0.2765199882E-02
    112.   2.   0.9573072900E+01  -0.1056225829E+02   0.8348449676E+02   0.1890237747E+02   0.1345224062E+02  -0.1281122049E+01   0.2759927366E-02
    112.   3.   0.9573072900E+01  -0.1056225829E+02   0.8348449676E+02   0.1889041881E+02   0.1346464430E+02  -0.1282745550E+01   0.2761448328E-02
    112.   4.   0.9573072900E+01  -0.1056225829E+02   0.8348449676E+02   0.1889118974E+02   0.1346570046E+02  -0.1283756903E+01   0.2761628829E-02
    112.   5.   0.9573072900E+01  -0.1056225829E+02   0.8348449676E+02   0.1889135931E+02   0.1346568053E+02  -0.1283891336E+01   0.2761623646E-02
    112.   6.   0.9573072900E+01  -0.1056225829E+02   0.8348449676E+02   0.1889139335E+02   0.1346485632E+02  -0.1283148871E+01   0.2761555222E-02
    113.   1.   0.1007980717E+02  -0.1007980717E+02   0.8354412001E+02   0.1837974094E+02   0.1150263114E+02  -0.1097342156E+01   0.3166608046E-02
    113.   2.   0.1007980717E+02  -0.1007980717E+02   0.8354412001E+02   0.2099943746E+02   0.1326546513E+02  -0.1271723333E+01   0.3160557158E-02
    113.   3.   0.1007980717E+02  -0.1007980717E+02   0.8354412001E+02   0.2099136655E+02   0.1327448807E+02  -0.1272155371E+01   0.3162319775E-02
    113.   4.   0.1007980717E+02  -0.1007980717E+02   0.8354412001E+02   0.2099247967E+02   0.1328642806E+02  -0.1271035932E+01   0.3162538863E-02
    113.   5.   0.1007980717E+02  -0.1007980717E+02   0.8354412001E+02   0.2099267693E+02   0.1328659591E+02  -0.1271377105E+01   0.3162548183E-02
    113.   6.   0.1007980717E+02  -0.1007980717E+02   0.8354412001E+02   0.2099272194E+02   0.1328594624E+02  -0.1270855490E+01   0.3162491368E-02
    114.   1.   0.1056225829E+02  -0.9573072900E+01   0.8360370073E+02   0.2015626687E+02   0.1135504571E+02  -0.1079695914E+01   0.3611164847E-02
    114.   2.   0.1056225829E+02  -0.9573072900E+01   0.8360370073E+02   0.2308566748E+02   0.1308229982E+02  -0.1252469239E+01   0.3604245766E-02
    114.   3.   0.1056225829E+02  -0.9573072900E+01   0.8360370073E+02   0.2308202378E+02   0.1310750381E+02  -0.1254811606E+01   0.3606277545E-02
    114.   4.   0.1056225829E+02  -0.9573072900E+01   0.8360370073E+02   0.2308321086E+02   0.1311948523E+02  -0.1253918846E+01   0.3606539340E-02
    114.   5.   0.1056225829E+02  -0.9573072900E+01   0.8360370073E+02   0.2308343516E+02   0.1311986573E+02  -0.1254461146E+01   0.3606564241E-02
    114.   6.   0.1056225829E+02  -0.9573072900E+01   0.8360370073E+02   0.2308349070E+02   0.1311941909E+02  -0.1254163108E+01   0.3606519384E-02
    115.   1.   0.1101926401E+02  -0.9043276270E+01   0.8366266583E+02   0.2191764080E+02   0.1122198179E+02  -0.1054479314E+01   0.4093217529E-02
    115.   2.   0.1101926401E+02  -0.9043276270E+01   0.8366266583E+02   0.2514167772E+02   0.1292316383E+02  -0.1223632200E+01   0.4085352291E-02
    115.   3.   0.1101926401E+02  -0.9043276270E+01   0.8366266583E+02   0.2514195474E+02   0.1295276237E+02  -0.1225892979E+01   0.4087677178E-02
    115.   4.   0.1101926401E+02  -0.9043276270E+01   0.8366266583E+02   0.2514321537E+02   0.1296481399E+02  -0.1225216766E+01   0.4087985215E-02
    115.   5.   0.1101926401E+02  -0.9043276270E+01   0.8366266583E+02   0.2514346585E+02   0.1296542909E+02  -0.1225946922E+01   0.4088026537E-02
    115.   6.   0.1101926401E+02  -0.9043276270E+01   0.8366266583E+02   0.2514353139E+02   0.1296521103E+02  -0.1225866756E+01   0.4087993770E-02
    116.   1.   0.1144972336E+02  -0.8491693590E+01   0.8372044935E+02   0.2365357342E+02   0.1110646604E+02  -0.1018790092E+01   0.4605615167E-02
    116.   2.   0.1144972336E+02  -0.8491693590E+01   0.8372044935E+02   0.2714832853E+02   0.1277770980E+02  -0.1181786477E+01   0.4596740166E-02
    116.   3.   0.1144972336E+02  -0.8491693590E+01   0.8372044935E+02   0.2715193502E+02   0.1280109246E+02  -0.1187885301E+01   0.4599377689E-02
    116.   4.   0.1144972336E+02  -0.8491693590E+01   0.8372044935E+02   0.2715361353E+02   0.1282323345E+02  -0.1187316686E+01   0.4599734751E-02
    116.   5.   0.1144972336E+02  -0.8491693590E+01   0.8372044935E+02   0.2715388909E+02   0.1282410171E+02  -0.1188214833E+01   0.4599793098E-02
    116.   6.   0.1144972336E+02  -0.8491693590E+01   0.8372044935E+02   0.2715396405E+02   0.1282413387E+02  -0.1188338868E+01   0.4599772344E-02
    117.   1.   0.1185259932E+02  -0.7919653670E+01   0.8377649781E+02   0.2533093944E+02   0.1100008998E+02  -0.9743091234E+00   0.5139900835E-02
    117.   2.   0.1185259932E+02  -0.7919653670E+01   0.8377649781E+02   0.2908693506E+02   0.1264575169E+02  -0.1129822198E+01   0.5129969126E-02
    117.   3.   0.1185259932E+02  -0.7919653670E+01   0.8377649781E+02   0.2909390692E+02   0.1267217262E+02  -0.1135697320E+01   0.5132933567E-02
    117.   4.   0.1185259932E+02  -0.7919653670E+01   0.8377649781E+02   0.2909563113E+02   0.1269424462E+02  -0.1135331692E+01   0.5133341670E-02
    117.   5.   0.1185259932E+02  -0.7919653670E+01   0.8377649781E+02   0.2909593052E+02   0.1269537969E+02  -0.1136370961E+01   0.5133417340E-02
    117.   6.   0.1185259932E+02  -0.7919653670E+01   0.8377649781E+02   0.2909601425E+02   0.1269567892E+02  -0.1136678270E+01   0.5133408323E-02
    118.   1.   0.1222692134E+02  -0.7328534620E+01   0.8383027544E+02   0.2692830524E+02   0.1074476539E+02  -0.9292762508E+00   0.5686549248E-02
    118.   2.   0.1222692134E+02  -0.7328534620E+01   0.8383027544E+02   0.3093979412E+02   0.1252636887E+02  -0.1062640193E+01   0.5675533043E-02
    118.   3.   0.1222692134E+02  -0.7328534620E+01   0.8383027544E+02   0.3094983734E+02   0.1255539255E+02  -0.1068222397E+01   0.5678832762E-02
    118.   4.   0.1222692134E+02  -0.7328534620E+01   0.8383027544E+02   0.3095160569E+02   0.1257742298E+02  -0.1068040347E+01   0.5679292997E-02
    118.   5.   0.1222692134E+02  -0.7328534620E+01   0.8383027544E+02   0.3095192747E+02   0.1257883358E+02  -0.1069188772E+01   0.5679386010E-02
    118.   6.   0.1222692134E+02  -0.7328534620E+01   0.8383027544E+02   0.3095201932E+02   0.1257941126E+02  -0.1069652301E+01   0.5679388284E-02
    119.   1.   0.1257178762E+02  -0.6719760480E+01   0.8388126918E+02   0.2843674732E+02   0.1050239706E+02  -0.8709082441E+00   0.6235240157E-02
    119.   2.   0.1257178762E+02  -0.6719760480E+01   0.8388126918E+02   0.3269030569E+02   0.1242074308E+02  -0.9986167604E+00   0.6223132554E-02
    119.   3.   0.1257178762E+02  -0.6719760480E+01   0.8388126918E+02   0.3270302394E+02   0.1244237434E+02  -0.1005372150E+01   0.6226769547E-02
    119.   4.   0.1257178762E+02  -0.6719760480E+01   0.8388126918E+02   0.3270494255E+02   0.1247355943E+02  -0.9990155057E+00   0.6227282011E-02
    119.   5.   0.1257178762E+02  -0.6719760480E+01   0.8388126918E+02   0.3270528515E+02   0.1247524868E+02  -0.1000236841E+01   0.6227392095E-02
    119.   6.   0.1257178762E+02  -0.6719760480E+01   0.8388126918E+02   0.3270538444E+02   0.1247611022E+02  -0.1000824664E+01   0.6227405068E-02
    120.   1.   0.1288636737E+02  -0.6094797860E+01   0.8392899344E+02   0.2968202432E+02   0.1045604099E+02  -0.7946191919E+00   0.6775155325E-02
    120.   2.   0.1288636737E+02  -0.6094797860E+01   0.8392899344E+02   0.3432286409E+02   0.1232666017E+02  -0.9207498860E+00   0.6761971046E-02
    120.   3.   0.1288636737E+02  -0.6094797860E+01   0.8392899344E+02   0.3433809515E+02   0.1235051578E+02  -0.9269774944E+00   0.6765940629E-02
    120.   4.   0.1288636737E+02  -0.6094797860E+01   0.8392899344E+02   0.3434004062E+02   0.1238155068E+02  -0.9208203470E+00   0.6766504404E-02
    120.   5.   0.1288636737E+02  -0.6094797860E+01   0.8392899344E+02   0.3434040237E+02   0.1238351574E+02  -0.9220753324E+00   0.6766630991E-02
    120.   6.   0.1288636737E+02  -0.6094797860E+01   0.8392899344E+02   0.3434050837E+02   0.1238466030E+02  -0.9227520453E+00   0.6766653935E-02
    121.   1.   0.1316990274E+02  -0.5455152330E+01   0.8397299455E+02   0.3097232993E+02   0.1039644668E+02  -0.7218223636E+00   0.7295289892E-02
    121.   2.   0.1316990274E+02  -0.5455152330E+01   0.8397299455E+02   0.3582313219E+02   0.1224437592E+02  -0.8360937343E+00   0.7281065974E-02
    121.   3.   0.1316990274E+02  -0.5455152330E+01   0.8397299455E+02   0.3584059303E+02   0.1227024280E+02  -0.8417387038E+00   0.7285356598E-02
    121.   4.   0.1316990274E+02  -0.5455152330E+01   0.8397299455E+02   0.3584256524E+02   0.1230115841E+02  -0.8357654254E+00   0.7285969756E-02
    121.   5.   0.1316990274E+02  -0.5455152330E+01   0.8397299455E+02   0.3584294436E+02   0.1230339045E+02  -0.8370133882E+00   0.7286112000E-02
    121.   6.   0.1316990274E+02  -0.5455152330E+01   0.8397299455E+02   0.3584305636E+02   0.1230481052E+02  -0.8377413390E+00   0.7286144081E-02
    122.   1.   0.1342171065E+02  -0.4802364860E+01   0.8401285492E+02   0.3213797435E+02   0.1034442854E+02  -0.6435751240E+00   0.7784768532E-02
    122.   2.   0.1342171065E+02  -0.4802364860E+01   0.8401285492E+02   0.3717816757E+02   0.1217318043E+02  -0.7452247304E+00   0.7769563995E-02
    122.   3.   0.1342171065E+02  -0.4802364860E+01   0.8401285492E+02   0.3719757865E+02   0.1220086175E+02  -0.7502404561E+00   0.7774157238E-02
    122.   4.   0.1342171065E+02  -0.4802364860E+01   0.8401285492E+02   0.3719942573E+02   0.1222195683E+02  -0.7401397885E+00   0.7774816855E-02
    122.   5.   0.1342171065E+02  -0.4802364860E+01   0.8401285492E+02   0.3719999067E+02   0.1223358554E+02  -0.7386531614E+00   0.7774973625E-02
    122.   6.   0.1342171065E+02  -0.4802364860E+01   0.8401285492E+02   0.3720010796E+02   0.1223526720E+02  -0.7393941905E+00   0.7775013932E-02
    123.   1.   0.1364118449E+02  -0.4138008070E+01   0.8404819682E+02   0.3315722300E+02   0.1036812925E+02  -0.5575631892E+00   0.8233151322E-02
    123.   2.   0.1364118449E+02  -0.4138008070E+01   0.8404819682E+02   0.3837144406E+02   0.1199254842E+02  -0.6509894226E+00   0.8217047541E-02
    123.   3.   0.1364118449E+02  -0.4138008070E+01   0.8404819682E+02   0.3839736973E+02   0.1213183718E+02  -0.6425926893E+00   0.8221918426E-02
    123.   4.   0.1364118449E+02  -0.4138008070E+01   0.8404819682E+02   0.3839946567E+02   0.1216200776E+02  -0.6364276660E+00   0.8222620579E-02
    123.   5.   0.1364118449E+02  -0.4138008070E+01   0.8404819682E+02   0.3840003962E+02   0.1217374430E+02  -0.6350103179E+00   0.8222790500E-02
    123.   6.   0.1364118449E+02  -0.4138008070E+01   0.8404819682E+02   0.3840016148E+02   0.1217566750E+02  -0.6357272287E+00   0.8222838047E-02
    124.   1.   0.1382779551E+02  -0.3463682460E+01   0.8407868579E+02   0.3404035292E+02   0.1031366425E+02  -0.4711909488E+00   0.8630731116E-02
    124.   2.   0.1382779551E+02  -0.3463682460E+01   0.8407868579E+02   0.3940268271E+02   0.1194302001E+02  -0.5522182168E+00   0.8613828994E-02
    124.   3.   0.1382779551E+02  -0.3463682460E+01   0.8407868579E+02   0.3943006461E+02   0.1208295907E+02  -0.5439187646E+00   0.8618946423E-02
    124.   4.   0.1382779551E+02  -0.3463682460E+01   0.8407868579E+02   0.3943216837E+02   0.1211311426E+02  -0.5378357361E+00   0.8619686264E-02
    124.   5.   0.1382779551E+02  -0.3463682460E+01   0.8407868579E+02   0.3943275187E+02   0.1212494997E+02  -0.5364612591E+00   0.8619867756E-02
    124.   6.   0.1382779551E+02  -0.3463682460E+01   0.8407868579E+02   0.3943287760E+02   0.1212708851E+02  -0.5371189493E+00   0.8619921498E-02
    125.   1.   0.1398109417E+02  -0.2781012540E+01   0.8410403361E+02   0.3477576593E+02   0.1028534941E+02  -0.3810692982E+00   0.8968800750E-02
    125.   2.   0.1398109417E+02  -0.2781012540E+01   0.8410403361E+02   0.4025286460E+02   0.1178591491E+02  -0.4510915730E+00   0.8951218294E-02
    125.   3.   0.1398109417E+02  -0.2781012540E+01   0.8410403361E+02   0.4028690249E+02   0.1204368154E+02  -0.4464806132E+00   0.8956545617E-02
    125.   4.   0.1398109417E+02  -0.2781012540E+01   0.8410403361E+02   0.4028901143E+02   0.1207384106E+02  -0.4404682820E+00   0.8957317534E-02
    125.   5.   0.1398109417E+02  -0.2781012540E+01   0.8410403361E+02   0.4028960494E+02   0.1208576240E+02  -0.4391121279E+00   0.8957508770E-02
    125.   6.   0.1398109417E+02  -0.2781012540E+01   0.8410403361E+02   0.4028973380E+02   0.1208808512E+02  -0.4396793181E+00   0.8957567631E-02
    126.   1.   0.1410071115E+02  -0.2091642910E+01   0.8412400091E+02   0.3535419271E+02   0.1026344279E+02  -0.2882084126E+00   0.9239891348E-02
    126.   2.   0.1410071115E+02  -0.2091642910E+01   0.8412400091E+02   0.4092579315E+02   0.1175560340E+02  -0.3411396789E+00   0.9221762009E-02
    126.   3.   0.1410071115E+02  -0.2091642910E+01   0.8412400091E+02   0.4096071322E+02   0.1201328607E+02  -0.3376299510E+00   0.9227257925E-02
    126.   4.   0.1410071115E+02  -0.2091642910E+01   0.8412400091E+02   0.4096265328E+02   0.1203474120E+02  -0.3379601412E+00   0.9228055536E-02
    126.   5.   0.1410071115E+02  -0.2091642910E+01   0.8412400091E+02   0.4096348682E+02   0.1205544057E+02  -0.3374897207E+00   0.9228254539E-02
    126.   6.   0.1410071115E+02  -0.2091642910E+01   0.8412400091E+02   0.4096361812E+02   0.1205791141E+02  -0.3379397338E+00   0.9228317405E-02
    127.   1.   0.1418635828E+02  -0.1397234340E+01   0.8413839930E+02   0.3559216277E+02   0.1024780246E+02  -0.1928648520E+00   0.9437974688E-02
    127.   2.   0.1418635828E+02  -0.1397234340E+01   0.8413839930E+02   0.4112695933E+02   0.1173405908E+02  -0.2281000809E+00   0.9419445830E-02
    127.   3.   0.1418635828E+02  -0.1397234340E+01   0.8413839930E+02   0.4116250659E+02   0.1199169380E+02  -0.2257354261E+00   0.9425064953E-02
    127.   4.   0.1418635828E+02  -0.1397234340E+01   0.8413839930E+02   0.4116445872E+02   0.1201316566E+02  -0.2259669127E+00   0.9425881336E-02
    127.   5.   0.1418635828E+02  -0.1397234340E+01   0.8413839930E+02   0.4116528757E+02   0.1203387447E+02  -0.2256596404E+00   0.9426085997E-02
    127.   6.   0.1418635828E+02  -0.1397234340E+01   0.8413839930E+02   0.4116542062E+02   0.1203645382E+02  -0.2259716252E+00   0.9426151736E-02
    128.   1.   0.1423782923E+02  -0.6994597000E+00   0.8414709297E+02   0.3566486431E+02   0.1023850965E+02  -0.9698798547E-01   0.9558627834E-02
    128.   2.   0.1423782923E+02  -0.6994597000E+00   0.8414709297E+02   0.4113585028E+02   0.1172130845E+02  -0.1147900324E+00   0.9539855285E-02
    128.   3.   0.1423782923E+02  -0.6994597000E+00   0.8414709297E+02   0.4117177261E+02   0.1197891858E+02  -0.1136001584E+00   0.9545549523E-02
    128.   4.   0.1423782923E+02  -0.6994597000E+00   0.8414709297E+02   0.4117373210E+02   0.1200040108E+02  -0.1137193408E+00   0.9546377346E-02
    128.   5.   0.1423782923E+02  -0.6994597000E+00   0.8414709297E+02   0.4117455813E+02   0.1202111609E+02  -0.1135676288E+00   0.9546585436E-02
    128.   6.   0.1423782923E+02  -0.6994597000E+00   0.8414709297E+02   0.4117469222E+02   0.1202376161E+02  -0.1137272611E+00   0.9546652903E-02
