# digitalmodel weldolet_crack CINT table
# units: length=mm force=N stress=MPa K=MPa*sqrt(mm) J=N/mm
# mesh_level     1.
# front_nodes     128.
# contours   6.
# columns: node contour x y z K1 K2 K3 J
      1.   1.   0.1590500000E+02   0.0000000000E+00   0.8415000000E+02   0.3786422422E+02   0.1443441702E+02   0.4121663276E-09   0.1168117207E-01
      1.   2.   0.1590500000E+02   0.0000000000E+00   0.8415000000E+02   0.4402767944E+02   0.1683148105E+02  -0.1106454830E-08   0.1165812745E-01
      1.   3.   0.1590500000E+02   0.0000000000E+00   0.8415000000E+02   0.4423264872E+02   0.1729327335E+02  -0.6260412363E-09   0.1166509542E-01
      1.   4.   0.1590500000E+02   0.0000000000E+00   0.8415000000E+02   0.4423457498E+02   0.1732335031E+02   0.1065863814E-09   0.1166611041E-01
      1.   5.   0.1590500000E+02   0.0000000000E+00   0.8415000000E+02   0.4423553873E+02   0.1735717618E+02   0.3693705106E-09   0.1166637123E-01
      1.   6.   0.1590500000E+02   0.0000000000E+00   0.8415000000E+02   0.4423570017E+02   0.1735750992E+02   0.4309859244E-09   0.1166646210E-01
      2.   1.   0.1588584173E+02   0.7804213600E+00   0.8414638104E+02   0.3778237408E+02   0.1443969292E+02  -0.8311419401E-02   0.1163891890E-01
      2.   2.   0.1588584173E+02   0.7804213600E+00   0.8414638104E+02   0.4393164299E+02   0.1683853554E+02  -0.9331675964E-02   0.1161596138E-01
      2.   3.   0.1588584173E+02   0.7804213600E+00   0.8414638104E+02   0.4413612991E+02   0.1730015090E+02  -0.1139882862E-01   0.1162290222E-01
      2.   4.   0.1588584173E+02   0.7804213600E+00   0.8414638104E+02   0.4413805451E+02   0.1733023991E+02  -0.1131131349E-01   0.1162391278E-01
      2.   5.   0.1588584173E+02   0.7804213600E+00   0.8414638104E+02   0.4413901997E+02   0.1736407555E+02  -0.1145265446E-01   0.1162417193E-01
      2.   6.   0.1588584173E+02   0.7804213600E+00   0.8414638104E+02   0.4413918090E+02   0.1736439591E+02  -0.1127600054E-01   0.1162426153E-01
      3.   1.   0.1582841308E+02   0.1558962620E+01   0.8413555809E+02   0.3753752129E+02   0.1445554959E+02  -0.1878217669E-01   0.1151309401E-01
      3.   2.   0.1582841308E+02   0.1558962620E+01   0.8413555809E+02   0.4364433575E+02   0.1685974517E+02  -0.2123509644E-01   0.1149039472E-01
      3.   3.   0.1582841308E+02   0.1558962620E+01   0.8413555809E+02   0.4384738088E+02   0.1732084519E+02  -0.2538657317E-01   0.1149725473E-01
      3.   4.   0.1582841308E+02   0.1558962620E+01   0.8413555809E+02   0.4384930055E+02   0.1735097027E+02  -0.2522026279E-01   0.1149825214E-01
      3.   5.   0.1582841308E+02   0.1558962620E+01   0.8413555809E+02   0.4385027118E+02   0.1738483564E+02  -0.2550945026E-01   0.1149850630E-01
      3.   6.   0.1582841308E+02   0.1558962620E+01   0.8413555809E+02   0.4385043058E+02   0.1738511614E+02  -0.2516355171E-01   0.1149859212E-01
      4.   1.   0.1573285239E+02   0.2333748200E+01   0.8411763263E+02   0.3713175837E+02   0.1448207589E+02  -0.3346352845E-01   0.1130647345E-01
      4.   2.   0.1573285239E+02   0.2333748200E+01   0.8411763263E+02   0.4316816906E+02   0.1689525206E+02  -0.3815427171E-01   0.1128419867E-01
      4.   3.   0.1573285239E+02   0.2333748200E+01   0.8411763263E+02   0.4336882532E+02   0.1735554158E+02  -0.4442263554E-01   0.1129092599E-01
      4.   4.   0.1573285239E+02   0.2333748200E+01   0.8411763263E+02   0.4337073693E+02   0.1738572765E+02  -0.4419448400E-01   0.1129190185E-01
      4.   5.   0.1573285239E+02   0.2333748200E+01   0.8411763263E+02   0.4337171617E+02   0.1741964312E+02  -0.4464422111E-01   0.1129214777E-01
      4.   6.   0.1573285239E+02   0.2333748200E+01   0.8411763263E+02   0.4337187302E+02   0.1741985829E+02  -0.4414367478E-01   0.1129222733E-01
      5.   1.   0.1559938988E+02   0.3102911570E+01   0.8409277282E+02   0.3656855477E+02   0.1451941316E+02  -0.5419190553E-01   0.1102360600E-01
      5.   2.   0.1559938988E+02   0.3102911570E+01   0.8409277282E+02   0.4250714520E+02   0.1694529247E+02  -0.6227853892E-01   0.1100191141E-01
      5.   3.   0.1559938988E+02   0.3102911570E+01   0.8409277282E+02   0.4270449188E+02   0.1740454636E+02  -0.7070800254E-01   0.1100845733E-01
      5.   4.   0.1559938988E+02   0.3102911570E+01   0.8409277282E+02   0.4270639235E+02   0.1743481905E+02  -0.7044261472E-01   0.1100940368E-01
      5.   5.   0.1559938988E+02   0.3102911570E+01   0.8409277282E+02   0.4270738365E+02   0.1746880582E+02  -0.7107120342E-01   0.1100963826E-01
      5.   6.   0.1559938988E+02   0.3102911570E+01   0.8409277282E+02   0.4270753695E+02   0.1746893228E+02  -0.7043714412E-01   0.1100970918E-01
      6.   1.   0.1542834708E+02   0.3864599760E+01   0.8406121203E+02   0.3585275093E+02   0.1456776387E+02  -0.8249748284E-01   0.1067069235E-01
      6.   2.   0.1542834708E+02   0.3864599760E+01   0.8406121203E+02   0.4166684586E+02   0.1701019841E+02  -0.9543631626E-01   0.1064972086E-01
      6.   3.   0.1542834708E+02   0.3864599760E+01   0.8406121203E+02   0.4186000144E+02   0.1746828331E+02  -0.1060775670E+00   0.1065604073E-01
      6.   4.   0.1542834708E+02   0.3864599760E+01   0.8406121203E+02   0.4186188798E+02   0.1749866921E+02  -0.1058062463E+00   0.1065695024E-01
      6.   5.   0.1542834708E+02   0.3864599760E+01   0.8406121203E+02   0.4186289478E+02   0.1753275022E+02  -0.1066364142E+00   0.1065717062E-01
      6.   6.   0.1542834708E+02   0.3864599760E+01   0.8406121203E+02   0.4186304354E+02   0.1753276663E+02  -0.1058961017E+00   0.1065723062E-01
      7.   1.   0.1522013604E+02   0.4616977790E+01   0.8402324688E+02   0.3523928089E+02   0.1468697448E+02  -0.1200324542E+00   0.1025542445E-01
      7.   2.   0.1522013604E+02   0.4616977790E+01   0.8402324688E+02   0.4065441323E+02   0.1709055392E+02  -0.1389177920E+00   0.1023530270E-01
      7.   3.   0.1522013604E+02   0.4616977790E+01   0.8402324688E+02   0.4084254965E+02   0.1754744243E+02  -0.1518218328E+00   0.1024135710E-01
      7.   4.   0.1522013604E+02   0.4616977790E+01   0.8402324688E+02   0.4084441964E+02   0.1757796984E+02  -0.1515809932E+00   0.1024222328E-01
      7.   5.   0.1522013604E+02   0.4616977790E+01   0.8402324688E+02   0.4084544537E+02   0.1761216957E+02  -0.1526386601E+00   0.1024242688E-01
      7.   6.   0.1522013604E+02   0.4616977790E+01   0.8402324688E+02   0.4084558861E+02   0.1761205792E+02  -0.1518240870E+00   0.1024247385E-01
      8.   1.   0.1497525836E+02   0.5358233120E+01   0.8397923456E+02   0.3423111294E+02   0.1476035266E+02  -0.1667556124E+00   0.9786778374E-02
      8.   2.   0.1497525836E+02   0.5358233120E+01   0.8397923456E+02   0.3947850659E+02   0.1718654884E+02  -0.1936887394E+00   0.9767612580E-02
      8.   3.   0.1497525836E+02   0.5358233120E+01   0.8397923456E+02   0.3966086473E+02   0.1764232478E+02  -0.2088996626E+00   0.9773367973E-02
      8.   4.   0.1497525836E+02   0.5358233120E+01   0.8397923456E+02   0.3966271589E+02   0.1767302318E+02  -0.2087296008E+00   0.9774185276E-02
      8.   5.   0.1497525836E+02   0.5358233120E+01   0.8397923456E+02   0.3966376391E+02   0.1770736817E+02  -0.2100424886E+00   0.9774369820E-02
      8.   6.   0.1497525836E+02   0.5358233120E+01   0.8397923456E+02   0.3966390069E+02   0.1770711378E+02  -0.2091895608E+00   0.9774401831E-02
      9.   1.   0.1469430396E+02   0.6086579990E+01   0.8392958980E+02   0.3309187449E+02   0.1484599774E+02  -0.2231458370E+00   0.9274768430E-02
      9.   2.   0.1469430396E+02   0.6086579990E+01   0.8392958980E+02   0.3814928776E+02   0.1729892466E+02  -0.2599171762E+00   0.9256644468E-02
      9.   3.   0.1469430396E+02   0.6086579990E+01   0.8392958980E+02   0.3832518633E+02   0.1775377955E+02  -0.2774653315E+00   0.9262073788E-02
      9.   4.   0.1469430396E+02   0.6086579990E+01   0.8392958980E+02   0.3832701662E+02   0.1778468049E+02  -0.2774080495E+00   0.9262837707E-02
      9.   5.   0.1469430396E+02   0.6086579990E+01   0.8392958980E+02   0.3832809026E+02   0.1781919930E+02  -0.2790040848E+00   0.9263001267E-02
      9.   6.   0.1469430396E+02   0.6086579990E+01   0.8392958980E+02   0.3832821963E+02   0.1781879133E+02  -0.2781511342E+00   0.9263016615E-02
     10.   1.   0.1437794971E+02   0.6800263760E+01   0.8387478115E+02   0.3183163232E+02   0.1494426555E+02  -0.2888612648E+00   0.8730170120E-02
     10.   2.   0.1437794971E+02   0.6800263760E+01   0.8387478115E+02   0.3667835636E+02   0.1742830158E+02  -0.3372143312E+00   0.8713151742E-02
     10.   3.   0.1437794971E+02   0.6800263760E+01   0.8387478115E+02   0.3684719608E+02   0.1788252519E+02  -0.3571084731E+00   0.8718235056E-02
     10.   4.   0.1437794971E+02   0.6800263760E+01   0.8387478115E+02   0.3684941455E+02   0.1793098063E+02  -0.3638855255E+00   0.8718942216E-02
     10.   5.   0.1437794971E+02   0.6800263760E+01   0.8387478115E+02   0.3685004458E+02   0.1794821393E+02  -0.3658767043E+00   0.8719083284E-02
     10.   6.   0.1437794971E+02   0.6800263760E+01   0.8387478115E+02   0.3685016563E+02   0.1794764561E+02  -0.3650631585E+00   0.8719080518E-02
     11.   1.   0.1402695771E+02   0.7497565100E+01   0.8381532687E+02   0.3081397753E+02   0.1505552731E+02  -0.3630268053E+00   0.8164219598E-02
     11.   2.   0.1402695771E+02   0.7497565100E+01   0.8381532687E+02   0.3564528783E+02   0.1777866018E+02  -0.4366519239E+00   0.8148346693E-02
     11.   3.   0.1402695771E+02   0.7497565100E+01   0.8381532687E+02   0.3579955940E+02   0.1802916259E+02  -0.4551895283E+00   0.8153071412E-02
     11.   4.   0.1402695771E+02   0.7497565100E+01   0.8381532687E+02   0.3580179058E+02   0.1807806291E+02  -0.4622824974E+00   0.8153719590E-02
     11.   5.   0.1402695771E+02   0.7497565100E+01   0.8381532687E+02   0.3580241598E+02   0.1809535507E+02  -0.4644672485E+00   0.8153837093E-02
     11.   6.   0.1402695771E+02   0.7497565100E+01   0.8381532687E+02   0.3580252786E+02   0.1809462368E+02  -0.4637322277E+00   0.8153814989E-02
     12.   1.   0.1364217354E+02   0.8176804150E+01   0.8375179027E+02   0.2935046102E+02   0.1520689269E+02  -0.4452341619E+00   0.7588288569E-02
     12.   2.   0.1364217354E+02   0.8176804150E+01   0.8375179027E+02   0.3393155230E+02   0.1794593790E+02  -0.5366480898E+00   0.7573577160E-02
     12.   3.   0.1364217354E+02   0.8176804150E+01   0.8375179027E+02   0.3407798736E+02   0.1821208515E+02  -0.5578391952E+00   0.7577938002E-02
     12.   4.   0.1364217354E+02   0.8176804150E+01   0.8375179027E+02   0.3407978334E+02   0.1824389252E+02  -0.5686113826E+00   0.7578526146E-02
     12.   5.   0.1364217354E+02   0.8176804150E+01   0.8375179027E+02   0.3408040598E+02   0.1826126201E+02  -0.5710205415E+00   0.7578619334E-02
     12.   6.   0.1364217354E+02   0.8176804150E+01   0.8375179027E+02   0.3408050782E+02   0.1826036919E+02  -0.5704009863E+00   0.7578576960E-02
     13.   1.   0.1322452418E+02   0.8836344560E+01   0.8368477469E+02   0.2779453625E+02   0.1530083829E+02  -0.5301294899E+00   0.7013557381E-02
     13.   2.   0.1322452418E+02   0.8836344560E+01   0.8368477469E+02   0.3212480019E+02   0.1833974818E+02  -0.6526094471E+00   0.7000001095E-02
     13.   3.   0.1322452418E+02   0.8836344560E+01   0.8368477469E+02   0.3225670084E+02   0.1839733365E+02  -0.6503091405E+00   0.7003999898E-02
     13.   4.   0.1322452418E+02   0.8836344560E+01   0.8368477469E+02   0.3225846943E+02   0.1842948826E+02  -0.6613263288E+00   0.7004528074E-02
     13.   5.   0.1322452418E+02   0.8836344560E+01   0.8368477469E+02   0.3225909118E+02   0.1844695642E+02  -0.6639857753E+00   0.7004596604E-02
     13.   6.   0.1322452418E+02   0.8836344560E+01   0.8368477469E+02   0.3225918221E+02   0.1844590761E+02  -0.6635154685E+00   0.7004533209E-02
     14.   1.   0.1277501579E+02   0.9474597440E+01   0.8361491795E+02   0.2617131588E+02   0.1545767977E+02  -0.6196703552E+00   0.6450690691E-02
     14.   2.   0.1277501579E+02   0.9474597440E+01   0.8361491795E+02   0.3023027781E+02   0.1854685397E+02  -0.7602371578E+00   0.6438260812E-02
     14.   3.   0.1277501579E+02   0.9474597440E+01   0.8361491795E+02   0.3035282514E+02   0.1860125721E+02  -0.7580238862E+00   0.6441906105E-02
     14.   4.   0.1277501579E+02   0.9474597440E+01   0.8361491795E+02   0.3035488555E+02   0.1865268270E+02  -0.7665672735E+00   0.6442375503E-02
     14.   5.   0.1277501579E+02   0.9474597440E+01   0.8361491795E+02   0.3035519080E+02   0.1865186225E+02  -0.7656449132E+00   0.6442419376E-02
     14.   6.   0.1277501579E+02   0.9474597440E+01   0.8361491795E+02   0.3035527024E+02   0.1865066679E+02  -0.7653525808E+00   0.6442334425E-02
     15.   1.   0.1229473126E+02   0.1009002518E+02   0.8354288654E+02   0.2460755646E+02   0.1593190996E+02  -0.7257128592E+00   0.5909525644E-02
     15.   2.   0.1229473126E+02   0.1009002518E+02   0.8354288654E+02   0.2827136256E+02   0.1877303857E+02  -0.8744282850E+00   0.5898173701E-02
     15.   3.   0.1229473126E+02   0.1009002518E+02   0.8354288654E+02   0.2838387375E+02   0.1882467069E+02  -0.8723428751E+00   0.5901480402E-02
     15.   4.   0.1229473126E+02   0.1009002518E+02   0.8354288654E+02   0.2838594270E+02   0.1887676482E+02  -0.8813082537E+00   0.5901893124E-02
     15.   5.   0.1229473126E+02   0.1009002518E+02   0.8354288654E+02   0.2838621892E+02   0.1887584583E+02  -0.8805488086E+00   0.5901912647E-02
     15.   6.   0.1229473126E+02   0.1009002518E+02   0.8354288654E+02   0.2838628609E+02   0.1887451641E+02  -0.8804572312E+00   0.5901805727E-02
     16.   1.   0.1178482765E+02   0.1068114518E+02   0.8346936946E+02   0.2288721097E+02   0.1637996728E+02  -0.8345771891E+00   0.5398792442E-02
     16.   2.   0.1178482765E+02   0.1068114518E+02   0.8346936946E+02   0.2626675022E+02   0.1901692357E+02  -0.9727882685E+00   0.5388452563E-02
     16.   3.   0.1178482765E+02   0.1068114518E+02   0.8346936946E+02   0.2636864316E+02   0.1908506944E+02  -0.9734188305E+00   0.5391440991E-02
     16.   4.   0.1178482765E+02   0.1068114518E+02   0.8346936946E+02   0.2637045644E+02   0.1911955252E+02  -0.9755433308E+00   0.5391799938E-02
     16.   5.   0.1178482765E+02   0.1068114518E+02   0.8346936946E+02   0.2637070259E+02   0.1911854962E+02  -0.9749673998E+00   0.5391795610E-02
     16.   6.   0.1178482765E+02   0.1068114518E+02   0.8346936946E+02   0.2637075685E+02   0.1911710171E+02  -0.9750923304E+00   0.5391666355E-02
     17.   1.   0.1124653335E+02   0.1124653335E+02   0.8339507172E+02   0.2113570903E+02   0.1659462236E+02  -0.9187302700E+00   0.4925871006E-02
     17.   2.   0.1124653335E+02   0.1124653335E+02   0.8339507172E+02   0.2423565014E+02   0.1927741745E+02  -0.1070851735E+01   0.4916462098E-02
     17.   3.   0.1124653335E+02   0.1124653335E+02   0.8339507172E+02   0.2432565163E+02   0.1934478368E+02  -0.1071782327E+01   0.4919157268E-02
     17.   4.   0.1124653335E+02   0.1124653335E+02   0.8339507172E+02   0.2432744131E+02   0.1937974613E+02  -0.1074210880E+01   0.4919466065E-02
     17.   5.   0.1124653335E+02   0.1124653335E+02   0.8339507172E+02   0.2432765652E+02   0.1937867582E+02  -0.1073832202E+01   0.4919438516E-02
     17.   6.   0.1124653335E+02   0.1124653335E+02   0.8339507172E+02   0.2432769734E+02   0.1937712741E+02  -0.1074181171E+01   0.4919286599E-02
     18.   1.   0.1068114518E+02   0.1178482765E+02   0.8332070773E+02   0.1939520946E+02   0.1683083935E+02  -0.9961842275E+00   0.4496598187E-02
     18.   2.   0.1068114518E+02   0.1178482765E+02   0.8332070773E+02   0.2219801785E+02   0.1955266169E+02  -0.1160840343E+01   0.4488026264E-02
     18.   3.   0.1068114518E+02   0.1178482765E+02   0.8332070773E+02   0.2227554733E+02   0.1963880118E+02  -0.1166627498E+01   0.4490456720E-02
     18.   4.   0.1068114518E+02   0.1178482765E+02   0.8332070773E+02   0.2227671727E+02   0.1965635079E+02  -0.1168947485E+01   0.4490719432E-02
     18.   5.   0.1068114518E+02   0.1178482765E+02   0.8332070773E+02   0.2227690100E+02   0.1965523122E+02  -0.1168771631E+01   0.4490669422E-02
     18.   6.   0.1068114518E+02   0.1178482765E+02   0.8332070773E+02   0.2227692790E+02   0.1965360180E+02  -0.1169343960E+01   0.4490494426E-02
     19.   1.   0.1009002518E+02   0.1229473126E+02   0.8324699444E+02   0.1767598923E+02   0.1708358700E+02  -0.1060284242E+01   0.4115130162E-02
     19.   2.   0.1009002518E+02   0.1229473126E+02   0.8324699444E+02   0.2017336726E+02   0.1985677151E+02  -0.1235420699E+01   0.4107293521E-02
     19.   3.   0.1009002518E+02   0.1229473126E+02   0.8324699444E+02   0.2023637569E+02   0.1992879896E+02  -0.1243336714E+01   0.4109490435E-02
     19.   4.   0.1009002518E+02   0.1229473126E+02   0.8324699444E+02   0.2023748303E+02   0.1994661970E+02  -0.1245922904E+01   0.4109711467E-02
     19.   5.   0.1009002518E+02   0.1229473126E+02   0.8324699444E+02   0.2023763497E+02   0.1994546945E+02  -0.1245948028E+01   0.4109639720E-02
     19.   6.   0.1009002518E+02   0.1229473126E+02   0.8324699444E+02   0.2023764764E+02   0.1994377955E+02  -0.1246734190E+01   0.4109441145E-02
     20.   1.   0.9474597440E+01   0.1277501579E+02   0.8317464440E+02   0.1597116437E+02   0.1733781991E+02  -0.1109456685E+01   0.3783874564E-02
     20.   2.   0.9474597440E+01   0.1277501579E+02   0.8317464440E+02   0.1818087280E+02   0.2015187929E+02  -0.1291614278E+01   0.3776666794E-02
     20.   3.   0.9474597440E+01   0.1277501579E+02   0.8317464440E+02   0.1822948534E+02   0.2024821102E+02  -0.1299128010E+01   0.3778662791E-02
     20.   4.   0.9474597440E+01   0.1277501579E+02   0.8317464440E+02   0.1823012381E+02   0.2024790208E+02  -0.1298688397E+01   0.3778846718E-02
     20.   5.   0.9474597440E+01   0.1277501579E+02   0.8317464440E+02   0.1823024400E+02   0.2024673979E+02  -0.1298905086E+01   0.3778753894E-02
     20.   6.   0.9474597440E+01   0.1277501579E+02   0.8317464440E+02   0.1823024222E+02   0.2024501013E+02  -0.1299887152E+01   0.3778531123E-02
     21.   1.   0.8836344560E+01   0.1322452418E+02   0.8310435885E+02   0.1429856189E+02   0.1758936746E+02  -0.1140279003E+01   0.3503489515E-02
     21.   2.   0.8836344560E+01   0.1322452418E+02   0.8310435885E+02   0.1624035975E+02   0.2046937242E+02  -0.1329070194E+01   0.3496802174E-02
     21.   3.   0.8836344560E+01   0.1322452418E+02   0.8310435885E+02   0.1627389226E+02   0.2055669136E+02  -0.1331877967E+01   0.3498630254E-02
     21.   4.   0.8836344560E+01   0.1322452418E+02   0.8310435885E+02   0.1627442696E+02   0.2055642916E+02  -0.1331646679E+01   0.3498781572E-02
     21.   5.   0.8836344560E+01   0.1322452418E+02   0.8310435885E+02   0.1627451573E+02   0.2055527306E+02  -0.1332037474E+01   0.3498668347E-02
     21.   6.   0.8836344560E+01   0.1322452418E+02   0.8310435885E+02   0.1627449945E+02   0.2055352377E+02  -0.1333189396E+01   0.3498420669E-02
     22.   1.   0.8176804150E+01   0.1364217354E+02   0.8303682075E+02   0.1268741380E+02   0.1784668793E+02  -0.1153219623E+01   0.3272948740E-02
     22.   2.   0.8176804150E+01   0.1364217354E+02   0.8303682075E+02   0.1437030002E+02   0.2077013236E+02  -0.1343206197E+01   0.3266676057E-02
     22.   3.   0.8176804150E+01   0.1364217354E+02   0.8303682075E+02   0.1438965471E+02   0.2086852279E+02  -0.1346385772E+01   0.3268368421E-02
     22.   4.   0.8176804150E+01   0.1364217354E+02   0.8303682075E+02   0.1439008853E+02   0.2086832490E+02  -0.1346343439E+01   0.3268491548E-02
     22.   5.   0.8176804150E+01   0.1364217354E+02   0.8303682075E+02   0.1439014657E+02   0.2086719152E+02  -0.1346884837E+01   0.3268358443E-02
     22.   6.   0.8176804150E+01   0.1364217354E+02   0.8303682075E+02   0.1439011590E+02   0.2086544158E+02  -0.1348172998E+01   0.3268085162E-02
     23.   1.   0.7497565100E+01   0.1402695771E+02   0.8297268802E+02   0.1102248709E+02   0.1828148170E+02  -0.1154808030E+01   0.3089682064E-02
     23.   2.   0.7497565100E+01   0.1402695771E+02   0.8297268802E+02   0.1258924037E+02   0.2106783817E+02  -0.1332889827E+01   0.3083723978E-02
     23.   3.   0.7497565100E+01   0.1402695771E+02   0.8297268802E+02   0.1259565956E+02   0.2117894527E+02  -0.1336392095E+01   0.3085311060E-02
     23.   4.   0.7497565100E+01   0.1402695771E+02   0.8297268802E+02   0.1259599653E+02   0.2117882668E+02  -0.1336512914E+01   0.3085410157E-02
     23.   5.   0.7497565100E+01   0.1402695771E+02   0.8297268802E+02   0.1259602487E+02   0.2117773079E+02  -0.1337175192E+01   0.3085257726E-02
     23.   6.   0.7497565100E+01   0.1402695771E+02   0.8297268802E+02   0.1259598012E+02   0.2117599714E+02  -0.1338559869E+01   0.3084958211E-02
     24.   1.   0.6800263760E+01   0.1437794971E+02   0.8291258687E+02   0.9524303563E+01   0.1856382092E+02  -0.1123482900E+01   0.2949773724E-02
     24.   2.   0.6800263760E+01   0.1437794971E+02   0.8291258687E+02   0.1084534758E+02   0.2134301720E+02  -0.1296500167E+01   0.2944038940E-02
     24.   3.   0.6800263760E+01   0.1437794971E+02   0.8291258687E+02   0.1091001744E+02   0.2148346893E+02  -0.1305367829E+01   0.2945548478E-02
     24.   4.   0.6800263760E+01   0.1437794971E+02   0.8291258687E+02   0.1091026261E+02   0.2148344113E+02  -0.1305621244E+01   0.2945627318E-02
     24.   5.   0.6800263760E+01   0.1437794971E+02   0.8291258687E+02   0.1091026266E+02   0.2148239505E+02  -0.1306369958E+01   0.2945456186E-02
     24.   6.   0.6800263760E+01   0.1437794971E+02   0.8291258687E+02   0.1091020431E+02   0.2148069186E+02  -0.1307807066E+01   0.2945129961E-02
     25.   1.   0.6086579990E+01   0.1469430396E+02   0.8285710549E+02   0.8177695760E+01   0.1885027918E+02  -0.1072610625E+01   0.2848219415E-02
     25.   2.   0.6086579990E+01   0.1469430396E+02   0.8285710549E+02   0.9295068971E+01   0.2165769117E+02  -0.1232418156E+01   0.2842628098E-02
     25.   3.   0.6086579990E+01   0.1469430396E+02   0.8285710549E+02   0.9350510222E+01   0.2177492757E+02  -0.1238615549E+01   0.2844084394E-02
     25.   4.   0.6086579990E+01   0.1469430396E+02   0.8285710549E+02   0.9350669723E+01   0.2177499841E+02  -0.1238967049E+01   0.2844146422E-02
     25.   5.   0.6086579990E+01   0.1469430396E+02   0.8285710549E+02   0.9350643230E+01   0.2177401082E+02  -0.1239765393E+01   0.2843957177E-02
     25.   6.   0.6086579990E+01   0.1469430396E+02   0.8285710549E+02   0.9350571990E+01   0.2177234923E+02  -0.1241207302E+01   0.2843604187E-02
     26.   1.   0.5358233120E+01   0.1497525836E+02   0.8280678799E+02   0.6953311495E+01   0.1909138958E+02  -0.9972812972E+00   0.2779227002E-02
     26.   2.   0.5358233120E+01   0.1497525836E+02   0.8280678799E+02   0.7887209171E+01   0.2193698093E+02  -0.1145911310E+01   0.2773712746E-02
     26.   3.   0.5358233120E+01   0.1497525836E+02   0.8280678799E+02   0.7933075141E+01   0.2204901849E+02  -0.1151530515E+01   0.2775136289E-02
     26.   4.   0.5358233120E+01   0.1497525836E+02   0.8280678799E+02   0.7933156177E+01   0.2204919115E+02  -0.1151943855E+01   0.2775184492E-02
     26.   5.   0.5358233120E+01   0.1497525836E+02   0.8280678799E+02   0.7933105270E+01   0.2204826775E+02  -0.1152752647E+01   0.2774978075E-02
     26.   6.   0.5358233120E+01   0.1497525836E+02   0.8280678799E+02   0.7933022049E+01   0.2204665513E+02  -0.1154150786E+01   0.2774598716E-02
     27.   1.   0.4616977790E+01   0.1522013604E+02   0.8276212877E+02   0.5864733117E+01   0.1931120504E+02  -0.9005557655E+00   0.2736549317E-02
     27.   2.   0.4616977790E+01   0.1522013604E+02   0.8276212877E+02   0.6636249473E+01   0.2219122591E+02  -0.1034805802E+01   0.2731060367E-02
     27.   3.   0.4616977790E+01   0.1522013604E+02   0.8276212877E+02   0.6672561952E+01   0.2230007553E+02  -0.1039781189E+01   0.2732467322E-02
     27.   4.   0.4616977790E+01   0.1522013604E+02   0.8276212877E+02   0.6672572692E+01   0.2230034913E+02  -0.1040219519E+01   0.2732504391E-02
     27.   5.   0.4616977790E+01   0.1522013604E+02   0.8276212877E+02   0.6672499825E+01   0.2229949149E+02  -0.1041000377E+01   0.2732281874E-02
     27.   6.   0.4616977790E+01   0.1522013604E+02   0.8276212877E+02   0.6672405721E+01   0.2229793181E+02  -0.1042306369E+01   0.2731877305E-02
     28.   1.   0.3864599760E+01   0.1542834708E+02   0.8272356742E+02   0.4912310489E+01   0.1952894830E+02  -0.7845977428E+00   0.2713836162E-02
     28.   2.   0.3864599760E+01   0.1542834708E+02   0.8272356742E+02   0.5554849659E+01   0.2241542311E+02  -0.9008820329E+00   0.2708335590E-02
     28.   3.   0.3864599760E+01   0.1542834708E+02   0.8272356742E+02   0.5582255853E+01   0.2252282159E+02  -0.9051513317E+00   0.2709737856E-02
     28.   4.   0.3864599760E+01   0.1542834708E+02   0.8272356742E+02   0.5582205364E+01   0.2252319015E+02  -0.9055795518E+00   0.2709766024E-02
     28.   5.   0.3864599760E+01   0.1542834708E+02   0.8272356742E+02   0.5582113315E+01   0.2252239628E+02  -0.9062954446E+00   0.2709528923E-02
     28.   6.   0.3864599760E+01   0.1542834708E+02   0.8272356742E+02   0.5582009638E+01   0.2252088935E+02  -0.9074637324E+00   0.2709100988E-02
     29.   1.   0.3102911570E+01   0.1559938988E+02   0.8269148406E+02   0.4127739878E+01   0.1969461326E+02  -0.6504142377E+00   0.2704983519E-02
     29.   2.   0.3102911570E+01   0.1559938988E+02   0.8269148406E+02   0.4654148679E+01   0.2260520504E+02  -0.7468210657E+00   0.2699449563E-02
     29.   3.   0.3102911570E+01   0.1559938988E+02   0.8269148406E+02   0.4673788559E+01   0.2271241677E+02  -0.7503251620E+00   0.2700854712E-02
     29.   4.   0.3102911570E+01   0.1559938988E+02   0.8269148406E+02   0.4673686774E+01   0.2271287025E+02  -0.7507108496E+00   0.2700876021E-02
     29.   5.   0.3102911570E+01   0.1559938988E+02   0.8269148406E+02   0.4673578606E+01   0.2271213440E+02  -0.7513281938E+00   0.2700626210E-02
     29.   6.   0.3102911570E+01   0.1559938988E+02   0.8269148406E+02   0.4673466828E+01   0.2271067657E+02  -0.7523173776E+00   0.2700177656E-02
     30.   1.   0.2333748200E+01   0.1573285239E+02   0.8266619536E+02   0.3508667069E+01   0.1982725093E+02  -0.5014280833E+00   0.2704467338E-02
     30.   2.   0.2333748200E+01   0.1573285239E+02   0.8266619536E+02   0.3943498730E+01   0.2275686091E+02  -0.5757558488E+00   0.2698891666E-02
     30.   3.   0.2333748200E+01   0.1573285239E+02   0.8266619536E+02   0.3956853906E+01   0.2286461550E+02  -0.5784402527E+00   0.2700303392E-02
     30.   4.   0.2333748200E+01   0.1573285239E+02   0.8266619536E+02   0.3956711448E+01   0.2286513982E+02  -0.5787555748E+00   0.2700319641E-02
     30.   5.   0.2333748200E+01   0.1573285239E+02   0.8266619536E+02   0.3956590485E+01   0.2286445296E+02  -0.5792455930E+00   0.2700059404E-02
     30.   6.   0.2333748200E+01   0.1573285239E+02   0.8266619536E+02   0.3956472229E+01   0.2286303727E+02  -0.5800203680E+00   0.2699593782E-02
     31.   1.   0.1558962620E+01   0.1582841308E+02   0.8264795121E+02   0.3061680582E+01   0.1992407553E+02  -0.3408989999E+00   0.2707646352E-02
     31.   2.   0.1558962620E+01   0.1582841308E+02   0.8264795121E+02   0.3430392169E+01   0.2286740456E+02  -0.3914327254E+00   0.2702031996E-02
     31.   3.   0.1558962620E+01   0.1582841308E+02   0.8264795121E+02   0.3439156642E+01   0.2297593703E+02  -0.3932509202E+00   0.2703450882E-02
     31.   4.   0.1558962620E+01   0.1582841308E+02   0.8264795121E+02   0.3438984691E+01   0.2297651447E+02  -0.3934738821E+00   0.2703463635E-02
     31.   5.   0.1558962620E+01   0.1582841308E+02   0.8264795121E+02   0.3438854423E+01   0.2297586492E+02  -0.3938136876E+00   0.2703195702E-02
     31.   6.   0.1558962620E+01   0.1582841308E+02   0.8264795121E+02   0.3438731460E+01   0.2297448138E+02  -0.3943462897E+00   0.2702717257E-02
     32.   1.   0.7804213600E+00   0.1588584173E+02   0.8263693201E+02   0.2791557650E+01   0.1998302114E+02  -0.1724598486E+00   0.2711012591E-02
     32.   2.   0.7804213600E+00   0.1588584173E+02   0.8263693201E+02   0.3120304669E+01   0.2293463390E+02  -0.1980250384E+00   0.2705371324E-02
     32.   3.   0.7804213600E+00   0.1588584173E+02   0.8263693201E+02   0.3126281574E+01   0.2304379390E+02  -0.1989430818E+00   0.2706795560E-02
     32.   4.   0.7804213600E+00   0.1588584173E+02   0.8263693201E+02   0.3126091745E+01   0.2304440430E+02  -0.1990584759E+00   0.2706806224E-02
     32.   5.   0.7804213600E+00   0.1588584173E+02   0.8263693201E+02   0.3125955852E+01   0.2304377797E+02  -0.1992323943E+00   0.2706533530E-02
     32.   6.   0.7804213600E+00   0.1588584173E+02   0.8263693201E+02   0.3125830019E+01   0.2304241454E+02  -0.1995036310E+00   0.2706047104E-02
     33.   1.   0.0000000000E+00   0.1590500000E+02   0.8263324679E+02   0.2701193129E+01   0.2000281268E+02   0.4286771922E-07   0.2712381734E-02
     33.   2.   0.0000000000E+00   0.1590500000E+02   0.8263324679E+02   0.3016567878E+01   0.2295719586E+02   0.4644648061E-07   0.2706730874E-02
     33.   3.   0.0000000000E+00   0.1590500000E+02   0.8263324679E+02   0.3021612064E+01   0.2306659243E+02   0.4592420847E-07   0.2708157106E-02
     33.   4.   0.0000000000E+00   0.1590500000E+02   0.8263324679E+02   0.3021416255E+01   0.2306721386E+02   0.4486605796E-07   0.2708167049E-02
     33.   5.   0.0000000000E+00   0.1590500000E+02   0.8263324679E+02   0.3021278465E+01   0.2306659540E+02   0.4458245162E-07   0.2707892735E-02
     33.   6.   0.0000000000E+00   0.1590500000E+02   0.8263324679E+02   0.3021151669E+01   0.2306523884E+02   0.4465178636E-07   0.2707403624E-02
     34.   1.  -0.7804213600E+00   0.1588584173E+02   0.8263693201E+02   0.2791557650E+01   0.1998302114E+02   0.1724599272E+00   0.2711012591E-02
     34.   2.  -0.7804213600E+00   0.1588584173E+02   0.8263693201E+02   0.3120304670E+01   0.2293463390E+02   0.1980251282E+00   0.2705371324E-02
     34.   3.  -0.7804213600E+00   0.1588584173E+02   0.8263693201E+02   0.3126281575E+01   0.2304379390E+02   0.1989431720E+00   0.2706795560E-02
     34.   4.  -0.7804213600E+00   0.1588584173E+02   0.8263693201E+02   0.3126091746E+01   0.2304440430E+02   0.1990585661E+00   0.2706806223E-02
     34.   5.  -0.7804213600E+00   0.1588584173E+02   0.8263693201E+02   0.3125955853E+01   0.2304377797E+02   0.1992324845E+00   0.2706533530E-02
     34.   6.  -0.7804213600E+00   0.1588584173E+02   0.8263693201E+02   0.3125830020E+01   0.2304241454E+02   0.1995037212E+00   0.2706047104E-02
     35.   1.  -0.1558962620E+01   0.1582841308E+02   0.8264795121E+02   0.3061680584E+01   0.1992407553E+02   0.3408990775E+00   0.2707646352E-02
     35.   2.  -0.1558962620E+01   0.1582841308E+02   0.8264795121E+02   0.3430392171E+01   0.2286740455E+02   0.3914328147E+00   0.2702031995E-02
     35.   3.  -0.1558962620E+01   0.1582841308E+02   0.8264795121E+02   0.3439156644E+01   0.2297593702E+02   0.3932510099E+00   0.2703450881E-02
     35.   4.  -0.1558962620E+01   0.1582841308E+02   0.8264795121E+02   0.3438984693E+01   0.2297651447E+02   0.3934739717E+00   0.2703463635E-02
     35.   5.  -0.1558962620E+01   0.1582841308E+02   0.8264795121E+02   0.3438854425E+01   0.2297586491E+02   0.3938137773E+00   0.2703195702E-02
     35.   6.  -0.1558962620E+01   0.1582841308E+02   0.8264795121E+02   0.3438731462E+01   0.2297448138E+02   0.3943463794E+00   0.2702717257E-02
     36.   1.  -0.2333748200E+01   0.1573285239E+02   0.8266619536E+02   0.3508667071E+01   0.1982725093E+02   0.5014281606E+00   0.2704467338E-02
     36.   2.  -0.2333748200E+01   0.1573285239E+02   0.8266619536E+02   0.3943498733E+01   0.2275686090E+02   0.5757559376E+00   0.2698891666E-02
     36.   3.  -0.2333748200E+01   0.1573285239E+02   0.8266619536E+02   0.3956853909E+01   0.2286461550E+02   0.5784403419E+00   0.2700303392E-02
     36.   4.  -0.2333748200E+01   0.1573285239E+02   0.8266619536E+02   0.3956711451E+01   0.2286513981E+02   0.5787556640E+00   0.2700319641E-02
     36.   5.  -0.2333748200E+01   0.1573285239E+02   0.8266619536E+02   0.3956590488E+01   0.2286445295E+02   0.5792456822E+00   0.2700059404E-02
     36.   6.  -0.2333748200E+01   0.1573285239E+02   0.8266619536E+02   0.3956472232E+01   0.2286303726E+02   0.5800204573E+00   0.2699593782E-02
     37.   1.  -0.3102911570E+01   0.1559938988E+02   0.8269148406E+02   0.4127739881E+01   0.1969461325E+02   0.6504143145E+00   0.2704983519E-02
     37.   2.  -0.3102911570E+01   0.1559938988E+02   0.8269148406E+02   0.4654148683E+01   0.2260520503E+02   0.7468211540E+00   0.2699449562E-02
     37.   3.  -0.3102911570E+01   0.1559938988E+02   0.8269148406E+02   0.4673788564E+01   0.2271241676E+02   0.7503252507E+00   0.2700854711E-02
     37.   4.  -0.3102911570E+01   0.1559938988E+02   0.8269148406E+02   0.4673686779E+01   0.2271287024E+02   0.7507109383E+00   0.2700876021E-02
     37.   5.  -0.3102911570E+01   0.1559938988E+02   0.8269148406E+02   0.4673578610E+01   0.2271213439E+02   0.7513282826E+00   0.2700626210E-02
     37.   6.  -0.3102911570E+01   0.1559938988E+02   0.8269148406E+02   0.4673466832E+01   0.2271067657E+02   0.7523174664E+00   0.2700177656E-02
     38.   1.  -0.3864599760E+01   0.1542834708E+02   0.8272356742E+02   0.4912310494E+01   0.1952894829E+02   0.7845978192E+00   0.2713836162E-02
     38.   2.  -0.3864599760E+01   0.1542834708E+02   0.8272356742E+02   0.5554849664E+01   0.2241542310E+02   0.9008821206E+00   0.2708335590E-02
     38.   3.  -0.3864599760E+01   0.1542834708E+02   0.8272356742E+02   0.5582255858E+01   0.2252282159E+02   0.9051514198E+00   0.2709737855E-02
     38.   4.  -0.3864599760E+01   0.1542834708E+02   0.8272356742E+02   0.5582205369E+01   0.2252319015E+02   0.9055796399E+00   0.2709766024E-02
     38.   5.  -0.3864599760E+01   0.1542834708E+02   0.8272356742E+02   0.5582113320E+01   0.2252239627E+02   0.9062955327E+00   0.2709528923E-02
     38.   6.  -0.3864599760E+01   0.1542834708E+02   0.8272356742E+02   0.5582009643E+01   0.2252088934E+02   0.9074638205E+00   0.2709100988E-02
     39.   1.  -0.4616977790E+01   0.1522013604E+02   0.8276212877E+02   0.5864733122E+01   0.1931120503E+02   0.9005558410E+00   0.2736549317E-02
     39.   2.  -0.4616977790E+01   0.1522013604E+02   0.8276212877E+02   0.6636249479E+01   0.2219122590E+02   0.1034805889E+01   0.2731060367E-02
     39.   3.  -0.4616977790E+01   0.1522013604E+02   0.8276212877E+02   0.6672561958E+01   0.2230007552E+02   0.1039781277E+01   0.2732467322E-02
     39.   4.  -0.4616977790E+01   0.1522013604E+02   0.8276212877E+02   0.6672572698E+01   0.2230034912E+02   0.1040219606E+01   0.2732504391E-02
     39.   5.  -0.4616977790E+01   0.1522013604E+02   0.8276212877E+02   0.6672499831E+01   0.2229949149E+02   0.1041000465E+01   0.2732281874E-02
     39.   6.  -0.4616977790E+01   0.1522013604E+02   0.8276212877E+02   0.6672405727E+01   0.2229793180E+02   0.1042306457E+01   0.2731877304E-02
     40.   1.  -0.5358233120E+01   0.1497525836E+02   0.8280678799E+02   0.6953311501E+01   0.1909138957E+02   0.9972813720E+00   0.2779227002E-02
     40.   2.  -0.5358233120E+01   0.1497525836E+02   0.8280678799E+02   0.7887209178E+01   0.2193698092E+02   0.1145911396E+01   0.2773712746E-02
     40.   3.  -0.5358233120E+01   0.1497525836E+02   0.8280678799E+02   0.7933075149E+01   0.2204901848E+02   0.1151530602E+01   0.2775136289E-02
     40.   4.  -0.5358233120E+01   0.1497525836E+02   0.8280678799E+02   0.7933156184E+01   0.2204919114E+02   0.1151943941E+01   0.2775184492E-02
     40.   5.  -0.5358233120E+01   0.1497525836E+02   0.8280678799E+02   0.7933105278E+01   0.2204826774E+02   0.1152752734E+01   0.2774978075E-02
     40.   6.  -0.5358233120E+01   0.1497525836E+02   0.8280678799E+02   0.7933022057E+01   0.2204665512E+02   0.1154150872E+01   0.2774598716E-02
     41.   1.  -0.6086579990E+01   0.1469430396E+02   0.8285710549E+02   0.8177695768E+01   0.1885027917E+02   0.1072610699E+01   0.2848219415E-02
     41.   2.  -0.6086579990E+01   0.1469430396E+02   0.8285710549E+02   0.9295068980E+01   0.2165769116E+02   0.1232418241E+01   0.2842628098E-02
     41.   3.  -0.6086579990E+01   0.1469430396E+02   0.8285710549E+02   0.9350510230E+01   0.2177492756E+02   0.1238615634E+01   0.2844084394E-02
     41.   4.  -0.6086579990E+01   0.1469430396E+02   0.8285710549E+02   0.9350669731E+01   0.2177499840E+02   0.1238967134E+01   0.2844146422E-02
     41.   5.  -0.6086579990E+01   0.1469430396E+02   0.8285710549E+02   0.9350643238E+01   0.2177401081E+02   0.1239765478E+01   0.2843957177E-02
     41.   6.  -0.6086579990E+01   0.1469430396E+02   0.8285710549E+02   0.9350571998E+01   0.2177234921E+02   0.1241207387E+01   0.2843604187E-02
     42.   1.  -0.6800263760E+01   0.1437794971E+02   0.8291258687E+02   0.9524303571E+01   0.1856382091E+02   0.1123482972E+01   0.2949773724E-02
     42.   2.  -0.6800263760E+01   0.1437794971E+02   0.8291258687E+02   0.1084534759E+02   0.2134301719E+02   0.1296500251E+01   0.2944038940E-02
     42.   3.  -0.6800263760E+01   0.1437794971E+02   0.8291258687E+02   0.1091001745E+02   0.2148346892E+02   0.1305367912E+01   0.2945548478E-02
     42.   4.  -0.6800263760E+01   0.1437794971E+02   0.8291258687E+02   0.1091026262E+02   0.2148344112E+02   0.1305621327E+01   0.2945627318E-02
     42.   5.  -0.6800263760E+01   0.1437794971E+02   0.8291258687E+02   0.1091026267E+02   0.2148239504E+02   0.1306370042E+01   0.2945456187E-02
     42.   6.  -0.6800263760E+01   0.1437794971E+02   0.8291258687E+02   0.1091020432E+02   0.2148069185E+02   0.1307807150E+01   0.2945129961E-02
     43.   1.  -0.7497565100E+01   0.1402695771E+02   0.8297268802E+02   0.1102248710E+02   0.1828148169E+02   0.1154808101E+01   0.3089682064E-02
     43.   2.  -0.7497565100E+01   0.1402695771E+02   0.8297268802E+02   0.1258924038E+02   0.2106783815E+02   0.1332889908E+01   0.3083723979E-02
     43.   3.  -0.7497565100E+01   0.1402695771E+02   0.8297268802E+02   0.1259565957E+02   0.2117894526E+02   0.1336392177E+01   0.3085311060E-02
     43.   4.  -0.7497565100E+01   0.1402695771E+02   0.8297268802E+02   0.1259599654E+02   0.2117882667E+02   0.1336512996E+01   0.3085410157E-02
     43.   5.  -0.7497565100E+01   0.1402695771E+02   0.8297268802E+02   0.1259602488E+02   0.2117773078E+02   0.1337175275E+01   0.3085257727E-02
     43.   6.  -0.7497565100E+01   0.1402695771E+02   0.8297268802E+02   0.1259598013E+02   0.2117599713E+02   0.1338559952E+01   0.3084958211E-02
     44.   1.  -0.8176804150E+01   0.1364217354E+02   0.8303682075E+02   0.1268741381E+02   0.1784668792E+02   0.1153219692E+01   0.3272948740E-02
     44.   2.  -0.8176804150E+01   0.1364217354E+02   0.8303682075E+02   0.1437030003E+02   0.2077013234E+02   0.1343206277E+01   0.3266676058E-02
     44.   3.  -0.8176804150E+01   0.1364217354E+02   0.8303682075E+02   0.1438965472E+02   0.2086852277E+02   0.1346385852E+01   0.3268368421E-02
     44.   4.  -0.8176804150E+01   0.1364217354E+02   0.8303682075E+02   0.1439008854E+02   0.2086832489E+02   0.1346343519E+01   0.3268491549E-02
     44.   5.  -0.8176804150E+01   0.1364217354E+02   0.8303682075E+02   0.1439014658E+02   0.2086719151E+02   0.1346884917E+01   0.3268358444E-02
     44.   6.  -0.8176804150E+01   0.1364217354E+02   0.8303682075E+02   0.1439011592E+02   0.2086544157E+02   0.1348173078E+01   0.3268085162E-02
     45.   1.  -0.8836344560E+01   0.1322452418E+02   0.8310435885E+02   0.1429856190E+02   0.1758936745E+02   0.1140279070E+01   0.3503489516E-02
     45.   2.  -0.8836344560E+01   0.1322452418E+02   0.8310435885E+02   0.1624035976E+02   0.2046937241E+02   0.1329070272E+01   0.3496802175E-02
     45.   3.  -0.8836344560E+01   0.1322452418E+02   0.8310435885E+02   0.1627389228E+02   0.2055669134E+02   0.1331878045E+01   0.3498630256E-02
     45.   4.  -0.8836344560E+01   0.1322452418E+02   0.8310435885E+02   0.1627442698E+02   0.2055642915E+02   0.1331646757E+01   0.3498781573E-02
     45.   5.  -0.8836344560E+01   0.1322452418E+02   0.8310435885E+02   0.1627451574E+02   0.2055527305E+02   0.1332037552E+01   0.3498668349E-02
     45.   6.  -0.8836344560E+01   0.1322452418E+02   0.8310435885E+02   0.1627449946E+02   0.2055352376E+02   0.1333189474E+01   0.3498420670E-02
     46.   1.  -0.9474597440E+01   0.1277501579E+02   0.8317464440E+02   0.1597116438E+02   0.1733781989E+02   0.1109456751E+01   0.3783874565E-02
     46.   2.  -0.9474597440E+01   0.1277501579E+02   0.8317464440E+02   0.1818087281E+02   0.2015187928E+02   0.1291614354E+01   0.3776666796E-02
     46.   3.  -0.9474597440E+01   0.1277501579E+02   0.8317464440E+02   0.1822948535E+02   0.2024821101E+02   0.1299128086E+01   0.3778662792E-02
     46.   4.  -0.9474597440E+01   0.1277501579E+02   0.8317464440E+02   0.1823012383E+02   0.2024790207E+02   0.1298688474E+01   0.3778846720E-02
     46.   5.  -0.9474597440E+01   0.1277501579E+02   0.8317464440E+02   0.1823024402E+02   0.2024673978E+02   0.1298905163E+01   0.3778753895E-02
     46.   6.  -0.9474597440E+01   0.1277501579E+02   0.8317464440E+02   0.1823024223E+02   0.2024501012E+02   0.1299887229E+01   0.3778531125E-02
     47.   1.  -0.1009002518E+02   0.1229473126E+02   0.8324699444E+02   0.1767598924E+02   0.1708358699E+02   0.1060284305E+01   0.4115130164E-02
     47.   2.  -0.1009002518E+02   0.1229473126E+02   0.8324699444E+02   0.2017336727E+02   0.1985677150E+02   0.1235420773E+01   0.4107293522E-02
     47.   3.  -0.1009002518E+02   0.1229473126E+02   0.8324699444E+02   0.2023637571E+02   0.1992879895E+02   0.1243336789E+01   0.4109490437E-02
     47.   4.  -0.1009002518E+02   0.1229473126E+02   0.8324699444E+02   0.2023748305E+02   0.1994661968E+02   0.1245922978E+01   0.4109711469E-02
     47.   5.  -0.1009002518E+02   0.1229473126E+02   0.8324699444E+02   0.2023763499E+02   0.1994546944E+02   0.1245948102E+01   0.4109639722E-02
     47.   6.  -0.1009002518E+02   0.1229473126E+02   0.8324699444E+02   0.2023764766E+02   0.1994377954E+02   0.1246734265E+01   0.4109441147E-02
     48.   1.  -0.1068114518E+02   0.1178482765E+02   0.8332070773E+02   0.1939520947E+02   0.1683083934E+02   0.9961842888E+00   0.4496598189E-02
     48.   2.  -0.1068114518E+02   0.1178482765E+02   0.8332070773E+02   0.2219801786E+02   0.1955266167E+02   0.1160840414E+01   0.4488026266E-02
     48.   3.  -0.1068114518E+02   0.1178482765E+02   0.8332070773E+02   0.2227554735E+02   0.1963880117E+02   0.1166627570E+01   0.4490456722E-02
     48.   4.  -0.1068114518E+02   0.1178482765E+02   0.8332070773E+02   0.2227671728E+02   0.1965635078E+02   0.1168947557E+01   0.4490719434E-02
     48.   5.  -0.1068114518E+02   0.1178482765E+02   0.8332070773E+02   0.2227690102E+02   0.1965523120E+02   0.1168771703E+01   0.4490669425E-02
     48.   6.  -0.1068114518E+02   0.1178482765E+02   0.8332070773E+02   0.2227692792E+02   0.1965360178E+02   0.1169344032E+01   0.4490494428E-02
     49.   1.  -0.1124653335E+02   0.1124653335E+02   0.8339507172E+02   0.2113570904E+02   0.1659462235E+02   0.9187303288E+00   0.4925871009E-02
     49.   2.  -0.1124653335E+02   0.1124653335E+02   0.8339507172E+02   0.2423565015E+02   0.1927741744E+02   0.1070851804E+01   0.4916462101E-02
     49.   3.  -0.1124653335E+02   0.1124653335E+02   0.8339507172E+02   0.2432565165E+02   0.1934478367E+02   0.1071782396E+01   0.4919157270E-02
     49.   4.  -0.1124653335E+02   0.1124653335E+02   0.8339507172E+02   0.2432744132E+02   0.1937974612E+02   0.1074210949E+01   0.4919466067E-02
     49.   5.  -0.1124653335E+02   0.1124653335E+02   0.8339507172E+02   0.2432765654E+02   0.1937867581E+02   0.1073832270E+01   0.4919438518E-02
     49.   6.  -0.1124653335E+02   0.1124653335E+02   0.8339507172E+02   0.2432769736E+02   0.1937712739E+02   0.1074181240E+01   0.4919286601E-02
     50.   1.  -0.1178482765E+02   0.1068114518E+02   0.8346936946E+02   0.2288721099E+02   0.1637996727E+02   0.8345772455E+00   0.5398792446E-02
     50.   2.  -0.1178482765E+02   0.1068114518E+02   0.8346936946E+02   0.2626675024E+02   0.1901692356E+02   0.9727883341E+00   0.5388452567E-02
     50.   3.  -0.1178482765E+02   0.1068114518E+02   0.8346936946E+02   0.2636864318E+02   0.1908506943E+02   0.9734188962E+00   0.5391440995E-02
     50.   4.  -0.1178482765E+02   0.1068114518E+02   0.8346936946E+02   0.2637045646E+02   0.1911955251E+02   0.9755433966E+00   0.5391799942E-02
     50.   5.  -0.1178482765E+02   0.1068114518E+02   0.8346936946E+02   0.2637070261E+02   0.1911854961E+02   0.9749674655E+00   0.5391795614E-02
     50.   6.  -0.1178482765E+02   0.1068114518E+02   0.8346936946E+02   0.2637075687E+02   0.1911710169E+02   0.9750923961E+00   0.5391666359E-02
     51.   1.  -0.1229473126E+02   0.1009002518E+02   0.8354288654E+02   0.2460755647E+02   0.1593190995E+02   0.7257129123E+00   0.5909525649E-02
     51.   2.  -0.1229473126E+02   0.1009002518E+02   0.8354288654E+02   0.2827136258E+02   0.1877303856E+02   0.8744283473E+00   0.5898173706E-02
     51.   3.  -0.1229473126E+02   0.1009002518E+02   0.8354288654E+02   0.2838387377E+02   0.1882467067E+02   0.8723429378E+00   0.5901480406E-02
     51.   4.  -0.1229473126E+02   0.1009002518E+02   0.8354288654E+02   0.2838594272E+02   0.1887676481E+02   0.8813083164E+00   0.5901893128E-02
     51.   5.  -0.1229473126E+02   0.1009002518E+02   0.8354288654E+02   0.2838621894E+02   0.1887584582E+02   0.8805488713E+00   0.5901912651E-02
     51.   6.  -0.1229473126E+02   0.1009002518E+02   0.8354288654E+02   0.2838628611E+02   0.1887451640E+02   0.8804572939E+00   0.5901805731E-02
     52.   1.  -0.1277501579E+02   0.9474597440E+01   0.8361491795E+02   0.2617131589E+02   0.1545767976E+02   0.6196704051E+00   0.6450690696E-02
     52.   2.  -0.1277501579E+02   0.9474597440E+01   0.8361491795E+02   0.3023027783E+02   0.1854685396E+02   0.7602372168E+00   0.6438260816E-02
     52.   3.  -0.1277501579E+02   0.9474597440E+01   0.8361491795E+02   0.3035282516E+02   0.1860125720E+02   0.7580239454E+00   0.6441906109E-02
     52.   4.  -0.1277501579E+02   0.9474597440E+01   0.8361491795E+02   0.3035488557E+02   0.1865268269E+02   0.7665673328E+00   0.6442375507E-02
     52.   5.  -0.1277501579E+02   0.9474597440E+01   0.8361491795E+02   0.3035519082E+02   0.1865186223E+02   0.7656449725E+00   0.6442419381E-02
     52.   6.  -0.1277501579E+02   0.9474597440E+01   0.8361491795E+02   0.3035527026E+02   0.1865066678E+02   0.7653526401E+00   0.6442334430E-02
     53.   1.  -0.1322452418E+02   0.8836344560E+01   0.8368477469E+02   0.2779453627E+02   0.1530083828E+02   0.5301295365E+00   0.7013557387E-02
     53.   2.  -0.1322452418E+02   0.8836344560E+01   0.8368477469E+02   0.3212480021E+02   0.1833974817E+02   0.6526095026E+00   0.7000001101E-02
     53.   3.  -0.1322452418E+02   0.8836344560E+01   0.8368477469E+02   0.3225670086E+02   0.1839733364E+02   0.6503091962E+00   0.7003999903E-02
     53.   4.  -0.1322452418E+02   0.8836344560E+01   0.8368477469E+02   0.3225846945E+02   0.1842948824E+02   0.6613263846E+00   0.7004528080E-02
     53.   5.  -0.1322452418E+02   0.8836344560E+01   0.8368477469E+02   0.3225909120E+02   0.1844695641E+02   0.6639858311E+00   0.7004596609E-02
     53.   6.  -0.1322452418E+02   0.8836344560E+01   0.8368477469E+02   0.3225918223E+02   0.1844590760E+02   0.6635155243E+00   0.7004533214E-02
     54.   1.  -0.1364217354E+02   0.8176804150E+01   0.8375179027E+02   0.2935046104E+02   0.1520689268E+02   0.4452342053E+00   0.7588288575E-02
     54.   2.  -0.1364217354E+02   0.8176804150E+01   0.8375179027E+02   0.3393155232E+02   0.1794593789E+02   0.5366481413E+00   0.7573577166E-02
     54.   3.  -0.1364217354E+02   0.8176804150E+01   0.8375179027E+02   0.3407798738E+02   0.1821208514E+02   0.5578392472E+00   0.7577938008E-02
     54.   4.  -0.1364217354E+02   0.8176804150E+01   0.8375179027E+02   0.3407978336E+02   0.1824389251E+02   0.5686114346E+00   0.7578526152E-02
     54.   5.  -0.1364217354E+02   0.8176804150E+01   0.8375179027E+02   0.3408040600E+02   0.1826126200E+02   0.5710205935E+00   0.7578619340E-02
     54.   6.  -0.1364217354E+02   0.8176804150E+01   0.8375179027E+02   0.3408050785E+02   0.1826036918E+02   0.5704010383E+00   0.7578576966E-02
     55.   1.  -0.1402695771E+02   0.7497565100E+01   0.8381532687E+02   0.3081397755E+02   0.1505552731E+02   0.3630268453E+00   0.8164219605E-02
     55.   2.  -0.1402695771E+02   0.7497565100E+01   0.8381532687E+02   0.3564528786E+02   0.1777866017E+02   0.4366519714E+00   0.8148346700E-02
     55.   3.  -0.1402695771E+02   0.7497565100E+01   0.8381532687E+02   0.3579955942E+02   0.1802916258E+02   0.4551895763E+00   0.8153071419E-02
     55.   4.  -0.1402695771E+02   0.7497565100E+01   0.8381532687E+02   0.3580179061E+02   0.1807806290E+02   0.4622825455E+00   0.8153719596E-02
     55.   5.  -0.1402695771E+02   0.7497565100E+01   0.8381532687E+02   0.3580241600E+02   0.1809535506E+02   0.4644672966E+00   0.8153837100E-02
     55.   6.  -0.1402695771E+02   0.7497565100E+01   0.8381532687E+02   0.3580252788E+02   0.1809462367E+02   0.4637322758E+00   0.8153814996E-02
     56.   1.  -0.1437794971E+02   0.6800263760E+01   0.8387478115E+02   0.3183163234E+02   0.1494426554E+02   0.2888613015E+00   0.8730170128E-02
     56.   2.  -0.1437794971E+02   0.6800263760E+01   0.8387478115E+02   0.3667835638E+02   0.1742830157E+02   0.3372143744E+00   0.8713151750E-02
     56.   3.  -0.1437794971E+02   0.6800263760E+01   0.8387478115E+02   0.3684719610E+02   0.1788252519E+02   0.3571085169E+00   0.8718235063E-02
     56.   4.  -0.1437794971E+02   0.6800263760E+01   0.8387478115E+02   0.3684941457E+02   0.1793098062E+02   0.3638855693E+00   0.8718942224E-02
     56.   5.  -0.1437794971E+02   0.6800263760E+01   0.8387478115E+02   0.3685004460E+02   0.1794821392E+02   0.3658767482E+00   0.8719083292E-02
     56.   6.  -0.1437794971E+02   0.6800263760E+01   0.8387478115E+02   0.3685016565E+02   0.1794764560E+02   0.3650632024E+00   0.8719080525E-02
     57.   1.  -0.1469430396E+02   0.6086579990E+01   0.8392958980E+02   0.3309187451E+02   0.1484599773E+02   0.2231458704E+00   0.9274768438E-02
     57.   2.  -0.1469430396E+02   0.6086579990E+01   0.8392958980E+02   0.3814928778E+02   0.1729892466E+02   0.2599172153E+00   0.9256644477E-02
     57.   3.  -0.1469430396E+02   0.6086579990E+01   0.8392958980E+02   0.3832518635E+02   0.1775377954E+02   0.2774653710E+00   0.9262073797E-02
     57.   4.  -0.1469430396E+02   0.6086579990E+01   0.8392958980E+02   0.3832701664E+02   0.1778468049E+02   0.2774080891E+00   0.9262837715E-02
     57.   5.  -0.1469430396E+02   0.6086579990E+01   0.8392958980E+02   0.3832809029E+02   0.1781919929E+02   0.2790041245E+00   0.9263001275E-02
     57.   6.  -0.1469430396E+02   0.6086579990E+01   0.8392958980E+02   0.3832821965E+02   0.1781879132E+02   0.2781511739E+00   0.9263016623E-02
     58.   1.  -0.1497525836E+02   0.5358233120E+01   0.8397923456E+02   0.3423111296E+02   0.1476035266E+02   0.1667556417E+00   0.9786778382E-02
     58.   2.  -0.1497525836E+02   0.5358233120E+01   0.8397923456E+02   0.3947850661E+02   0.1718654883E+02   0.1936887742E+00   0.9767612588E-02
     58.   3.  -0.1497525836E+02   0.5358233120E+01   0.8397923456E+02   0.3966086476E+02   0.1764232477E+02   0.2088996979E+00   0.9773367982E-02
     58.   4.  -0.1497525836E+02   0.5358233120E+01   0.8397923456E+02   0.3966271592E+02   0.1767302317E+02   0.2087296362E+00   0.9774185285E-02
     58.   5.  -0.1497525836E+02   0.5358233120E+01   0.8397923456E+02   0.3966376394E+02   0.1770736817E+02   0.2100425240E+00   0.9774369829E-02
     58.   6.  -0.1497525836E+02   0.5358233120E+01   0.8397923456E+02   0.3966390071E+02   0.1770711377E+02   0.2091895961E+00   0.9774401840E-02
     59.   1.  -0.1522013604E+02   0.4616977790E+01   0.8402324688E+02   0.3523928091E+02   0.1468697447E+02   0.1200324796E+00   0.1025542445E-01
     59.   2.  -0.1522013604E+02   0.4616977790E+01   0.8402324688E+02   0.4065441326E+02   0.1709055391E+02   0.1389178222E+00   0.1023530271E-01
     59.   3.  -0.1522013604E+02   0.4616977790E+01   0.8402324688E+02   0.4084254968E+02   0.1754744242E+02   0.1518218635E+00   0.1024135710E-01
     59.   4.  -0.1522013604E+02   0.4616977790E+01   0.8402324688E+02   0.4084441967E+02   0.1757796983E+02   0.1515810239E+00   0.1024222329E-01
     59.   5.  -0.1522013604E+02   0.4616977790E+01   0.8402324688E+02   0.4084544539E+02   0.1761216956E+02   0.1526386909E+00   0.1024242689E-01
     59.   6.  -0.1522013604E+02   0.4616977790E+01   0.8402324688E+02   0.4084558863E+02   0.1761205792E+02   0.1518241178E+00   0.1024247386E-01
     60.   1.  -0.1542834708E+02   0.3864599760E+01   0.8406121203E+02   0.3585275096E+02   0.1456776387E+02   0.8249750448E-01   0.1067069236E-01
     60.   2.  -0.1542834708E+02   0.3864599760E+01   0.8406121203E+02   0.4166684589E+02   0.1701019840E+02   0.9543634187E-01   0.1064972087E-01
     60.   3.  -0.1542834708E+02   0.3864599760E+01   0.8406121203E+02   0.4186000147E+02   0.1746828330E+02   0.1060775930E+00   0.1065604074E-01
     60.   4.  -0.1542834708E+02   0.3864599760E+01   0.8406121203E+02   0.4186188800E+02   0.1749866920E+02   0.1058062723E+00   0.1065695025E-01
     60.   5.  -0.1542834708E+02   0.3864599760E+01   0.8406121203E+02   0.4186289481E+02   0.1753275021E+02   0.1066364402E+00   0.1065717063E-01
     60.   6.  -0.1542834708E+02   0.3864599760E+01   0.8406121203E+02   0.4186304356E+02   0.1753276662E+02   0.1058961277E+00   0.1065723063E-01
     61.   1.  -0.1559938988E+02   0.3102911570E+01   0.8409277282E+02   0.3656855479E+02   0.1451941316E+02   0.5419192302E-01   0.1102360601E-01
     61.   2.  -0.1559938988E+02   0.3102911570E+01   0.8409277282E+02   0.4250714523E+02   0.1694529247E+02   0.6227855971E-01   0.1100191142E-01
     61.   3.  -0.1559938988E+02   0.3102911570E+01   0.8409277282E+02   0.4270449191E+02   0.1740454636E+02   0.7070802368E-01   0.1100845734E-01
     61.   4.  -0.1559938988E+02   0.3102911570E+01   0.8409277282E+02   0.4270639238E+02   0.1743481904E+02   0.7044263590E-01   0.1100940369E-01
     61.   5.  -0.1559938988E+02   0.3102911570E+01   0.8409277282E+02   0.4270738368E+02   0.1746880582E+02   0.7107122462E-01   0.1100963827E-01
     61.   6.  -0.1559938988E+02   0.3102911570E+01   0.8409277282E+02   0.4270753697E+02   0.1746893228E+02   0.7043716533E-01   0.1100970919E-01
     62.   1.  -0.1573285239E+02   0.2333748200E+01   0.8411763263E+02   0.3713175839E+02   0.1448207589E+02   0.3346354197E-01   0.1130647346E-01
     62.   2.  -0.1573285239E+02   0.2333748200E+01   0.8411763263E+02   0.4316816908E+02   0.1689525205E+02   0.3815428776E-01   0.1128419868E-01
     62.   3.  -0.1573285239E+02   0.2333748200E+01   0.8411763263E+02   0.4336882534E+02   0.1735554157E+02   0.4442265184E-01   0.1129092600E-01
     62.   4.  -0.1573285239E+02   0.2333748200E+01   0.8411763263E+02   0.4337073695E+02   0.1738572764E+02   0.4419450032E-01   0.1129190186E-01
     62.   5.  -0.1573285239E+02   0.2333748200E+01   0.8411763263E+02   0.4337171620E+02   0.1741964312E+02   0.4464423744E-01   0.1129214778E-01
     62.   6.  -0.1573285239E+02   0.2333748200E+01   0.8411763263E+02   0.4337187304E+02   0.1741985829E+02   0.4414369111E-01   0.1129222734E-01
     63.   1.  -0.1582841308E+02   0.1558962620E+01   0.8413555809E+02   0.3753752132E+02   0.1445554959E+02   0.1878218611E-01   0.1151309402E-01
     63.   2.  -0.1582841308E+02   0.1558962620E+01   0.8413555809E+02   0.4364433578E+02   0.1685974517E+02   0.2123510765E-01   0.1149039473E-01
     63.   3.  -0.1582841308E+02   0.1558962620E+01   0.8413555809E+02   0.4384738090E+02   0.1732084519E+02   0.2538658454E-01   0.1149725474E-01
     63.   4.  -0.1582841308E+02   0.1558962620E+01   0.8413555809E+02   0.4384930057E+02   0.1735097027E+02   0.2522027417E-01   0.1149825215E-01
     63.   5.  -0.1582841308E+02   0.1558962620E+01   0.8413555809E+02   0.4385027120E+02   0.1738483564E+02   0.2550946163E-01   0.1149850631E-01
     63.   6.  -0.1582841308E+02   0.1558962620E+01   0.8413555809E+02   0.4385043060E+02   0.1738511613E+02   0.2516356308E-01   0.1149859213E-01
     64.   1.  -0.1588584173E+02   0.7804213600E+00   0.8414638104E+02   0.3778237410E+02   0.1443969292E+02   0.8311424894E-02   0.1163891891E-01
     64.   2.  -0.1588584173E+02   0.7804213600E+00   0.8414638104E+02   0.4393164302E+02   0.1683853554E+02   0.9331682322E-02   0.1161596139E-01
     64.   3.  -0.1588584173E+02   0.7804213600E+00   0.8414638104E+02   0.4413612993E+02   0.1730015089E+02   0.1139883509E-01   0.1162290223E-01
     64.   4.  -0.1588584173E+02   0.7804213600E+00   0.8414638104E+02   0.4413805454E+02   0.1733023990E+02   0.1131131998E-01   0.1162391279E-01
     64.   5.  -0.1588584173E+02   0.7804213600E+00   0.8414638104E+02   0.4413902000E+02   0.1736407554E+02   0.1145266096E-01   0.1162417194E-01
     64.   6.  -0.1588584173E+02   0.7804213600E+00   0.8414638104E+02   0.4413918092E+02   0.1736439590E+02   0.1127600703E-01   0.1162426154E-01
     65.   1.  -0.1590500000E+02   0.0000000000E+00   0.8415000000E+02   0.3786422424E+02   0.1443441702E+02   0.1049966409E-08   0.1168117208E-01
     65.   2.  -0.1590500000E+02   0.0000000000E+00   0.8415000000E+02   0.4402767946E+02   0.1683148104E+02   0.1233020650E-08   0.1165812746E-01
     65.   3.  -0.1590500000E+02   0.0000000000E+00   0.8415000000E+02   0.4423264875E+02   0.1729327335E+02   0.1162837500E-08   0.1166509543E-01
     65.   4.  -0.1590500000E+02   0.0000000000E+00   0.8415000000E+02   0.4423457500E+02   0.1732335030E+02   0.1641626837E-08   0.1166611042E-01
     65.   5.  -0.1590500000E+02   0.0000000000E+00   0.8415000000E+02   0.4423553876E+02   0.1735717617E+02   0.1894369678E-08   0.1166637124E-01
     65.   6.  -0.1590500000E+02   0.0000000000E+00   0.8415000000E+02   0.4423570019E+02   0.1735750991E+02   0.1397650423E-08   0.1166646211E-01
     66.   1.  -0.1588584173E+02  -0.7804213600E+00   0.8414638104E+02   0.3778237410E+02   0.1443969292E+02  -0.8311422367E-02   0.1163891891E-01
     66.   2.  -0.1588584173E+02  -0.7804213600E+00   0.8414638104E+02   0.4393164302E+02   0.1683853554E+02  -0.9331679741E-02   0.1161596139E-01
     66.   3.  -0.1588584173E+02  -0.7804213600E+00   0.8414638104E+02   0.4413612993E+02   0.1730015089E+02  -0.1139883245E-01   0.1162290223E-01
     66.   4.  -0.1588584173E+02  -0.7804213600E+00   0.8414638104E+02   0.4413805454E+02   0.1733023990E+02  -0.1131131733E-01   0.1162391279E-01
     66.   5.  -0.1588584173E+02  -0.7804213600E+00   0.8414638104E+02   0.4413902000E+02   0.1736407554E+02  -0.1145265830E-01   0.1162417194E-01
     66.   6.  -0.1588584173E+02  -0.7804213600E+00   0.8414638104E+02   0.4413918093E+02   0.1736439590E+02  -0.1127600437E-01   0.1162426154E-01
     67.   1.  -0.1582841308E+02  -0.1558962620E+01   0.8413555809E+02   0.3753752131E+02   0.1445554959E+02  -0.1878218414E-01   0.1151309402E-01
     67.   2.  -0.1582841308E+02  -0.1558962620E+01   0.8413555809E+02   0.4364433578E+02   0.1685974517E+02  -0.2123510523E-01   0.1149039473E-01
     67.   3.  -0.1582841308E+02  -0.1558962620E+01   0.8413555809E+02   0.4384738090E+02   0.1732084519E+02  -0.2538658207E-01   0.1149725474E-01
     67.   4.  -0.1582841308E+02  -0.1558962620E+01   0.8413555809E+02   0.4384930057E+02   0.1735097027E+02  -0.2522027171E-01   0.1149825215E-01
     67.   5.  -0.1582841308E+02  -0.1558962620E+01   0.8413555809E+02   0.4385027120E+02   0.1738483564E+02  -0.2550945918E-01   0.1149850631E-01
     67.   6.  -0.1582841308E+02  -0.1558962620E+01   0.8413555809E+02   0.4385043060E+02   0.1738511613E+02  -0.2516356063E-01   0.1149859213E-01
     68.   1.  -0.1573285239E+02  -0.2333748200E+01   0.8411763263E+02   0.3713175839E+02   0.1448207589E+02  -0.3346353996E-01   0.1130647346E-01
     68.   2.  -0.1573285239E+02  -0.2333748200E+01   0.8411763263E+02   0.4316816908E+02   0.1689525205E+02  -0.3815428545E-01   0.1128419868E-01
     68.   3.  -0.1573285239E+02  -0.2333748200E+01   0.8411763263E+02   0.4336882534E+02   0.1735554157E+02  -0.4442264948E-01   0.1129092600E-01
     68.   4.  -0.1573285239E+02  -0.2333748200E+01   0.8411763263E+02   0.4337073695E+02   0.1738572764E+02  -0.4419449795E-01   0.1129190186E-01
     68.   5.  -0.1573285239E+02  -0.2333748200E+01   0.8411763263E+02   0.4337171620E+02   0.1741964312E+02  -0.4464423508E-01   0.1129214778E-01
     68.   6.  -0.1573285239E+02  -0.2333748200E+01   0.8411763263E+02   0.4337187304E+02   0.1741985829E+02  -0.4414368874E-01   0.1129222734E-01
     69.   1.  -0.1559938988E+02  -0.3102911570E+01   0.8409277282E+02   0.3656855479E+02   0.1451941316E+02  -0.5419192120E-01   0.1102360601E-01
     69.   2.  -0.1559938988E+02  -0.3102911570E+01   0.8409277282E+02   0.4250714522E+02   0.1694529247E+02  -0.6227855746E-01   0.1100191142E-01
     69.   3.  -0.1559938988E+02  -0.3102911570E+01   0.8409277282E+02   0.4270449191E+02   0.1740454636E+02  -0.7070802138E-01   0.1100845734E-01
     69.   4.  -0.1559938988E+02  -0.3102911570E+01   0.8409277282E+02   0.4270639238E+02   0.1743481904E+02  -0.7044263360E-01   0.1100940369E-01
     69.   5.  -0.1559938988E+02  -0.3102911570E+01   0.8409277282E+02   0.4270738368E+02   0.1746880582E+02  -0.7107122232E-01   0.1100963827E-01
     69.   6.  -0.1559938988E+02  -0.3102911570E+01   0.8409277282E+02   0.4270753697E+02   0.1746893228E+02  -0.7043716303E-01   0.1100970919E-01
     70.   1.  -0.1542834708E+02  -0.3864599760E+01   0.8406121203E+02   0.3585275095E+02   0.1456776387E+02  -0.8249750263E-01   0.1067069236E-01
     70.   2.  -0.1542834708E+02  -0.3864599760E+01   0.8406121203E+02   0.4166684589E+02   0.1701019840E+02  -0.9543633974E-01   0.1064972087E-01
     70.   3.  -0.1542834708E+02  -0.3864599760E+01   0.8406121203E+02   0.4186000147E+02   0.1746828330E+02  -0.1060775908E+00   0.1065604074E-01
     70.   4.  -0.1542834708E+02  -0.3864599760E+01   0.8406121203E+02   0.4186188800E+02   0.1749866920E+02  -0.1058062701E+00   0.1065695025E-01
     70.   5.  -0.1542834708E+02  -0.3864599760E+01   0.8406121203E+02   0.4186289481E+02   0.1753275021E+02  -0.1066364380E+00   0.1065717063E-01
     70.   6.  -0.1542834708E+02  -0.3864599760E+01   0.8406121203E+02   0.4186304356E+02   0.1753276662E+02  -0.1058961255E+00   0.1065723063E-01
     71.   1.  -0.1522013604E+02  -0.4616977790E+01   0.8402324688E+02   0.3523928091E+02   0.1468697447E+02  -0.1200324779E+00   0.1025542445E-01
     71.   2.  -0.1522013604E+02  -0.4616977790E+01   0.8402324688E+02   0.4065441326E+02   0.1709055391E+02  -0.1389178201E+00   0.1023530271E-01
     71.   3.  -0.1522013604E+02  -0.4616977790E+01   0.8402324688E+02   0.4084254967E+02   0.1754744243E+02  -0.1518218614E+00   0.1024135710E-01
     71.   4.  -0.1522013604E+02  -0.4616977790E+01   0.8402324688E+02   0.4084441967E+02   0.1757796983E+02  -0.1515810218E+00   0.1024222329E-01
     71.   5.  -0.1522013604E+02  -0.4616977790E+01   0.8402324688E+02   0.4084544539E+02   0.1761216956E+02  -0.1526386888E+00   0.1024242689E-01
     71.   6.  -0.1522013604E+02  -0.4616977790E+01   0.8402324688E+02   0.4084558863E+02   0.1761205792E+02  -0.1518241156E+00   0.1024247386E-01
     72.   1.  -0.1497525836E+02  -0.5358233120E+01   0.8397923456E+02   0.3423111296E+02   0.1476035266E+02  -0.1667556401E+00   0.9786778382E-02
     72.   2.  -0.1497525836E+02  -0.5358233120E+01   0.8397923456E+02   0.3947850661E+02   0.1718654883E+02  -0.1936887722E+00   0.9767612588E-02
     72.   3.  -0.1497525836E+02  -0.5358233120E+01   0.8397923456E+02   0.3966086476E+02   0.1764232477E+02  -0.2088996959E+00   0.9773367982E-02
     72.   4.  -0.1497525836E+02  -0.5358233120E+01   0.8397923456E+02   0.3966271592E+02   0.1767302317E+02  -0.2087296341E+00   0.9774185284E-02
     72.   5.  -0.1497525836E+02  -0.5358233120E+01   0.8397923456E+02   0.3966376393E+02   0.1770736817E+02  -0.2100425220E+00   0.9774369829E-02
     72.   6.  -0.1497525836E+02  -0.5358233120E+01   0.8397923456E+02   0.3966390071E+02   0.1770711377E+02  -0.2091895941E+00   0.9774401839E-02
     73.   1.  -0.1469430396E+02  -0.6086579990E+01   0.8392958980E+02   0.3309187451E+02   0.1484599773E+02  -0.2231458688E+00   0.9274768438E-02
     73.   2.  -0.1469430396E+02  -0.6086579990E+01   0.8392958980E+02   0.3814928778E+02   0.1729892466E+02  -0.2599172134E+00   0.9256644476E-02
     73.   3.  -0.1469430396E+02  -0.6086579990E+01   0.8392958980E+02   0.3832518635E+02   0.1775377954E+02  -0.2774653691E+00   0.9262073796E-02
     73.   4.  -0.1469430396E+02  -0.6086579990E+01   0.8392958980E+02   0.3832701664E+02   0.1778468049E+02  -0.2774080872E+00   0.9262837715E-02
     73.   5.  -0.1469430396E+02  -0.6086579990E+01   0.8392958980E+02   0.3832809029E+02   0.1781919929E+02  -0.2790041226E+00   0.9263001275E-02
     73.   6.  -0.1469430396E+02  -0.6086579990E+01   0.8392958980E+02   0.3832821965E+02   0.1781879132E+02  -0.2781511720E+00   0.9263016623E-02
     74.   1.  -0.1437794971E+02  -0.6800263760E+01   0.8387478115E+02   0.3183163234E+02   0.1494426555E+02  -0.2888613001E+00   0.8730170128E-02
     74.   2.  -0.1437794971E+02  -0.6800263760E+01   0.8387478115E+02   0.3667835638E+02   0.1742830157E+02  -0.3372143727E+00   0.8713151749E-02
     74.   3.  -0.1437794971E+02  -0.6800263760E+01   0.8387478115E+02   0.3684719610E+02   0.1788252519E+02  -0.3571085151E+00   0.8718235063E-02
     74.   4.  -0.1437794971E+02  -0.6800263760E+01   0.8387478115E+02   0.3684941457E+02   0.1793098062E+02  -0.3638855675E+00   0.8718942223E-02
     74.   5.  -0.1437794971E+02  -0.6800263760E+01   0.8387478115E+02   0.3685004460E+02   0.1794821392E+02  -0.3658767464E+00   0.8719083291E-02
     74.   6.  -0.1437794971E+02  -0.6800263760E+01   0.8387478115E+02   0.3685016565E+02   0.1794764560E+02  -0.3650632006E+00   0.8719080525E-02
     75.   1.  -0.1402695771E+02  -0.7497565100E+01   0.8381532687E+02   0.3081397755E+02   0.1505552731E+02  -0.3630268438E+00   0.8164219604E-02
     75.   2.  -0.1402695771E+02  -0.7497565100E+01   0.8381532687E+02   0.3564528785E+02   0.1777866017E+02  -0.4366519697E+00   0.8148346700E-02
     75.   3.  -0.1402695771E+02  -0.7497565100E+01   0.8381532687E+02   0.3579955942E+02   0.1802916258E+02  -0.4551895746E+00   0.8153071419E-02
     75.   4.  -0.1402695771E+02  -0.7497565100E+01   0.8381532687E+02   0.3580179061E+02   0.1807806290E+02  -0.4622825438E+00   0.8153719596E-02
     75.   5.  -0.1402695771E+02  -0.7497565100E+01   0.8381532687E+02   0.3580241600E+02   0.1809535506E+02  -0.4644672949E+00   0.8153837100E-02
     75.   6.  -0.1402695771E+02  -0.7497565100E+01   0.8381532687E+02   0.3580252788E+02   0.1809462367E+02  -0.4637322741E+00   0.8153814996E-02
     76.   1.  -0.1364217354E+02  -0.8176804150E+01   0.8375179027E+02   0.2935046104E+02   0.1520689268E+02  -0.4452342040E+00   0.7588288575E-02
     76.   2.  -0.1364217354E+02  -0.8176804150E+01   0.8375179027E+02   0.3393155232E+02   0.1794593789E+02  -0.5366481398E+00   0.7573577166E-02
     76.   3.  -0.1364217354E+02  -0.8176804150E+01   0.8375179027E+02   0.3407798738E+02   0.1821208514E+02  -0.5578392457E+00   0.7577938008E-02
     76.   4.  -0.1364217354E+02  -0.8176804150E+01   0.8375179027E+02   0.3407978336E+02   0.1824389251E+02  -0.5686114330E+00   0.7578526152E-02
     76.   5.  -0.1364217354E+02  -0.8176804150E+01   0.8375179027E+02   0.3408040600E+02   0.1826126200E+02  -0.5710205920E+00   0.7578619340E-02
     76.   6.  -0.1364217354E+02  -0.8176804150E+01   0.8375179027E+02   0.3408050785E+02   0.1826036918E+02  -0.5704010367E+00   0.7578576966E-02
     77.   1.  -0.1322452418E+02  -0.8836344560E+01   0.8368477469E+02   0.2779453627E+02   0.1530083828E+02  -0.5301295355E+00   0.7013557386E-02
     77.   2.  -0.1322452418E+02  -0.8836344560E+01   0.8368477469E+02   0.3212480021E+02   0.1833974817E+02  -0.6526095012E+00   0.7000001101E-02
     77.   3.  -0.1322452418E+02  -0.8836344560E+01   0.8368477469E+02   0.3225670086E+02   0.1839733364E+02  -0.6503091948E+00   0.7003999903E-02
     77.   4.  -0.1322452418E+02  -0.8836344560E+01   0.8368477469E+02   0.3225846945E+02   0.1842948825E+02  -0.6613263831E+00   0.7004528079E-02
     77.   5.  -0.1322452418E+02  -0.8836344560E+01   0.8368477469E+02   0.3225909120E+02   0.1844695641E+02  -0.6639858296E+00   0.7004596609E-02
     77.   6.  -0.1322452418E+02  -0.8836344560E+01   0.8368477469E+02   0.3225918223E+02   0.1844590760E+02  -0.6635155229E+00   0.7004533214E-02
     78.   1.  -0.1277501579E+02  -0.9474597440E+01   0.8361491795E+02   0.2617131589E+02   0.1545767976E+02  -0.6196704038E+00   0.6450690696E-02
     78.   2.  -0.1277501579E+02  -0.9474597440E+01   0.8361491795E+02   0.3023027783E+02   0.1854685396E+02  -0.7602372155E+00   0.6438260816E-02
     78.   3.  -0.1277501579E+02  -0.9474597440E+01   0.8361491795E+02   0.3035282516E+02   0.1860125720E+02  -0.7580239441E+00   0.6441906109E-02
     78.   4.  -0.1277501579E+02  -0.9474597440E+01   0.8361491795E+02   0.3035488557E+02   0.1865268269E+02  -0.7665673314E+00   0.6442375507E-02
     78.   5.  -0.1277501579E+02  -0.9474597440E+01   0.8361491795E+02   0.3035519082E+02   0.1865186223E+02  -0.7656449712E+00   0.6442419381E-02
     78.   6.  -0.1277501579E+02  -0.9474597440E+01   0.8361491795E+02   0.3035527026E+02   0.1865066678E+02  -0.7653526388E+00   0.6442334430E-02
     79.   1.  -0.1229473126E+02  -0.1009002518E+02   0.8354288654E+02   0.2460755647E+02   0.1593190995E+02  -0.7257129110E+00   0.5909525649E-02
     79.   2.  -0.1229473126E+02  -0.1009002518E+02   0.8354288654E+02   0.2827136258E+02   0.1877303856E+02  -0.8744283462E+00   0.5898173705E-02
     79.   3.  -0.1229473126E+02  -0.1009002518E+02   0.8354288654E+02   0.2838387376E+02   0.1882467067E+02  -0.8723429366E+00   0.5901480406E-02
     79.   4.  -0.1229473126E+02  -0.1009002518E+02   0.8354288654E+02   0.2838594272E+02   0.1887676481E+02  -0.8813083152E+00   0.5901893128E-02
     79.   5.  -0.1229473126E+02  -0.1009002518E+02   0.8354288654E+02   0.2838621894E+02   0.1887584582E+02  -0.8805488701E+00   0.5901912651E-02
     79.   6.  -0.1229473126E+02  -0.1009002518E+02   0.8354288654E+02   0.2838628611E+02   0.1887451640E+02  -0.8804572927E+00   0.5901805731E-02
     80.   1.  -0.1178482765E+02  -0.1068114518E+02   0.8346936946E+02   0.2288721098E+02   0.1637996727E+02  -0.8345772445E+00   0.5398792445E-02
     80.   2.  -0.1178482765E+02  -0.1068114518E+02   0.8346936946E+02   0.2626675024E+02   0.1901692356E+02  -0.9727883330E+00   0.5388452567E-02
     80.   3.  -0.1178482765E+02  -0.1068114518E+02   0.8346936946E+02   0.2636864318E+02   0.1908506943E+02  -0.9734188951E+00   0.5391440995E-02
     80.   4.  -0.1178482765E+02  -0.1068114518E+02   0.8346936946E+02   0.2637045646E+02   0.1911955251E+02  -0.9755433955E+00   0.5391799941E-02
     80.   5.  -0.1178482765E+02  -0.1068114518E+02   0.8346936946E+02   0.2637070260E+02   0.1911854961E+02  -0.9749674645E+00   0.5391795613E-02
     80.   6.  -0.1178482765E+02  -0.1068114518E+02   0.8346936946E+02   0.2637075687E+02   0.1911710170E+02  -0.9750923951E+00   0.5391666359E-02
     81.   1.  -0.1124653335E+02  -0.1124653335E+02   0.8339507172E+02   0.2113570904E+02   0.1659462235E+02  -0.9187303284E+00   0.4925871009E-02
     81.   2.  -0.1124653335E+02  -0.1124653335E+02   0.8339507172E+02   0.2423565015E+02   0.1927741744E+02  -0.1070851803E+01   0.4916462101E-02
     81.   3.  -0.1124653335E+02  -0.1124653335E+02   0.8339507172E+02   0.2432565165E+02   0.1934478367E+02  -0.1071782395E+01   0.4919157270E-02
     81.   4.  -0.1124653335E+02  -0.1124653335E+02   0.8339507172E+02   0.2432744132E+02   0.1937974612E+02  -0.1074210948E+01   0.4919466067E-02
     81.   5.  -0.1124653335E+02  -0.1124653335E+02   0.8339507172E+02   0.2432765654E+02   0.1937867581E+02  -0.1073832270E+01   0.4919438518E-02
     81.   6.  -0.1124653335E+02  -0.1124653335E+02   0.8339507172E+02   0.2432769736E+02   0.1937712739E+02  -0.1074181239E+01   0.4919286601E-02
     82.   1.  -0.1068114518E+02  -0.1178482765E+02   0.8332070773E+02   0.1939520947E+02   0.1683083934E+02  -0.9961842882E+00   0.4496598189E-02
     82.   2.  -0.1068114518E+02  -0.1178482765E+02   0.8332070773E+02   0.2219801786E+02   0.1955266167E+02  -0.1160840413E+01   0.4488026266E-02
     82.   3.  -0.1068114518E+02  -0.1178482765E+02   0.8332070773E+02   0.2227554735E+02   0.1963880117E+02  -0.1166627569E+01   0.4490456722E-02
     82.   4.  -0.1068114518E+02  -0.1178482765E+02   0.8332070773E+02   0.2227671728E+02   0.1965635078E+02  -0.1168947556E+01   0.4490719434E-02
     82.   5.  -0.1068114518E+02  -0.1178482765E+02   0.8332070773E+02   0.2227690102E+02   0.1965523121E+02  -0.1168771702E+01   0.4490669425E-02
     82.   6.  -0.1068114518E+02  -0.1178482765E+02   0.8332070773E+02   0.2227692792E+02   0.1965360179E+02  -0.1169344031E+01   0.4490494428E-02
     83.   1.  -0.1009002518E+02  -0.1229473126E+02   0.8324699444E+02   0.1767598924E+02   0.1708358699E+02  -0.1060284305E+01   0.4115130164E-02
     83.   2.  -0.1009002518E+02  -0.1229473126E+02   0.8324699444E+02   0.2017336727E+02   0.1985677150E+02  -0.1235420772E+01   0.4107293522E-02
     83.   3.  -0.1009002518E+02  -0.1229473126E+02   0.8324699444E+02   0.2023637570E+02   0.1992879895E+02  -0.1243336788E+01   0.4109490437E-02
     83.   4.  -0.1009002518E+02  -0.1229473126E+02   0.8324699444E+02   0.2023748305E+02   0.1994661969E+02  -0.1245922977E+01   0.4109711469E-02
     83.   5.  -0.1009002518E+02  -0.1229473126E+02   0.8324699444E+02   0.2023763498E+02   0.1994546944E+02  -0.1245948101E+01   0.4109639722E-02
     83.   6.  -0.1009002518E+02  -0.1229473126E+02   0.8324699444E+02   0.2023764765E+02   0.1994377954E+02  -0.1246734264E+01   0.4109441147E-02
     84.   1.  -0.9474597440E+01  -0.1277501579E+02   0.8317464440E+02   0.1597116438E+02   0.1733781990E+02  -0.1109456750E+01   0.3783874565E-02
     84.   2.  -0.9474597440E+01  -0.1277501579E+02   0.8317464440E+02   0.1818087281E+02   0.2015187928E+02  -0.1291614354E+01   0.3776666796E-02
     84.   3.  -0.9474597440E+01  -0.1277501579E+02   0.8317464440E+02   0.1822948535E+02   0.2024821101E+02  -0.1299128086E+01   0.3778662793E-02
     84.   4.  -0.9474597440E+01  -0.1277501579E+02   0.8317464440E+02   0.1823012382E+02   0.2024790207E+02  -0.1298688473E+01   0.3778846720E-02
     84.   5.  -0.9474597440E+01  -0.1277501579E+02   0.8317464440E+02   0.1823024402E+02   0.2024673978E+02  -0.1298905162E+01   0.3778753895E-02
     84.   6.  -0.9474597440E+01  -0.1277501579E+02   0.8317464440E+02   0.1823024223E+02   0.2024501012E+02  -0.1299887228E+01   0.3778531125E-02
     85.   1.  -0.8836344560E+01  -0.1322452418E+02   0.8310435885E+02   0.1429856190E+02   0.1758936745E+02  -0.1140279070E+01   0.3503489516E-02
     85.   2.  -0.8836344560E+01  -0.1322452418E+02   0.8310435885E+02   0.1624035976E+02   0.2046937241E+02  -0.1329070272E+01   0.3496802176E-02
     85.   3.  -0.8836344560E+01  -0.1322452418E+02   0.8310435885E+02   0.1627389227E+02   0.2055669135E+02  -0.1331878045E+01   0.3498630256E-02
     85.   4.  -0.8836344560E+01  -0.1322452418E+02   0.8310435885E+02   0.1627442698E+02   0.2055642915E+02  -0.1331646757E+01   0.3498781573E-02
     85.   5.  -0.8836344560E+01  -0.1322452418E+02   0.8310435885E+02   0.1627451574E+02   0.2055527305E+02  -0.1332037552E+01   0.3498668349E-02
     85.   6.  -0.8836344560E+01  -0.1322452418E+02   0.8310435885E+02   0.1627449946E+02   0.2055352376E+02  -0.1333189474E+01   0.3498420671E-02
     86.   1.  -0.8176804150E+01  -0.1364217354E+02   0.8303682075E+02   0.1268741381E+02   0.1784668792E+02  -0.1153219692E+01   0.3272948741E-02
     86.   2.  -0.8176804150E+01  -0.1364217354E+02   0.8303682075E+02   0.1437030003E+02   0.2077013235E+02  -0.1343206277E+01   0.3266676058E-02
     86.   3.  -0.8176804150E+01  -0.1364217354E+02   0.8303682075E+02   0.1438965472E+02   0.2086852277E+02  -0.1346385852E+01   0.3268368422E-02
     86.   4.  -0.8176804150E+01  -0.1364217354E+02   0.8303682075E+02   0.1439008854E+02   0.2086832489E+02  -0.1346343519E+01   0.3268491549E-02
     86.   5.  -0.8176804150E+01  -0.1364217354E+02   0.8303682075E+02   0.1439014658E+02   0.2086719151E+02  -0.1346884917E+01   0.3268358444E-02
     86.   6.  -0.8176804150E+01  -0.1364217354E+02   0.8303682075E+02   0.1439011591E+02   0.2086544157E+02  -0.1348173078E+01   0.3268085162E-02
     87.   1.  -0.7497565100E+01  -0.1402695771E+02   0.8297268802E+02   0.1102248710E+02   0.1828148169E+02  -0.1154808101E+01   0.3089682064E-02
     87.   2.  -0.7497565100E+01  -0.1402695771E+02   0.8297268802E+02   0.1258924038E+02   0.2106783816E+02  -0.1332889908E+01   0.3083723979E-02
     87.   3.  -0.7497565100E+01  -0.1402695771E+02   0.8297268802E+02   0.1259565957E+02   0.2117894526E+02  -0.1336392177E+01   0.3085311061E-02
     87.   4.  -0.7497565100E+01  -0.1402695771E+02   0.8297268802E+02   0.1259599654E+02   0.2117882667E+02  -0.1336512996E+01   0.3085410157E-02
     87.   5.  -0.7497565100E+01  -0.1402695771E+02   0.8297268802E+02   0.1259602488E+02   0.2117773078E+02  -0.1337175274E+01   0.3085257727E-02
     87.   6.  -0.7497565100E+01  -0.1402695771E+02   0.8297268802E+02   0.1259598013E+02   0.2117599713E+02  -0.1338559951E+01   0.3084958212E-02
     88.   1.  -0.6800263760E+01  -0.1437794971E+02   0.8291258687E+02   0.9524303571E+01   0.1856382091E+02  -0.1123482972E+01   0.2949773724E-02
     88.   2.  -0.6800263760E+01  -0.1437794971E+02   0.8291258687E+02   0.1084534759E+02   0.2134301719E+02  -0.1296500251E+01   0.2944038940E-02
     88.   3.  -0.6800263760E+01  -0.1437794971E+02   0.8291258687E+02   0.1091001744E+02   0.2148346892E+02  -0.1305367912E+01   0.2945548479E-02
     88.   4.  -0.6800263760E+01  -0.1437794971E+02   0.8291258687E+02   0.1091026262E+02   0.2148344112E+02  -0.1305621327E+01   0.2945627318E-02
     88.   5.  -0.6800263760E+01  -0.1437794971E+02   0.8291258687E+02   0.1091026267E+02   0.2148239504E+02  -0.1306370042E+01   0.2945456187E-02
     88.   6.  -0.6800263760E+01  -0.1437794971E+02   0.8291258687E+02   0.1091020432E+02   0.2148069185E+02  -0.1307807150E+01   0.2945129962E-02
     89.   1.  -0.6086579990E+01  -0.1469430396E+02   0.8285710549E+02   0.8177695767E+01   0.1885027918E+02  -0.1072610699E+01   0.2848219415E-02
     89.   2.  -0.6086579990E+01  -0.1469430396E+02   0.8285710549E+02   0.9295068980E+01   0.2165769116E+02  -0.1232418241E+01   0.2842628099E-02
     89.   3.  -0.6086579990E+01  -0.1469430396E+02   0.8285710549E+02   0.9350510230E+01   0.2177492756E+02  -0.1238615634E+01   0.2844084394E-02
     89.   4.  -0.6086579990E+01  -0.1469430396E+02   0.8285710549E+02   0.9350669731E+01   0.2177499840E+02  -0.1238967134E+01   0.2844146422E-02
     89.   5.  -0.6086579990E+01  -0.1469430396E+02   0.8285710549E+02   0.9350643238E+01   0.2177401082E+02  -0.1239765478E+01   0.2843957177E-02
     89.   6.  -0.6086579990E+01  -0.1469430396E+02   0.8285710549E+02   0.9350571998E+01   0.2177234922E+02  -0.1241207387E+01   0.2843604187E-02
     90.   1.  -0.5358233120E+01  -0.1497525836E+02   0.8280678799E+02   0.6953311502E+01   0.1909138958E+02  -0.9972813721E+00   0.2779227002E-02
     90.   2.  -0.5358233120E+01  -0.1497525836E+02   0.8280678799E+02   0.7887209178E+01   0.2193698092E+02  -0.1145911396E+01   0.2773712746E-02
     90.   3.  -0.5358233120E+01  -0.1497525836E+02   0.8280678799E+02   0.7933075149E+01   0.2204901848E+02  -0.1151530602E+01   0.2775136289E-02
     90.   4.  -0.5358233120E+01  -0.1497525836E+02   0.8280678799E+02   0.7933156184E+01   0.2204919114E+02  -0.1151943941E+01   0.2775184492E-02
     90.   5.  -0.5358233120E+01  -0.1497525836E+02   0.8280678799E+02   0.7933105278E+01   0.2204826774E+02  -0.1152752734E+01   0.2774978075E-02
     90.   6.  -0.5358233120E+01  -0.1497525836E+02   0.8280678799E+02   0.7933022057E+01   0.2204665512E+02  -0.1154150872E+01   0.2774598716E-02
     91.   1.  -0.4616977790E+01  -0.1522013604E+02   0.8276212877E+02   0.5864733122E+01   0.1931120504E+02  -0.9005558412E+00   0.2736549318E-02
     91.   2.  -0.4616977790E+01  -0.1522013604E+02   0.8276212877E+02   0.6636249480E+01   0.2219122590E+02  -0.1034805889E+01   0.2731060367E-02
     91.   3.  -0.4616977790E+01  -0.1522013604E+02   0.8276212877E+02   0.6672561958E+01   0.2230007552E+02  -0.1039781277E+01   0.2732467322E-02
     91.   4.  -0.4616977790E+01  -0.1522013604E+02   0.8276212877E+02   0.6672572699E+01   0.2230034912E+02  -0.1040219607E+01   0.2732504391E-02
     91.   5.  -0.4616977790E+01  -0.1522013604E+02   0.8276212877E+02   0.6672499831E+01   0.2229949149E+02  -0.1041000465E+01   0.2732281874E-02
     91.   6.  -0.4616977790E+01  -0.1522013604E+02   0.8276212877E+02   0.6672405727E+01   0.2229793180E+02  -0.1042306457E+01   0.2731877305E-02
     92.   1.  -0.3864599760E+01  -0.1542834708E+02   0.8272356742E+02   0.4912310494E+01   0.1952894830E+02  -0.7845978197E+00   0.2713836162E-02
     92.   2.  -0.3864599760E+01  -0.1542834708E+02   0.8272356742E+02   0.5554849665E+01   0.2241542310E+02  -0.9008821209E+00   0.2708335590E-02
     92.   3.  -0.3864599760E+01  -0.1542834708E+02   0.8272356742E+02   0.5582255859E+01   0.2252282159E+02  -0.9051514201E+00   0.2709737856E-02
     92.   4.  -0.3864599760E+01  -0.1542834708E+02   0.8272356742E+02   0.5582205370E+01   0.2252319015E+02  -0.9055796403E+00   0.2709766024E-02
     92.   5.  -0.3864599760E+01  -0.1542834708E+02   0.8272356742E+02   0.5582113320E+01   0.2252239627E+02  -0.9062955331E+00   0.2709528924E-02
     92.   6.  -0.3864599760E+01  -0.1542834708E+02   0.8272356742E+02   0.5582009644E+01   0.2252088934E+02  -0.9074638209E+00   0.2709100988E-02
     93.   1.  -0.3102911570E+01  -0.1559938988E+02   0.8269148406E+02   0.4127739882E+01   0.1969461325E+02  -0.6504143151E+00   0.2704983519E-02
     93.   2.  -0.3102911570E+01  -0.1559938988E+02   0.8269148406E+02   0.4654148684E+01   0.2260520503E+02  -0.7468211545E+00   0.2699449563E-02
     93.   3.  -0.3102911570E+01  -0.1559938988E+02   0.8269148406E+02   0.4673788564E+01   0.2271241676E+02  -0.7503252512E+00   0.2700854712E-02
     93.   4.  -0.3102911570E+01  -0.1559938988E+02   0.8269148406E+02   0.4673686779E+01   0.2271287024E+02  -0.7507109388E+00   0.2700876021E-02
     93.   5.  -0.3102911570E+01  -0.1559938988E+02   0.8269148406E+02   0.4673578611E+01   0.2271213439E+02  -0.7513282830E+00   0.2700626210E-02
     93.   6.  -0.3102911570E+01  -0.1559938988E+02   0.8269148406E+02   0.4673466833E+01   0.2271067657E+02  -0.7523174668E+00   0.2700177656E-02
     94.   1.  -0.2333748200E+01  -0.1573285239E+02   0.8266619536E+02   0.3508667073E+01   0.1982725093E+02  -0.5014281611E+00   0.2704467338E-02
     94.   2.  -0.2333748200E+01  -0.1573285239E+02   0.8266619536E+02   0.3943498734E+01   0.2275686090E+02  -0.5757559382E+00   0.2698891666E-02
     94.   3.  -0.2333748200E+01  -0.1573285239E+02   0.8266619536E+02   0.3956853910E+01   0.2286461550E+02  -0.5784403425E+00   0.2700303392E-02
     94.   4.  -0.2333748200E+01  -0.1573285239E+02   0.8266619536E+02   0.3956711452E+01   0.2286513981E+02  -0.5787556646E+00   0.2700319641E-02
     94.   5.  -0.2333748200E+01  -0.1573285239E+02   0.8266619536E+02   0.3956590489E+01   0.2286445295E+02  -0.5792456828E+00   0.2700059404E-02
     94.   6.  -0.2333748200E+01  -0.1573285239E+02   0.8266619536E+02   0.3956472234E+01   0.2286303727E+02  -0.5800204578E+00   0.2699593782E-02
     95.   1.  -0.1558962620E+01  -0.1582841308E+02   0.8264795121E+02   0.3061680586E+01   0.1992407553E+02  -0.3408990781E+00   0.2707646352E-02
     95.   2.  -0.1558962620E+01  -0.1582841308E+02   0.8264795121E+02   0.3430392172E+01   0.2286740456E+02  -0.3914328152E+00   0.2702031996E-02
     95.   3.  -0.1558962620E+01  -0.1582841308E+02   0.8264795121E+02   0.3439156645E+01   0.2297593702E+02  -0.3932510104E+00   0.2703450882E-02
     95.   4.  -0.1558962620E+01  -0.1582841308E+02   0.8264795121E+02   0.3438984695E+01   0.2297651447E+02  -0.3934739723E+00   0.2703463635E-02
     95.   5.  -0.1558962620E+01  -0.1582841308E+02   0.8264795121E+02   0.3438854426E+01   0.2297586491E+02  -0.3938137778E+00   0.2703195702E-02
     95.   6.  -0.1558962620E+01  -0.1582841308E+02   0.8264795121E+02   0.3438731463E+01   0.2297448138E+02  -0.3943463799E+00   0.2702717257E-02
     96.   1.  -0.7804213600E+00  -0.1588584173E+02   0.8263693201E+02   0.2791557652E+01   0.1998302114E+02  -0.1724599272E+00   0.2711012592E-02
     96.   2.  -0.7804213600E+00  -0.1588584173E+02   0.8263693201E+02   0.3120304672E+01   0.2293463390E+02  -0.1980251285E+00   0.2705371324E-02
     96.   3.  -0.7804213600E+00  -0.1588584173E+02   0.8263693201E+02   0.3126281577E+01   0.2304379390E+02  -0.1989431722E+00   0.2706795560E-02
     96.   4.  -0.7804213600E+00  -0.1588584173E+02   0.8263693201E+02   0.3126091748E+01   0.2304440430E+02  -0.1990585664E+00   0.2706806224E-02
     96.   5.  -0.7804213600E+00  -0.1588584173E+02   0.8263693201E+02   0.3125955855E+01   0.2304377797E+02  -0.1992324847E+00   0.2706533530E-02
     96.   6.  -0.7804213600E+00  -0.1588584173E+02   0.8263693201E+02   0.3125830022E+01   0.2304241454E+02  -0.1995037215E+00   0.2706047104E-02
     97.   1.   0.0000000000E+00  -0.1590500000E+02   0.8263324679E+02   0.2701193132E+01   0.2000281268E+02  -0.3553473003E-07   0.2712381735E-02
     97.   2.   0.0000000000E+00  -0.1590500000E+02   0.8263324679E+02   0.3016567878E+01   0.2295719587E+02  -0.4381551414E-07   0.2706730874E-02
     97.   3.   0.0000000000E+00  -0.1590500000E+02   0.8263324679E+02   0.3021612064E+01   0.2306659243E+02  -0.4479030037E-07   0.2708157106E-02
     97.   4.   0.0000000000E+00  -0.1590500000E+02   0.8263324679E+02   0.3021416256E+01   0.2306721386E+02  -0.4587490199E-07   0.2708167049E-02
     97.   5.   0.0000000000E+00  -0.1590500000E+02   0.8263324679E+02   0.3021278468E+01   0.2306659540E+02  -0.4618150532E-07   0.2707892736E-02
     97.   6.   0.0000000000E+00  -0.1590500000E+02   0.8263324679E+02   0.3021151671E+01   0.2306523884E+02  -0.4613865762E-07   0.2707403625E-02
     98.   1.   0.7804213600E+00  -0.1588584173E+02   0.8263693201E+02   0.2791557652E+01   0.1998302114E+02   0.1724598486E+00   0.2711012592E-02
     98.   2.   0.7804213600E+00  -0.1588584173E+02   0.8263693201E+02   0.3120304671E+01   0.2293463390E+02   0.1980250379E+00   0.2705371325E-02
     98.   3.   0.7804213600E+00  -0.1588584173E+02   0.8263693201E+02   0.3126281577E+01   0.2304379390E+02   0.1989430813E+00   0.2706795560E-02
     98.   4.   0.7804213600E+00  -0.1588584173E+02   0.8263693201E+02   0.3126091748E+01   0.2304440430E+02   0.1990584754E+00   0.2706806224E-02
     98.   5.   0.7804213600E+00  -0.1588584173E+02   0.8263693201E+02   0.3125955855E+01   0.2304377798E+02   0.1992323937E+00   0.2706533530E-02
     98.   6.   0.7804213600E+00  -0.1588584173E+02   0.8263693201E+02   0.3125830022E+01   0.2304241454E+02   0.1995036305E+00   0.2706047105E-02
     99.   1.   0.1558962620E+01  -0.1582841308E+02   0.8264795121E+02   0.3061680585E+01   0.1992407553E+02   0.3408989990E+00   0.2707646352E-02
     99.   2.   0.1558962620E+01  -0.1582841308E+02   0.8264795121E+02   0.3430392172E+01   0.2286740456E+02   0.3914327245E+00   0.2702031996E-02
     99.   3.   0.1558962620E+01  -0.1582841308E+02   0.8264795121E+02   0.3439156645E+01   0.2297593703E+02   0.3932509193E+00   0.2703450882E-02
     99.   4.   0.1558962620E+01  -0.1582841308E+02   0.8264795121E+02   0.3438984695E+01   0.2297651447E+02   0.3934738812E+00   0.2703463635E-02
     99.   5.   0.1558962620E+01  -0.1582841308E+02   0.8264795121E+02   0.3438854426E+01   0.2297586492E+02   0.3938136867E+00   0.2703195702E-02
     99.   6.   0.1558962620E+01  -0.1582841308E+02   0.8264795121E+02   0.3438731463E+01   0.2297448138E+02   0.3943462888E+00   0.2702717257E-02
    100.   1.   0.2333748200E+01  -0.1573285239E+02   0.8266619536E+02   0.3508667072E+01   0.1982725093E+02   0.5014280823E+00   0.2704467338E-02
    100.   2.   0.2333748200E+01  -0.1573285239E+02   0.8266619536E+02   0.3943498733E+01   0.2275686091E+02   0.5757558478E+00   0.2698891666E-02
    100.   3.   0.2333748200E+01  -0.1573285239E+02   0.8266619536E+02   0.3956853909E+01   0.2286461550E+02   0.5784402517E+00   0.2700303392E-02
    100.   4.   0.2333748200E+01  -0.1573285239E+02   0.8266619536E+02   0.3956711451E+01   0.2286513982E+02   0.5787555738E+00   0.2700319641E-02
    100.   5.   0.2333748200E+01  -0.1573285239E+02   0.8266619536E+02   0.3956590488E+01   0.2286445296E+02   0.5792455920E+00   0.2700059404E-02
    100.   6.   0.2333748200E+01  -0.1573285239E+02   0.8266619536E+02   0.3956472233E+01   0.2286303727E+02   0.5800203671E+00   0.2699593782E-02
    101.   1.   0.3102911570E+01  -0.1559938988E+02   0.8269148406E+02   0.4127739881E+01   0.1969461326E+02   0.6504142367E+00   0.2704983520E-02
    101.   2.   0.3102911570E+01  -0.1559938988E+02   0.8269148406E+02   0.4654148683E+01   0.2260520504E+02   0.7468210645E+00   0.2699449563E-02
    101.   3.   0.3102911570E+01  -0.1559938988E+02   0.8269148406E+02   0.4673788563E+01   0.2271241677E+02   0.7503251608E+00   0.2700854712E-02
    101.   4.   0.3102911570E+01  -0.1559938988E+02   0.8269148406E+02   0.4673686778E+01   0.2271287025E+02   0.7507108484E+00   0.2700876021E-02
    101.   5.   0.3102911570E+01  -0.1559938988E+02   0.8269148406E+02   0.4673578610E+01   0.2271213440E+02   0.7513281927E+00   0.2700626210E-02
    101.   6.   0.3102911570E+01  -0.1559938988E+02   0.8269148406E+02   0.4673466832E+01   0.2271067657E+02   0.7523173766E+00   0.2700177656E-02
    102.   1.   0.3864599760E+01  -0.1542834708E+02   0.8272356742E+02   0.4912310493E+01   0.1952894830E+02   0.7845977419E+00   0.2713836163E-02
    102.   2.   0.3864599760E+01  -0.1542834708E+02   0.8272356742E+02   0.5554849664E+01   0.2241542311E+02   0.9008820317E+00   0.2708335590E-02
    102.   3.   0.3864599760E+01  -0.1542834708E+02   0.8272356742E+02   0.5582255857E+01   0.2252282159E+02   0.9051513305E+00   0.2709737856E-02
    102.   4.   0.3864599760E+01  -0.1542834708E+02   0.8272356742E+02   0.5582205368E+01   0.2252319015E+02   0.9055795506E+00   0.2709766024E-02
    102.   5.   0.3864599760E+01  -0.1542834708E+02   0.8272356742E+02   0.5582113319E+01   0.2252239628E+02   0.9062954434E+00   0.2709528924E-02
    102.   6.   0.3864599760E+01  -0.1542834708E+02   0.8272356742E+02   0.5582009642E+01   0.2252088935E+02   0.9074637312E+00   0.2709100988E-02
    103.   1.   0.4616977790E+01  -0.1522013604E+02   0.8276212877E+02   0.5864733121E+01   0.1931120504E+02   0.9005557641E+00   0.2736549318E-02
    103.   2.   0.4616977790E+01  -0.1522013604E+02   0.8276212877E+02   0.6636249478E+01   0.2219122591E+02   0.1034805801E+01   0.2731060367E-02
    103.   3.   0.4616977790E+01  -0.1522013604E+02   0.8276212877E+02   0.6672561956E+01   0.2230007553E+02   0.1039781188E+01   0.2732467323E-02
    103.   4.   0.4616977790E+01  -0.1522013604E+02   0.8276212877E+02   0.6672572697E+01   0.2230034913E+02   0.1040219518E+01   0.2732504391E-02
    103.   5.   0.4616977790E+01  -0.1522013604E+02   0.8276212877E+02   0.6672499829E+01   0.2229949149E+02   0.1041000376E+01   0.2732281875E-02
    103.   6.   0.4616977790E+01  -0.1522013604E+02   0.8276212877E+02   0.6672405725E+01   0.2229793181E+02   0.1042306368E+01   0.2731877305E-02
    104.   1.   0.5358233120E+01  -0.1497525836E+02   0.8280678799E+02   0.6953311500E+01   0.1909138958E+02   0.9972812961E+00   0.2779227002E-02
    104.   2.   0.5358233120E+01  -0.1497525836E+02   0.8280678799E+02   0.7887209176E+01   0.2193698093E+02   0.1145911309E+01   0.2773712747E-02
    104.   3.   0.5358233120E+01  -0.1497525836E+02   0.8280678799E+02   0.7933075146E+01   0.2204901849E+02   0.1151530514E+01   0.2775136289E-02
    104.   4.   0.5358233120E+01  -0.1497525836E+02   0.8280678799E+02   0.7933156182E+01   0.2204919115E+02   0.1151943853E+01   0.2775184492E-02
    104.   5.   0.5358233120E+01  -0.1497525836E+02   0.8280678799E+02   0.7933105275E+01   0.2204826774E+02   0.1152752646E+01   0.2774978075E-02
    104.   6.   0.5358233120E+01  -0.1497525836E+02   0.8280678799E+02   0.7933022054E+01   0.2204665513E+02   0.1154150785E+01   0.2774598716E-02
    105.   1.   0.6086579990E+01  -0.1469430396E+02   0.8285710549E+02   0.8177695765E+01   0.1885027918E+02   0.1072610624E+01   0.2848219415E-02
    105.   2.   0.6086579990E+01  -0.1469430396E+02   0.8285710549E+02   0.9295068977E+01   0.2165769117E+02   0.1232418155E+01   0.2842628099E-02
    105.   3.   0.6086579990E+01  -0.1469430396E+02   0.8285710549E+02   0.9350510227E+01   0.2177492757E+02   0.1238615548E+01   0.2844084394E-02
    105.   4.   0.6086579990E+01  -0.1469430396E+02   0.8285710549E+02   0.9350669729E+01   0.2177499841E+02   0.1238967047E+01   0.2844146422E-02
    105.   5.   0.6086579990E+01  -0.1469430396E+02   0.8285710549E+02   0.9350643236E+01   0.2177401082E+02   0.1239765392E+01   0.2843957177E-02
    105.   6.   0.6086579990E+01  -0.1469430396E+02   0.8285710549E+02   0.9350571996E+01   0.2177234922E+02   0.1241207301E+01   0.2843604187E-02
    106.   1.   0.6800263760E+01  -0.1437794971E+02   0.8291258687E+02   0.9524303568E+01   0.1856382092E+02   0.1123482898E+01   0.2949773724E-02
    106.   2.   0.6800263760E+01  -0.1437794971E+02   0.8291258687E+02   0.1084534758E+02   0.2134301720E+02   0.1296500166E+01   0.2944038940E-02
    106.   3.   0.6800263760E+01  -0.1437794971E+02   0.8291258687E+02   0.1091001744E+02   0.2148346893E+02   0.1305367827E+01   0.2945548479E-02
    106.   4.   0.6800263760E+01  -0.1437794971E+02   0.8291258687E+02   0.1091026262E+02   0.2148344113E+02   0.1305621242E+01   0.2945627318E-02
    106.   5.   0.6800263760E+01  -0.1437794971E+02   0.8291258687E+02   0.1091026266E+02   0.2148239505E+02   0.1306369957E+01   0.2945456187E-02
    106.   6.   0.6800263760E+01  -0.1437794971E+02   0.8291258687E+02   0.1091020432E+02   0.2148069186E+02   0.1307807065E+01   0.2945129962E-02
    107.   1.   0.7497565100E+01  -0.1402695771E+02   0.8297268802E+02   0.1102248710E+02   0.1828148170E+02   0.1154808029E+01   0.3089682064E-02
    107.   2.   0.7497565100E+01  -0.1402695771E+02   0.8297268802E+02   0.1258924038E+02   0.2106783817E+02   0.1332889825E+01   0.3083723979E-02
    107.   3.   0.7497565100E+01  -0.1402695771E+02   0.8297268802E+02   0.1259565957E+02   0.2117894527E+02   0.1336392094E+01   0.3085311061E-02
    107.   4.   0.7497565100E+01  -0.1402695771E+02   0.8297268802E+02   0.1259599653E+02   0.2117882668E+02   0.1336512912E+01   0.3085410157E-02
    107.   5.   0.7497565100E+01  -0.1402695771E+02   0.8297268802E+02   0.1259602488E+02   0.2117773079E+02   0.1337175191E+01   0.3085257727E-02
    107.   6.   0.7497565100E+01  -0.1402695771E+02   0.8297268802E+02   0.1259598012E+02   0.2117599714E+02   0.1338559868E+01   0.3084958212E-02
    108.   1.   0.8176804150E+01  -0.1364217354E+02   0.8303682075E+02   0.1268741380E+02   0.1784668793E+02   0.1153219622E+01   0.3272948740E-02
    108.   2.   0.8176804150E+01  -0.1364217354E+02   0.8303682075E+02   0.1437030003E+02   0.2077013236E+02   0.1343206196E+01   0.3266676058E-02
    108.   3.   0.8176804150E+01  -0.1364217354E+02   0.8303682075E+02   0.1438965471E+02   0.2086852278E+02   0.1346385770E+01   0.3268368421E-02
    108.   4.   0.8176804150E+01  -0.1364217354E+02   0.8303682075E+02   0.1439008854E+02   0.2086832490E+02   0.1346343437E+01   0.3268491549E-02
    108.   5.   0.8176804150E+01  -0.1364217354E+02   0.8303682075E+02   0.1439014658E+02   0.2086719152E+02   0.1346884835E+01   0.3268358444E-02
    108.   6.   0.8176804150E+01  -0.1364217354E+02   0.8303682075E+02   0.1439011591E+02   0.2086544158E+02   0.1348172996E+01   0.3268085162E-02
    109.   1.   0.8836344560E+01  -0.1322452418E+02   0.8310435885E+02   0.1429856190E+02   0.1758936746E+02   0.1140279002E+01   0.3503489516E-02
    109.   2.   0.8836344560E+01  -0.1322452418E+02   0.8310435885E+02   0.1624035975E+02   0.2046937242E+02   0.1329070193E+01   0.3496802175E-02
    109.   3.   0.8836344560E+01  -0.1322452418E+02   0.8310435885E+02   0.1627389227E+02   0.2055669136E+02   0.1331877965E+01   0.3498630255E-02
    109.   4.   0.8836344560E+01  -0.1322452418E+02   0.8310435885E+02   0.1627442697E+02   0.2055642916E+02   0.1331646677E+01   0.3498781573E-02
    109.   5.   0.8836344560E+01  -0.1322452418E+02   0.8310435885E+02   0.1627451574E+02   0.2055527306E+02   0.1332037472E+01   0.3498668348E-02
    109.   6.   0.8836344560E+01  -0.1322452418E+02   0.8310435885E+02   0.1627449946E+02   0.2055352377E+02   0.1333189394E+01   0.3498420670E-02
    110.   1.   0.9474597440E+01  -0.1277501579E+02   0.8317464440E+02   0.1597116437E+02   0.1733781990E+02   0.1109456684E+01   0.3783874564E-02
    110.   2.   0.9474597440E+01  -0.1277501579E+02   0.8317464440E+02   0.1818087280E+02   0.2015187929E+02   0.1291614277E+01   0.3776666796E-02
    110.   3.   0.9474597440E+01  -0.1277501579E+02   0.8317464440E+02   0.1822948534E+02   0.2024821102E+02   0.1299128009E+01   0.3778662792E-02
    110.   4.   0.9474597440E+01  -0.1277501579E+02   0.8317464440E+02   0.1823012382E+02   0.2024790208E+02   0.1298688396E+01   0.3778846719E-02
    110.   5.   0.9474597440E+01  -0.1277501579E+02   0.8317464440E+02   0.1823024401E+02   0.2024673979E+02   0.1298905085E+01   0.3778753895E-02
    110.   6.   0.9474597440E+01  -0.1277501579E+02   0.8317464440E+02   0.1823024222E+02   0.2024501013E+02   0.1299887151E+01   0.3778531125E-02
    111.   1.   0.1009002518E+02  -0.1229473126E+02   0.8324699444E+02   0.1767598923E+02   0.1708358700E+02   0.1060284241E+01   0.4115130163E-02
    111.   2.   0.1009002518E+02  -0.1229473126E+02   0.8324699444E+02   0.2017336726E+02   0.1985677151E+02   0.1235420698E+01   0.4107293522E-02
    111.   3.   0.1009002518E+02  -0.1229473126E+02   0.8324699444E+02   0.2023637570E+02   0.1992879896E+02   0.1243336713E+01   0.4109490437E-02
    111.   4.   0.1009002518E+02  -0.1229473126E+02   0.8324699444E+02   0.2023748304E+02   0.1994661970E+02   0.1245922903E+01   0.4109711468E-02
    111.   5.   0.1009002518E+02  -0.1229473126E+02   0.8324699444E+02   0.2023763498E+02   0.1994546945E+02   0.1245948026E+01   0.4109639721E-02
    111.   6.   0.1009002518E+02  -0.1229473126E+02   0.8324699444E+02   0.2023764765E+02   0.1994377955E+02   0.1246734189E+01   0.4109441147E-02
    112.   1.   0.1068114518E+02  -0.1178482765E+02   0.8332070773E+02   0.1939520947E+02   0.1683083935E+02   0.9961842266E+00   0.4496598188E-02
    112.   2.   0.1068114518E+02  -0.1178482765E+02   0.8332070773E+02   0.2219801785E+02   0.1955266168E+02   0.1160840342E+01   0.4488026265E-02
    112.   3.   0.1068114518E+02  -0.1178482765E+02   0.8332070773E+02   0.2227554734E+02   0.1963880118E+02   0.1166627497E+01   0.4490456721E-02
    112.   4.   0.1068114518E+02  -0.1178482765E+02   0.8332070773E+02   0.2227671727E+02   0.1965635079E+02   0.1168947484E+01   0.4490719433E-02
    112.   5.   0.1068114518E+02  -0.1178482765E+02   0.8332070773E+02   0.2227690101E+02   0.1965523122E+02   0.1168771630E+01   0.4490669424E-02
    112.   6.   0.1068114518E+02  -0.1178482765E+02   0.8332070773E+02   0.2227692791E+02   0.1965360180E+02   0.1169343959E+01   0.4490494427E-02
    113.   1.   0.1124653335E+02  -0.1124653335E+02   0.8339507172E+02   0.2113570903E+02   0.1659462236E+02   0.9187302692E+00   0.4925871007E-02
    113.   2.   0.1124653335E+02  -0.1124653335E+02   0.8339507172E+02   0.2423565014E+02   0.1927741745E+02   0.1070851734E+01   0.4916462100E-02
    113.   3.   0.1124653335E+02  -0.1124653335E+02   0.8339507172E+02   0.2432565164E+02   0.1934478368E+02   0.1071782326E+01   0.4919157269E-02
    113.   4.   0.1124653335E+02  -0.1124653335E+02   0.8339507172E+02   0.2432744131E+02   0.1937974613E+02   0.1074210879E+01   0.4919466066E-02
    113.   5.   0.1124653335E+02  -0.1124653335E+02   0.8339507172E+02   0.2432765653E+02   0.1937867582E+02   0.1073832200E+01   0.4919438517E-02
    113.   6.   0.1124653335E+02  -0.1124653335E+02   0.8339507172E+02   0.2432769735E+02   0.1937712741E+02   0.1074181170E+01   0.4919286600E-02
    114.   1.   0.1178482765E+02  -0.1068114518E+02   0.8346936946E+02   0.2288721098E+02   0.1637996728E+02   0.8345771882E+00   0.5398792444E-02
    114.   2.   0.1178482765E+02  -0.1068114518E+02   0.8346936946E+02   0.2626675023E+02   0.1901692357E+02   0.9727882675E+00   0.5388452565E-02
    114.   3.   0.1178482765E+02  -0.1068114518E+02   0.8346936946E+02   0.2636864317E+02   0.1908506944E+02   0.9734188295E+00   0.5391440993E-02
    114.   4.   0.1178482765E+02  -0.1068114518E+02   0.8346936946E+02   0.2637045645E+02   0.1911955252E+02   0.9755433298E+00   0.5391799940E-02
    114.   5.   0.1178482765E+02  -0.1068114518E+02   0.8346936946E+02   0.2637070259E+02   0.1911854962E+02   0.9749673987E+00   0.5391795612E-02
    114.   6.   0.1178482765E+02  -0.1068114518E+02   0.8346936946E+02   0.2637075686E+02   0.1911710171E+02   0.9750923293E+00   0.5391666357E-02
    115.   1.   0.1229473126E+02  -0.1009002518E+02   0.8354288654E+02   0.2460755646E+02   0.1593190996E+02   0.7257128580E+00   0.5909525646E-02
    115.   2.   0.1229473126E+02  -0.1009002518E+02   0.8354288654E+02   0.2827136257E+02   0.1877303857E+02   0.8744282841E+00   0.5898173703E-02
    115.   3.   0.1229473126E+02  -0.1009002518E+02   0.8354288654E+02   0.2838387375E+02   0.1882467068E+02   0.8723428743E+00   0.5901480403E-02
    115.   4.   0.1229473126E+02  -0.1009002518E+02   0.8354288654E+02   0.2838594270E+02   0.1887676482E+02   0.8813082528E+00   0.5901893126E-02
    115.   5.   0.1229473126E+02  -0.1009002518E+02   0.8354288654E+02   0.2838621893E+02   0.1887584583E+02   0.8805488077E+00   0.5901912648E-02
    115.   6.   0.1229473126E+02  -0.1009002518E+02   0.8354288654E+02   0.2838628610E+02   0.1887451641E+02   0.8804572303E+00   0.5901805729E-02
    116.   1.   0.1277501579E+02  -0.9474597440E+01   0.8361491795E+02   0.2617131588E+02   0.1545767977E+02   0.6196703547E+00   0.6450690693E-02
    116.   2.   0.1277501579E+02  -0.9474597440E+01   0.8361491795E+02   0.3023027781E+02   0.1854685397E+02   0.7602371571E+00   0.6438260813E-02
    116.   3.   0.1277501579E+02  -0.9474597440E+01   0.8361491795E+02   0.3035282515E+02   0.1860125721E+02   0.7580238854E+00   0.6441906106E-02
    116.   4.   0.1277501579E+02  -0.9474597440E+01   0.8361491795E+02   0.3035488555E+02   0.1865268270E+02   0.7665672727E+00   0.6442375504E-02
    116.   5.   0.1277501579E+02  -0.9474597440E+01   0.8361491795E+02   0.3035519081E+02   0.1865186224E+02   0.7656449124E+00   0.6442419378E-02
    116.   6.   0.1277501579E+02  -0.9474597440E+01   0.8361491795E+02   0.3035527025E+02   0.1865066679E+02   0.7653525800E+00   0.6442334427E-02
    117.   1.   0.1322452418E+02  -0.8836344560E+01   0.8368477469E+02   0.2779453626E+02   0.1530083829E+02   0.5301294895E+00   0.7013557383E-02
    117.   2.   0.1322452418E+02  -0.8836344560E+01   0.8368477469E+02   0.3212480020E+02   0.1833974818E+02   0.6526094464E+00   0.7000001097E-02
    117.   3.   0.1322452418E+02  -0.8836344560E+01   0.8368477469E+02   0.3225670084E+02   0.1839733365E+02   0.6503091396E+00   0.7003999899E-02
    117.   4.   0.1322452418E+02  -0.8836344560E+01   0.8368477469E+02   0.3225846944E+02   0.1842948825E+02   0.6613263279E+00   0.7004528076E-02
    117.   5.   0.1322452418E+02  -0.8836344560E+01   0.8368477469E+02   0.3225909119E+02   0.1844695642E+02   0.6639857744E+00   0.7004596605E-02
    117.   6.   0.1322452418E+02  -0.8836344560E+01   0.8368477469E+02   0.3225918221E+02   0.1844590761E+02   0.6635154676E+00   0.7004533210E-02
    118.   1.   0.1364217354E+02  -0.8176804150E+01   0.8375179027E+02   0.2935046103E+02   0.1520689269E+02   0.4452341611E+00   0.7588288571E-02
    118.   2.   0.1364217354E+02  -0.8176804150E+01   0.8375179027E+02   0.3393155230E+02   0.1794593790E+02   0.5366480889E+00   0.7573577162E-02
    118.   3.   0.1364217354E+02  -0.8176804150E+01   0.8375179027E+02   0.3407798736E+02   0.1821208515E+02   0.5578391943E+00   0.7577938004E-02
    118.   4.   0.1364217354E+02  -0.8176804150E+01   0.8375179027E+02   0.3407978335E+02   0.1824389252E+02   0.5686113817E+00   0.7578526148E-02
    118.   5.   0.1364217354E+02  -0.8176804150E+01   0.8375179027E+02   0.3408040598E+02   0.1826126201E+02   0.5710205406E+00   0.7578619336E-02
    118.   6.   0.1364217354E+02  -0.8176804150E+01   0.8375179027E+02   0.3408050783E+02   0.1826036919E+02   0.5704009853E+00   0.7578576962E-02
    119.   1.   0.1402695771E+02  -0.7497565100E+01   0.8381532687E+02   0.3081397754E+02   0.1505552731E+02   0.3630268045E+00   0.8164219600E-02
    119.   2.   0.1402695771E+02  -0.7497565100E+01   0.8381532687E+02   0.3564528784E+02   0.1777866018E+02   0.4366519231E+00   0.8148346695E-02
    119.   3.   0.1402695771E+02  -0.7497565100E+01   0.8381532687E+02   0.3579955941E+02   0.1802916259E+02   0.4551895275E+00   0.8153071414E-02
    119.   4.   0.1402695771E+02  -0.7497565100E+01   0.8381532687E+02   0.3580179059E+02   0.1807806291E+02   0.4622824967E+00   0.8153719592E-02
    119.   5.   0.1402695771E+02  -0.7497565100E+01   0.8381532687E+02   0.3580241598E+02   0.1809535507E+02   0.4644672477E+00   0.8153837095E-02
    119.   6.   0.1402695771E+02  -0.7497565100E+01   0.8381532687E+02   0.3580252786E+02   0.1809462368E+02   0.4637322269E+00   0.8153814991E-02
    120.   1.   0.1437794971E+02  -0.6800263760E+01   0.8387478115E+02   0.3183163232E+02   0.1494426555E+02   0.2888612644E+00   0.8730170122E-02
    120.   2.   0.1437794971E+02  -0.6800263760E+01   0.8387478115E+02   0.3667835637E+02   0.1742830158E+02   0.3372143304E+00   0.8713151744E-02
    120.   3.   0.1437794971E+02  -0.6800263760E+01   0.8387478115E+02   0.3684719608E+02   0.1788252519E+02   0.3571084723E+00   0.8718235058E-02
    120.   4.   0.1437794971E+02  -0.6800263760E+01   0.8387478115E+02   0.3684941455E+02   0.1793098063E+02   0.3638855247E+00   0.8718942218E-02
    120.   5.   0.1437794971E+02  -0.6800263760E+01   0.8387478115E+02   0.3685004458E+02   0.1794821393E+02   0.3658767035E+00   0.8719083286E-02
    120.   6.   0.1437794971E+02  -0.6800263760E+01   0.8387478115E+02   0.3685016563E+02   0.1794764561E+02   0.3650631577E+00   0.8719080520E-02
    121.   1.   0.1469430396E+02  -0.6086579990E+01   0.8392958980E+02   0.3309187450E+02   0.1484599774E+02   0.2231458365E+00   0.9274768432E-02
    121.   2.   0.1469430396E+02  -0.6086579990E+01   0.8392958980E+02   0.3814928776E+02   0.1729892466E+02   0.2599171756E+00   0.9256644470E-02
    121.   3.   0.1469430396E+02  -0.6086579990E+01   0.8392958980E+02   0.3832518633E+02   0.1775377955E+02   0.2774653308E+00   0.9262073790E-02
    121.   4.   0.1469430396E+02  -0.6086579990E+01   0.8392958980E+02   0.3832701662E+02   0.1778468049E+02   0.2774080489E+00   0.9262837709E-02
    121.   5.   0.1469430396E+02  -0.6086579990E+01   0.8392958980E+02   0.3832809027E+02   0.1781919930E+02   0.2790040843E+00   0.9263001269E-02
    121.   6.   0.1469430396E+02  -0.6086579990E+01   0.8392958980E+02   0.3832821963E+02   0.1781879133E+02   0.2781511337E+00   0.9263016617E-02
    122.   1.   0.1497525836E+02  -0.5358233120E+01   0.8397923456E+02   0.3423111294E+02   0.1476035266E+02   0.1667556122E+00   0.9786778376E-02
    122.   2.   0.1497525836E+02  -0.5358233120E+01   0.8397923456E+02   0.3947850659E+02   0.1718654884E+02   0.1936887391E+00   0.9767612581E-02
    122.   3.   0.1497525836E+02  -0.5358233120E+01   0.8397923456E+02   0.3966086474E+02   0.1764232478E+02   0.2088996622E+00   0.9773367975E-02
    122.   4.   0.1497525836E+02  -0.5358233120E+01   0.8397923456E+02   0.3966271590E+02   0.1767302318E+02   0.2087296004E+00   0.9774185278E-02
    122.   5.   0.1497525836E+02  -0.5358233120E+01   0.8397923456E+02   0.3966376392E+02   0.1770736817E+02   0.2100424882E+00   0.9774369822E-02
    122.   6.   0.1497525836E+02  -0.5358233120E+01   0.8397923456E+02   0.3966390069E+02   0.1770711378E+02   0.2091895604E+00   0.9774401833E-02
    123.   1.   0.1522013604E+02  -0.4616977790E+01   0.8402324688E+02   0.3523928089E+02   0.1468697448E+02   0.1200324539E+00   0.1025542445E-01
    123.   2.   0.1522013604E+02  -0.4616977790E+01   0.8402324688E+02   0.4065441324E+02   0.1709055392E+02   0.1389177916E+00   0.1023530270E-01
    123.   3.   0.1522013604E+02  -0.4616977790E+01   0.8402324688E+02   0.4084254965E+02   0.1754744243E+02   0.1518218324E+00   0.1024135710E-01
    123.   4.   0.1522013604E+02  -0.4616977790E+01   0.8402324688E+02   0.4084441965E+02   0.1757796983E+02   0.1515809928E+00   0.1024222328E-01
    123.   5.   0.1522013604E+02  -0.4616977790E+01   0.8402324688E+02   0.4084544537E+02   0.1761216957E+02   0.1526386598E+00   0.1024242688E-01
    123.   6.   0.1522013604E+02  -0.4616977790E+01   0.8402324688E+02   0.4084558861E+02   0.1761205792E+02   0.1518240867E+00   0.1024247385E-01
    124.   1.   0.1542834708E+02  -0.3864599760E+01   0.8406121203E+02   0.3585275094E+02   0.1456776387E+02   0.8249748252E-01   0.1067069235E-01
    124.   2.   0.1542834708E+02  -0.3864599760E+01   0.8406121203E+02   0.4166684587E+02   0.1701019841E+02   0.9543631594E-01   0.1064972086E-01
    124.   3.   0.1542834708E+02  -0.3864599760E+01   0.8406121203E+02   0.4186000145E+02   0.1746828331E+02   0.1060775667E+00   0.1065604073E-01
    124.   4.   0.1542834708E+02  -0.3864599760E+01   0.8406121203E+02   0.4186188798E+02   0.1749866921E+02   0.1058062460E+00   0.1065695024E-01
    124.   5.   0.1542834708E+02  -0.3864599760E+01   0.8406121203E+02   0.4186289479E+02   0.1753275022E+02   0.1066364139E+00   0.1065717062E-01
    124.   6.   0.1542834708E+02  -0.3864599760E+01   0.8406121203E+02   0.4186304354E+02   0.1753276663E+02   0.1058961014E+00   0.1065723062E-01
    125.   1.   0.1559938988E+02  -0.3102911570E+01   0.8409277282E+02   0.3656855477E+02   0.1451941316E+02   0.5419190528E-01   0.1102360600E-01
    125.   2.   0.1559938988E+02  -0.3102911570E+01   0.8409277282E+02   0.4250714520E+02   0.1694529247E+02   0.6227853864E-01   0.1100191141E-01
    125.   3.   0.1559938988E+02  -0.3102911570E+01   0.8409277282E+02   0.4270449189E+02   0.1740454636E+02   0.7070800230E-01   0.1100845733E-01
    125.   4.   0.1559938988E+02  -0.3102911570E+01   0.8409277282E+02   0.4270639236E+02   0.1743481905E+02   0.7044261449E-01   0.1100940368E-01
    125.   5.   0.1559938988E+02  -0.3102911570E+01   0.8409277282E+02   0.4270738366E+02   0.1746880582E+02   0.7107120317E-01   0.1100963826E-01
    125.   6.   0.1559938988E+02  -0.3102911570E+01   0.8409277282E+02   0.4270753695E+02   0.1746893228E+02   0.7043714389E-01   0.1100970918E-01
    126.   1.   0.1573285239E+02  -0.2333748200E+01   0.8411763263E+02   0.3713175837E+02   0.1448207589E+02   0.3346352826E-01   0.1130647346E-01
    126.   2.   0.1573285239E+02  -0.2333748200E+01   0.8411763263E+02   0.4316816906E+02   0.1689525206E+02   0.3815427155E-01   0.1128419867E-01
    126.   3.   0.1573285239E+02  -0.2333748200E+01   0.8411763263E+02   0.4336882532E+02   0.1735554158E+02   0.4442263540E-01   0.1129092600E-01
    126.   4.   0.1573285239E+02  -0.2333748200E+01   0.8411763263E+02   0.4337073693E+02   0.1738572765E+02   0.4419448386E-01   0.1129190185E-01
    126.   5.   0.1573285239E+02  -0.2333748200E+01   0.8411763263E+02   0.4337171617E+02   0.1741964312E+02   0.4464422096E-01   0.1129214777E-01
    126.   6.   0.1573285239E+02  -0.2333748200E+01   0.8411763263E+02   0.4337187302E+02   0.1741985829E+02   0.4414367463E-01   0.1129222733E-01
    127.   1.   0.1582841308E+02  -0.1558962620E+01   0.8413555809E+02   0.3753752130E+02   0.1445554959E+02   0.1878217663E-01   0.1151309401E-01
    127.   2.   0.1582841308E+02  -0.1558962620E+01   0.8413555809E+02   0.4364433575E+02   0.1685974517E+02   0.2123509632E-01   0.1149039472E-01
    127.   3.   0.1582841308E+02  -0.1558962620E+01   0.8413555809E+02   0.4384738088E+02   0.1732084519E+02   0.2538657303E-01   0.1149725473E-01
    127.   4.   0.1582841308E+02  -0.1558962620E+01   0.8413555809E+02   0.4384930055E+02   0.1735097027E+02   0.2522026265E-01   0.1149825214E-01
    127.   5.   0.1582841308E+02  -0.1558962620E+01   0.8413555809E+02   0.4385027118E+02   0.1738483564E+02   0.2550945011E-01   0.1149850630E-01
    127.   6.   0.1582841308E+02  -0.1558962620E+01   0.8413555809E+02   0.4385043058E+02   0.1738511614E+02   0.2516355156E-01   0.1149859212E-01
    128.   1.   0.1588584173E+02  -0.7804213600E+00   0.8414638104E+02   0.3778237408E+02   0.1443969292E+02   0.8311419234E-02   0.1163891890E-01
    128.   2.   0.1588584173E+02  -0.7804213600E+00   0.8414638104E+02   0.4393164299E+02   0.1683853554E+02   0.9331675851E-02   0.1161596138E-01
    128.   3.   0.1588584173E+02  -0.7804213600E+00   0.8414638104E+02   0.4413612991E+02   0.1730015090E+02   0.1139882851E-01   0.1162290222E-01
    128.   4.   0.1588584173E+02  -0.7804213600E+00   0.8414638104E+02   0.4413805452E+02   0.1733023991E+02   0.1131131339E-01   0.1162391278E-01
    128.   5.   0.1588584173E+02  -0.7804213600E+00   0.8414638104E+02   0.4413901997E+02   0.1736407555E+02   0.1145265436E-01   0.1162417193E-01
    128.   6.   0.1588584173E+02  -0.7804213600E+00   0.8414638104E+02   0.4413918090E+02   0.1736439591E+02   0.1127600043E-01   0.1162426153E-01
