# digitalmodel weldolet_crack CINT table
# units: length=mm force=N stress=MPa K=MPa*sqrt(mm) J=N/mm
# mesh_level     1.
# front_nodes     128.
# contours   6.
# columns: node contour x y z K1 K2 K3 J
      1.   1.   0.1510500000E+02   0.0000000000E+00   0.8415000000E+02   0.3723820506E+02   0.1259207949E+02   0.3908466459E-08   0.1078816723E-01
      1.   2.   0.1510500000E+02   0.0000000000E+00   0.8415000000E+02   0.4297343529E+02   0.1454679364E+02   0.9165601215E-09   0.1076693053E-01
      1.   3.   0.1510500000E+02   0.0000000000E+00   0.8415000000E+02   0.4309987236E+02   0.1491318370E+02   0.5794704527E-09   0.1077336241E-01
      1.   4.   0.1510500000E+02   0.0000000000E+00   0.8415000000E+02   0.4310184404E+02   0.1493972612E+02   0.3657902291E-09   0.1077429874E-01
      1.   5.   0.1510500000E+02   0.0000000000E+00   0.8415000000E+02   0.4310276552E+02   0.1496806181E+02   0.4067500816E-10   0.1077453734E-01
      1.   6.   0.1510500000E+02   0.0000000000E+00   0.8415000000E+02   0.4310291453E+02   0.1496948027E+02  -0.3374852381E-09   0.1077461830E-01
      2.   1.   0.1508680537E+02   0.7411672200E+00   0.8414673595E+02   0.3715400619E+02   0.1259616930E+02   0.1831632458E-01   0.1074582188E-01
      2.   2.   0.1508680537E+02   0.7411672200E+00   0.8414673595E+02   0.4287546773E+02   0.1455220270E+02   0.2208234717E-01   0.1072467169E-01
      2.   3.   0.1508680537E+02   0.7411672200E+00   0.8414673595E+02   0.4300151743E+02   0.1491852790E+02   0.2018671953E-01   0.1073107679E-01
      2.   4.   0.1508680537E+02   0.7411672200E+00   0.8414673595E+02   0.4300348709E+02   0.1494507446E+02   0.2026892450E-01   0.1073200891E-01
      2.   5.   0.1508680537E+02   0.7411672200E+00   0.8414673595E+02   0.4300440990E+02   0.1497341318E+02   0.2010743816E-01   0.1073224605E-01
      2.   6.   0.1508680537E+02   0.7411672200E+00   0.8414673595E+02   0.4300455848E+02   0.1497481445E+02   0.2027561026E-01   0.1073232605E-01
      3.   1.   0.1503226530E+02   0.1480548900E+01   0.8413697448E+02   0.3690211752E+02   0.1260848304E+02   0.3530267596E-01   0.1061972832E-01
      3.   2.   0.1503226530E+02   0.1480548900E+01   0.8413697448E+02   0.4258236192E+02   0.1456848406E+02   0.4259185926E-01   0.1059883499E-01
      3.   3.   0.1503226530E+02   0.1480548900E+01   0.8413697448E+02   0.4270726055E+02   0.1493462708E+02   0.3880415488E-01   0.1060516039E-01
      3.   4.   0.1503226530E+02   0.1480548900E+01   0.8413697448E+02   0.4270922402E+02   0.1496118643E+02   0.3896093862E-01   0.1060607994E-01
      3.   5.   0.1503226530E+02   0.1480548900E+01   0.8413697448E+02   0.4271015083E+02   0.1498953482E+02   0.3863277994E-01   0.1060631275E-01
      3.   6.   0.1503226530E+02   0.1480548900E+01   0.8413697448E+02   0.4271029809E+02   0.1499088514E+02   0.3896175059E-01   0.1060638991E-01
      4.   1.   0.1494151118E+02   0.2216363820E+01   0.8412080736E+02   0.3648464341E+02   0.1262912411E+02   0.4968882912E-01   0.1041268803E-01
      4.   2.   0.1494151118E+02   0.2216363820E+01   0.8412080736E+02   0.4209649966E+02   0.1459580389E+02   0.6002691921E-01   0.1039221562E-01
      4.   3.   0.1494151118E+02   0.2216363820E+01   0.8412080736E+02   0.4221952416E+02   0.1496168320E+02   0.5435471844E-01   0.1039841014E-01
      4.   4.   0.1494151118E+02   0.2216363820E+01   0.8412080736E+02   0.4222147753E+02   0.1498826452E+02   0.5457099979E-01   0.1039930904E-01
      4.   5.   0.1494151118E+02   0.2216363820E+01   0.8412080736E+02   0.4222241098E+02   0.1501663017E+02   0.5406610678E-01   0.1039953474E-01
      4.   6.   0.1494151118E+02   0.2216363820E+01   0.8412080736E+02   0.4222255607E+02   0.1501789693E+02   0.5454133764E-01   0.1039960720E-01
      5.   1.   0.1481476166E+02   0.2946839310E+01   0.8409838666E+02   0.3590506521E+02   0.1265824990E+02   0.6032162587E-01   0.1012928750E-01
      5.   2.   0.1481476166E+02   0.2946839310E+01   0.8409838666E+02   0.4142184536E+02   0.1463443956E+02   0.7302334873E-01   0.1010939065E-01
      5.   3.   0.1481476166E+02   0.2946839310E+01   0.8409838666E+02   0.4154233637E+02   0.1500002838E+02   0.6547995227E-01   0.1011540632E-01
      5.   4.   0.1481476166E+02   0.2946839310E+01   0.8409838666E+02   0.4154427569E+02   0.1502664207E+02   0.6573383834E-01   0.1011627696E-01
      5.   5.   0.1481476166E+02   0.2946839310E+01   0.8409838666E+02   0.4154521846E+02   0.1505503357E+02   0.6503764614E-01   0.1011649287E-01
      5.   6.   0.1481476166E+02   0.2946839310E+01   0.8409838666E+02   0.4154536050E+02   0.1505618655E+02   0.6563809508E-01   0.1011655883E-01
      6.   1.   0.1465232208E+02   0.3670215620E+01   0.8406992338E+02   0.3516826648E+02   0.1269610801E+02   0.6621588915E-01   0.9775778895E-02
      6.   2.   0.1465232208E+02   0.3670215620E+01   0.8406992338E+02   0.4056394163E+02   0.1468478633E+02   0.8041287898E-01   0.9756599292E-02
      6.   3.   0.1465232208E+02   0.3670215620E+01   0.8406992338E+02   0.4068132166E+02   0.1505012027E+02   0.7101892313E-01   0.9762392155E-02
      6.   4.   0.1465232208E+02   0.3670215620E+01   0.8406992338E+02   0.4068324330E+02   0.1507677863E+02   0.7128268922E-01   0.9763227574E-02
      6.   5.   0.1465232208E+02   0.3670215620E+01   0.8406992338E+02   0.4068419801E+02   0.1510520712E+02   0.7037730715E-01   0.9763431233E-02
      6.   6.   0.1465232208E+02   0.3670215620E+01   0.8406992338E+02   0.4068433614E+02   0.1510621894E+02   0.7107607183E-01   0.9763489017E-02
      7.   1.   0.1445458377E+02   0.4384750050E+01   0.8403568568E+02   0.3428047950E+02   0.1274299396E+02   0.6659749342E-01   0.9359915386E-02
      7.   2.   0.1445458377E+02   0.4384750050E+01   0.8403568568E+02   0.3952989219E+02   0.1474735039E+02   0.8127768534E-01   0.9341578887E-02
      7.   3.   0.1445458377E+02   0.4384750050E+01   0.8403568568E+02   0.3964367968E+02   0.1511253074E+02   0.7006336593E-01   0.9347110013E-02
      7.   4.   0.1445458377E+02   0.4384750050E+01   0.8403568568E+02   0.3964558010E+02   0.1513924834E+02   0.7030485524E-01   0.9347904024E-02
      7.   5.   0.1445458377E+02   0.4384750050E+01   0.8403568568E+02   0.3964654941E+02   0.1516772732E+02   0.6916991292E-01   0.9348093222E-02
      7.   6.   0.1445458377E+02   0.4384750050E+01   0.8403568568E+02   0.3964668277E+02   0.1516857395E+02   0.6993506759E-01   0.9348141221E-02
      8.   1.   0.1422202310E+02   0.5088721240E+01   0.8399599643E+02   0.3342662959E+02   0.1279913387E+02   0.6054441875E-01   0.8890743302E-02
      8.   2.   0.1422202310E+02   0.5088721240E+01   0.8399599643E+02   0.3860990897E+02   0.1482252966E+02   0.7435893997E-01   0.8873355497E-02
      8.   3.   0.1422202310E+02   0.5088721240E+01   0.8399599643E+02   0.3871972549E+02   0.1518771284E+02   0.6136716595E-01   0.8878591834E-02
      8.   4.   0.1422202310E+02   0.5088721240E+01   0.8399599643E+02   0.3872190679E+02   0.1522801997E+02   0.5491891283E-01   0.8879339198E-02
      8.   5.   0.1422202310E+02   0.5088721240E+01   0.8399599643E+02   0.3872252551E+02   0.1524290465E+02   0.5325030595E-01   0.8879511998E-02
      8.   6.   0.1422202310E+02   0.5088721240E+01   0.8399599643E+02   0.3872265328E+02   0.1524356638E+02   0.5404628274E-01   0.8879548757E-02
      9.   1.   0.1395520034E+02   0.5780433250E+01   0.8395123043E+02   0.3243823906E+02   0.1286533758E+02   0.4898597509E-01   0.8378354836E-02
      9.   2.   0.1395520034E+02   0.5780433250E+01   0.8395123043E+02   0.3753884497E+02   0.1507682246E+02   0.5153443859E-01   0.8362000390E-02
      9.   3.   0.1395520034E+02   0.5780433250E+01   0.8395123043E+02   0.3763810744E+02   0.1527687109E+02   0.3819401306E-01   0.8366915547E-02
      9.   4.   0.1395520034E+02   0.5780433250E+01   0.8395123043E+02   0.3764028861E+02   0.1531737143E+02   0.3153606256E-01   0.8367611979E-02
      9.   5.   0.1395520034E+02   0.5780433250E+01   0.8395123043E+02   0.3764089893E+02   0.1533221596E+02   0.2974800770E-01   0.8367766768E-02
      9.   6.   0.1395520034E+02   0.5780433250E+01   0.8395123043E+02   0.3764102025E+02   0.1533267778E+02   0.3053690871E-01   0.8367791008E-02
     10.   1.   0.1365475827E+02   0.6458219690E+01   0.8390181106E+02   0.3115163147E+02   0.1296526749E+02   0.3001831321E-01   0.7833610597E-02
     10.   2.   0.1365475827E+02   0.6458219690E+01   0.8390181106E+02   0.3603441929E+02   0.1518145168E+02   0.2618903182E-01   0.7818352030E-02
     10.   3.   0.1365475827E+02   0.6458219690E+01   0.8390181106E+02   0.3612916513E+02   0.1538051991E+02   0.1224702942E-01   0.7822926431E-02
     10.   4.   0.1365475827E+02   0.6458219690E+01   0.8390181106E+02   0.3613134525E+02   0.1542125759E+02   0.5356991372E-02   0.7823568729E-02
     10.   5.   0.1365475827E+02   0.6458219690E+01   0.8390181106E+02   0.3613194833E+02   0.1543606842E+02   0.3418148585E-02   0.7823704227E-02
     10.   6.   0.1365475827E+02   0.6458219690E+01   0.8390181106E+02   0.3613206238E+02   0.1543632028E+02   0.4161158627E-02   0.7823714837E-02
     11.   1.   0.1332142070E+02   0.7120447710E+01   0.8384820645E+02   0.2975038820E+02   0.1299852111E+02   0.8361064425E-02   0.7267834994E-02
     11.   2.   0.1332142070E+02   0.7120447710E+01   0.8384820645E+02   0.3440271540E+02   0.1547049297E+02  -0.1200779884E-01   0.7253712049E-02
     11.   3.   0.1332142070E+02   0.7120447710E+01   0.8384820645E+02   0.3448775540E+02   0.1551418964E+02  -0.7257851247E-02   0.7257933397E-02
     11.   4.   0.1332142070E+02   0.7120447710E+01   0.8384820645E+02   0.3448955989E+02   0.1554122743E+02  -0.1780080180E-01   0.7258519536E-02
     11.   5.   0.1332142070E+02   0.7120447710E+01   0.8384820645E+02   0.3449015703E+02   0.1555601506E+02  -0.1992024286E-01   0.7258634822E-02
     11.   6.   0.1332142070E+02   0.7120447710E+01   0.8384820645E+02   0.3449026301E+02   0.1555605172E+02  -0.1926169777E-01   0.7258630869E-02
     12.   1.   0.1295599065E+02   0.7765521950E+01   0.8379092534E+02   0.2824462856E+02   0.1310129012E+02  -0.2119942983E-01   0.6692498940E-02
     12.   2.   0.1295599065E+02   0.7765521950E+01   0.8379092534E+02   0.3264738052E+02   0.1560809263E+02  -0.4863862086E-01   0.6679527278E-02
     12.   3.   0.1295599065E+02   0.7765521950E+01   0.8379092534E+02   0.3272782316E+02   0.1564933506E+02  -0.4349840032E-01   0.6683390531E-02
     12.   4.   0.1295599065E+02   0.7765521950E+01   0.8379092534E+02   0.3272983704E+02   0.1569148692E+02  -0.5095440387E-01   0.6683919579E-02
     12.   5.   0.1295599065E+02   0.7765521950E+01   0.8379092534E+02   0.3273017931E+02   0.1569186141E+02  -0.4981620941E-01   0.6684014098E-02
     12.   6.   0.1295599065E+02   0.7765521950E+01   0.8379092534E+02   0.3273027646E+02   0.1569168293E+02  -0.4927851137E-01   0.6683994848E-02
     13.   1.   0.1255934849E+02   0.8391888370E+01   0.8373051242E+02   0.2678354455E+02   0.1323401571E+02  -0.5457102760E-01   0.6118887726E-02
     13.   2.   0.1255934849E+02   0.8391888370E+01   0.8373051242E+02   0.3078936359E+02   0.1576268474E+02  -0.9037797883E-01   0.6107060568E-02
     13.   3.   0.1255934849E+02   0.8391888370E+01   0.8373051242E+02   0.3086527429E+02   0.1580127281E+02  -0.8485985325E-01   0.6110567852E-02
     13.   4.   0.1255934849E+02   0.8391888370E+01   0.8373051242E+02   0.3086727561E+02   0.1584381410E+02  -0.9265516523E-01   0.6111039972E-02
     13.   5.   0.1255934849E+02   0.8391888370E+01   0.8373051242E+02   0.3086759325E+02   0.1584399953E+02  -0.9162401857E-01   0.6111113499E-02
     13.   6.   0.1255934849E+02   0.8391888370E+01   0.8373051242E+02   0.3086768079E+02   0.1584361088E+02  -0.9124009800E-01   0.6111078409E-02
     14.   1.   0.1213244976E+02   0.8998037990E+01   0.8366754336E+02   0.2511455985E+02   0.1357944182E+02  -0.1005822542E+00   0.5557779597E-02
     14.   2.   0.1213244976E+02   0.8998037990E+01   0.8366754336E+02   0.2884546969E+02   0.1593435582E+02  -0.1425814593E+00   0.5547067495E-02
     14.   3.   0.1213244976E+02   0.8998037990E+01   0.8366754336E+02   0.2891715316E+02   0.1598466385E+02  -0.1388568542E+00   0.5550227602E-02
     14.   4.   0.1213244976E+02   0.8998037990E+01   0.8366754336E+02   0.2891895340E+02   0.1601336312E+02  -0.1401222304E+00   0.5550644002E-02
     14.   5.   0.1213244976E+02   0.8998037990E+01   0.8366754336E+02   0.2891924493E+02   0.1601336786E+02  -0.1392299760E+00   0.5550696654E-02
     14.   6.   0.1213244976E+02   0.8998037990E+01   0.8366754336E+02   0.2891932216E+02   0.1601277888E+02  -0.1390276122E+00   0.5550645358E-02
     15.   1.   0.1167632290E+02   0.9582510560E+01   0.8360261952E+02   0.2338694085E+02   0.1394160420E+02  -0.1570402099E+00   0.5019130851E-02
     15.   2.   0.1167632290E+02   0.9582510560E+01   0.8360261952E+02   0.2683358021E+02   0.1612389724E+02  -0.1850167302E+00   0.5009484752E-02
     15.   3.   0.1167632290E+02   0.9582510560E+01   0.8360261952E+02   0.2690098351E+02   0.1617101936E+02  -0.1810208897E+00   0.5012312722E-02
     15.   4.   0.1167632290E+02   0.9582510560E+01   0.8360261952E+02   0.2690274723E+02   0.1619997643E+02  -0.1825610456E+00   0.5012675597E-02
     15.   5.   0.1167632290E+02   0.9582510560E+01   0.8360261952E+02   0.2690301135E+02   0.1619981260E+02  -0.1818343576E+00   0.5012707736E-02
     15.   6.   0.1167632290E+02   0.9582510560E+01   0.8360261952E+02   0.2690307759E+02   0.1619903719E+02  -0.1818355352E+00   0.5012639999E-02
     16.   1.   0.1119206675E+02   0.1014389801E+02   0.8353636234E+02   0.2161017381E+02   0.1410871119E+02  -0.1994627464E+00   0.4511793309E-02
     16.   2.   0.1119206675E+02   0.1014389801E+02   0.8353636234E+02   0.2477245504E+02   0.1633073797E+02  -0.2346156573E+00   0.4503146142E-02
     16.   3.   0.1119206675E+02   0.1014389801E+02   0.8353636234E+02   0.2483558661E+02   0.1637404976E+02  -0.2303273056E+00   0.4505662525E-02
     16.   4.   0.1119206675E+02   0.1014389801E+02   0.8353636234E+02   0.2483731385E+02   0.1640329994E+02  -0.2321436406E+00   0.4505974831E-02
     16.   5.   0.1119206675E+02   0.1014389801E+02   0.8353636234E+02   0.2483754947E+02   0.1640298320E+02  -0.2316025917E+00   0.4505987109E-02
     16.   6.   0.1119206675E+02   0.1014389801E+02   0.8353636234E+02   0.2483760409E+02   0.1640203919E+02  -0.2318216198E+00   0.4505902841E-02
     17.   1.   0.1068084793E+02   0.1068084793E+02   0.8346940749E+02   0.1982553263E+02   0.1429695275E+02  -0.2429774229E+00   0.4043262849E-02
     17.   2.   0.1068084793E+02   0.1068084793E+02   0.8346940749E+02   0.2268206664E+02   0.1655473875E+02  -0.2856965010E+00   0.4035532553E-02
     17.   3.   0.1068084793E+02   0.1068084793E+02   0.8346940749E+02   0.2274109417E+02   0.1660788123E+02  -0.2854354634E+00   0.4037762624E-02
     17.   4.   0.1068084793E+02   0.1068084793E+02   0.8346940749E+02   0.2274228328E+02   0.1662291853E+02  -0.2871811946E+00   0.4038028095E-02
     17.   5.   0.1068084793E+02   0.1068084793E+02   0.8346940749E+02   0.2274248952E+02   0.1662246717E+02  -0.2868390012E+00   0.4038021329E-02
     17.   6.   0.1068084793E+02   0.1068084793E+02   0.8346940749E+02   0.2274253199E+02   0.1662137510E+02  -0.2872828618E+00   0.4037920487E-02
     18.   1.   0.1014389801E+02   0.1119206675E+02   0.8340239890E+02   0.1804353124E+02   0.1450225259E+02  -0.2824352389E+00   0.3619478544E-02
     18.   2.   0.1014389801E+02   0.1119206675E+02   0.8340239890E+02   0.2058286830E+02   0.1680857584E+02  -0.3325862011E+00   0.3612571581E-02
     18.   3.   0.1014389801E+02   0.1119206675E+02   0.8340239890E+02   0.2063594750E+02   0.1684229107E+02  -0.3337165006E+00   0.3614544251E-02
     18.   4.   0.1014389801E+02   0.1119206675E+02   0.8340239890E+02   0.2063706664E+02   0.1685745218E+02  -0.3357181003E+00   0.3614767139E-02
     18.   5.   0.1014389801E+02   0.1119206675E+02   0.8340239890E+02   0.2063724289E+02   0.1685688663E+02  -0.3355802244E+00   0.3614742298E-02
     18.   6.   0.1014389801E+02   0.1119206675E+02   0.8340239890E+02   0.2063727274E+02   0.1685566946E+02  -0.3362470095E+00   0.3614624915E-02
     19.   1.   0.9582510560E+01   0.1167632290E+02   0.8333598253E+02   0.1625165532E+02   0.1470669029E+02  -0.3168349568E+00   0.3244676365E-02
     19.   2.   0.9582510560E+01   0.1167632290E+02   0.8333598253E+02   0.1849623310E+02   0.1706160398E+02  -0.3725928605E+00   0.3238489704E-02
     19.   3.   0.9582510560E+01   0.1167632290E+02   0.8333598253E+02   0.1854156107E+02   0.1710508098E+02  -0.3723731778E+00   0.3240236515E-02
     19.   4.   0.9582510560E+01   0.1167632290E+02   0.8333598253E+02   0.1854227052E+02   0.1710535523E+02  -0.3716882933E+00   0.3240421396E-02
     19.   5.   0.9582510560E+01   0.1167632290E+02   0.8333598253E+02   0.1854241642E+02   0.1710469731E+02  -0.3717522978E+00   0.3240379535E-02
     19.   6.   0.9582510560E+01   0.1167632290E+02   0.8333598253E+02   0.1854243329E+02   0.1710337941E+02  -0.3726314845E+00   0.3240245677E-02
     20.   1.   0.8998037990E+01   0.1213244976E+02   0.8327080018E+02   0.1448573291E+02   0.1491981757E+02  -0.3475471398E+00   0.2921304135E-02
     20.   2.   0.8998037990E+01   0.1213244976E+02   0.8327080018E+02   0.1644538088E+02   0.1732320185E+02  -0.4083688457E+00   0.2915729875E-02
     20.   3.   0.8998037990E+01   0.1213244976E+02   0.8327080018E+02   0.1647798207E+02   0.1736367977E+02  -0.4078768028E+00   0.2917283908E-02
     20.   4.   0.8998037990E+01   0.1213244976E+02   0.8327080018E+02   0.1647858715E+02   0.1736389068E+02  -0.4074150343E+00   0.2917435612E-02
     20.   5.   0.8998037990E+01   0.1213244976E+02   0.8327080018E+02   0.1647870263E+02   0.1736316286E+02  -0.4076705871E+00   0.2917377847E-02
     20.   6.   0.8998037990E+01   0.1213244976E+02   0.8327080018E+02   0.1647870631E+02   0.1736176897E+02  -0.4087433368E+00   0.2917227570E-02
     21.   1.   0.8391888370E+01   0.1255934849E+02   0.8320748323E+02   0.1275511882E+02   0.1513377801E+02  -0.3727260353E+00   0.2650007377E-02
     21.   2.   0.8391888370E+01   0.1255934849E+02   0.8320748323E+02   0.1445228376E+02   0.1759996944E+02  -0.4396727650E+00   0.2644936398E-02
     21.   3.   0.8391888370E+01   0.1255934849E+02   0.8320748323E+02   0.1446588702E+02   0.1763025200E+02  -0.4344069460E+00   0.2646331088E-02
     21.   4.   0.8391888370E+01   0.1255934849E+02   0.8320748323E+02   0.1446638944E+02   0.1763042372E+02  -0.4341560741E+00   0.2646454496E-02
     21.   5.   0.8391888370E+01   0.1255934849E+02   0.8320748323E+02   0.1446647477E+02   0.1762964798E+02  -0.4345857427E+00   0.2646381906E-02
     21.   6.   0.8391888370E+01   0.1255934849E+02   0.8320748323E+02   0.1446646514E+02   0.1762820259E+02  -0.4358248293E+00   0.2646215304E-02
     22.   1.   0.7765521950E+01   0.1295599065E+02   0.8314664639E+02   0.1108657566E+02   0.1535000999E+02  -0.3880450705E+00   0.2429685485E-02
     22.   2.   0.7765521950E+01   0.1295599065E+02   0.8314664639E+02   0.1253309901E+02   0.1785257616E+02  -0.4569989157E+00   0.2425011445E-02
     22.   3.   0.7765521950E+01   0.1295599065E+02   0.8314664639E+02   0.1252527656E+02   0.1790078686E+02  -0.4519459738E+00   0.2426279355E-02
     22.   4.   0.7765521950E+01   0.1295599065E+02   0.8314664639E+02   0.1252567917E+02   0.1790094233E+02  -0.4518864372E+00   0.2426379230E-02
     22.   5.   0.7765521950E+01   0.1295599065E+02   0.8314664639E+02   0.1252573494E+02   0.1790013992E+02  -0.4524655404E+00   0.2426292927E-02
     22.   6.   0.7765521950E+01   0.1295599065E+02   0.8314664639E+02   0.1252571208E+02   0.1789866611E+02  -0.4538368628E+00   0.2426110085E-02
     23.   1.   0.7120447710E+01   0.1332142070E+02   0.8308888163E+02   0.9382270926E+01   0.1575826848E+02  -0.4001197929E+00   0.2257619365E-02
     23.   2.   0.7120447710E+01   0.1332142070E+02   0.8308888163E+02   0.1070013021E+02   0.1810725383E+02  -0.4717859999E+00   0.2253241505E-02
     23.   3.   0.7120447710E+01   0.1332142070E+02   0.8308888163E+02   0.1067621655E+02   0.1817168225E+02  -0.4673768476E+00   0.2254413515E-02
     23.   4.   0.7120447710E+01   0.1332142070E+02   0.8308888163E+02   0.1067652324E+02   0.1817184197E+02  -0.4674830299E+00   0.2254494313E-02
     23.   5.   0.7120447710E+01   0.1332142070E+02   0.8308888163E+02   0.1067655038E+02   0.1817103203E+02  -0.4681815399E+00   0.2254395331E-02
     23.   6.   0.7120447710E+01   0.1332142070E+02   0.8308888163E+02   0.1067651452E+02   0.1816955087E+02  -0.4696444807E+00   0.2254196425E-02
     24.   1.   0.6458219690E+01   0.1365475827E+02   0.8303475222E+02   0.7836345876E+01   0.1600096659E+02  -0.3952525578E+00   0.2129665890E-02
     24.   2.   0.6458219690E+01   0.1365475827E+02   0.8303475222E+02   0.8871209320E+01   0.1835351873E+02  -0.4526717520E+00   0.2125492538E-02
     24.   3.   0.6458219690E+01   0.1365475827E+02   0.8303475222E+02   0.8937421005E+01   0.1843811324E+02  -0.4570049912E+00   0.2126596691E-02
     24.   4.   0.6458219690E+01   0.1365475827E+02   0.8303475222E+02   0.8937636765E+01   0.1843829493E+02  -0.4572462027E+00   0.2126662495E-02
     24.   5.   0.6458219690E+01   0.1365475827E+02   0.8303475222E+02   0.8937636580E+01   0.1843749422E+02  -0.4580294147E+00   0.2126551854E-02
     24.   6.   0.6458219690E+01   0.1365475827E+02   0.8303475222E+02   0.8937588156E+01   0.1843602386E+02  -0.4595389370E+00   0.2126337141E-02
     25.   1.   0.5780433250E+01   0.1395520034E+02   0.8298478706E+02   0.6440637846E+01   0.1622803889E+02  -0.3840909020E+00   0.2040516206E-02
     25.   2.   0.5780433250E+01   0.1395520034E+02   0.8298478706E+02   0.7271549126E+01   0.1863277944E+02  -0.4403821719E+00   0.2036467582E-02
     25.   3.   0.5780433250E+01   0.1395520034E+02   0.8298478706E+02   0.7327549121E+01   0.1869424180E+02  -0.4438795792E+00   0.2037528429E-02
     25.   4.   0.5780433250E+01   0.1395520034E+02   0.8298478706E+02   0.7327680009E+01   0.1869445982E+02  -0.4442210967E+00   0.2037582886E-02
     25.   5.   0.5780433250E+01   0.1395520034E+02   0.8298478706E+02   0.7327654151E+01   0.1869368191E+02  -0.4450513200E+00   0.2037461570E-02
     25.   6.   0.5780433250E+01   0.1395520034E+02   0.8298478706E+02   0.7327593790E+01   0.1869223699E+02  -0.4465593044E+00   0.2037231468E-02
     26.   1.   0.5088721240E+01   0.1422202310E+02   0.8293947527E+02   0.5171471848E+01   0.1644095813E+02  -0.3630192398E+00   0.1984004950E-02
     26.   2.   0.5088721240E+01   0.1422202310E+02   0.8293947527E+02   0.5818787425E+01   0.1888910446E+02  -0.4166263521E+00   0.1980014971E-02
     26.   3.   0.5088721240E+01   0.1422202310E+02   0.8293947527E+02   0.5863295491E+01   0.1893588038E+02  -0.4193618434E+00   0.1981052836E-02
     26.   4.   0.5088721240E+01   0.1422202310E+02   0.8293947527E+02   0.5863348603E+01   0.1893614501E+02  -0.4197670644E+00   0.1981099055E-02
     26.   5.   0.5088721240E+01   0.1422202310E+02   0.8293947527E+02   0.5863299092E+01   0.1893539998E+02  -0.4206050206E+00   0.1980968067E-02
     26.   6.   0.5088721240E+01   0.1422202310E+02   0.8293947527E+02   0.5863227606E+01   0.1893399126E+02  -0.4220621473E+00   0.1980723216E-02
     27.   1.   0.4384750050E+01   0.1445458377E+02   0.8289926120E+02   0.4037275767E+01   0.1664634584E+02  -0.3333855859E+00   0.1953458798E-02
     27.   2.   0.4384750050E+01   0.1445458377E+02   0.8289926120E+02   0.4526188609E+01   0.1911989368E+02  -0.3832801743E+00   0.1949476748E-02
     27.   3.   0.4384750050E+01   0.1445458377E+02   0.8289926120E+02   0.4560337014E+01   0.1915801972E+02  -0.3853682595E+00   0.1950507454E-02
     27.   4.   0.4384750050E+01   0.1445458377E+02   0.8289926120E+02   0.4560320444E+01   0.1915833682E+02  -0.3858001876E+00   0.1950547988E-02
     27.   5.   0.4384750050E+01   0.1445458377E+02   0.8289926120E+02   0.4560249646E+01   0.1915763084E+02  -0.3866067965E+00   0.1950408349E-02
     27.   6.   0.4384750050E+01   0.1445458377E+02   0.8289926120E+02   0.4560168041E+01   0.1915626486E+02  -0.3879644192E+00   0.1950149666E-02
     28.   1.   0.3670215620E+01   0.1465232208E+02   0.8286453981E+02   0.3055079096E+01   0.1682947211E+02  -0.2926764815E+00   0.1942068770E-02
     28.   2.   0.3670215620E+01   0.1465232208E+02   0.8286453981E+02   0.3407190205E+01   0.1932238291E+02  -0.3361378948E+00   0.1938059396E-02
     28.   3.   0.3670215620E+01   0.1465232208E+02   0.8286453981E+02   0.3432629034E+01   0.1935553463E+02  -0.3376935181E+00   0.1939094061E-02
     28.   4.   0.3670215620E+01   0.1465232208E+02   0.8286453981E+02   0.3432551786E+01   0.1935590572E+02  -0.3381166222E+00   0.1939130915E-02
     28.   5.   0.3670215620E+01   0.1465232208E+02   0.8286453981E+02   0.3432462354E+01   0.1935524103E+02  -0.3388546766E+00   0.1938983690E-02
     28.   6.   0.3670215620E+01   0.1465232208E+02   0.8286453981E+02   0.3432371837E+01   0.1935392024E+02  -0.3400665062E+00   0.1938712463E-02
     29.   1.   0.2946839310E+01   0.1481476166E+02   0.8283565257E+02   0.2240346789E+01   0.1697693823E+02  -0.2447807447E+00   0.1943268353E-02
     29.   2.   0.2946839310E+01   0.1481476166E+02   0.8283565257E+02   0.2474274239E+01   0.1949375709E+02  -0.2812544710E+00   0.1939211654E-02
     29.   3.   0.2946839310E+01   0.1481476166E+02   0.8283565257E+02   0.2492550967E+01   0.1952410439E+02  -0.2823777186E+00   0.1940256893E-02
     29.   4.   0.2946839310E+01   0.1481476166E+02   0.8283565257E+02   0.2492422875E+01   0.1952452659E+02  -0.2827595496E+00   0.1940291534E-02
     29.   5.   0.2946839310E+01   0.1481476166E+02   0.8283565257E+02   0.2492317776E+01   0.1952390197E+02  -0.2833949252E+00   0.1940137952E-02
     29.   6.   0.2946839310E+01   0.1481476166E+02   0.8283565257E+02   0.2492219707E+01   0.1952262446E+02  -0.2844195393E+00   0.1939855745E-02
     30.   1.   0.2216363820E+01   0.1494151118E+02   0.8281288392E+02   0.1597196372E+01   0.1709520864E+02  -0.1899871712E+00   0.1951097887E-02
     30.   2.   0.2216363820E+01   0.1494151118E+02   0.8281288392E+02   0.1737812400E+01   0.1963083159E+02  -0.2183665204E+00   0.1946987959E-02
     30.   3.   0.2216363820E+01   0.1494151118E+02   0.8281288392E+02   0.1750367097E+01   0.1965968227E+02  -0.2191383520E+00   0.1948046275E-02
     30.   4.   0.2216363820E+01   0.1494151118E+02   0.8281288392E+02   0.1750198672E+01   0.1966014873E+02  -0.2194510285E+00   0.1948079696E-02
     30.   5.   0.2216363820E+01   0.1494151118E+02   0.8281288392E+02   0.1750081133E+01   0.1965955920E+02  -0.2199547230E+00   0.1947921014E-02
     30.   6.   0.2216363820E+01   0.1494151118E+02   0.8281288392E+02   0.1749977024E+01   0.1965831972E+02  -0.2207563760E+00   0.1947629838E-02
     31.   1.   0.1480548900E+01   0.1503226530E+02   0.8279645826E+02   0.1132672160E+01   0.1718165831E+02  -0.1297780286E+00   0.1960536756E-02
     31.   2.   0.1480548900E+01   0.1503226530E+02   0.8279645826E+02   0.1205960762E+01   0.1973084938E+02  -0.1491958341E+00   0.1956379692E-02
     31.   3.   0.1480548900E+01   0.1503226530E+02   0.8279645826E+02   0.1214268376E+01   0.1975898900E+02  -0.1496769618E+00   0.1957450073E-02
     31.   4.   0.1480548900E+01   0.1503226530E+02   0.8279645826E+02   0.1214070726E+01   0.1975948964E+02  -0.1498982854E+00   0.1957482908E-02
     31.   5.   0.1480548900E+01   0.1503226530E+02   0.8279645826E+02   0.1213944140E+01   0.1975892730E+02  -0.1502474092E+00   0.1957320472E-02
     31.   6.   0.1480548900E+01   0.1503226530E+02   0.8279645826E+02   0.1213835630E+01   0.1975771730E+02  -0.1507980512E+00   0.1957022611E-02
     32.   1.   0.7411672200E+00   0.1508680537E+02   0.8278653758E+02   0.8518898616E+00   0.1723433561E+02  -0.6583952272E-01   0.1967782984E-02
     32.   2.   0.7411672200E+00   0.1508680537E+02   0.8278653758E+02   0.8845352079E+00   0.1979171869E+02  -0.7570003413E-01   0.1963593804E-02
     32.   3.   0.7411672200E+00   0.1508680537E+02   0.8278653758E+02   0.8902029468E+00   0.1981957977E+02  -0.7593067199E-01   0.1964672481E-02
     32.   4.   0.7411672200E+00   0.1508680537E+02   0.8278653758E+02   0.8899876221E+00   0.1982010209E+02  -0.7604523653E-01   0.1964705118E-02
     32.   5.   0.7411672200E+00   0.1508680537E+02   0.8278653758E+02   0.8898555460E+00   0.1981955710E+02  -0.7622385187E-01   0.1964540417E-02
     32.   6.   0.7411672200E+00   0.1508680537E+02   0.8278653758E+02   0.8897443539E+00   0.1981836571E+02  -0.7650413802E-01   0.1964238418E-02
     33.   1.   0.0000000000E+00   0.1510500000E+02   0.8278321977E+02   0.7579499560E+00   0.1725203188E+02   0.3263843808E-07   0.1970466675E-02
     33.   2.   0.0000000000E+00   0.1510500000E+02   0.8278321977E+02   0.7770088247E+00   0.1981215202E+02   0.4024565323E-07   0.1966266142E-02
     33.   3.   0.0000000000E+00   0.1510500000E+02   0.8278321977E+02   0.7817782862E+00   0.1983994641E+02   0.3916499296E-07   0.1967347764E-02
     33.   4.   0.0000000000E+00   0.1510500000E+02   0.8278321977E+02   0.7815570174E+00   0.1984047610E+02   0.3914361297E-07   0.1967380347E-02
     33.   5.   0.0000000000E+00   0.1510500000E+02   0.8278321977E+02   0.7814231002E+00   0.1983993705E+02   0.3950301705E-07   0.1967214883E-02
     33.   6.   0.0000000000E+00   0.1510500000E+02   0.8278321977E+02   0.7813110165E+00   0.1983875208E+02   0.3930032375E-07   0.1966911501E-02
     34.   1.  -0.7411672200E+00   0.1508680537E+02   0.8278653758E+02   0.8518898640E+00   0.1723433561E+02   0.6583959077E-01   0.1967782984E-02
     34.   2.  -0.7411672200E+00   0.1508680537E+02   0.8278653758E+02   0.8845352111E+00   0.1979171869E+02   0.7570011197E-01   0.1963593804E-02
     34.   3.  -0.7411672200E+00   0.1508680537E+02   0.8278653758E+02   0.8902029498E+00   0.1981957977E+02   0.7593074995E-01   0.1964672481E-02
     34.   4.  -0.7411672200E+00   0.1508680537E+02   0.8278653758E+02   0.8899876251E+00   0.1982010209E+02   0.7604531451E-01   0.1964705118E-02
     34.   5.  -0.7411672200E+00   0.1508680537E+02   0.8278653758E+02   0.8898555489E+00   0.1981955710E+02   0.7622392986E-01   0.1964540417E-02
     34.   6.  -0.7411672200E+00   0.1508680537E+02   0.8278653758E+02   0.8897443567E+00   0.1981836571E+02   0.7650421601E-01   0.1964238418E-02
     35.   1.  -0.1480548900E+01   0.1503226530E+02   0.8279645826E+02   0.1132672165E+01   0.1718165831E+02   0.1297780960E+00   0.1960536756E-02
     35.   2.  -0.1480548900E+01   0.1503226530E+02   0.8279645826E+02   0.1205960768E+01   0.1973084938E+02   0.1491959115E+00   0.1956379692E-02
     35.   3.  -0.1480548900E+01   0.1503226530E+02   0.8279645826E+02   0.1214268382E+01   0.1975898900E+02   0.1496770394E+00   0.1957450073E-02
     35.   4.  -0.1480548900E+01   0.1503226530E+02   0.8279645826E+02   0.1214070732E+01   0.1975948963E+02   0.1498983631E+00   0.1957482908E-02
     35.   5.  -0.1480548900E+01   0.1503226530E+02   0.8279645826E+02   0.1213944146E+01   0.1975892730E+02   0.1502474869E+00   0.1957320472E-02
     35.   6.  -0.1480548900E+01   0.1503226530E+02   0.8279645826E+02   0.1213835636E+01   0.1975771729E+02   0.1507981289E+00   0.1957022611E-02
     36.   1.  -0.2216363820E+01   0.1494151118E+02   0.8281288392E+02   0.1597196379E+01   0.1709520864E+02   0.1899872384E+00   0.1951097887E-02
     36.   2.  -0.2216363820E+01   0.1494151118E+02   0.8281288392E+02   0.1737812409E+01   0.1963083159E+02   0.2183665974E+00   0.1946987959E-02
     36.   3.  -0.2216363820E+01   0.1494151118E+02   0.8281288392E+02   0.1750367106E+01   0.1965968227E+02   0.2191384292E+00   0.1948046275E-02
     36.   4.  -0.2216363820E+01   0.1494151118E+02   0.8281288392E+02   0.1750198681E+01   0.1966014873E+02   0.2194511057E+00   0.1948079696E-02
     36.   5.  -0.2216363820E+01   0.1494151118E+02   0.8281288392E+02   0.1750081142E+01   0.1965955920E+02   0.2199548003E+00   0.1947921014E-02
     36.   6.  -0.2216363820E+01   0.1494151118E+02   0.8281288392E+02   0.1749977033E+01   0.1965831972E+02   0.2207564533E+00   0.1947629838E-02
     37.   1.  -0.2946839310E+01   0.1481476166E+02   0.8283565257E+02   0.2240346799E+01   0.1697693822E+02   0.2447808113E+00   0.1943268352E-02
     37.   2.  -0.2946839310E+01   0.1481476166E+02   0.8283565257E+02   0.2474274251E+01   0.1949375709E+02   0.2812545474E+00   0.1939211653E-02
     37.   3.  -0.2946839310E+01   0.1481476166E+02   0.8283565257E+02   0.2492550980E+01   0.1952410438E+02   0.2823777953E+00   0.1940256892E-02
     37.   4.  -0.2946839310E+01   0.1481476166E+02   0.8283565257E+02   0.2492422887E+01   0.1952452659E+02   0.2827596262E+00   0.1940291534E-02
     37.   5.  -0.2946839310E+01   0.1481476166E+02   0.8283565257E+02   0.2492317788E+01   0.1952390197E+02   0.2833950019E+00   0.1940137952E-02
     37.   6.  -0.2946839310E+01   0.1481476166E+02   0.8283565257E+02   0.2492219719E+01   0.1952262445E+02   0.2844196159E+00   0.1939855745E-02
     38.   1.  -0.3670215620E+01   0.1465232208E+02   0.8286453981E+02   0.3055079108E+01   0.1682947211E+02   0.2926765474E+00   0.1942068770E-02
     38.   2.  -0.3670215620E+01   0.1465232208E+02   0.8286453981E+02   0.3407190219E+01   0.1932238290E+02   0.3361379704E+00   0.1938059396E-02
     38.   3.  -0.3670215620E+01   0.1465232208E+02   0.8286453981E+02   0.3432629049E+01   0.1935553463E+02   0.3376935939E+00   0.1939094062E-02
     38.   4.  -0.3670215620E+01   0.1465232208E+02   0.8286453981E+02   0.3432551801E+01   0.1935590571E+02   0.3381166980E+00   0.1939130915E-02
     38.   5.  -0.3670215620E+01   0.1465232208E+02   0.8286453981E+02   0.3432462368E+01   0.1935524103E+02   0.3388547525E+00   0.1938983690E-02
     38.   6.  -0.3670215620E+01   0.1465232208E+02   0.8286453981E+02   0.3432371852E+01   0.1935392024E+02   0.3400665821E+00   0.1938712463E-02
     39.   1.  -0.4384750050E+01   0.1445458377E+02   0.8289926120E+02   0.4037275783E+01   0.1664634584E+02   0.3333856511E+00   0.1953458798E-02
     39.   2.  -0.4384750050E+01   0.1445458377E+02   0.8289926120E+02   0.4526188626E+01   0.1911989368E+02   0.3832802493E+00   0.1949476749E-02
     39.   3.  -0.4384750050E+01   0.1445458377E+02   0.8289926120E+02   0.4560337032E+01   0.1915801971E+02   0.3853683346E+00   0.1950507455E-02
     39.   4.  -0.4384750050E+01   0.1445458377E+02   0.8289926120E+02   0.4560320462E+01   0.1915833682E+02   0.3858002627E+00   0.1950547988E-02
     39.   5.  -0.4384750050E+01   0.1445458377E+02   0.8289926120E+02   0.4560249664E+01   0.1915763084E+02   0.3866068717E+00   0.1950408349E-02
     39.   6.  -0.4384750050E+01   0.1445458377E+02   0.8289926120E+02   0.4560168059E+01   0.1915626486E+02   0.3879644943E+00   0.1950149666E-02
     40.   1.  -0.5088721240E+01   0.1422202310E+02   0.8293947527E+02   0.5171471867E+01   0.1644095813E+02   0.3630193040E+00   0.1984004951E-02
     40.   2.  -0.5088721240E+01   0.1422202310E+02   0.8293947527E+02   0.5818787446E+01   0.1888910445E+02   0.4166264261E+00   0.1980014971E-02
     40.   3.  -0.5088721240E+01   0.1422202310E+02   0.8293947527E+02   0.5863295511E+01   0.1893588038E+02   0.4193619176E+00   0.1981052837E-02
     40.   4.  -0.5088721240E+01   0.1422202310E+02   0.8293947527E+02   0.5863348624E+01   0.1893614501E+02   0.4197671386E+00   0.1981099056E-02
     40.   5.  -0.5088721240E+01   0.1422202310E+02   0.8293947527E+02   0.5863299113E+01   0.1893539997E+02   0.4206050949E+00   0.1980968068E-02
     40.   6.  -0.5088721240E+01   0.1422202310E+02   0.8293947527E+02   0.5863227627E+01   0.1893399126E+02   0.4220622216E+00   0.1980723217E-02
     41.   1.  -0.5780433250E+01   0.1395520034E+02   0.8298478706E+02   0.6440637865E+01   0.1622803889E+02   0.3840909655E+00   0.2040516208E-02
     41.   2.  -0.5780433250E+01   0.1395520034E+02   0.8298478706E+02   0.7271549149E+01   0.1863277943E+02   0.4403822449E+00   0.2036467584E-02
     41.   3.  -0.5780433250E+01   0.1395520034E+02   0.8298478706E+02   0.7327549144E+01   0.1869424180E+02   0.4438796524E+00   0.2037528430E-02
     41.   4.  -0.5780433250E+01   0.1395520034E+02   0.8298478706E+02   0.7327680032E+01   0.1869445981E+02   0.4442211698E+00   0.2037582887E-02
     41.   5.  -0.5780433250E+01   0.1395520034E+02   0.8298478706E+02   0.7327654175E+01   0.1869368190E+02   0.4450513932E+00   0.2037461571E-02
     41.   6.  -0.5780433250E+01   0.1395520034E+02   0.8298478706E+02   0.7327593813E+01   0.1869223698E+02   0.4465593776E+00   0.2037231469E-02
     42.   1.  -0.6458219690E+01   0.1365475827E+02   0.8303475222E+02   0.7836345898E+01   0.1600096659E+02   0.3952526206E+00   0.2129665892E-02
     42.   2.  -0.6458219690E+01   0.1365475827E+02   0.8303475222E+02   0.8871209346E+01   0.1835351873E+02   0.4526718237E+00   0.2125492540E-02
     42.   3.  -0.6458219690E+01   0.1365475827E+02   0.8303475222E+02   0.8937421031E+01   0.1843811323E+02   0.4570050631E+00   0.2126596693E-02
     42.   4.  -0.6458219690E+01   0.1365475827E+02   0.8303475222E+02   0.8937636791E+01   0.1843829493E+02   0.4572462746E+00   0.2126662497E-02
     42.   5.  -0.6458219690E+01   0.1365475827E+02   0.8303475222E+02   0.8937636605E+01   0.1843749422E+02   0.4580294865E+00   0.2126551856E-02
     42.   6.  -0.6458219690E+01   0.1365475827E+02   0.8303475222E+02   0.8937588182E+01   0.1843602386E+02   0.4595390089E+00   0.2126337143E-02
     43.   1.  -0.7120447710E+01   0.1332142070E+02   0.8308888163E+02   0.9382270951E+01   0.1575826848E+02   0.4001198540E+00   0.2257619368E-02
     43.   2.  -0.7120447710E+01   0.1332142070E+02   0.8308888163E+02   0.1070013024E+02   0.1810725383E+02   0.4717860700E+00   0.2253241507E-02
     43.   3.  -0.7120447710E+01   0.1332142070E+02   0.8308888163E+02   0.1067621658E+02   0.1817168225E+02   0.4673769180E+00   0.2254413517E-02
     43.   4.  -0.7120447710E+01   0.1332142070E+02   0.8308888163E+02   0.1067652327E+02   0.1817184196E+02   0.4674831004E+00   0.2254494316E-02
     43.   5.  -0.7120447710E+01   0.1332142070E+02   0.8308888163E+02   0.1067655041E+02   0.1817103203E+02   0.4681816104E+00   0.2254395334E-02
     43.   6.  -0.7120447710E+01   0.1332142070E+02   0.8308888163E+02   0.1067651455E+02   0.1816955086E+02   0.4696445511E+00   0.2254196428E-02
     44.   1.  -0.7765521950E+01   0.1295599065E+02   0.8314664639E+02   0.1108657568E+02   0.1535000998E+02   0.3880451293E+00   0.2429685488E-02
     44.   2.  -0.7765521950E+01   0.1295599065E+02   0.8314664639E+02   0.1253309904E+02   0.1785257616E+02   0.4569989842E+00   0.2425011449E-02
     44.   3.  -0.7765521950E+01   0.1295599065E+02   0.8314664639E+02   0.1252527660E+02   0.1790078686E+02   0.4519460426E+00   0.2426279358E-02
     44.   4.  -0.7765521950E+01   0.1295599065E+02   0.8314664639E+02   0.1252567921E+02   0.1790094232E+02   0.4518865062E+00   0.2426379233E-02
     44.   5.  -0.7765521950E+01   0.1295599065E+02   0.8314664639E+02   0.1252573497E+02   0.1790013992E+02   0.4524656094E+00   0.2426292931E-02
     44.   6.  -0.7765521950E+01   0.1295599065E+02   0.8314664639E+02   0.1252571211E+02   0.1789866610E+02   0.4538369318E+00   0.2426110089E-02
     45.   1.  -0.8391888370E+01   0.1255934849E+02   0.8320748323E+02   0.1275511885E+02   0.1513377800E+02   0.3727260929E+00   0.2650007381E-02
     45.   2.  -0.8391888370E+01   0.1255934849E+02   0.8320748323E+02   0.1445228379E+02   0.1759996944E+02   0.4396728319E+00   0.2644936403E-02
     45.   3.  -0.8391888370E+01   0.1255934849E+02   0.8320748323E+02   0.1446588705E+02   0.1763025199E+02   0.4344070131E+00   0.2646331093E-02
     45.   4.  -0.8391888370E+01   0.1255934849E+02   0.8320748323E+02   0.1446638948E+02   0.1763042371E+02   0.4341561412E+00   0.2646454501E-02
     45.   5.  -0.8391888370E+01   0.1255934849E+02   0.8320748323E+02   0.1446647481E+02   0.1762964797E+02   0.4345858099E+00   0.2646381910E-02
     45.   6.  -0.8391888370E+01   0.1255934849E+02   0.8320748323E+02   0.1446646518E+02   0.1762820258E+02   0.4358248964E+00   0.2646215308E-02
     46.   1.  -0.8998037990E+01   0.1213244976E+02   0.8327080018E+02   0.1448573294E+02   0.1491981757E+02   0.3475471959E+00   0.2921304141E-02
     46.   2.  -0.8998037990E+01   0.1213244976E+02   0.8327080018E+02   0.1644538092E+02   0.1732320185E+02   0.4083689107E+00   0.2915729881E-02
     46.   3.  -0.8998037990E+01   0.1213244976E+02   0.8327080018E+02   0.1647798211E+02   0.1736367976E+02   0.4078768681E+00   0.2917283913E-02
     46.   4.  -0.8998037990E+01   0.1213244976E+02   0.8327080018E+02   0.1647858719E+02   0.1736389067E+02   0.4074150995E+00   0.2917435618E-02
     46.   5.  -0.8998037990E+01   0.1213244976E+02   0.8327080018E+02   0.1647870267E+02   0.1736316286E+02   0.4076706523E+00   0.2917377853E-02
     46.   6.  -0.8998037990E+01   0.1213244976E+02   0.8327080018E+02   0.1647870634E+02   0.1736176896E+02   0.4087434021E+00   0.2917227576E-02
     47.   1.  -0.9582510560E+01   0.1167632290E+02   0.8333598253E+02   0.1625165536E+02   0.1470669028E+02   0.3168350109E+00   0.3244676371E-02
     47.   2.  -0.9582510560E+01   0.1167632290E+02   0.8333598253E+02   0.1849623314E+02   0.1706160398E+02   0.3725929234E+00   0.3238489711E-02
     47.   3.  -0.9582510560E+01   0.1167632290E+02   0.8333598253E+02   0.1854156111E+02   0.1710508097E+02   0.3723732410E+00   0.3240236522E-02
     47.   4.  -0.9582510560E+01   0.1167632290E+02   0.8333598253E+02   0.1854227056E+02   0.1710535522E+02   0.3716883565E+00   0.3240421403E-02
     47.   5.  -0.9582510560E+01   0.1167632290E+02   0.8333598253E+02   0.1854241645E+02   0.1710469731E+02   0.3717523609E+00   0.3240379541E-02
     47.   6.  -0.9582510560E+01   0.1167632290E+02   0.8333598253E+02   0.1854243333E+02   0.1710337940E+02   0.3726315476E+00   0.3240245684E-02
     48.   1.  -0.1014389801E+02   0.1119206675E+02   0.8340239890E+02   0.1804353128E+02   0.1450225259E+02   0.2824352909E+00   0.3619478552E-02
     48.   2.  -0.1014389801E+02   0.1119206675E+02   0.8340239890E+02   0.2058286834E+02   0.1680857584E+02   0.3325862618E+00   0.3612571589E-02
     48.   3.  -0.1014389801E+02   0.1119206675E+02   0.8340239890E+02   0.2063594754E+02   0.1684229107E+02   0.3337165614E+00   0.3614544259E-02
     48.   4.  -0.1014389801E+02   0.1119206675E+02   0.8340239890E+02   0.2063706668E+02   0.1685745218E+02   0.3357181612E+00   0.3614767147E-02
     48.   5.  -0.1014389801E+02   0.1119206675E+02   0.8340239890E+02   0.2063724293E+02   0.1685688663E+02   0.3355802852E+00   0.3614742305E-02
     48.   6.  -0.1014389801E+02   0.1119206675E+02   0.8340239890E+02   0.2063727278E+02   0.1685566946E+02   0.3362470704E+00   0.3614624923E-02
     49.   1.  -0.1068084793E+02   0.1068084793E+02   0.8346940749E+02   0.1982553267E+02   0.1429695275E+02   0.2429774730E+00   0.4043262858E-02
     49.   2.  -0.1068084793E+02   0.1068084793E+02   0.8346940749E+02   0.2268206669E+02   0.1655473875E+02   0.2856965592E+00   0.4035532562E-02
     49.   3.  -0.1068084793E+02   0.1068084793E+02   0.8346940749E+02   0.2274109421E+02   0.1660788122E+02   0.2854355219E+00   0.4037762633E-02
     49.   4.  -0.1068084793E+02   0.1068084793E+02   0.8346940749E+02   0.2274228332E+02   0.1662291853E+02   0.2871812532E+00   0.4038028104E-02
     49.   5.  -0.1068084793E+02   0.1068084793E+02   0.8346940749E+02   0.2274248957E+02   0.1662246716E+02   0.2868390598E+00   0.4038021339E-02
     49.   6.  -0.1068084793E+02   0.1068084793E+02   0.8346940749E+02   0.2274253204E+02   0.1662137509E+02   0.2872829203E+00   0.4037920497E-02
     50.   1.  -0.1119206675E+02   0.1014389801E+02   0.8353636234E+02   0.2161017385E+02   0.1410871119E+02   0.1994627942E+00   0.4511793320E-02
     50.   2.  -0.1119206675E+02   0.1014389801E+02   0.8353636234E+02   0.2477245508E+02   0.1633073796E+02   0.2346157129E+00   0.4503146152E-02
     50.   3.  -0.1119206675E+02   0.1014389801E+02   0.8353636234E+02   0.2483558666E+02   0.1637404976E+02   0.2303273614E+00   0.4505662535E-02
     50.   4.  -0.1119206675E+02   0.1014389801E+02   0.8353636234E+02   0.2483731390E+02   0.1640329993E+02   0.2321436966E+00   0.4505974841E-02
     50.   5.  -0.1119206675E+02   0.1014389801E+02   0.8353636234E+02   0.2483754951E+02   0.1640298319E+02   0.2316026477E+00   0.4505987120E-02
     50.   6.  -0.1119206675E+02   0.1014389801E+02   0.8353636234E+02   0.2483760414E+02   0.1640203919E+02   0.2318216757E+00   0.4505902852E-02
     51.   1.  -0.1167632290E+02   0.9582510560E+01   0.8360261952E+02   0.2338694089E+02   0.1394160419E+02   0.1570402554E+00   0.5019130863E-02
     51.   2.  -0.1167632290E+02   0.9582510560E+01   0.8360261952E+02   0.2683358025E+02   0.1612389724E+02   0.1850167830E+00   0.5009484764E-02
     51.   3.  -0.1167632290E+02   0.9582510560E+01   0.8360261952E+02   0.2690098355E+02   0.1617101936E+02   0.1810209427E+00   0.5012312734E-02
     51.   4.  -0.1167632290E+02   0.9582510560E+01   0.8360261952E+02   0.2690274728E+02   0.1619997643E+02   0.1825610987E+00   0.5012675610E-02
     51.   5.  -0.1167632290E+02   0.9582510560E+01   0.8360261952E+02   0.2690301140E+02   0.1619981260E+02   0.1818344107E+00   0.5012707749E-02
     51.   6.  -0.1167632290E+02   0.9582510560E+01   0.8360261952E+02   0.2690307763E+02   0.1619903719E+02   0.1818355883E+00   0.5012640011E-02
     52.   1.  -0.1213244976E+02   0.8998037990E+01   0.8366754336E+02   0.2511455989E+02   0.1357944182E+02   0.1005822969E+00   0.5557779611E-02
     52.   2.  -0.1213244976E+02   0.8998037990E+01   0.8366754336E+02   0.2884546974E+02   0.1593435582E+02   0.1425815093E+00   0.5547067508E-02
     52.   3.  -0.1213244976E+02   0.8998037990E+01   0.8366754336E+02   0.2891715321E+02   0.1598466384E+02   0.1388569043E+00   0.5550227616E-02
     52.   4.  -0.1213244976E+02   0.8998037990E+01   0.8366754336E+02   0.2891895345E+02   0.1601336312E+02   0.1401222807E+00   0.5550644016E-02
     52.   5.  -0.1213244976E+02   0.8998037990E+01   0.8366754336E+02   0.2891924498E+02   0.1601336785E+02   0.1392300262E+00   0.5550696667E-02
     52.   6.  -0.1213244976E+02   0.8998037990E+01   0.8366754336E+02   0.2891932221E+02   0.1601277888E+02   0.1390276624E+00   0.5550645371E-02
     53.   1.  -0.1255934849E+02   0.8391888370E+01   0.8373051242E+02   0.2678354459E+02   0.1323401571E+02   0.5457106763E-01   0.6118887741E-02
     53.   2.  -0.1255934849E+02   0.8391888370E+01   0.8373051242E+02   0.3078936364E+02   0.1576268474E+02   0.9037802568E-01   0.6107060583E-02
     53.   3.  -0.1255934849E+02   0.8391888370E+01   0.8373051242E+02   0.3086527434E+02   0.1580127280E+02   0.8485990030E-01   0.6110567867E-02
     53.   4.  -0.1255934849E+02   0.8391888370E+01   0.8373051242E+02   0.3086727566E+02   0.1584381409E+02   0.9265521239E-01   0.6111039987E-02
     53.   5.  -0.1255934849E+02   0.8391888370E+01   0.8373051242E+02   0.3086759330E+02   0.1584399953E+02   0.9162406570E-01   0.6111113514E-02
     53.   6.  -0.1255934849E+02   0.8391888370E+01   0.8373051242E+02   0.3086768084E+02   0.1584361088E+02   0.9124014514E-01   0.6111078424E-02
     54.   1.  -0.1295599065E+02   0.7765521950E+01   0.8379092534E+02   0.2824462860E+02   0.1310129012E+02   0.2119946646E-01   0.6692498957E-02
     54.   2.  -0.1295599065E+02   0.7765521950E+01   0.8379092534E+02   0.3264738057E+02   0.1560809262E+02   0.4863866475E-01   0.6679527294E-02
     54.   3.  -0.1295599065E+02   0.7765521950E+01   0.8379092534E+02   0.3272782321E+02   0.1564933505E+02   0.4349844421E-01   0.6683390548E-02
     54.   4.  -0.1295599065E+02   0.7765521950E+01   0.8379092534E+02   0.3272983709E+02   0.1569148691E+02   0.5095444782E-01   0.6683919595E-02
     54.   5.  -0.1295599065E+02   0.7765521950E+01   0.8379092534E+02   0.3273017936E+02   0.1569186141E+02   0.4981625335E-01   0.6684014114E-02
     54.   6.  -0.1295599065E+02   0.7765521950E+01   0.8379092534E+02   0.3273027651E+02   0.1569168292E+02   0.4927855530E-01   0.6683994865E-02
     55.   1.  -0.1332142070E+02   0.7120447710E+01   0.8384820645E+02   0.2975038825E+02   0.1299852111E+02  -0.8361030491E-02   0.7267835012E-02
     55.   2.  -0.1332142070E+02   0.7120447710E+01   0.8384820645E+02   0.3440271545E+02   0.1547049297E+02   0.1200783922E-01   0.7253712067E-02
     55.   3.  -0.1332142070E+02   0.7120447710E+01   0.8384820645E+02   0.3448775545E+02   0.1551418964E+02   0.7257891771E-02   0.7257933415E-02
     55.   4.  -0.1332142070E+02   0.7120447710E+01   0.8384820645E+02   0.3448955994E+02   0.1554122743E+02   0.1780084235E-01   0.7258519554E-02
     55.   5.  -0.1332142070E+02   0.7120447710E+01   0.8384820645E+02   0.3449015708E+02   0.1555601506E+02   0.1992028340E-01   0.7258634839E-02
     55.   6.  -0.1332142070E+02   0.7120447710E+01   0.8384820645E+02   0.3449026306E+02   0.1555605171E+02   0.1926173828E-01   0.7258630887E-02
     56.   1.  -0.1365475827E+02   0.6458219690E+01   0.8390181106E+02   0.3115163152E+02   0.1296526749E+02  -0.3001828250E-01   0.7833610616E-02
     56.   2.  -0.1365475827E+02   0.6458219690E+01   0.8390181106E+02   0.3603441935E+02   0.1518145168E+02  -0.2618899510E-01   0.7818352049E-02
     56.   3.  -0.1365475827E+02   0.6458219690E+01   0.8390181106E+02   0.3612916518E+02   0.1538051991E+02  -0.1224699242E-01   0.7822926450E-02
     56.   4.  -0.1365475827E+02   0.6458219690E+01   0.8390181106E+02   0.3613134531E+02   0.1542125759E+02  -0.5356954288E-02   0.7823568748E-02
     56.   5.  -0.1365475827E+02   0.6458219690E+01   0.8390181106E+02   0.3613194838E+02   0.1543606842E+02  -0.3418111476E-02   0.7823704246E-02
     56.   6.  -0.1365475827E+02   0.6458219690E+01   0.8390181106E+02   0.3613206243E+02   0.1543632028E+02  -0.4161121530E-02   0.7823714856E-02
     57.   1.  -0.1395520034E+02   0.5780433250E+01   0.8395123043E+02   0.3243823910E+02   0.1286533757E+02  -0.4898594715E-01   0.8378354856E-02
     57.   2.  -0.1395520034E+02   0.5780433250E+01   0.8395123043E+02   0.3753884502E+02   0.1507682246E+02  -0.5153440540E-01   0.8362000410E-02
     57.   3.  -0.1395520034E+02   0.5780433250E+01   0.8395123043E+02   0.3763810749E+02   0.1527687109E+02  -0.3819397967E-01   0.8366915567E-02
     57.   4.  -0.1395520034E+02   0.5780433250E+01   0.8395123043E+02   0.3764028866E+02   0.1531737143E+02  -0.3153602911E-01   0.8367611999E-02
     57.   5.  -0.1395520034E+02   0.5780433250E+01   0.8395123043E+02   0.3764089899E+02   0.1533221596E+02  -0.2974797423E-01   0.8367766788E-02
     57.   6.  -0.1395520034E+02   0.5780433250E+01   0.8395123043E+02   0.3764102030E+02   0.1533267778E+02  -0.3053687524E-01   0.8367791028E-02
     58.   1.  -0.1422202310E+02   0.5088721240E+01   0.8399599643E+02   0.3342662964E+02   0.1279913387E+02  -0.6054439395E-01   0.8890743323E-02
     58.   2.  -0.1422202310E+02   0.5088721240E+01   0.8399599643E+02   0.3860990903E+02   0.1482252966E+02  -0.7435891078E-01   0.8873355518E-02
     58.   3.  -0.1422202310E+02   0.5088721240E+01   0.8399599643E+02   0.3871972554E+02   0.1518771284E+02  -0.6136713640E-01   0.8878591855E-02
     58.   4.  -0.1422202310E+02   0.5088721240E+01   0.8399599643E+02   0.3872190684E+02   0.1522801997E+02  -0.5491888322E-01   0.8879339219E-02
     58.   5.  -0.1422202310E+02   0.5088721240E+01   0.8399599643E+02   0.3872252557E+02   0.1524290465E+02  -0.5325027630E-01   0.8879512019E-02
     58.   6.  -0.1422202310E+02   0.5088721240E+01   0.8399599643E+02   0.3872265333E+02   0.1524356638E+02  -0.5404625309E-01   0.8879548778E-02
     59.   1.  -0.1445458377E+02   0.4384750050E+01   0.8403568568E+02   0.3428047955E+02   0.1274299396E+02  -0.6659747175E-01   0.9359915408E-02
     59.   2.  -0.1445458377E+02   0.4384750050E+01   0.8403568568E+02   0.3952989224E+02   0.1474735039E+02  -0.8127765981E-01   0.9341578909E-02
     59.   3.  -0.1445458377E+02   0.4384750050E+01   0.8403568568E+02   0.3964367973E+02   0.1511253074E+02  -0.7006334011E-01   0.9347110035E-02
     59.   4.  -0.1445458377E+02   0.4384750050E+01   0.8403568568E+02   0.3964558016E+02   0.1513924834E+02  -0.7030482940E-01   0.9347904046E-02
     59.   5.  -0.1445458377E+02   0.4384750050E+01   0.8403568568E+02   0.3964654946E+02   0.1516772732E+02  -0.6916988704E-01   0.9348093245E-02
     59.   6.  -0.1445458377E+02   0.4384750050E+01   0.8403568568E+02   0.3964668282E+02   0.1516857395E+02  -0.6993504172E-01   0.9348141243E-02
     60.   1.  -0.1465232208E+02   0.3670215620E+01   0.8406992338E+02   0.3516826653E+02   0.1269610801E+02  -0.6621587073E-01   0.9775778917E-02
     60.   2.  -0.1465232208E+02   0.3670215620E+01   0.8406992338E+02   0.4056394168E+02   0.1468478633E+02  -0.8041285726E-01   0.9756599315E-02
     60.   3.  -0.1465232208E+02   0.3670215620E+01   0.8406992338E+02   0.4068132172E+02   0.1505012027E+02  -0.7101890111E-01   0.9762392178E-02
     60.   4.  -0.1465232208E+02   0.3670215620E+01   0.8406992338E+02   0.4068324335E+02   0.1507677863E+02  -0.7128266718E-01   0.9763227597E-02
     60.   5.  -0.1465232208E+02   0.3670215620E+01   0.8406992338E+02   0.4068419807E+02   0.1510520712E+02  -0.7037728508E-01   0.9763431255E-02
     60.   6.  -0.1465232208E+02   0.3670215620E+01   0.8406992338E+02   0.4068433619E+02   0.1510621894E+02  -0.7107604976E-01   0.9763489040E-02
     61.   1.  -0.1481476166E+02   0.2946839310E+01   0.8409838666E+02   0.3590506525E+02   0.1265824991E+02  -0.6032161084E-01   0.1012928752E-01
     61.   2.  -0.1481476166E+02   0.2946839310E+01   0.8409838666E+02   0.4142184542E+02   0.1463443956E+02  -0.7302333100E-01   0.1010939067E-01
     61.   3.  -0.1481476166E+02   0.2946839310E+01   0.8409838666E+02   0.4154233643E+02   0.1500002838E+02  -0.6547993428E-01   0.1011540635E-01
     61.   4.  -0.1481476166E+02   0.2946839310E+01   0.8409838666E+02   0.4154427575E+02   0.1502664207E+02  -0.6573382034E-01   0.1011627699E-01
     61.   5.  -0.1481476166E+02   0.2946839310E+01   0.8409838666E+02   0.4154521851E+02   0.1505503357E+02  -0.6503762811E-01   0.1011649289E-01
     61.   6.  -0.1481476166E+02   0.2946839310E+01   0.8409838666E+02   0.4154536055E+02   0.1505618655E+02  -0.6563807707E-01   0.1011655886E-01
     62.   1.  -0.1494151118E+02   0.2216363820E+01   0.8412080736E+02   0.3648464346E+02   0.1262912411E+02  -0.4968881769E-01   0.1041268805E-01
     62.   2.  -0.1494151118E+02   0.2216363820E+01   0.8412080736E+02   0.4209649972E+02   0.1459580389E+02  -0.6002690553E-01   0.1039221564E-01
     62.   3.  -0.1494151118E+02   0.2216363820E+01   0.8412080736E+02   0.4221952421E+02   0.1496168320E+02  -0.5435470456E-01   0.1039841016E-01
     62.   4.  -0.1494151118E+02   0.2216363820E+01   0.8412080736E+02   0.4222147758E+02   0.1498826452E+02  -0.5457098589E-01   0.1039930907E-01
     62.   5.  -0.1494151118E+02   0.2216363820E+01   0.8412080736E+02   0.4222241103E+02   0.1501663017E+02  -0.5406609288E-01   0.1039953477E-01
     62.   6.  -0.1494151118E+02   0.2216363820E+01   0.8412080736E+02   0.4222255613E+02   0.1501789693E+02  -0.5454132374E-01   0.1039960722E-01
     63.   1.  -0.1503226530E+02   0.1480548900E+01   0.8413697448E+02   0.3690211757E+02   0.1260848304E+02  -0.3530266775E-01   0.1061972834E-01
     63.   2.  -0.1503226530E+02   0.1480548900E+01   0.8413697448E+02   0.4258236197E+02   0.1456848406E+02  -0.4259184968E-01   0.1059883502E-01
     63.   3.  -0.1503226530E+02   0.1480548900E+01   0.8413697448E+02   0.4270726060E+02   0.1493462708E+02  -0.3880414514E-01   0.1060516041E-01
     63.   4.  -0.1503226530E+02   0.1480548900E+01   0.8413697448E+02   0.4270922407E+02   0.1496118643E+02  -0.3896092889E-01   0.1060607997E-01
     63.   5.  -0.1503226530E+02   0.1480548900E+01   0.8413697448E+02   0.4271015088E+02   0.1498953482E+02  -0.3863277020E-01   0.1060631277E-01
     63.   6.  -0.1503226530E+02   0.1480548900E+01   0.8413697448E+02   0.4271029815E+02   0.1499088514E+02  -0.3896174085E-01   0.1060638994E-01
     64.   1.  -0.1508680537E+02   0.7411672200E+00   0.8414673595E+02   0.3715400623E+02   0.1259616930E+02  -0.1831632003E-01   0.1074582190E-01
     64.   2.  -0.1508680537E+02   0.7411672200E+00   0.8414673595E+02   0.4287546778E+02   0.1455220270E+02  -0.2208234166E-01   0.1072467172E-01
     64.   3.  -0.1508680537E+02   0.7411672200E+00   0.8414673595E+02   0.4300151749E+02   0.1491852790E+02  -0.2018671389E-01   0.1073107681E-01
     64.   4.  -0.1508680537E+02   0.7411672200E+00   0.8414673595E+02   0.4300348715E+02   0.1494507446E+02  -0.2026891888E-01   0.1073200893E-01
     64.   5.  -0.1508680537E+02   0.7411672200E+00   0.8414673595E+02   0.4300440995E+02   0.1497341318E+02  -0.2010743254E-01   0.1073224607E-01
     64.   6.  -0.1508680537E+02   0.7411672200E+00   0.8414673595E+02   0.4300455854E+02   0.1497481445E+02  -0.2027560465E-01   0.1073232607E-01
     65.   1.  -0.1510500000E+02   0.0000000000E+00   0.8415000000E+02   0.3723820511E+02   0.1259207949E+02   0.2452589387E-08   0.1078816726E-01
     65.   2.  -0.1510500000E+02   0.0000000000E+00   0.8415000000E+02   0.4297343534E+02   0.1454679364E+02   0.1608318717E-08   0.1076693056E-01
     65.   3.  -0.1510500000E+02   0.0000000000E+00   0.8415000000E+02   0.4309987241E+02   0.1491318370E+02   0.1224100652E-08   0.1077336243E-01
     65.   4.  -0.1510500000E+02   0.0000000000E+00   0.8415000000E+02   0.4310184410E+02   0.1493972612E+02   0.8627690982E-09   0.1077429876E-01
     65.   5.  -0.1510500000E+02   0.0000000000E+00   0.8415000000E+02   0.4310276557E+02   0.1496806182E+02   0.1056307175E-08   0.1077453736E-01
     65.   6.  -0.1510500000E+02   0.0000000000E+00   0.8415000000E+02   0.4310291458E+02   0.1496948027E+02   0.7448761631E-09   0.1077461833E-01
     66.   1.  -0.1508680537E+02  -0.7411672200E+00   0.8414673595E+02   0.3715400623E+02   0.1259616930E+02   0.1831632184E-01   0.1074582190E-01
     66.   2.  -0.1508680537E+02  -0.7411672200E+00   0.8414673595E+02   0.4287546778E+02   0.1455220270E+02   0.2208234395E-01   0.1072467172E-01
     66.   3.  -0.1508680537E+02  -0.7411672200E+00   0.8414673595E+02   0.4300151749E+02   0.1491852790E+02   0.2018671628E-01   0.1073107681E-01
     66.   4.  -0.1508680537E+02  -0.7411672200E+00   0.8414673595E+02   0.4300348715E+02   0.1494507446E+02   0.2026892126E-01   0.1073200893E-01
     66.   5.  -0.1508680537E+02  -0.7411672200E+00   0.8414673595E+02   0.4300440995E+02   0.1497341318E+02   0.2010743491E-01   0.1073224607E-01
     66.   6.  -0.1508680537E+02  -0.7411672200E+00   0.8414673595E+02   0.4300455854E+02   0.1497481445E+02   0.2027560702E-01   0.1073232607E-01
     67.   1.  -0.1503226530E+02  -0.1480548900E+01   0.8413697448E+02   0.3690211757E+02   0.1260848304E+02   0.3530266984E-01   0.1061972834E-01
     67.   2.  -0.1503226530E+02  -0.1480548900E+01   0.8413697448E+02   0.4258236197E+02   0.1456848406E+02   0.4259185205E-01   0.1059883502E-01
     67.   3.  -0.1503226530E+02  -0.1480548900E+01   0.8413697448E+02   0.4270726060E+02   0.1493462708E+02   0.3880414756E-01   0.1060516041E-01
     67.   4.  -0.1503226530E+02  -0.1480548900E+01   0.8413697448E+02   0.4270922407E+02   0.1496118643E+02   0.3896093130E-01   0.1060607997E-01
     67.   5.  -0.1503226530E+02  -0.1480548900E+01   0.8413697448E+02   0.4271015088E+02   0.1498953482E+02   0.3863277261E-01   0.1060631277E-01
     67.   6.  -0.1503226530E+02  -0.1480548900E+01   0.8413697448E+02   0.4271029815E+02   0.1499088514E+02   0.3896174326E-01   0.1060638993E-01
     68.   1.  -0.1494151118E+02  -0.2216363820E+01   0.8412080736E+02   0.3648464345E+02   0.1262912411E+02   0.4968881954E-01   0.1041268805E-01
     68.   2.  -0.1494151118E+02  -0.2216363820E+01   0.8412080736E+02   0.4209649971E+02   0.1459580389E+02   0.6002690789E-01   0.1039221564E-01
     68.   3.  -0.1494151118E+02  -0.2216363820E+01   0.8412080736E+02   0.4221952421E+02   0.1496168320E+02   0.5435470699E-01   0.1039841016E-01
     68.   4.  -0.1494151118E+02  -0.2216363820E+01   0.8412080736E+02   0.4222147758E+02   0.1498826452E+02   0.5457098832E-01   0.1039930907E-01
     68.   5.  -0.1494151118E+02  -0.2216363820E+01   0.8412080736E+02   0.4222241103E+02   0.1501663017E+02   0.5406609530E-01   0.1039953477E-01
     68.   6.  -0.1494151118E+02  -0.2216363820E+01   0.8412080736E+02   0.4222255612E+02   0.1501789693E+02   0.5454132616E-01   0.1039960722E-01
     69.   1.  -0.1481476166E+02  -0.2946839310E+01   0.8409838666E+02   0.3590506525E+02   0.1265824991E+02   0.6032161285E-01   0.1012928752E-01
     69.   2.  -0.1481476166E+02  -0.2946839310E+01   0.8409838666E+02   0.4142184542E+02   0.1463443956E+02   0.7302333335E-01   0.1010939067E-01
     69.   3.  -0.1481476166E+02  -0.2946839310E+01   0.8409838666E+02   0.4154233643E+02   0.1500002838E+02   0.6547993666E-01   0.1011540634E-01
     69.   4.  -0.1481476166E+02  -0.2946839310E+01   0.8409838666E+02   0.4154427575E+02   0.1502664207E+02   0.6573382272E-01   0.1011627699E-01
     69.   5.  -0.1481476166E+02  -0.2946839310E+01   0.8409838666E+02   0.4154521851E+02   0.1505503357E+02   0.6503763051E-01   0.1011649289E-01
     69.   6.  -0.1481476166E+02  -0.2946839310E+01   0.8409838666E+02   0.4154536055E+02   0.1505618655E+02   0.6563807945E-01   0.1011655885E-01
     70.   1.  -0.1465232208E+02  -0.3670215620E+01   0.8406992338E+02   0.3516826653E+02   0.1269610801E+02   0.6621587264E-01   0.9775778916E-02
     70.   2.  -0.1465232208E+02  -0.3670215620E+01   0.8406992338E+02   0.4056394168E+02   0.1468478633E+02   0.8041285957E-01   0.9756599314E-02
     70.   3.  -0.1465232208E+02  -0.3670215620E+01   0.8406992338E+02   0.4068132172E+02   0.1505012027E+02   0.7101890344E-01   0.9762392177E-02
     70.   4.  -0.1465232208E+02  -0.3670215620E+01   0.8406992338E+02   0.4068324335E+02   0.1507677863E+02   0.7128266951E-01   0.9763227596E-02
     70.   5.  -0.1465232208E+02  -0.3670215620E+01   0.8406992338E+02   0.4068419807E+02   0.1510520712E+02   0.7037728742E-01   0.9763431255E-02
     70.   6.  -0.1465232208E+02  -0.3670215620E+01   0.8406992338E+02   0.4068433619E+02   0.1510621894E+02   0.7107605210E-01   0.9763489039E-02
     71.   1.  -0.1445458377E+02  -0.4384750050E+01   0.8403568568E+02   0.3428047955E+02   0.1274299396E+02   0.6659747385E-01   0.9359915407E-02
     71.   2.  -0.1445458377E+02  -0.4384750050E+01   0.8403568568E+02   0.3952989224E+02   0.1474735039E+02   0.8127766204E-01   0.9341578908E-02
     71.   3.  -0.1445458377E+02  -0.4384750050E+01   0.8403568568E+02   0.3964367973E+02   0.1511253074E+02   0.7006334234E-01   0.9347110034E-02
     71.   4.  -0.1445458377E+02  -0.4384750050E+01   0.8403568568E+02   0.3964558015E+02   0.1513924834E+02   0.7030483161E-01   0.9347904045E-02
     71.   5.  -0.1445458377E+02  -0.4384750050E+01   0.8403568568E+02   0.3964654946E+02   0.1516772732E+02   0.6916988926E-01   0.9348093244E-02
     71.   6.  -0.1445458377E+02  -0.4384750050E+01   0.8403568568E+02   0.3964668282E+02   0.1516857395E+02   0.6993504392E-01   0.9348141242E-02
     72.   1.  -0.1422202310E+02  -0.5088721240E+01   0.8399599643E+02   0.3342662964E+02   0.1279913387E+02   0.6054439569E-01   0.8890743322E-02
     72.   2.  -0.1422202310E+02  -0.5088721240E+01   0.8399599643E+02   0.3860990903E+02   0.1482252966E+02   0.7435891282E-01   0.8873355517E-02
     72.   3.  -0.1422202310E+02  -0.5088721240E+01   0.8399599643E+02   0.3871972554E+02   0.1518771284E+02   0.6136713854E-01   0.8878591854E-02
     72.   4.  -0.1422202310E+02  -0.5088721240E+01   0.8399599643E+02   0.3872190684E+02   0.1522801997E+02   0.5491888536E-01   0.8879339218E-02
     72.   5.  -0.1422202310E+02  -0.5088721240E+01   0.8399599643E+02   0.3872252557E+02   0.1524290465E+02   0.5325027846E-01   0.8879512018E-02
     72.   6.  -0.1422202310E+02  -0.5088721240E+01   0.8399599643E+02   0.3872265333E+02   0.1524356638E+02   0.5404625526E-01   0.8879548777E-02
     73.   1.  -0.1395520034E+02  -0.5780433250E+01   0.8395123043E+02   0.3243823910E+02   0.1286533757E+02   0.4898594870E-01   0.8378354855E-02
     73.   2.  -0.1395520034E+02  -0.5780433250E+01   0.8395123043E+02   0.3753884502E+02   0.1507682246E+02   0.5153440738E-01   0.8362000409E-02
     73.   3.  -0.1395520034E+02  -0.5780433250E+01   0.8395123043E+02   0.3763810749E+02   0.1527687109E+02   0.3819398171E-01   0.8366915566E-02
     73.   4.  -0.1395520034E+02  -0.5780433250E+01   0.8395123043E+02   0.3764028866E+02   0.1531737143E+02   0.3153603117E-01   0.8367611998E-02
     73.   5.  -0.1395520034E+02  -0.5780433250E+01   0.8395123043E+02   0.3764089898E+02   0.1533221596E+02   0.2974797629E-01   0.8367766787E-02
     73.   6.  -0.1395520034E+02  -0.5780433250E+01   0.8395123043E+02   0.3764102030E+02   0.1533267778E+02   0.3053687732E-01   0.8367791027E-02
     74.   1.  -0.1365475827E+02  -0.6458219690E+01   0.8390181106E+02   0.3115163152E+02   0.1296526749E+02   0.3001828395E-01   0.7833610615E-02
     74.   2.  -0.1365475827E+02  -0.6458219690E+01   0.8390181106E+02   0.3603441934E+02   0.1518145168E+02   0.2618899699E-01   0.7818352048E-02
     74.   3.  -0.1365475827E+02  -0.6458219690E+01   0.8390181106E+02   0.3612916518E+02   0.1538051991E+02   0.1224699436E-01   0.7822926449E-02
     74.   4.  -0.1365475827E+02  -0.6458219690E+01   0.8390181106E+02   0.3613134530E+02   0.1542125759E+02   0.5356956243E-02   0.7823568747E-02
     74.   5.  -0.1365475827E+02  -0.6458219690E+01   0.8390181106E+02   0.3613194838E+02   0.1543606842E+02   0.3418113434E-02   0.7823704245E-02
     74.   6.  -0.1365475827E+02  -0.6458219690E+01   0.8390181106E+02   0.3613206243E+02   0.1543632028E+02   0.4161123491E-02   0.7823714854E-02
     75.   1.  -0.1332142070E+02  -0.7120447710E+01   0.8384820645E+02   0.2975038824E+02   0.1299852111E+02   0.8361032001E-02   0.7267835011E-02
     75.   2.  -0.1332142070E+02  -0.7120447710E+01   0.8384820645E+02   0.3440271545E+02   0.1547049297E+02  -0.1200783740E-01   0.7253712066E-02
     75.   3.  -0.1332142070E+02  -0.7120447710E+01   0.8384820645E+02   0.3448775545E+02   0.1551418964E+02  -0.7257889899E-02   0.7257933413E-02
     75.   4.  -0.1332142070E+02  -0.7120447710E+01   0.8384820645E+02   0.3448955994E+02   0.1554122743E+02  -0.1780084049E-01   0.7258519553E-02
     75.   5.  -0.1332142070E+02  -0.7120447710E+01   0.8384820645E+02   0.3449015708E+02   0.1555601506E+02  -0.1992028157E-01   0.7258634838E-02
     75.   6.  -0.1332142070E+02  -0.7120447710E+01   0.8384820645E+02   0.3449026306E+02   0.1555605172E+02  -0.1926173646E-01   0.7258630886E-02
     76.   1.  -0.1295599065E+02  -0.7765521950E+01   0.8379092534E+02   0.2824462860E+02   0.1310129012E+02  -0.2119946504E-01   0.6692498955E-02
     76.   2.  -0.1295599065E+02  -0.7765521950E+01   0.8379092534E+02   0.3264738057E+02   0.1560809262E+02  -0.4863866291E-01   0.6679527293E-02
     76.   3.  -0.1295599065E+02  -0.7765521950E+01   0.8379092534E+02   0.3272782321E+02   0.1564933505E+02  -0.4349844238E-01   0.6683390547E-02
     76.   4.  -0.1295599065E+02  -0.7765521950E+01   0.8379092534E+02   0.3272983709E+02   0.1569148691E+02  -0.5095444603E-01   0.6683919594E-02
     76.   5.  -0.1295599065E+02  -0.7765521950E+01   0.8379092534E+02   0.3273017936E+02   0.1569186141E+02  -0.4981625160E-01   0.6684014113E-02
     76.   6.  -0.1295599065E+02  -0.7765521950E+01   0.8379092534E+02   0.3273027650E+02   0.1569168292E+02  -0.4927855355E-01   0.6683994864E-02
     77.   1.  -0.1255934849E+02  -0.8391888370E+01   0.8373051242E+02   0.2678354458E+02   0.1323401571E+02  -0.5457106615E-01   0.6118887740E-02
     77.   2.  -0.1255934849E+02  -0.8391888370E+01   0.8373051242E+02   0.3078936363E+02   0.1576268474E+02  -0.9037802407E-01   0.6107060582E-02
     77.   3.  -0.1255934849E+02  -0.8391888370E+01   0.8373051242E+02   0.3086527433E+02   0.1580127280E+02  -0.8485989865E-01   0.6110567866E-02
     77.   4.  -0.1255934849E+02  -0.8391888370E+01   0.8373051242E+02   0.3086727565E+02   0.1584381409E+02  -0.9265521076E-01   0.6111039986E-02
     77.   5.  -0.1255934849E+02  -0.8391888370E+01   0.8373051242E+02   0.3086759330E+02   0.1584399953E+02  -0.9162406409E-01   0.6111113513E-02
     77.   6.  -0.1255934849E+02  -0.8391888370E+01   0.8373051242E+02   0.3086768084E+02   0.1584361088E+02  -0.9124014353E-01   0.6111078423E-02
     78.   1.  -0.1213244976E+02  -0.8998037990E+01   0.8366754336E+02   0.2511455989E+02   0.1357944182E+02  -0.1005822958E+00   0.5557779610E-02
     78.   2.  -0.1213244976E+02  -0.8998037990E+01   0.8366754336E+02   0.2884546974E+02   0.1593435582E+02  -0.1425815078E+00   0.5547067507E-02
     78.   3.  -0.1213244976E+02  -0.8998037990E+01   0.8366754336E+02   0.2891715320E+02   0.1598466384E+02  -0.1388569028E+00   0.5550227615E-02
     78.   4.  -0.1213244976E+02  -0.8998037990E+01   0.8366754336E+02   0.2891895345E+02   0.1601336312E+02  -0.1401222791E+00   0.5550644015E-02
     78.   5.  -0.1213244976E+02  -0.8998037990E+01   0.8366754336E+02   0.2891924497E+02   0.1601336785E+02  -0.1392300247E+00   0.5550696667E-02
     78.   6.  -0.1213244976E+02  -0.8998037990E+01   0.8366754336E+02   0.2891932220E+02   0.1601277888E+02  -0.1390276609E+00   0.5550645370E-02
     79.   1.  -0.1167632290E+02  -0.9582510560E+01   0.8360261952E+02   0.2338694089E+02   0.1394160419E+02  -0.1570402540E+00   0.5019130862E-02
     79.   2.  -0.1167632290E+02  -0.9582510560E+01   0.8360261952E+02   0.2683358025E+02   0.1612389724E+02  -0.1850167816E+00   0.5009484763E-02
     79.   3.  -0.1167632290E+02  -0.9582510560E+01   0.8360261952E+02   0.2690098355E+02   0.1617101936E+02  -0.1810209413E+00   0.5012312734E-02
     79.   4.  -0.1167632290E+02  -0.9582510560E+01   0.8360261952E+02   0.2690274727E+02   0.1619997643E+02  -0.1825610973E+00   0.5012675609E-02
     79.   5.  -0.1167632290E+02  -0.9582510560E+01   0.8360261952E+02   0.2690301139E+02   0.1619981260E+02  -0.1818344093E+00   0.5012707748E-02
     79.   6.  -0.1167632290E+02  -0.9582510560E+01   0.8360261952E+02   0.2690307763E+02   0.1619903719E+02  -0.1818355869E+00   0.5012640010E-02
     80.   1.  -0.1119206675E+02  -0.1014389801E+02   0.8353636234E+02   0.2161017384E+02   0.1410871119E+02  -0.1994627931E+00   0.4511793319E-02
     80.   2.  -0.1119206675E+02  -0.1014389801E+02   0.8353636234E+02   0.2477245508E+02   0.1633073797E+02  -0.2346157115E+00   0.4503146152E-02
     80.   3.  -0.1119206675E+02  -0.1014389801E+02   0.8353636234E+02   0.2483558665E+02   0.1637404976E+02  -0.2303273600E+00   0.4505662535E-02
     80.   4.  -0.1119206675E+02  -0.1014389801E+02   0.8353636234E+02   0.2483731389E+02   0.1640329993E+02  -0.2321436952E+00   0.4505974841E-02
     80.   5.  -0.1119206675E+02  -0.1014389801E+02   0.8353636234E+02   0.2483754951E+02   0.1640298319E+02  -0.2316026463E+00   0.4505987119E-02
     80.   6.  -0.1119206675E+02  -0.1014389801E+02   0.8353636234E+02   0.2483760413E+02   0.1640203919E+02  -0.2318216743E+00   0.4505902851E-02
     81.   1.  -0.1068084793E+02  -0.1068084793E+02   0.8346940749E+02   0.1982553267E+02   0.1429695275E+02  -0.2429774718E+00   0.4043262857E-02
     81.   2.  -0.1068084793E+02  -0.1068084793E+02   0.8346940749E+02   0.2268206668E+02   0.1655473875E+02  -0.2856965579E+00   0.4035532562E-02
     81.   3.  -0.1068084793E+02  -0.1068084793E+02   0.8346940749E+02   0.2274109421E+02   0.1660788122E+02  -0.2854355206E+00   0.4037762632E-02
     81.   4.  -0.1068084793E+02  -0.1068084793E+02   0.8346940749E+02   0.2274228332E+02   0.1662291853E+02  -0.2871812518E+00   0.4038028104E-02
     81.   5.  -0.1068084793E+02  -0.1068084793E+02   0.8346940749E+02   0.2274248956E+02   0.1662246716E+02  -0.2868390584E+00   0.4038021338E-02
     81.   6.  -0.1068084793E+02  -0.1068084793E+02   0.8346940749E+02   0.2274253203E+02   0.1662137509E+02  -0.2872829190E+00   0.4037920496E-02
     82.   1.  -0.1014389801E+02  -0.1119206675E+02   0.8340239890E+02   0.1804353128E+02   0.1450225259E+02  -0.2824352900E+00   0.3619478551E-02
     82.   2.  -0.1014389801E+02  -0.1119206675E+02   0.8340239890E+02   0.2058286834E+02   0.1680857584E+02  -0.3325862606E+00   0.3612571589E-02
     82.   3.  -0.1014389801E+02  -0.1119206675E+02   0.8340239890E+02   0.2063594754E+02   0.1684229107E+02  -0.3337165603E+00   0.3614544258E-02
     82.   4.  -0.1014389801E+02  -0.1119206675E+02   0.8340239890E+02   0.2063706668E+02   0.1685745218E+02  -0.3357181601E+00   0.3614767146E-02
     82.   5.  -0.1014389801E+02  -0.1119206675E+02   0.8340239890E+02   0.2063724292E+02   0.1685688663E+02  -0.3355802841E+00   0.3614742305E-02
     82.   6.  -0.1014389801E+02  -0.1119206675E+02   0.8340239890E+02   0.2063727278E+02   0.1685566946E+02  -0.3362470693E+00   0.3614624923E-02
     83.   1.  -0.9582510560E+01  -0.1167632290E+02   0.8333598253E+02   0.1625165535E+02   0.1470669028E+02  -0.3168350101E+00   0.3244676371E-02
     83.   2.  -0.9582510560E+01  -0.1167632290E+02   0.8333598253E+02   0.1849623313E+02   0.1706160398E+02  -0.3725929224E+00   0.3238489710E-02
     83.   3.  -0.9582510560E+01  -0.1167632290E+02   0.8333598253E+02   0.1854156111E+02   0.1710508097E+02  -0.3723732400E+00   0.3240236521E-02
     83.   4.  -0.9582510560E+01  -0.1167632290E+02   0.8333598253E+02   0.1854227055E+02   0.1710535522E+02  -0.3716883555E+00   0.3240421402E-02
     83.   5.  -0.9582510560E+01  -0.1167632290E+02   0.8333598253E+02   0.1854241645E+02   0.1710469731E+02  -0.3717523600E+00   0.3240379541E-02
     83.   6.  -0.9582510560E+01  -0.1167632290E+02   0.8333598253E+02   0.1854243333E+02   0.1710337940E+02  -0.3726315467E+00   0.3240245683E-02
     84.   1.  -0.8998037990E+01  -0.1213244976E+02   0.8327080018E+02   0.1448573294E+02   0.1491981757E+02  -0.3475471955E+00   0.2921304140E-02
     84.   2.  -0.8998037990E+01  -0.1213244976E+02   0.8327080018E+02   0.1644538092E+02   0.1732320185E+02  -0.4083689099E+00   0.2915729880E-02
     84.   3.  -0.8998037990E+01  -0.1213244976E+02   0.8327080018E+02   0.1647798210E+02   0.1736367976E+02  -0.4078768673E+00   0.2917283913E-02
     84.   4.  -0.8998037990E+01  -0.1213244976E+02   0.8327080018E+02   0.1647858718E+02   0.1736389067E+02  -0.4074150987E+00   0.2917435618E-02
     84.   5.  -0.8998037990E+01  -0.1213244976E+02   0.8327080018E+02   0.1647870267E+02   0.1736316286E+02  -0.4076706515E+00   0.2917377852E-02
     84.   6.  -0.8998037990E+01  -0.1213244976E+02   0.8327080018E+02   0.1647870634E+02   0.1736176897E+02  -0.4087434012E+00   0.2917227576E-02
     85.   1.  -0.8391888370E+01  -0.1255934849E+02   0.8320748323E+02   0.1275511885E+02   0.1513377800E+02  -0.3727260924E+00   0.2650007381E-02
     85.   2.  -0.8391888370E+01  -0.1255934849E+02   0.8320748323E+02   0.1445228379E+02   0.1759996944E+02  -0.4396728312E+00   0.2644936402E-02
     85.   3.  -0.8391888370E+01  -0.1255934849E+02   0.8320748323E+02   0.1446588705E+02   0.1763025199E+02  -0.4344070124E+00   0.2646331093E-02
     85.   4.  -0.8391888370E+01  -0.1255934849E+02   0.8320748323E+02   0.1446638947E+02   0.1763042371E+02  -0.4341561405E+00   0.2646454500E-02
     85.   5.  -0.8391888370E+01  -0.1255934849E+02   0.8320748323E+02   0.1446647480E+02   0.1762964797E+02  -0.4345858092E+00   0.2646381910E-02
     85.   6.  -0.8391888370E+01  -0.1255934849E+02   0.8320748323E+02   0.1446646518E+02   0.1762820258E+02  -0.4358248958E+00   0.2646215308E-02
     86.   1.  -0.7765521950E+01  -0.1295599065E+02   0.8314664639E+02   0.1108657568E+02   0.1535000998E+02  -0.3880451292E+00   0.2429685488E-02
     86.   2.  -0.7765521950E+01  -0.1295599065E+02   0.8314664639E+02   0.1253309903E+02   0.1785257616E+02  -0.4569989838E+00   0.2425011448E-02
     86.   3.  -0.7765521950E+01  -0.1295599065E+02   0.8314664639E+02   0.1252527659E+02   0.1790078686E+02  -0.4519460422E+00   0.2426279358E-02
     86.   4.  -0.7765521950E+01  -0.1295599065E+02   0.8314664639E+02   0.1252567920E+02   0.1790094232E+02  -0.4518865056E+00   0.2426379233E-02
     86.   5.  -0.7765521950E+01  -0.1295599065E+02   0.8314664639E+02   0.1252573497E+02   0.1790013992E+02  -0.4524656089E+00   0.2426292930E-02
     86.   6.  -0.7765521950E+01  -0.1295599065E+02   0.8314664639E+02   0.1252571211E+02   0.1789866610E+02  -0.4538369312E+00   0.2426110088E-02
     87.   1.  -0.7120447710E+01  -0.1332142070E+02   0.8308888163E+02   0.9382270949E+01   0.1575826848E+02  -0.4001198536E+00   0.2257619368E-02
     87.   2.  -0.7120447710E+01  -0.1332142070E+02   0.8308888163E+02   0.1070013024E+02   0.1810725383E+02  -0.4717860698E+00   0.2253241507E-02
     87.   3.  -0.7120447710E+01  -0.1332142070E+02   0.8308888163E+02   0.1067621657E+02   0.1817168225E+02  -0.4673769177E+00   0.2254413518E-02
     87.   4.  -0.7120447710E+01  -0.1332142070E+02   0.8308888163E+02   0.1067652326E+02   0.1817184196E+02  -0.4674831000E+00   0.2254494316E-02
     87.   5.  -0.7120447710E+01  -0.1332142070E+02   0.8308888163E+02   0.1067655040E+02   0.1817103203E+02  -0.4681816101E+00   0.2254395334E-02
     87.   6.  -0.7120447710E+01  -0.1332142070E+02   0.8308888163E+02   0.1067651455E+02   0.1816955086E+02  -0.4696445508E+00   0.2254196428E-02
     88.   1.  -0.6458219690E+01  -0.1365475827E+02   0.8303475222E+02   0.7836345896E+01   0.1600096659E+02  -0.3952526201E+00   0.2129665892E-02
     88.   2.  -0.6458219690E+01  -0.1365475827E+02   0.8303475222E+02   0.8871209344E+01   0.1835351873E+02  -0.4526718233E+00   0.2125492540E-02
     88.   3.  -0.6458219690E+01  -0.1365475827E+02   0.8303475222E+02   0.8937421029E+01   0.1843811323E+02  -0.4570050628E+00   0.2126596693E-02
     88.   4.  -0.6458219690E+01  -0.1365475827E+02   0.8303475222E+02   0.8937636789E+01   0.1843829493E+02  -0.4572462743E+00   0.2126662497E-02
     88.   5.  -0.6458219690E+01  -0.1365475827E+02   0.8303475222E+02   0.8937636603E+01   0.1843749422E+02  -0.4580294863E+00   0.2126551856E-02
     88.   6.  -0.6458219690E+01  -0.1365475827E+02   0.8303475222E+02   0.8937588180E+01   0.1843602386E+02  -0.4595390086E+00   0.2126337143E-02
     89.   1.  -0.5780433250E+01  -0.1395520034E+02   0.8298478706E+02   0.6440637864E+01   0.1622803889E+02  -0.3840909654E+00   0.2040516208E-02
     89.   2.  -0.5780433250E+01  -0.1395520034E+02   0.8298478706E+02   0.7271549147E+01   0.1863277943E+02  -0.4403822447E+00   0.2036467584E-02
     89.   3.  -0.5780433250E+01  -0.1395520034E+02   0.8298478706E+02   0.7327549142E+01   0.1869424180E+02  -0.4438796522E+00   0.2037528431E-02
     89.   4.  -0.5780433250E+01  -0.1395520034E+02   0.8298478706E+02   0.7327680031E+01   0.1869445982E+02  -0.4442211696E+00   0.2037582887E-02
     89.   5.  -0.5780433250E+01  -0.1395520034E+02   0.8298478706E+02   0.7327654173E+01   0.1869368190E+02  -0.4450513930E+00   0.2037461572E-02
     89.   6.  -0.5780433250E+01  -0.1395520034E+02   0.8298478706E+02   0.7327593811E+01   0.1869223698E+02  -0.4465593774E+00   0.2037231469E-02
     90.   1.  -0.5088721240E+01  -0.1422202310E+02   0.8293947527E+02   0.5171471865E+01   0.1644095813E+02  -0.3630193040E+00   0.1984004951E-02
     90.   2.  -0.5088721240E+01  -0.1422202310E+02   0.8293947527E+02   0.5818787444E+01   0.1888910446E+02  -0.4166264262E+00   0.1980014971E-02
     90.   3.  -0.5088721240E+01  -0.1422202310E+02   0.8293947527E+02   0.5863295510E+01   0.1893588038E+02  -0.4193619177E+00   0.1981052837E-02
     90.   4.  -0.5088721240E+01  -0.1422202310E+02   0.8293947527E+02   0.5863348622E+01   0.1893614501E+02  -0.4197671386E+00   0.1981099056E-02
     90.   5.  -0.5088721240E+01  -0.1422202310E+02   0.8293947527E+02   0.5863299111E+01   0.1893539997E+02  -0.4206050949E+00   0.1980968068E-02
     90.   6.  -0.5088721240E+01  -0.1422202310E+02   0.8293947527E+02   0.5863227626E+01   0.1893399126E+02  -0.4220622216E+00   0.1980723217E-02
     91.   1.  -0.4384750050E+01  -0.1445458377E+02   0.8289926120E+02   0.4037275782E+01   0.1664634584E+02  -0.3333856515E+00   0.1953458799E-02
     91.   2.  -0.4384750050E+01  -0.1445458377E+02   0.8289926120E+02   0.4526188626E+01   0.1911989368E+02  -0.3832802495E+00   0.1949476749E-02
     91.   3.  -0.4384750050E+01  -0.1445458377E+02   0.8289926120E+02   0.4560337031E+01   0.1915801971E+02  -0.3853683348E+00   0.1950507455E-02
     91.   4.  -0.4384750050E+01  -0.1445458377E+02   0.8289926120E+02   0.4560320461E+01   0.1915833682E+02  -0.3858002630E+00   0.1950547989E-02
     91.   5.  -0.4384750050E+01  -0.1445458377E+02   0.8289926120E+02   0.4560249663E+01   0.1915763084E+02  -0.3866068719E+00   0.1950408349E-02
     91.   6.  -0.4384750050E+01  -0.1445458377E+02   0.8289926120E+02   0.4560168058E+01   0.1915626486E+02  -0.3879644945E+00   0.1950149667E-02
     92.   1.  -0.3670215620E+01  -0.1465232208E+02   0.8286453981E+02   0.3055079108E+01   0.1682947211E+02  -0.2926765477E+00   0.1942068771E-02
     92.   2.  -0.3670215620E+01  -0.1465232208E+02   0.8286453981E+02   0.3407190220E+01   0.1932238290E+02  -0.3361379708E+00   0.1938059396E-02
     92.   3.  -0.3670215620E+01  -0.1465232208E+02   0.8286453981E+02   0.3432629049E+01   0.1935553463E+02  -0.3376935943E+00   0.1939094062E-02
     92.   4.  -0.3670215620E+01  -0.1465232208E+02   0.8286453981E+02   0.3432551801E+01   0.1935590572E+02  -0.3381166984E+00   0.1939130915E-02
     92.   5.  -0.3670215620E+01  -0.1465232208E+02   0.8286453981E+02   0.3432462368E+01   0.1935524103E+02  -0.3388547529E+00   0.1938983690E-02
     92.   6.  -0.3670215620E+01  -0.1465232208E+02   0.8286453981E+02   0.3432371851E+01   0.1935392024E+02  -0.3400665824E+00   0.1938712463E-02
     93.   1.  -0.2946839310E+01  -0.1481476166E+02   0.8283565257E+02   0.2240346799E+01   0.1697693822E+02  -0.2447808119E+00   0.1943268353E-02
     93.   2.  -0.2946839310E+01  -0.1481476166E+02   0.8283565257E+02   0.2474274251E+01   0.1949375709E+02  -0.2812545479E+00   0.1939211654E-02
     93.   3.  -0.2946839310E+01  -0.1481476166E+02   0.8283565257E+02   0.2492550979E+01   0.1952410439E+02  -0.2823777957E+00   0.1940256893E-02
     93.   4.  -0.2946839310E+01  -0.1481476166E+02   0.8283565257E+02   0.2492422887E+01   0.1952452659E+02  -0.2827596266E+00   0.1940291535E-02
     93.   5.  -0.2946839310E+01  -0.1481476166E+02   0.8283565257E+02   0.2492317788E+01   0.1952390197E+02  -0.2833950022E+00   0.1940137952E-02
     93.   6.  -0.2946839310E+01  -0.1481476166E+02   0.8283565257E+02   0.2492219719E+01   0.1952262445E+02  -0.2844196163E+00   0.1939855746E-02
     94.   1.  -0.2216363820E+01  -0.1494151118E+02   0.8281288392E+02   0.1597196380E+01   0.1709520864E+02  -0.1899872387E+00   0.1951097887E-02
     94.   2.  -0.2216363820E+01  -0.1494151118E+02   0.8281288392E+02   0.1737812410E+01   0.1963083159E+02  -0.2183665978E+00   0.1946987959E-02
     94.   3.  -0.2216363820E+01  -0.1494151118E+02   0.8281288392E+02   0.1750367107E+01   0.1965968227E+02  -0.2191384297E+00   0.1948046275E-02
     94.   4.  -0.2216363820E+01  -0.1494151118E+02   0.8281288392E+02   0.1750198681E+01   0.1966014873E+02  -0.2194511061E+00   0.1948079696E-02
     94.   5.  -0.2216363820E+01  -0.1494151118E+02   0.8281288392E+02   0.1750081143E+01   0.1965955920E+02  -0.2199548007E+00   0.1947921014E-02
     94.   6.  -0.2216363820E+01  -0.1494151118E+02   0.8281288392E+02   0.1749977034E+01   0.1965831972E+02  -0.2207564537E+00   0.1947629838E-02
     95.   1.  -0.1480548900E+01  -0.1503226530E+02   0.8279645826E+02   0.1132672166E+01   0.1718165831E+02  -0.1297780964E+00   0.1960536756E-02
     95.   2.  -0.1480548900E+01  -0.1503226530E+02   0.8279645826E+02   0.1205960769E+01   0.1973084938E+02  -0.1491959121E+00   0.1956379692E-02
     95.   3.  -0.1480548900E+01  -0.1503226530E+02   0.8279645826E+02   0.1214268384E+01   0.1975898900E+02  -0.1496770399E+00   0.1957450074E-02
     95.   4.  -0.1480548900E+01  -0.1503226530E+02   0.8279645826E+02   0.1214070733E+01   0.1975948963E+02  -0.1498983635E+00   0.1957482908E-02
     95.   5.  -0.1480548900E+01  -0.1503226530E+02   0.8279645826E+02   0.1213944147E+01   0.1975892730E+02  -0.1502474874E+00   0.1957320472E-02
     95.   6.  -0.1480548900E+01  -0.1503226530E+02   0.8279645826E+02   0.1213835638E+01   0.1975771730E+02  -0.1507981294E+00   0.1957022611E-02
     96.   1.  -0.7411672200E+00  -0.1508680537E+02   0.8278653758E+02   0.8518898660E+00   0.1723433561E+02  -0.6583959106E-01   0.1967782984E-02
     96.   2.  -0.7411672200E+00  -0.1508680537E+02   0.8278653758E+02   0.8845352130E+00   0.1979171869E+02  -0.7570011236E-01   0.1963593805E-02
     96.   3.  -0.7411672200E+00  -0.1508680537E+02   0.8278653758E+02   0.8902029518E+00   0.1981957977E+02  -0.7593075031E-01   0.1964672481E-02
     96.   4.  -0.7411672200E+00  -0.1508680537E+02   0.8278653758E+02   0.8899876270E+00   0.1982010209E+02  -0.7604531483E-01   0.1964705118E-02
     96.   5.  -0.7411672200E+00  -0.1508680537E+02   0.8278653758E+02   0.8898555508E+00   0.1981955710E+02  -0.7622393019E-01   0.1964540417E-02
     96.   6.  -0.7411672200E+00  -0.1508680537E+02   0.8278653758E+02   0.8897443587E+00   0.1981836571E+02  -0.7650421633E-01   0.1964238418E-02
     97.   1.   0.0000000000E+00  -0.1510500000E+02   0.8278321977E+02   0.7579499599E+00   0.1725203187E+02  -0.3577963767E-07   0.1970466675E-02
     97.   2.   0.0000000000E+00  -0.1510500000E+02   0.8278321977E+02   0.7770088237E+00   0.1981215202E+02  -0.3817810424E-07   0.1966266141E-02
     97.   3.   0.0000000000E+00  -0.1510500000E+02   0.8278321977E+02   0.7817782873E+00   0.1983994641E+02  -0.3942778096E-07   0.1967347763E-02
     97.   4.   0.0000000000E+00  -0.1510500000E+02   0.8278321977E+02   0.7815570188E+00   0.1984047610E+02  -0.3943706809E-07   0.1967380347E-02
     97.   5.   0.0000000000E+00  -0.1510500000E+02   0.8278321977E+02   0.7814231010E+00   0.1983993705E+02  -0.3908108626E-07   0.1967214882E-02
     97.   6.   0.0000000000E+00  -0.1510500000E+02   0.8278321977E+02   0.7813110180E+00   0.1983875208E+02  -0.3926878844E-07   0.1966911501E-02
     98.   1.   0.7411672200E+00  -0.1508680537E+02   0.8278653758E+02   0.8518898650E+00   0.1723433561E+02   0.6583952250E-01   0.1967782984E-02
     98.   2.   0.7411672200E+00  -0.1508680537E+02   0.8278653758E+02   0.8845352111E+00   0.1979171869E+02   0.7570003347E-01   0.1963593805E-02
     98.   3.   0.7411672200E+00  -0.1508680537E+02   0.8278653758E+02   0.8902029499E+00   0.1981957977E+02   0.7593067130E-01   0.1964672481E-02
     98.   4.   0.7411672200E+00  -0.1508680537E+02   0.8278653758E+02   0.8899876252E+00   0.1982010209E+02   0.7604523586E-01   0.1964705118E-02
     98.   5.   0.7411672200E+00  -0.1508680537E+02   0.8278653758E+02   0.8898555489E+00   0.1981955710E+02   0.7622385122E-01   0.1964540417E-02
     98.   6.   0.7411672200E+00  -0.1508680537E+02   0.8278653758E+02   0.8897443568E+00   0.1981836571E+02   0.7650413738E-01   0.1964238418E-02
     99.   1.   0.1480548900E+01  -0.1503226530E+02   0.8279645826E+02   0.1132672163E+01   0.1718165831E+02   0.1297780279E+00   0.1960536756E-02
     99.   2.   0.1480548900E+01  -0.1503226530E+02   0.8279645826E+02   0.1205960766E+01   0.1973084938E+02   0.1491958333E+00   0.1956379691E-02
     99.   3.   0.1480548900E+01  -0.1503226530E+02   0.8279645826E+02   0.1214268380E+01   0.1975898900E+02   0.1496769609E+00   0.1957450073E-02
     99.   4.   0.1480548900E+01  -0.1503226530E+02   0.8279645826E+02   0.1214070730E+01   0.1975948964E+02   0.1498982846E+00   0.1957482908E-02
     99.   5.   0.1480548900E+01  -0.1503226530E+02   0.8279645826E+02   0.1213944144E+01   0.1975892730E+02   0.1502474084E+00   0.1957320471E-02
     99.   6.   0.1480548900E+01  -0.1503226530E+02   0.8279645826E+02   0.1213835634E+01   0.1975771730E+02   0.1507980504E+00   0.1957022611E-02
    100.   1.   0.2216363820E+01  -0.1494151118E+02   0.8281288392E+02   0.1597196375E+01   0.1709520864E+02   0.1899871704E+00   0.1951097887E-02
    100.   2.   0.2216363820E+01  -0.1494151118E+02   0.8281288392E+02   0.1737812404E+01   0.1963083159E+02   0.2183665193E+00   0.1946987959E-02
    100.   3.   0.2216363820E+01  -0.1494151118E+02   0.8281288392E+02   0.1750367102E+01   0.1965968227E+02   0.2191383510E+00   0.1948046275E-02
    100.   4.   0.2216363820E+01  -0.1494151118E+02   0.8281288392E+02   0.1750198676E+01   0.1966014873E+02   0.2194510274E+00   0.1948079696E-02
    100.   5.   0.2216363820E+01  -0.1494151118E+02   0.8281288392E+02   0.1750081137E+01   0.1965955920E+02   0.2199547219E+00   0.1947921014E-02
    100.   6.   0.2216363820E+01  -0.1494151118E+02   0.8281288392E+02   0.1749977028E+01   0.1965831972E+02   0.2207563749E+00   0.1947629838E-02
    101.   1.   0.2946839310E+01  -0.1481476166E+02   0.8283565257E+02   0.2240346793E+01   0.1697693823E+02   0.2447807440E+00   0.1943268353E-02
    101.   2.   0.2946839310E+01  -0.1481476166E+02   0.8283565257E+02   0.2474274244E+01   0.1949375709E+02   0.2812544699E+00   0.1939211654E-02
    101.   3.   0.2946839310E+01  -0.1481476166E+02   0.8283565257E+02   0.2492550972E+01   0.1952410439E+02   0.2823777175E+00   0.1940256893E-02
    101.   4.   0.2946839310E+01  -0.1481476166E+02   0.8283565257E+02   0.2492422880E+01   0.1952452659E+02   0.2827595484E+00   0.1940291535E-02
    101.   5.   0.2946839310E+01  -0.1481476166E+02   0.8283565257E+02   0.2492317781E+01   0.1952390197E+02   0.2833949241E+00   0.1940137952E-02
    101.   6.   0.2946839310E+01  -0.1481476166E+02   0.8283565257E+02   0.2492219712E+01   0.1952262446E+02   0.2844195381E+00   0.1939855746E-02
    102.   1.   0.3670215620E+01  -0.1465232208E+02   0.8286453981E+02   0.3055079100E+01   0.1682947211E+02   0.2926764803E+00   0.1942068770E-02
    102.   2.   0.3670215620E+01  -0.1465232208E+02   0.8286453981E+02   0.3407190210E+01   0.1932238291E+02   0.3361378936E+00   0.1938059396E-02
    102.   3.   0.3670215620E+01  -0.1465232208E+02   0.8286453981E+02   0.3432629039E+01   0.1935553463E+02   0.3376935169E+00   0.1939094062E-02
    102.   4.   0.3670215620E+01  -0.1465232208E+02   0.8286453981E+02   0.3432551792E+01   0.1935590572E+02   0.3381166210E+00   0.1939130915E-02
    102.   5.   0.3670215620E+01  -0.1465232208E+02   0.8286453981E+02   0.3432462359E+01   0.1935524103E+02   0.3388546755E+00   0.1938983690E-02
    102.   6.   0.3670215620E+01  -0.1465232208E+02   0.8286453981E+02   0.3432371842E+01   0.1935392024E+02   0.3400665051E+00   0.1938712463E-02
    103.   1.   0.4384750050E+01  -0.1445458377E+02   0.8289926120E+02   0.4037275773E+01   0.1664634584E+02   0.3333855848E+00   0.1953458798E-02
    103.   2.   0.4384750050E+01  -0.1445458377E+02   0.8289926120E+02   0.4526188615E+01   0.1911989368E+02   0.3832801732E+00   0.1949476749E-02
    103.   3.   0.4384750050E+01  -0.1445458377E+02   0.8289926120E+02   0.4560337020E+01   0.1915801972E+02   0.3853682583E+00   0.1950507455E-02
    103.   4.   0.4384750050E+01  -0.1445458377E+02   0.8289926120E+02   0.4560320450E+01   0.1915833682E+02   0.3858001865E+00   0.1950547988E-02
    103.   5.   0.4384750050E+01  -0.1445458377E+02   0.8289926120E+02   0.4560249652E+01   0.1915763084E+02   0.3866067954E+00   0.1950408349E-02
    103.   6.   0.4384750050E+01  -0.1445458377E+02   0.8289926120E+02   0.4560168047E+01   0.1915626486E+02   0.3879644180E+00   0.1950149666E-02
    104.   1.   0.5088721240E+01  -0.1422202310E+02   0.8293947527E+02   0.5171471855E+01   0.1644095813E+02   0.3630192390E+00   0.1984004951E-02
    104.   2.   0.5088721240E+01  -0.1422202310E+02   0.8293947527E+02   0.5818787432E+01   0.1888910446E+02   0.4166263509E+00   0.1980014971E-02
    104.   3.   0.5088721240E+01  -0.1422202310E+02   0.8293947527E+02   0.5863295497E+01   0.1893588038E+02   0.4193618422E+00   0.1981052837E-02
    104.   4.   0.5088721240E+01  -0.1422202310E+02   0.8293947527E+02   0.5863348609E+01   0.1893614501E+02   0.4197670632E+00   0.1981099056E-02
    104.   5.   0.5088721240E+01  -0.1422202310E+02   0.8293947527E+02   0.5863299098E+01   0.1893539998E+02   0.4206050195E+00   0.1980968068E-02
    104.   6.   0.5088721240E+01  -0.1422202310E+02   0.8293947527E+02   0.5863227613E+01   0.1893399126E+02   0.4220621462E+00   0.1980723217E-02
    105.   1.   0.5780433250E+01  -0.1395520034E+02   0.8298478706E+02   0.6440637852E+01   0.1622803889E+02   0.3840909010E+00   0.2040516207E-02
    105.   2.   0.5780433250E+01  -0.1395520034E+02   0.8298478706E+02   0.7271549133E+01   0.1863277944E+02   0.4403821708E+00   0.2036467583E-02
    105.   3.   0.5780433250E+01  -0.1395520034E+02   0.8298478706E+02   0.7327549127E+01   0.1869424180E+02   0.4438795781E+00   0.2037528430E-02
    105.   4.   0.5780433250E+01  -0.1395520034E+02   0.8298478706E+02   0.7327680016E+01   0.1869445982E+02   0.4442210955E+00   0.2037582886E-02
    105.   5.   0.5780433250E+01  -0.1395520034E+02   0.8298478706E+02   0.7327654158E+01   0.1869368191E+02   0.4450513188E+00   0.2037461571E-02
    105.   6.   0.5780433250E+01  -0.1395520034E+02   0.8298478706E+02   0.7327593797E+01   0.1869223699E+02   0.4465593032E+00   0.2037231469E-02
    106.   1.   0.6458219690E+01  -0.1365475827E+02   0.8303475222E+02   0.7836345882E+01   0.1600096659E+02   0.3952525570E+00   0.2129665891E-02
    106.   2.   0.6458219690E+01  -0.1365475827E+02   0.8303475222E+02   0.8871209328E+01   0.1835351873E+02   0.4526717508E+00   0.2125492539E-02
    106.   3.   0.6458219690E+01  -0.1365475827E+02   0.8303475222E+02   0.8937421012E+01   0.1843811324E+02   0.4570049900E+00   0.2126596692E-02
    106.   4.   0.6458219690E+01  -0.1365475827E+02   0.8303475222E+02   0.8937636772E+01   0.1843829493E+02   0.4572462015E+00   0.2126662496E-02
    106.   5.   0.6458219690E+01  -0.1365475827E+02   0.8303475222E+02   0.8937636587E+01   0.1843749422E+02   0.4580294135E+00   0.2126551854E-02
    106.   6.   0.6458219690E+01  -0.1365475827E+02   0.8303475222E+02   0.8937588163E+01   0.1843602386E+02   0.4595389358E+00   0.2126337142E-02
    107.   1.   0.7120447710E+01  -0.1332142070E+02   0.8308888163E+02   0.9382270932E+01   0.1575826848E+02   0.4001197919E+00   0.2257619366E-02
    107.   2.   0.7120447710E+01  -0.1332142070E+02   0.8308888163E+02   0.1070013022E+02   0.1810725383E+02   0.4717859988E+00   0.2253241505E-02
    107.   3.   0.7120447710E+01  -0.1332142070E+02   0.8308888163E+02   0.1067621656E+02   0.1817168225E+02   0.4673768464E+00   0.2254413515E-02
    107.   4.   0.7120447710E+01  -0.1332142070E+02   0.8308888163E+02   0.1067652325E+02   0.1817184197E+02   0.4674830287E+00   0.2254494314E-02
    107.   5.   0.7120447710E+01  -0.1332142070E+02   0.8308888163E+02   0.1067655038E+02   0.1817103203E+02   0.4681815387E+00   0.2254395332E-02
    107.   6.   0.7120447710E+01  -0.1332142070E+02   0.8308888163E+02   0.1067651453E+02   0.1816955087E+02   0.4696444795E+00   0.2254196426E-02
    108.   1.   0.7765521950E+01  -0.1295599065E+02   0.8314664639E+02   0.1108657566E+02   0.1535000999E+02   0.3880450692E+00   0.2429685486E-02
    108.   2.   0.7765521950E+01  -0.1295599065E+02   0.8314664639E+02   0.1253309901E+02   0.1785257616E+02   0.4569989145E+00   0.2425011446E-02
    108.   3.   0.7765521950E+01  -0.1295599065E+02   0.8314664639E+02   0.1252527657E+02   0.1790078686E+02   0.4519459726E+00   0.2426279356E-02
    108.   4.   0.7765521950E+01  -0.1295599065E+02   0.8314664639E+02   0.1252567918E+02   0.1790094233E+02   0.4518864361E+00   0.2426379230E-02
    108.   5.   0.7765521950E+01  -0.1295599065E+02   0.8314664639E+02   0.1252573495E+02   0.1790013992E+02   0.4524655393E+00   0.2426292928E-02
    108.   6.   0.7765521950E+01  -0.1295599065E+02   0.8314664639E+02   0.1252571209E+02   0.1789866611E+02   0.4538368617E+00   0.2426110086E-02
    109.   1.   0.8391888370E+01  -0.1255934849E+02   0.8320748323E+02   0.1275511883E+02   0.1513377801E+02   0.3727260341E+00   0.2650007378E-02
    109.   2.   0.8391888370E+01  -0.1255934849E+02   0.8320748323E+02   0.1445228377E+02   0.1759996944E+02   0.4396727638E+00   0.2644936399E-02
    109.   3.   0.8391888370E+01  -0.1255934849E+02   0.8320748323E+02   0.1446588703E+02   0.1763025200E+02   0.4344069448E+00   0.2646331089E-02
    109.   4.   0.8391888370E+01  -0.1255934849E+02   0.8320748323E+02   0.1446638945E+02   0.1763042372E+02   0.4341560729E+00   0.2646454497E-02
    109.   5.   0.8391888370E+01  -0.1255934849E+02   0.8320748323E+02   0.1446647478E+02   0.1762964798E+02   0.4345857416E+00   0.2646381907E-02
    109.   6.   0.8391888370E+01  -0.1255934849E+02   0.8320748323E+02   0.1446646515E+02   0.1762820259E+02   0.4358248281E+00   0.2646215305E-02
    110.   1.   0.8998037990E+01  -0.1213244976E+02   0.8327080018E+02   0.1448573291E+02   0.1491981757E+02   0.3475471392E+00   0.2921304136E-02
    110.   2.   0.8998037990E+01  -0.1213244976E+02   0.8327080018E+02   0.1644538089E+02   0.1732320185E+02   0.4083688447E+00   0.2915729876E-02
    110.   3.   0.8998037990E+01  -0.1213244976E+02   0.8327080018E+02   0.1647798208E+02   0.1736367976E+02   0.4078768017E+00   0.2917283909E-02
    110.   4.   0.8998037990E+01  -0.1213244976E+02   0.8327080018E+02   0.1647858716E+02   0.1736389068E+02   0.4074150331E+00   0.2917435614E-02
    110.   5.   0.8998037990E+01  -0.1213244976E+02   0.8327080018E+02   0.1647870264E+02   0.1736316286E+02   0.4076705859E+00   0.2917377849E-02
    110.   6.   0.8998037990E+01  -0.1213244976E+02   0.8327080018E+02   0.1647870631E+02   0.1736176897E+02   0.4087433357E+00   0.2917227572E-02
    111.   1.   0.9582510560E+01  -0.1167632290E+02   0.8333598253E+02   0.1625165533E+02   0.1470669029E+02   0.3168349557E+00   0.3244676366E-02
    111.   2.   0.9582510560E+01  -0.1167632290E+02   0.8333598253E+02   0.1849623311E+02   0.1706160398E+02   0.3725928594E+00   0.3238489706E-02
    111.   3.   0.9582510560E+01  -0.1167632290E+02   0.8333598253E+02   0.1854156108E+02   0.1710508098E+02   0.3723731767E+00   0.3240236516E-02
    111.   4.   0.9582510560E+01  -0.1167632290E+02   0.8333598253E+02   0.1854227053E+02   0.1710535523E+02   0.3716882922E+00   0.3240421398E-02
    111.   5.   0.9582510560E+01  -0.1167632290E+02   0.8333598253E+02   0.1854241642E+02   0.1710469731E+02   0.3717522966E+00   0.3240379536E-02
    111.   6.   0.9582510560E+01  -0.1167632290E+02   0.8333598253E+02   0.1854243330E+02   0.1710337941E+02   0.3726314833E+00   0.3240245679E-02
    112.   1.   0.1014389801E+02  -0.1119206675E+02   0.8340239890E+02   0.1804353125E+02   0.1450225259E+02   0.2824352377E+00   0.3619478546E-02
    112.   2.   0.1014389801E+02  -0.1119206675E+02   0.8340239890E+02   0.2058286831E+02   0.1680857584E+02   0.3325862000E+00   0.3612571583E-02
    112.   3.   0.1014389801E+02  -0.1119206675E+02   0.8340239890E+02   0.2063594751E+02   0.1684229107E+02   0.3337164994E+00   0.3614544253E-02
    112.   4.   0.1014389801E+02  -0.1119206675E+02   0.8340239890E+02   0.2063706665E+02   0.1685745218E+02   0.3357180992E+00   0.3614767141E-02
    112.   5.   0.1014389801E+02  -0.1119206675E+02   0.8340239890E+02   0.2063724289E+02   0.1685688663E+02   0.3355802232E+00   0.3614742299E-02
    112.   6.   0.1014389801E+02  -0.1119206675E+02   0.8340239890E+02   0.2063727275E+02   0.1685566946E+02   0.3362470084E+00   0.3614624917E-02
    113.   1.   0.1068084793E+02  -0.1068084793E+02   0.8346940749E+02   0.1982553264E+02   0.1429695275E+02   0.2429774219E+00   0.4043262851E-02
    113.   2.   0.1068084793E+02  -0.1068084793E+02   0.8346940749E+02   0.2268206665E+02   0.1655473875E+02   0.2856965000E+00   0.4035532555E-02
    113.   3.   0.1068084793E+02  -0.1068084793E+02   0.8346940749E+02   0.2274109418E+02   0.1660788123E+02   0.2854354625E+00   0.4037762626E-02
    113.   4.   0.1068084793E+02  -0.1068084793E+02   0.8346940749E+02   0.2274228329E+02   0.1662291853E+02   0.2871811937E+00   0.4038028097E-02
    113.   5.   0.1068084793E+02  -0.1068084793E+02   0.8346940749E+02   0.2274248953E+02   0.1662246717E+02   0.2868390003E+00   0.4038021332E-02
    113.   6.   0.1068084793E+02  -0.1068084793E+02   0.8346940749E+02   0.2274253200E+02   0.1662137510E+02   0.2872828608E+00   0.4037920489E-02
    114.   1.   0.1119206675E+02  -0.1014389801E+02   0.8353636234E+02   0.2161017381E+02   0.1410871119E+02   0.1994627459E+00   0.4511793311E-02
    114.   2.   0.1119206675E+02  -0.1014389801E+02   0.8353636234E+02   0.2477245505E+02   0.1633073797E+02   0.2346156565E+00   0.4503146144E-02
    114.   3.   0.1119206675E+02  -0.1014389801E+02   0.8353636234E+02   0.2483558662E+02   0.1637404976E+02   0.2303273047E+00   0.4505662527E-02
    114.   4.   0.1119206675E+02  -0.1014389801E+02   0.8353636234E+02   0.2483731386E+02   0.1640329994E+02   0.2321436398E+00   0.4505974833E-02
    114.   5.   0.1119206675E+02  -0.1014389801E+02   0.8353636234E+02   0.2483754947E+02   0.1640298320E+02   0.2316025909E+00   0.4505987111E-02
    114.   6.   0.1119206675E+02  -0.1014389801E+02   0.8353636234E+02   0.2483760410E+02   0.1640203919E+02   0.2318216189E+00   0.4505902843E-02
    115.   1.   0.1167632290E+02  -0.9582510560E+01   0.8360261952E+02   0.2338694086E+02   0.1394160420E+02   0.1570402091E+00   0.5019130853E-02
    115.   2.   0.1167632290E+02  -0.9582510560E+01   0.8360261952E+02   0.2683358022E+02   0.1612389724E+02   0.1850167294E+00   0.5009484754E-02
    115.   3.   0.1167632290E+02  -0.9582510560E+01   0.8360261952E+02   0.2690098352E+02   0.1617101936E+02   0.1810208890E+00   0.5012312724E-02
    115.   4.   0.1167632290E+02  -0.9582510560E+01   0.8360261952E+02   0.2690274724E+02   0.1619997643E+02   0.1825610449E+00   0.5012675600E-02
    115.   5.   0.1167632290E+02  -0.9582510560E+01   0.8360261952E+02   0.2690301136E+02   0.1619981260E+02   0.1818343569E+00   0.5012707739E-02
    115.   6.   0.1167632290E+02  -0.9582510560E+01   0.8360261952E+02   0.2690307760E+02   0.1619903719E+02   0.1818355345E+00   0.5012640001E-02
    116.   1.   0.1213244976E+02  -0.8998037990E+01   0.8366754336E+02   0.2511455986E+02   0.1357944182E+02   0.1005822538E+00   0.5557779599E-02
    116.   2.   0.1213244976E+02  -0.8998037990E+01   0.8366754336E+02   0.2884546970E+02   0.1593435582E+02   0.1425814586E+00   0.5547067497E-02
    116.   3.   0.1213244976E+02  -0.8998037990E+01   0.8366754336E+02   0.2891715317E+02   0.1598466384E+02   0.1388568535E+00   0.5550227604E-02
    116.   4.   0.1213244976E+02  -0.8998037990E+01   0.8366754336E+02   0.2891895341E+02   0.1601336312E+02   0.1401222297E+00   0.5550644004E-02
    116.   5.   0.1213244976E+02  -0.8998037990E+01   0.8366754336E+02   0.2891924494E+02   0.1601336786E+02   0.1392299753E+00   0.5550696656E-02
    116.   6.   0.1213244976E+02  -0.8998037990E+01   0.8366754336E+02   0.2891932217E+02   0.1601277888E+02   0.1390276115E+00   0.5550645360E-02
    117.   1.   0.1255934849E+02  -0.8391888370E+01   0.8373051242E+02   0.2678354455E+02   0.1323401571E+02   0.5457102707E-01   0.6118887728E-02
    117.   2.   0.1255934849E+02  -0.8391888370E+01   0.8373051242E+02   0.3078936359E+02   0.1576268474E+02   0.9037797818E-01   0.6107060570E-02
    117.   3.   0.1255934849E+02  -0.8391888370E+01   0.8373051242E+02   0.3086527429E+02   0.1580127281E+02   0.8485985258E-01   0.6110567854E-02
    117.   4.   0.1255934849E+02  -0.8391888370E+01   0.8373051242E+02   0.3086727562E+02   0.1584381410E+02   0.9265516457E-01   0.6111039974E-02
    117.   5.   0.1255934849E+02  -0.8391888370E+01   0.8373051242E+02   0.3086759326E+02   0.1584399953E+02   0.9162401790E-01   0.6111113501E-02
    117.   6.   0.1255934849E+02  -0.8391888370E+01   0.8373051242E+02   0.3086768080E+02   0.1584361088E+02   0.9124009736E-01   0.6111078411E-02
    118.   1.   0.1295599065E+02  -0.7765521950E+01   0.8379092534E+02   0.2824462857E+02   0.1310129012E+02   0.2119942911E-01   0.6692498943E-02
    118.   2.   0.1295599065E+02  -0.7765521950E+01   0.8379092534E+02   0.3264738053E+02   0.1560809263E+02   0.4863862039E-01   0.6679527280E-02
    118.   3.   0.1295599065E+02  -0.7765521950E+01   0.8379092534E+02   0.3272782317E+02   0.1564933506E+02   0.4349839973E-01   0.6683390534E-02
    118.   4.   0.1295599065E+02  -0.7765521950E+01   0.8379092534E+02   0.3272983705E+02   0.1569148692E+02   0.5095440330E-01   0.6683919581E-02
    118.   5.   0.1295599065E+02  -0.7765521950E+01   0.8379092534E+02   0.3273017932E+02   0.1569186141E+02   0.4981620886E-01   0.6684014100E-02
    118.   6.   0.1295599065E+02  -0.7765521950E+01   0.8379092534E+02   0.3273027646E+02   0.1569168293E+02   0.4927851082E-01   0.6683994851E-02
    119.   1.   0.1332142070E+02  -0.7120447710E+01   0.8384820645E+02   0.2975038821E+02   0.1299852112E+02  -0.8361064698E-02   0.7267834996E-02
    119.   2.   0.1332142070E+02  -0.7120447710E+01   0.8384820645E+02   0.3440271541E+02   0.1547049297E+02   0.1200779837E-01   0.7253712051E-02
    119.   3.   0.1332142070E+02  -0.7120447710E+01   0.8384820645E+02   0.3448775541E+02   0.1551418964E+02   0.7257850758E-02   0.7257933399E-02
    119.   4.   0.1332142070E+02  -0.7120447710E+01   0.8384820645E+02   0.3448955990E+02   0.1554122743E+02   0.1780080132E-01   0.7258519538E-02
    119.   5.   0.1332142070E+02  -0.7120447710E+01   0.8384820645E+02   0.3449015703E+02   0.1555601506E+02   0.1992024237E-01   0.7258634824E-02
    119.   6.   0.1332142070E+02  -0.7120447710E+01   0.8384820645E+02   0.3449026302E+02   0.1555605172E+02   0.1926169726E-01   0.7258630871E-02
    120.   1.   0.1365475827E+02  -0.6458219690E+01   0.8390181106E+02   0.3115163148E+02   0.1296526749E+02  -0.3001831376E-01   0.7833610600E-02
    120.   2.   0.1365475827E+02  -0.6458219690E+01   0.8390181106E+02   0.3603441930E+02   0.1518145168E+02  -0.2618903219E-01   0.7818352032E-02
    120.   3.   0.1365475827E+02  -0.6458219690E+01   0.8390181106E+02   0.3612916513E+02   0.1538051991E+02  -0.1224702978E-01   0.7822926433E-02
    120.   4.   0.1365475827E+02  -0.6458219690E+01   0.8390181106E+02   0.3613134526E+02   0.1542125759E+02  -0.5356991759E-02   0.7823568732E-02
    120.   5.   0.1365475827E+02  -0.6458219690E+01   0.8390181106E+02   0.3613194833E+02   0.1543606842E+02  -0.3418148957E-02   0.7823704229E-02
    120.   6.   0.1365475827E+02  -0.6458219690E+01   0.8390181106E+02   0.3613206239E+02   0.1543632028E+02  -0.4161158994E-02   0.7823714839E-02
    121.   1.   0.1395520034E+02  -0.5780433250E+01   0.8395123043E+02   0.3243823906E+02   0.1286533758E+02  -0.4898597521E-01   0.8378354838E-02
    121.   2.   0.1395520034E+02  -0.5780433250E+01   0.8395123043E+02   0.3753884497E+02   0.1507682246E+02  -0.5153443881E-01   0.8362000392E-02
    121.   3.   0.1395520034E+02  -0.5780433250E+01   0.8395123043E+02   0.3763810745E+02   0.1527687109E+02  -0.3819401339E-01   0.8366915549E-02
    121.   4.   0.1395520034E+02  -0.5780433250E+01   0.8395123043E+02   0.3764028862E+02   0.1531737143E+02  -0.3153606289E-01   0.8367611981E-02
    121.   5.   0.1395520034E+02  -0.5780433250E+01   0.8395123043E+02   0.3764089894E+02   0.1533221596E+02  -0.2974800801E-01   0.8367766770E-02
    121.   6.   0.1395520034E+02  -0.5780433250E+01   0.8395123043E+02   0.3764102026E+02   0.1533267778E+02  -0.3053690903E-01   0.8367791010E-02
    122.   1.   0.1422202310E+02  -0.5088721240E+01   0.8399599643E+02   0.3342662960E+02   0.1279913387E+02  -0.6054441896E-01   0.8890743304E-02
    122.   2.   0.1422202310E+02  -0.5088721240E+01   0.8399599643E+02   0.3860990898E+02   0.1482252966E+02  -0.7435894028E-01   0.8873355499E-02
    122.   3.   0.1422202310E+02  -0.5088721240E+01   0.8399599643E+02   0.3871972549E+02   0.1518771284E+02  -0.6136716628E-01   0.8878591836E-02
    122.   4.   0.1422202310E+02  -0.5088721240E+01   0.8399599643E+02   0.3872190680E+02   0.1522801997E+02  -0.5491891315E-01   0.8879339200E-02
    122.   5.   0.1422202310E+02  -0.5088721240E+01   0.8399599643E+02   0.3872252552E+02   0.1524290465E+02  -0.5325030625E-01   0.8879512000E-02
    122.   6.   0.1422202310E+02  -0.5088721240E+01   0.8399599643E+02   0.3872265328E+02   0.1524356638E+02  -0.5404628303E-01   0.8879548759E-02
    123.   1.   0.1445458377E+02  -0.4384750050E+01   0.8403568568E+02   0.3428047951E+02   0.1274299396E+02  -0.6659749355E-01   0.9359915388E-02
    123.   2.   0.1445458377E+02  -0.4384750050E+01   0.8403568568E+02   0.3952989219E+02   0.1474735039E+02  -0.8127768542E-01   0.9341578889E-02
    123.   3.   0.1445458377E+02  -0.4384750050E+01   0.8403568568E+02   0.3964367968E+02   0.1511253074E+02  -0.7006336604E-01   0.9347110015E-02
    123.   4.   0.1445458377E+02  -0.4384750050E+01   0.8403568568E+02   0.3964558011E+02   0.1513924834E+02  -0.7030485536E-01   0.9347904026E-02
    123.   5.   0.1445458377E+02  -0.4384750050E+01   0.8403568568E+02   0.3964654941E+02   0.1516772732E+02  -0.6916991302E-01   0.9348093224E-02
    123.   6.   0.1445458377E+02  -0.4384750050E+01   0.8403568568E+02   0.3964668278E+02   0.1516857395E+02  -0.6993506767E-01   0.9348141223E-02
    124.   1.   0.1465232208E+02  -0.3670215620E+01   0.8406992338E+02   0.3516826648E+02   0.1269610801E+02  -0.6621588923E-01   0.9775778896E-02
    124.   2.   0.1465232208E+02  -0.3670215620E+01   0.8406992338E+02   0.4056394163E+02   0.1468478633E+02  -0.8041287899E-01   0.9756599293E-02
    124.   3.   0.1465232208E+02  -0.3670215620E+01   0.8406992338E+02   0.4068132167E+02   0.1505012027E+02  -0.7101892312E-01   0.9762392156E-02
    124.   4.   0.1465232208E+02  -0.3670215620E+01   0.8406992338E+02   0.4068324330E+02   0.1507677863E+02  -0.7128268920E-01   0.9763227575E-02
    124.   5.   0.1465232208E+02  -0.3670215620E+01   0.8406992338E+02   0.4068419802E+02   0.1510520712E+02  -0.7037730713E-01   0.9763431234E-02
    124.   6.   0.1465232208E+02  -0.3670215620E+01   0.8406992338E+02   0.4068433614E+02   0.1510621894E+02  -0.7107607180E-01   0.9763489019E-02
    125.   1.   0.1481476166E+02  -0.2946839310E+01   0.8409838666E+02   0.3590506521E+02   0.1265824990E+02  -0.6032162589E-01   0.1012928750E-01
    125.   2.   0.1481476166E+02  -0.2946839310E+01   0.8409838666E+02   0.4142184537E+02   0.1463443956E+02  -0.7302334883E-01   0.1010939065E-01
    125.   3.   0.1481476166E+02  -0.2946839310E+01   0.8409838666E+02   0.4154233638E+02   0.1500002838E+02  -0.6547995234E-01   0.1011540632E-01
    125.   4.   0.1481476166E+02  -0.2946839310E+01   0.8409838666E+02   0.4154427570E+02   0.1502664207E+02  -0.6573383842E-01   0.1011627696E-01
    125.   5.   0.1481476166E+02  -0.2946839310E+01   0.8409838666E+02   0.4154521846E+02   0.1505503357E+02  -0.6503764622E-01   0.1011649287E-01
    125.   6.   0.1481476166E+02  -0.2946839310E+01   0.8409838666E+02   0.4154536050E+02   0.1505618655E+02  -0.6563809516E-01   0.1011655883E-01
    126.   1.   0.1494151118E+02  -0.2216363820E+01   0.8412080736E+02   0.3648464341E+02   0.1262912411E+02  -0.4968882910E-01   0.1041268803E-01
    126.   2.   0.1494151118E+02  -0.2216363820E+01   0.8412080736E+02   0.4209649966E+02   0.1459580389E+02  -0.6002691918E-01   0.1039221562E-01
    126.   3.   0.1494151118E+02  -0.2216363820E+01   0.8412080736E+02   0.4221952416E+02   0.1496168320E+02  -0.5435471843E-01   0.1039841014E-01
    126.   4.   0.1494151118E+02  -0.2216363820E+01   0.8412080736E+02   0.4222147753E+02   0.1498826452E+02  -0.5457099979E-01   0.1039930904E-01
    126.   5.   0.1494151118E+02  -0.2216363820E+01   0.8412080736E+02   0.4222241098E+02   0.1501663017E+02  -0.5406610678E-01   0.1039953474E-01
    126.   6.   0.1494151118E+02  -0.2216363820E+01   0.8412080736E+02   0.4222255607E+02   0.1501789693E+02  -0.5454133764E-01   0.1039960720E-01
    127.   1.   0.1503226530E+02  -0.1480548900E+01   0.8413697448E+02   0.3690211753E+02   0.1260848304E+02  -0.3530267581E-01   0.1061972832E-01
    127.   2.   0.1503226530E+02  -0.1480548900E+01   0.8413697448E+02   0.4258236192E+02   0.1456848406E+02  -0.4259185915E-01   0.1059883499E-01
    127.   3.   0.1503226530E+02  -0.1480548900E+01   0.8413697448E+02   0.4270726055E+02   0.1493462708E+02  -0.3880415474E-01   0.1060516039E-01
    127.   4.   0.1503226530E+02  -0.1480548900E+01   0.8413697448E+02   0.4270922402E+02   0.1496118643E+02  -0.3896093850E-01   0.1060607994E-01
    127.   5.   0.1503226530E+02  -0.1480548900E+01   0.8413697448E+02   0.4271015083E+02   0.1498953482E+02  -0.3863277982E-01   0.1060631275E-01
    127.   6.   0.1503226530E+02  -0.1480548900E+01   0.8413697448E+02   0.4271029809E+02   0.1499088514E+02  -0.3896175047E-01   0.1060638991E-01
    128.   1.   0.1508680537E+02  -0.7411672200E+00   0.8414673595E+02   0.3715400619E+02   0.1259616930E+02  -0.1831632442E-01   0.1074582188E-01
    128.   2.   0.1508680537E+02  -0.7411672200E+00   0.8414673595E+02   0.4287546773E+02   0.1455220270E+02  -0.2208234678E-01   0.1072467169E-01
    128.   3.   0.1508680537E+02  -0.7411672200E+00   0.8414673595E+02   0.4300151743E+02   0.1491852790E+02  -0.2018671908E-01   0.1073107679E-01
    128.   4.   0.1508680537E+02  -0.7411672200E+00   0.8414673595E+02   0.4300348710E+02   0.1494507446E+02  -0.2026892408E-01   0.1073200891E-01
    128.   5.   0.1508680537E+02  -0.7411672200E+00   0.8414673595E+02   0.4300440990E+02   0.1497341318E+02  -0.2010743774E-01   0.1073224605E-01
    128.   6.   0.1508680537E+02  -0.7411672200E+00   0.8414673595E+02   0.4300455848E+02   0.1497481445E+02  -0.2027560985E-01   0.1073232605E-01
