case_id,speed_kn,wind_assist,endurance_hours,shaft_power_kw,wind_power_saving_kw,wind_saving_fraction,effective_shaft_power_kw,fuel_mass_flow_kg_per_h,required_fuel_mass_kg,net_tank_volume_m3,gross_tank_volume_m3,bog_rate_percent_per_day,bog_exceeds_consumption,fuel_cost,fuel_saving_vs_no_wind_percent
v10kn_nowind,10.0,False,400.0,2748.842592592593,0.0,0.0,2748.842592592593,203.61111111111117,89588.88888888892,1264.4867874225679,1374.4421602419216,0.2783382825393153,False,537533.3333333335,0.0
v12kn_nowind,12.0,False,333.3333333333333,4750.0,0.0,0.0,4750.0,330.0,121000.00000000001,1707.8334509527174,1856.3407075573014,0.25180394882036966,False,726000.0000000001,0.0
v14kn_nowind,14.0,False,285.7142857142857,7542.824074074076,0.0,0.0,7542.824074074076,506.388888888889,159150.79365079373,2246.306191260321,2441.6371644133924,0.22982012526341278,False,954904.7619047624,0.0
