index,leg_type,duration_h,distance_nm,speed_kn,fuel_burned_kg,bog_generated_kg,bog_consumed_kg,bog_lost_kg,bog_exceeds_consumption
0,sea,166.66666666666666,2000.0,12.0,55000.0,2151.8226773181946,2151.8226773181946,0.0,False
1,port,240.0,0.0,0.0,0.0,3098.6246553382002,0.0,3098.6246553382002,False
2,sea,166.66666666666666,2000.0,12.0,55000.0,2151.8226773181946,2151.8226773181946,0.0,False
