{
  "(0, 1)": {
    "added_mass_correlation": [
      [
        1.0,
        1.0,
        -1.0,
        1.0,
        1.0,
        0.9999999999999998
      ],
      [
        1.0,
        0.9999999999999999,
        1.0,
        1.0,
        1.0,
        0.9999999999999999
      ],
      [
        1.0,
        1.0,
        1.0,
        0.9999999999999999,
        1.0,
        1.0
      ],
      [
        1.0,
        1.0,
        1.0,
        0.9999999999999999,
        1.0,
        -0.9999999999999998
      ],
      [
        1.0,
        -0.9999999999999999,
        -1.0,
        -1.0,
        1.0,
        0.9999999999999999
      ],
      [
        0.9999999999999998,
        0.9999999999999998,
        -1.0,
        -1.0,
        1.0,
        1.0
      ]
    ],
    "damping_correlation": [
      [
        0.9999999999999999,
        1.0,
        1.0,
        -1.0,
        0.9999999999999999,
        1.0
      ],
      [
        0.9999999999999999,
        1.0,
        0.9999999999999999,
        0.9999999999999999,
        1.0,
        1.0
      ],
      [
        1.0,
        1.0,
        1.0,
        0.9999999999999998,
        -1.0,
        1.0
      ],
      [
        1.0,
        1.0,
        0.9999999999999999,
        1.0,
        0.9999999999999999,
        -1.0
      ],
      [
        0.9999999999999998,
        -1.0,
        -1.0,
        1.0,
        1.0,
        1.0
      ],
      [
        1.0,
        0.9999999999999999,
        -1.0,
        -1.0,
        1.0,
        1.0
      ]
    ]
  },
  "(1, 0)": {
    "added_mass_correlation": [
      [
        1.0,
        1.0,
        -1.0,
        -1.0,
        1.0,
        1.0
      ],
      [
        1.0,
        0.9999999999999999,
        1.0,
        1.0,
        -1.0,
        1.0
      ],
      [
        -1.0,
        1.0,
        1.0,
        1.0,
        -1.0,
        1.0
      ],
      [
        -1.0,
        1.0,
        1.0,
        1.0,
        -0.9999999999999998,
        -1.0
      ],
      [
        1.0,
        1.0,
        1.0,
        -1.0,
        1.0,
        1.0
      ],
      [
        1.0,
        -1.0,
        1.0,
        -0.9999999999999999,
        0.9999999999999999,
        1.0
      ]
    ],
    "damping_correlation": [
      [
        0.9999999999999999,
        0.9999999999999999,
        1.0,
        -1.0,
        1.0,
        1.0
      ],
      [
        0.9999999999999998,
        1.0,
        1.0,
        1.0,
        -1.0,
        1.0
      ],
      [
        1.0,
        1.0,
        1.0,
        1.0,
        1.0,
        1.0
      ],
      [
        -1.0,
        0.9999999999999999,
        1.0,
        0.9999999999999999,
        1.0,
        -1.0
      ],
      [
        1.0,
        1.0,
        1.0,
        -1.0,
        1.0,
        1.0
      ],
      [
        1.0,
        1.0,
        -1.0,
        0.9999999999999998,
        0.9999999999999998,
        0.9999999999999998
      ]
    ]
  }
}