{
  "(0, 1)": {
    "added_mass_correlation": [
      [
        0.9999999981989164,
        0.12417673492008911,
        0.6664635098115235,
        -0.0027100893079755727,
        0.9999999986462957,
        0.9999999997379063
      ],
      [
        0.1259257706693425,
        0.9999999996740097,
        0.999999998323058,
        0.9999999996386765,
        0.06518052831868301,
        -0.1915994985954596
      ],
      [
        0.9952424655245301,
        0.9999999968600659,
        0.9999999998725955,
        0.9999999968608244,
        0.9821924625296423,
        0.9412428679651623
      ],
      [
        -0.608256406220013,
        0.9999999989692735,
        0.9999999985983677,
        0.9999999989056858,
        0.034243928622076855,
        -0.25981612085480166
      ],
      [
        0.9999999988527867,
        0.46296393849400674,
        -0.19149777997266454,
        -0.32401433163390675,
        0.9999999990423493,
        0.9999999991640033
      ],
      [
        0.9999999945230521,
        0.15915249232825687,
        -0.641903441236496,
        -0.7822579545060051,
        0.9999999969506632,
        0.999999986151685
      ]
    ],
    "damping_correlation": [
      [
        0.999999998822434,
        0.807036198532089,
        0.44584774867438476,
        -0.48957093043283506,
        0.9999999980492061,
        0.9999999841830637
      ],
      [
        -0.8554540922664353,
        0.9999999885463243,
        0.9999999969822947,
        0.999999988504305,
        -0.7641460163274619,
        0.13985843171810539
      ],
      [
        0.9682738958726107,
        0.9999999945460141,
        0.9999999999217046,
        0.9999999947276268,
        0.9646722036999902,
        0.8756800243807606
      ],
      [
        0.297302800869848,
        0.9999999890546024,
        0.9999999982510773,
        0.9999999890929749,
        0.3800855279263621,
        0.5438590968023681
      ],
      [
        0.9999999995100302,
        -0.47617203488396725,
        0.17501618713357184,
        0.9124140943444115,
        0.9999999991829057,
        0.9999999890861944
      ],
      [
        0.9999999961066899,
        0.5954803742426434,
        -0.5567740437076576,
        -0.8627208825267011,
        0.9999999923438923,
        0.9999994909575737
      ]
    ]
  },
  "(1, 0)": {
    "added_mass_correlation": [
      [
        0.9999999981861565,
        0.00027613666780384186,
        -0.2424745714541758,
        0.4474306767871928,
        0.9999999988460839,
        0.9999999944651267
      ],
      [
        -0.4217936559188051,
        0.9999999996692013,
        0.9999999968563504,
        0.9999999989619925,
        0.3347510985550168,
        -0.15287419188375917
      ],
      [
        -0.6142985831658644,
        0.9999999983173191,
        0.9999999998721121,
        0.9999999985939894,
        -0.3127491311929634,
        -0.47334011226559225
      ],
      [
        -0.10613895372923961,
        0.9999999996336932,
        0.9999999968561998,
        0.9999999988989613,
        -0.17754560050382942,
        -0.4433179899966123
      ],
      [
        0.9999999986367853,
        -0.6792572663700294,
        0.7611081490118956,
        0.4656552728911571,
        0.9999999990368613,
        0.9999999969409175
      ],
      [
        0.9999999997303759,
        -0.012376212077554278,
        0.08816219064610104,
        0.1775670609185119,
        0.9999999991536651,
        0.999999986150508
      ]
    ],
    "damping_correlation": [
      [
        0.9999999988367789,
        0.540944422696206,
        0.2061279276954219,
        -0.718080568197841,
        0.9999999995140427,
        0.9999999961949708
      ],
      [
        0.4342743329020557,
        0.9999999885369576,
        0.9999999945229975,
        0.9999999890544817,
        0.4604063439965373,
        -0.9516777543071532
      ],
      [
        0.06779682878703239,
        0.9999999969938079,
        0.9999999999218987,
        0.999999998256927,
        -0.29163672637211036,
        -0.9956854520556848
      ],
      [
        0.5917768393693837,
        0.9999999884983205,
        0.9999999947038212,
        0.9999999890944515,
        0.9208333594727568,
        0.9891792848220715
      ],
      [
        0.9999999980599844,
        -0.1622947372531782,
        -0.331332675400858,
        -0.8288820447504628,
        0.9999999991862767,
        0.9999999923778679
      ],
      [
        0.9999999841764392,
        0.6276751792849338,
        -0.7914539920534113,
        -0.7884623573077609,
        0.999999989084316,
        0.9999994890860188
      ]
    ]
  }
}