{
  "metadata_index": {
    "0.250000_0.300000_wind01_wave01": 1,
    "1.000000_0.500000_wind01_wave01": 2,
    "2.250000_1.000000_wind01_wave01": 3,
    "4.000000_1.500000_wind01_wave01": 4,
    "1.000000_0.600000_wind01_wave01": 5,
    "2.250000_0.800000_wind01_wave01": 6
  },
  "file_count": 320,
  "unique_metadata_count": 6,
  "compression_ratio": "320:6",
  "created_at": "2025-09-24T04:21:40.076201"
}