from_node,to_node,flow_lpm,velocity_m_s,headloss_m
PUMP,J1,3000.0,1.5915494309189533,1.7831109497610946
J1,MON_FWD,1500.0,1.4147106052612919,1.0025186637964902
J1,MON_AFT,1500.0,1.4147106052612919,0.6683457758643269
