terminal,flow_lpm,path,friction_headloss_m,static_head_m,pressure_head_m,required_pump_head_m
MON_FWD,1500.0,PUMP -> J1 -> MON_FWD,2.785629613557585,20.0,81.57729703823426,104.36292665179185
MON_AFT,1500.0,PUMP -> J1 -> MON_AFT,2.4514567256254214,20.0,81.57729703823426,104.02875376385968
