{
  "vessel_name": "Test01_cylinder",
  "solver_names": [
    "OrcaWave (.owd)",
    "OrcaWave (spec.yml)"
  ],
  "comparison_date": "2026-02-14 11:19:43",
  "overall_consensus": "FULL",
  "pairwise_results": {
    "OrcaWave (.owd)-vs-OrcaWave (spec.yml)": {
      "solver_a": "OrcaWave (.owd)",
      "solver_b": "OrcaWave (spec.yml)",
      "overall_agreement": "EXCELLENT",
      "rao_comparisons": {
        "surge": {
          "magnitude_correlation": 0.9999999995513653,
          "magnitude_rms_error": 7.888941935835392e-06,
          "phase_correlation": 0.9999999946931745,
          "max_magnitude_diff": 2.7141291961185754e-05,
          "max_phase_diff": 0.006164970903668632
        },
        "sway": {
          "magnitude_correlation": 0.9999999998871368,
          "magnitude_rms_error": 2.674036226078828e-06,
          "phase_correlation": 0.05568852296077584,
          "max_magnitude_diff": 1.2321888453320495e-05,
          "max_phase_diff": 359.9884260172872
        },
        "heave": {
          "magnitude_correlation": 0.9999999987210946,
          "magnitude_rms_error": 2.782667517944452e-05,
          "phase_correlation": 0.9999999986534693,
          "max_magnitude_diff": 0.00011608815421226826,
          "max_phase_diff": 0.010575168090831255
        },
        "roll": {
          "magnitude_correlation": 0.9999999980224749,
          "magnitude_rms_error": 0.0007153908901354711,
          "phase_correlation": 0.36331056739338585,
          "max_magnitude_diff": 0.006416124429719616,
          "max_phase_diff": 359.99872063458554
        },
        "pitch": {
          "magnitude_correlation": 0.9999999978626919,
          "magnitude_rms_error": 0.0021105695450786602,
          "phase_correlation": 0.9999999998354454,
          "max_magnitude_diff": 0.014132952011891575,
          "max_phase_diff": 0.007837510528048597
        },
        "yaw": {
          "magnitude_correlation": 1.0,
          "magnitude_rms_error": 3.160196810126211e-11,
          "phase_correlation": 0.5566983544562072,
          "max_magnitude_diff": 2.0223379979938803e-10,
          "max_phase_diff": 359.9999999999894
        }
      },
      "added_mass_correlations": {
        "1,1": 0.9999999983206096,
        "1,2": 1.0,
        "1,3": 1.0,
        "1,4": 1.0,
        "1,5": 0.9999999975492494,
        "1,6": 1.0,
        "2,1": 1.0,
        "2,2": 0.9999999983206095,
        "2,3": 1.0,
        "2,4": 0.9999999975492455,
        "2,5": 1.0,
        "2,6": 1.0,
        "3,1": 1.0,
        "3,2": 1.0,
        "3,3": 1.0,
        "3,4": 1.0,
        "3,5": 1.0,
        "3,6": 1.0,
        "4,1": 1.0,
        "4,2": 0.9999999973968976,
        "4,3": 1.0,
        "4,4": 1.0,
        "4,5": 1.0,
        "4,6": 1.0,
        "5,1": 0.9999999973969019,
        "5,2": 1.0,
        "5,3": 1.0,
        "5,4": 1.0,
        "5,5": 1.0,
        "5,6": 1.0,
        "6,1": 1.0,
        "6,2": 1.0,
        "6,3": 1.0,
        "6,4": 1.0,
        "6,5": 1.0,
        "6,6": 1.0
      },
      "damping_correlations": {
        "1,1": 0.9999999996998483,
        "1,2": 1.0,
        "1,3": 1.0,
        "1,4": 1.0,
        "1,5": 0.9999999973828321,
        "1,6": 1.0,
        "2,1": 1.0,
        "2,2": 0.9999999996998483,
        "2,3": 1.0,
        "2,4": 0.9999999973828354,
        "2,5": 1.0,
        "2,6": 1.0,
        "3,1": 1.0,
        "3,2": 1.0,
        "3,3": 0.999999999073508,
        "3,4": 1.0,
        "3,5": 1.0,
        "3,6": 1.0,
        "4,1": 1.0,
        "4,2": 0.9999999975041491,
        "4,3": 1.0,
        "4,4": 0.9999999907390488,
        "4,5": 1.0,
        "4,6": 1.0,
        "5,1": 0.9999999975041453,
        "5,2": 1.0,
        "5,3": 1.0,
        "5,4": 1.0,
        "5,5": 0.9999999907390312,
        "5,6": 1.0,
        "6,1": 1.0,
        "6,2": 1.0,
        "6,3": 1.0,
        "6,4": 1.0,
        "6,5": 1.0,
        "6,6": 1.0
      }
    }
  },
  "consensus_by_dof": {
    "SURGE": {
      "consensus_level": "FULL",
      "mean_pairwise_correlation": 0.9999999995513653,
      "outlier_solver": null,
      "agreement_pairs": [
        [
          "OrcaWave (.owd)",
          "OrcaWave (spec.yml)"
        ]
      ]
    },
    "SWAY": {
      "consensus_level": "FULL",
      "mean_pairwise_correlation": 0.9999999998871368,
      "outlier_solver": null,
      "agreement_pairs": [
        [
          "OrcaWave (.owd)",
          "OrcaWave (spec.yml)"
        ]
      ]
    },
    "HEAVE": {
      "consensus_level": "FULL",
      "mean_pairwise_correlation": 0.9999999987210946,
      "outlier_solver": null,
      "agreement_pairs": [
        [
          "OrcaWave (.owd)",
          "OrcaWave (spec.yml)"
        ]
      ]
    },
    "ROLL": {
      "consensus_level": "FULL",
      "mean_pairwise_correlation": 0.9999999980224749,
      "outlier_solver": null,
      "agreement_pairs": [
        [
          "OrcaWave (.owd)",
          "OrcaWave (spec.yml)"
        ]
      ]
    },
    "PITCH": {
      "consensus_level": "FULL",
      "mean_pairwise_correlation": 0.9999999978626919,
      "outlier_solver": null,
      "agreement_pairs": [
        [
          "OrcaWave (.owd)",
          "OrcaWave (spec.yml)"
        ]
      ]
    },
    "YAW": {
      "consensus_level": "FULL",
      "mean_pairwise_correlation": 1.0,
      "outlier_solver": null,
      "agreement_pairs": [
        [
          "OrcaWave (.owd)",
          "OrcaWave (spec.yml)"
        ]
      ]
    }
  },
  "notes": []
}