{
  "vessel_name": "Test01_cylinder",
  "solver_names": [
    "OrcaWave (.owd)",
    "OrcaWave (spec.yml)"
  ],
  "comparison_date": "2026-02-15 22:55:32",
  "overall_consensus": "FULL",
  "pairwise_results": {
    "OrcaWave (.owd)-vs-OrcaWave (spec.yml)": {
      "solver_a": "OrcaWave (.owd)",
      "solver_b": "OrcaWave (spec.yml)",
      "overall_agreement": "EXCELLENT",
      "rao_comparisons": {
        "surge": {
          "magnitude_correlation": 0.9999999980270583,
          "magnitude_rms_error": 2.2118162651697318e-05,
          "phase_correlation": 0.9999993023909469,
          "max_magnitude_diff": 0.00020299284261442,
          "max_phase_diff": 0.8302152607266748
        },
        "sway": {
          "magnitude_correlation": 0.9999999986652707,
          "magnitude_rms_error": 7.497065718927702e-06,
          "phase_correlation": 0.2214226257560973,
          "max_magnitude_diff": 9.215449210614045e-05,
          "max_phase_diff": 359.9884260172872
        },
        "heave": {
          "magnitude_correlation": 0.999999999416093,
          "magnitude_rms_error": 2.0482446672859983e-05,
          "phase_correlation": 0.9999992225545052,
          "max_magnitude_diff": 0.00011608815421226826,
          "max_phase_diff": 0.7965448374013278
        },
        "roll": {
          "magnitude_correlation": 0.9999999980429577,
          "magnitude_rms_error": 0.0005103687738647199,
          "phase_correlation": 0.43214809046410496,
          "max_magnitude_diff": 0.006416124429719616,
          "max_phase_diff": 359.99872063458554
        },
        "pitch": {
          "magnitude_correlation": 0.9999999979647954,
          "magnitude_rms_error": 0.0015057066013231682,
          "phase_correlation": 0.9999995866313053,
          "max_magnitude_diff": 0.014132952011891575,
          "max_phase_diff": 0.8477205365303462
        },
        "yaw": {
          "magnitude_correlation": 1.0,
          "magnitude_rms_error": 1.0857616631387744e-10,
          "phase_correlation": 0.6181872158913458,
          "max_magnitude_diff": 1.4222627167092209e-09,
          "max_phase_diff": 359.9999999999894
        }
      },
      "added_mass_correlations": {
        "1,1": 0.9999999647184893,
        "1,2": 1.0,
        "1,3": 1.0,
        "1,4": 1.0,
        "1,5": 0.9999989675502537,
        "1,6": 1.0,
        "2,1": 1.0,
        "2,2": 0.9999999647207389,
        "2,3": 1.0,
        "2,4": 0.9999989676205566,
        "2,5": 1.0,
        "2,6": 1.0,
        "3,1": 1.0,
        "3,2": 1.0,
        "3,3": 0.999999995775512,
        "3,4": 1.0,
        "3,5": 1.0,
        "3,6": 1.0,
        "4,1": 1.0,
        "4,2": 0.9999996090776716,
        "4,3": 1.0,
        "4,4": 0.9999977712205999,
        "4,5": 1.0,
        "4,6": 1.0,
        "5,1": 0.9999996090566307,
        "5,2": 1.0,
        "5,3": 1.0,
        "5,4": 1.0,
        "5,5": 0.9999977711846297,
        "5,6": 1.0,
        "6,1": 1.0,
        "6,2": 1.0,
        "6,3": 1.0,
        "6,4": 1.0,
        "6,5": 1.0,
        "6,6": 1.0
      },
      "damping_correlations": {
        "1,1": 0.9999990470702006,
        "1,2": 1.0,
        "1,3": 1.0,
        "1,4": 1.0,
        "1,5": 0.9999965883462083,
        "1,6": 1.0,
        "2,1": 1.0,
        "2,2": 0.9999990470625308,
        "2,3": 1.0,
        "2,4": 0.9999965881842802,
        "2,5": 1.0,
        "2,6": 1.0,
        "3,1": 1.0,
        "3,2": 1.0,
        "3,3": 0.9999999486799546,
        "3,4": 1.0,
        "3,5": 1.0,
        "3,6": 1.0,
        "4,1": 1.0,
        "4,2": 0.9999989643472357,
        "4,3": 1.0,
        "4,4": 0.9999949141315487,
        "4,5": 1.0,
        "4,6": 1.0,
        "5,1": 0.9999989643766798,
        "5,2": 1.0,
        "5,3": 1.0,
        "5,4": 1.0,
        "5,5": 0.9999949140508131,
        "5,6": 1.0,
        "6,1": 1.0,
        "6,2": 1.0,
        "6,3": 1.0,
        "6,4": 1.0,
        "6,5": 1.0,
        "6,6": 1.0
      }
    }
  },
  "consensus_by_dof": {
    "SURGE": {
      "consensus_level": "FULL",
      "mean_pairwise_correlation": 0.9999999980270583,
      "outlier_solver": null,
      "agreement_pairs": [
        [
          "OrcaWave (.owd)",
          "OrcaWave (spec.yml)"
        ]
      ]
    },
    "SWAY": {
      "consensus_level": "FULL",
      "mean_pairwise_correlation": 0.9999999986652707,
      "outlier_solver": null,
      "agreement_pairs": [
        [
          "OrcaWave (.owd)",
          "OrcaWave (spec.yml)"
        ]
      ]
    },
    "HEAVE": {
      "consensus_level": "FULL",
      "mean_pairwise_correlation": 0.999999999416093,
      "outlier_solver": null,
      "agreement_pairs": [
        [
          "OrcaWave (.owd)",
          "OrcaWave (spec.yml)"
        ]
      ]
    },
    "ROLL": {
      "consensus_level": "FULL",
      "mean_pairwise_correlation": 0.9999999980429577,
      "outlier_solver": null,
      "agreement_pairs": [
        [
          "OrcaWave (.owd)",
          "OrcaWave (spec.yml)"
        ]
      ]
    },
    "PITCH": {
      "consensus_level": "FULL",
      "mean_pairwise_correlation": 0.9999999979647954,
      "outlier_solver": null,
      "agreement_pairs": [
        [
          "OrcaWave (.owd)",
          "OrcaWave (spec.yml)"
        ]
      ]
    },
    "YAW": {
      "consensus_level": "FULL",
      "mean_pairwise_correlation": 1.0,
      "outlier_solver": null,
      "agreement_pairs": [
        [
          "OrcaWave (.owd)",
          "OrcaWave (spec.yml)"
        ]
      ]
    }
  },
  "notes": []
}