{
  "vessel_name": "Spar_Benchmark",
  "solver_names": [
    "AQWA",
    "OrcaWave"
  ],
  "comparison_date": "2026-02-09 08:50:42",
  "overall_consensus": "SPLIT",
  "pairwise_results": {
    "AQWA-vs-OrcaWave": {
      "solver_a": "AQWA",
      "solver_b": "OrcaWave",
      "overall_agreement": "POOR",
      "rao_comparisons": {
        "surge": {
          "magnitude_correlation": 0.99751621598331,
          "magnitude_rms_error": 0.10644892098636177,
          "phase_correlation": 0.7479658567078434,
          "max_magnitude_diff": 0.17187201487985215,
          "max_phase_diff": 262.2525683140335
        },
        "sway": {
          "magnitude_correlation": 0.9978909489547656,
          "magnitude_rms_error": 0.08692272786670432,
          "phase_correlation": -0.028123121577490973,
          "max_magnitude_diff": 0.171871745289372,
          "max_phase_diff": 352.5648474413548
        },
        "heave": {
          "magnitude_correlation": 0.9999998532651779,
          "magnitude_rms_error": 0.0011624616330997534,
          "phase_correlation": 0.5492412661698244,
          "max_magnitude_diff": 0.0017308631374295391,
          "max_phase_diff": 333.72642383991627
        },
        "roll": {
          "magnitude_correlation": 0.9999898556497127,
          "magnitude_rms_error": 0.0009098025795392323,
          "phase_correlation": 0.7657822300849937,
          "max_magnitude_diff": 0.0022567129269686625,
          "max_phase_diff": 118.02897651732705
        },
        "pitch": {
          "magnitude_correlation": 0.999987459100872,
          "magnitude_rms_error": 0.0011191746098710572,
          "phase_correlation": 0.750205332319765,
          "max_magnitude_diff": 0.002257941501065175,
          "max_phase_diff": 274.40646162102905
        },
        "yaw": {
          "magnitude_correlation": NaN,
          "magnitude_rms_error": 2.8494502456584966e-08,
          "phase_correlation": -0.871467040032207,
          "max_magnitude_diff": 5.973893306008956e-08,
          "max_phase_diff": 313.5434526234279
        }
      },
      "added_mass_correlations": {
        "1,1": 0.9999996607062775,
        "1,2": -0.4619436143851333,
        "1,3": -0.007926309638606546,
        "1,4": 0.9918158749974467,
        "1,5": -0.9996438111979488,
        "1,6": -0.9928308967844759,
        "2,1": 0.22550464068674517,
        "2,2": 0.9999999951969426,
        "2,3": -0.0558918220306525,
        "2,4": 0.9996476342971897,
        "2,5": 0.47345576776769227,
        "2,6": -0.9908851885313573,
        "3,1": 0.9398397416185396,
        "3,2": -0.39790907657143976,
        "3,3": 0.9999832517169264,
        "3,4": -0.9983285320072354,
        "3,5": 0.9893036180170189,
        "3,6": 0.031516573968236664,
        "4,1": -0.9423588050771798,
        "4,2": 0.9996538555341601,
        "4,3": 0.3167351876090153,
        "4,4": 0.9931412188485204,
        "4,5": 0.5339387528187344,
        "4,6": -0.8774189828459124,
        "5,1": -0.9996458022697837,
        "5,2": -0.9608428863202363,
        "5,3": 0.12810609828458683,
        "5,4": 0.9992459269943534,
        "5,5": 0.9931255139328007,
        "5,6": 0.9908099215456636,
        "6,1": -0.9987999404380361,
        "6,2": -0.998947914999049,
        "6,3": -0.8577953839827505,
        "6,4": 0.999958483974905,
        "6,5": 0.9999888856022745,
        "6,6": -0.6198443008171199
      },
      "damping_correlations": {
        "1,1": 0.9536585573061857,
        "1,2": -0.9826619098875724,
        "1,3": -0.9877485904734793,
        "1,4": 0.9880064651278441,
        "1,5": -0.3637765807662625,
        "1,6": -0.04456313468737791,
        "2,1": 0.8161397624906089,
        "2,2": 0.9280048742115794,
        "2,3": -0.9736070761202598,
        "2,4": 0.36638702164208165,
        "2,5": 0.9445031838146076,
        "2,6": -0.4405956190263638,
        "3,1": 0.8636176688858686,
        "3,2": -0.896793146358125,
        "3,3": 0.9999982875799072,
        "3,4": 0.15975699890610892,
        "3,5": 0.5708373842892923,
        "3,6": -0.9960125605888294,
        "4,1": -0.956322398147574,
        "4,2": 0.28882002991516653,
        "4,3": -0.01753309367996674,
        "4,4": -0.3200092780393712,
        "4,5": 0.9940612957355682,
        "4,6": 0.2957313158284106,
        "5,1": -0.2814466228416903,
        "5,2": -0.6582169144651294,
        "5,3": 0.9496778715369703,
        "5,4": 0.9196184918281011,
        "5,5": -0.32037732345012265,
        "5,6": -0.7504458748682569,
        "6,1": -0.0835325005692226,
        "6,2": 0.4418170158822849,
        "6,3": -0.647983684005015,
        "6,4": 0.7644681590322518,
        "6,5": 0.8933586450164388,
        "6,6": 0.5634597218205817
      }
    }
  },
  "consensus_by_dof": {
    "SURGE": {
      "consensus_level": "NO_CONSENSUS",
      "mean_pairwise_correlation": 0.99751621598331,
      "outlier_solver": null,
      "agreement_pairs": []
    },
    "SWAY": {
      "consensus_level": "NO_CONSENSUS",
      "mean_pairwise_correlation": 0.9978909489547656,
      "outlier_solver": null,
      "agreement_pairs": []
    },
    "HEAVE": {
      "consensus_level": "FULL",
      "mean_pairwise_correlation": 0.9999998532651779,
      "outlier_solver": null,
      "agreement_pairs": [
        [
          "AQWA",
          "OrcaWave"
        ]
      ]
    },
    "ROLL": {
      "consensus_level": "FULL",
      "mean_pairwise_correlation": 0.9999898556497127,
      "outlier_solver": null,
      "agreement_pairs": [
        [
          "AQWA",
          "OrcaWave"
        ]
      ]
    },
    "PITCH": {
      "consensus_level": "FULL",
      "mean_pairwise_correlation": 0.999987459100872,
      "outlier_solver": null,
      "agreement_pairs": [
        [
          "AQWA",
          "OrcaWave"
        ]
      ]
    },
    "YAW": {
      "consensus_level": "NO_CONSENSUS",
      "mean_pairwise_correlation": NaN,
      "outlier_solver": null,
      "agreement_pairs": []
    }
  },
  "notes": [
    "SURGE: consensus=NO_CONSENSUS",
    "SWAY: consensus=NO_CONSENSUS",
    "YAW: consensus=NO_CONSENSUS"
  ]
}