# digitalmodel weldolet_crack CINT table
# units: length=mm force=N stress=MPa K=MPa*sqrt(mm) J=N/mm
# mesh_level     1.
# front_nodes     128.
# contours   6.
# columns: node contour x y z K1 K2 K3 J
      1.   1.   0.1550500000E+02   0.0000000000E+00   0.8415000000E+02   0.3742549832E+02   0.1350985293E+02  -0.2314984253E-08   0.1123497672E-01
      1.   2.   0.1550500000E+02   0.0000000000E+00   0.8415000000E+02   0.4350893910E+02   0.1571120657E+02   0.6446109489E-09   0.1121283640E-01
      1.   3.   0.1550500000E+02   0.0000000000E+00   0.8415000000E+02   0.4367783394E+02   0.1612664560E+02   0.5788105865E-09   0.1121953649E-01
      1.   4.   0.1550500000E+02   0.0000000000E+00   0.8415000000E+02   0.4367978659E+02   0.1615504896E+02   0.7671007409E-10   0.1122051221E-01
      1.   5.   0.1550500000E+02   0.0000000000E+00   0.8415000000E+02   0.4368073305E+02   0.1618627241E+02  -0.5260064991E-09   0.1122076199E-01
      1.   6.   0.1550500000E+02   0.0000000000E+00   0.8415000000E+02   0.4368088822E+02   0.1618713694E+02  -0.1790112856E-09   0.1122084800E-01
      2.   1.   0.1548632355E+02   0.7607942900E+00   0.8414656079E+02   0.3734261615E+02   0.1351438501E+02  -0.2332707083E-02   0.1119255413E-01
      2.   2.   0.1548632355E+02   0.7607942900E+00   0.8414656079E+02   0.4341177640E+02   0.1571737431E+02  -0.2223370808E-02   0.1117050098E-01
      2.   3.   0.1548632355E+02   0.7607942900E+00   0.8414656079E+02   0.4358021138E+02   0.1613266547E+02  -0.4308755584E-02   0.1117717402E-01
      2.   4.   0.1548632355E+02   0.7607942900E+00   0.8414656079E+02   0.4358216221E+02   0.1616107677E+02  -0.4230704114E-02   0.1117814540E-01
      2.   5.   0.1548632355E+02   0.7607942900E+00   0.8414656079E+02   0.4358311018E+02   0.1619230647E+02  -0.4388050502E-02   0.1117839361E-01
      2.   6.   0.1548632355E+02   0.7607942900E+00   0.8414656079E+02   0.4358326489E+02   0.1619315589E+02  -0.4215618737E-02   0.1117847850E-01
      3.   1.   0.1543033919E+02   0.1519755760E+01   0.8413627543E+02   0.3709466861E+02   0.1352801588E+02  -0.6364342098E-02   0.1106622766E-01
      3.   2.   0.1543033919E+02   0.1519755760E+01   0.8413627543E+02   0.4312108658E+02   0.1573592976E+02  -0.6471565751E-02   0.1104443327E-01
      3.   3.   0.1543033919E+02   0.1519755760E+01   0.8413627543E+02   0.4328815195E+02   0.1615079333E+02  -0.1064800730E-01   0.1105102585E-01
      3.   4.   0.1543033919E+02   0.1519755760E+01   0.8413627543E+02   0.4329009720E+02   0.1617922878E+02  -0.1050004949E-01   0.1105198433E-01
      3.   5.   0.1543033919E+02   0.1519755760E+01   0.8413627543E+02   0.4329104974E+02   0.1621047739E+02  -0.1082059821E-01   0.1105222784E-01
      3.   6.   0.1543033919E+02   0.1519755760E+01   0.8413627543E+02   0.4329120301E+02   0.1621128171E+02  -0.1048315239E-01   0.1105230939E-01
      4.   1.   0.1533718179E+02   0.2275056010E+01   0.8411924049E+02   0.3668375561E+02   0.1355084990E+02  -0.1371016839E-01   0.1085879580E-01
      4.   2.   0.1533718179E+02   0.2275056010E+01   0.8411924049E+02   0.4263925945E+02   0.1576702883E+02  -0.1467042346E-01   0.1083742485E-01
      4.   3.   0.1533718179E+02   0.2275056010E+01   0.8411924049E+02   0.4280407646E+02   0.1618123279E+02  -0.2094787718E-01   0.1084388532E-01
      4.   4.   0.1533718179E+02   0.2275056010E+01   0.8411924049E+02   0.4280601257E+02   0.1620970916E+02  -0.2074597162E-01   0.1084482261E-01
      4.   5.   0.1533718179E+02   0.2275056010E+01   0.8411924049E+02   0.4280697275E+02   0.1624099039E+02  -0.2124103822E-01   0.1084505843E-01
      4.   6.   0.1533718179E+02   0.2275056010E+01   0.8411924049E+02   0.4280712366E+02   0.1624172084E+02  -0.2075315311E-01   0.1084513446E-01
      5.   1.   0.1520707577E+02   0.3024875440E+01   0.8409561599E+02   0.3637396004E+02   0.1363523934E+02  -0.2574096127E-01   0.1057483853E-01
      5.   2.   0.1520707577E+02   0.3024875440E+01   0.8409561599E+02   0.4197027736E+02   0.1581110172E+02  -0.2849282573E-01   0.1055404732E-01
      5.   3.   0.1520707577E+02   0.3024875440E+01   0.8409561599E+02   0.4213201937E+02   0.1622448681E+02  -0.3688342685E-01   0.1056032715E-01
      5.   4.   0.1520707577E+02   0.3024875440E+01   0.8409561599E+02   0.4213394292E+02   0.1625302234E+02  -0.3665056065E-01   0.1056123552E-01
      5.   5.   0.1520707577E+02   0.3024875440E+01   0.8409561599E+02   0.4213491375E+02   0.1628435078E+02  -0.3733645349E-01   0.1056146074E-01
      5.   6.   0.1520707577E+02   0.3024875440E+01   0.8409561599E+02   0.4213506136E+02   0.1628498072E+02  -0.3671926906E-01   0.1056152919E-01
      6.   1.   0.1504033458E+02   0.3767407690E+01   0.8406562400E+02   0.3564375453E+02   0.1367850720E+02  -0.4389806488E-01   0.1022060285E-01
      6.   2.   0.1504033458E+02   0.3767407690E+01   0.8406562400E+02   0.4111967565E+02   0.1586818577E+02  -0.4948411049E-01   0.1020053404E-01
      6.   3.   0.1504033458E+02   0.3767407690E+01   0.8406562400E+02   0.4127759022E+02   0.1628068303E+02  -0.5999844525E-01   0.1020658882E-01
      6.   4.   0.1504033458E+02   0.3767407690E+01   0.8406562400E+02   0.4127949787E+02   0.1630929687E+02  -0.5976394892E-01   0.1020746106E-01
      6.   5.   0.1504033458E+02   0.3767407690E+01   0.8406562400E+02   0.4128048240E+02   0.1634068906E+02  -0.6066090310E-01   0.1020767303E-01
      6.   6.   0.1504033458E+02   0.3767407690E+01   0.8406562400E+02   0.4128062578E+02   0.1634119432E+02  -0.5994152638E-01   0.1020773188E-01
      7.   1.   0.1483735991E+02   0.4500863920E+01   0.8402954673E+02   0.3476401399E+02   0.1373200990E+02  -0.6899368322E-01   0.9803836327E-02
      7.   2.   0.1483735991E+02   0.4500863920E+01   0.8402954673E+02   0.4009456709E+02   0.1593893091E+02  -0.7869076460E-01   0.9784614770E-02
      7.   3.   0.1483735991E+02   0.4500863920E+01   0.8402954673E+02   0.4024799208E+02   0.1635056795E+02  -0.9133344402E-01   0.9790405282E-02
      7.   4.   0.1483735991E+02   0.4500863920E+01   0.8402954673E+02   0.4024988083E+02   0.1637928128E+02  -0.9113144117E-01   0.9791235053E-02
      7.   5.   0.1483735991E+02   0.4500863920E+01   0.8402954673E+02   0.4025088206E+02   0.1641075603E+02  -0.9226236814E-01   0.9791431373E-02
      7.   6.   0.1483735991E+02   0.4500863920E+01   0.8402954673E+02   0.4025102030E+02   0.1641111576E+02  -0.9147276938E-01   0.9791478803E-02
      8.   1.   0.1459864073E+02   0.5223477180E+01   0.8398772402E+02   0.3374230591E+02   0.1379611256E+02  -0.1015905350E+00   0.9333575959E-02
      8.   2.   0.1459864073E+02   0.5223477180E+01   0.8398772402E+02   0.3890359129E+02   0.1602392118E+02  -0.1167855423E+00   0.9315308602E-02
      8.   3.   0.1459864073E+02   0.5223477180E+01   0.8398772402E+02   0.3905196797E+02   0.1643481887E+02  -0.1315507678E+00   0.9320801462E-02
      8.   4.   0.1459864073E+02   0.5223477180E+01   0.8398772402E+02   0.3905383503E+02   0.1646365481E+02  -0.1314189526E+00   0.9321583341E-02
      8.   5.   0.1459864073E+02   0.5223477180E+01   0.8398772402E+02   0.3905485597E+02   0.1649523322E+02  -0.1328083541E+00   0.9321761912E-02
      8.   6.   0.1459864073E+02   0.5223477180E+01   0.8398772402E+02   0.3905498816E+02   0.1649543037E+02  -0.1319842794E+00   0.9321796239E-02
      9.   1.   0.1432475215E+02   0.5933506620E+01   0.8394055039E+02   0.3258747885E+02   0.1387120717E+02  -0.1418609396E+00   0.8819905075E-02
      9.   2.   0.1432475215E+02   0.5933506620E+01   0.8394055039E+02   0.3755688997E+02   0.1612383045E+02  -0.1639818412E+00   0.8802679143E-02
      9.   3.   0.1432475215E+02   0.5933506620E+01   0.8394055039E+02   0.3769976941E+02   0.1653418496E+02  -0.1808482922E+00   0.8807847502E-02
      9.   4.   0.1432475215E+02   0.5933506620E+01   0.8394055039E+02   0.3770196864E+02   0.1657863681E+02  -0.1874969248E+00   0.8808577086E-02
      9.   5.   0.1432475215E+02   0.5933506620E+01   0.8394055039E+02   0.3770259382E+02   0.1659471852E+02  -0.1893303348E+00   0.8808736171E-02
      9.   6.   0.1432475215E+02   0.5933506620E+01   0.8394055039E+02   0.3770271909E+02   0.1659474028E+02  -0.1885098564E+00   0.8808755939E-02
     10.   1.   0.1401635399E+02   0.6629241720E+01   0.8388847152E+02   0.3166313751E+02   0.1395772954E+02  -0.1895685660E+00   0.8273678426E-02
     10.   2.   0.1401635399E+02   0.6629241720E+01   0.8388847152E+02   0.3663401268E+02   0.1642395654E+02  -0.2311658717E+00   0.8257556501E-02
     10.   3.   0.1401635399E+02   0.6629241720E+01   0.8388847152E+02   0.3676441741E+02   0.1664931722E+02  -0.2473025346E+00   0.8262380648E-02
     10.   4.   0.1401635399E+02   0.6629241720E+01   0.8388847152E+02   0.3676662216E+02   0.1669407890E+02  -0.2542186070E+00   0.8263054705E-02
     10.   5.   0.1401635399E+02   0.6629241720E+01   0.8388847152E+02   0.3676724049E+02   0.1671016452E+02  -0.2562102893E+00   0.8263192898E-02
     10.   6.   0.1401635399E+02   0.6629241720E+01   0.8388847152E+02   0.3676735796E+02   0.1671000230E+02  -0.2554327812E+00   0.8263196829E-02
     11.   1.   0.1367418920E+02   0.7309006400E+01   0.8383198033E+02   0.3027729495E+02   0.1408135900E+02  -0.2449634760E+00   0.7706213109E-02
     11.   2.   0.1367418920E+02   0.7309006400E+01   0.8383198033E+02   0.3501233097E+02   0.1655764387E+02  -0.2994948497E+00   0.7691233842E-02
     11.   3.   0.1367418920E+02   0.7309006400E+01   0.8383198033E+02   0.3513651004E+02   0.1678131203E+02  -0.3165280062E+00   0.7695701321E-02
     11.   4.   0.1367418920E+02   0.7309006400E+01   0.8383198033E+02   0.3513872016E+02   0.1682643612E+02  -0.3237350378E+00   0.7696317714E-02
     11.   5.   0.1367418920E+02   0.7309006400E+01   0.8383198033E+02   0.3513933317E+02   0.1684253885E+02  -0.3259164463E+00   0.7696434025E-02
     11.   6.   0.1367418920E+02   0.7309006400E+01   0.8383198033E+02   0.3513944202E+02   0.1684218898E+02  -0.3252204093E+00   0.7696421118E-02
     12.   1.   0.1329908210E+02   0.7971163050E+01   0.8377161249E+02   0.2878716792E+02   0.1414297262E+02  -0.3032312470E+00   0.7128965229E-02
     12.   2.   0.1329908210E+02   0.7971163050E+01   0.8377161249E+02   0.3327387486E+02   0.1670893912E+02  -0.3679893894E+00   0.7115145587E-02
     12.   3.   0.1329908210E+02   0.7971163050E+01   0.8377161249E+02   0.3339201624E+02   0.1694682316E+02  -0.3874414552E+00   0.7119251281E-02
     12.   4.   0.1329908210E+02   0.7971163050E+01   0.8377161249E+02   0.3339380191E+02   0.1697643098E+02  -0.3982408472E+00   0.7119809025E-02
     12.   5.   0.1329908210E+02   0.7971163050E+01   0.8377161249E+02   0.3339441118E+02   0.1699256735E+02  -0.4006404058E+00   0.7119902865E-02
     12.   6.   0.1329908210E+02   0.7971163050E+01   0.8377161249E+02   0.3339451059E+02   0.1699203059E+02  -0.4000625327E+00   0.7119872320E-02
     13.   1.   0.1289193634E+02   0.8614116460E+01   0.8370794166E+02   0.2721048317E+02   0.1427110163E+02  -0.3679338445E+00   0.6553207167E-02
     13.   2.   0.1289193634E+02   0.8614116460E+01   0.8370794166E+02   0.3144010277E+02   0.1706804945E+02  -0.4609863716E+00   0.6540540273E-02
     13.   3.   0.1289193634E+02   0.8614116460E+01   0.8370794166E+02   0.3154596744E+02   0.1711458979E+02  -0.4572494617E+00   0.6544286105E-02
     13.   4.   0.1289193634E+02   0.8614116460E+01   0.8370794166E+02   0.3154800118E+02   0.1716142488E+02  -0.4653095573E+00   0.6544785386E-02
     13.   5.   0.1289193634E+02   0.8614116460E+01   0.8370794166E+02   0.3154832623E+02   0.1716116146E+02  -0.4642678521E+00   0.6544856507E-02
     13.   6.   0.1289193634E+02   0.8614116460E+01   0.8370794166E+02   0.3154841541E+02   0.1716044278E+02  -0.4638416836E+00   0.6544807694E-02
     14.   1.   0.1245373278E+02   0.9236317720E+01   0.8364157420E+02   0.2568927731E+02   0.1467606348E+02  -0.4476034571E+00   0.5989696585E-02
     14.   2.   0.1245373278E+02   0.9236317720E+01   0.8364157420E+02   0.2951639428E+02   0.1725732167E+02  -0.5484218447E+00   0.5978153475E-02
     14.   3.   0.1245373278E+02   0.9236317720E+01   0.8364157420E+02   0.2961535989E+02   0.1730049616E+02  -0.5445394631E+00   0.5981548251E-02
     14.   4.   0.1245373278E+02   0.9236317720E+01   0.8364157420E+02   0.2961739076E+02   0.1734785531E+02  -0.5529882598E+00   0.5981990283E-02
     14.   5.   0.1245373278E+02   0.9236317720E+01   0.8364157420E+02   0.2961768885E+02   0.1734744732E+02  -0.5520842951E+00   0.5982038739E-02
     14.   6.   0.1245373278E+02   0.9236317720E+01   0.8364157420E+02   0.2961776707E+02   0.1734655625E+02  -0.5518380193E+00   0.5981971258E-02
     15.   1.   0.1198552708E+02   0.9836267870E+01   0.8357314362E+02   0.2398079406E+02   0.1507293698E+02  -0.5348026052E+00   0.5448366790E-02
     15.   2.   0.1198552708E+02   0.9836267870E+01   0.8357314362E+02   0.2752639935E+02   0.1746482226E+02  -0.6240860494E+00   0.5437898332E-02
     15.   3.   0.1198552708E+02   0.9836267870E+01   0.8357314362E+02   0.2761829132E+02   0.1752125806E+02  -0.6224683785E+00   0.5440957072E-02
     15.   4.   0.1198552708E+02   0.9836267870E+01   0.8357314362E+02   0.2762009507E+02   0.1755284360E+02  -0.6242183119E+00   0.5441344024E-02
     15.   5.   0.1198552708E+02   0.9836267870E+01   0.8357314362E+02   0.2762036491E+02   0.1755230307E+02  -0.6234788158E+00   0.5441370172E-02
     15.   6.   0.1198552708E+02   0.9836267870E+01   0.8357314362E+02   0.2762043149E+02   0.1755125268E+02  -0.6234348288E+00   0.5441283722E-02
     16.   1.   0.1148844720E+02   0.1041252159E+02   0.8350330469E+02   0.2222393865E+02   0.1525702741E+02  -0.6034438710E+00   0.4938041298E-02
     16.   2.   0.1148844720E+02   0.1041252159E+02   0.8350330469E+02   0.2548893158E+02   0.1769009506E+02  -0.7041287515E+00   0.4928580335E-02
     16.   3.   0.1148844720E+02   0.1041252159E+02   0.8350330469E+02   0.2557286854E+02   0.1774341249E+02  -0.7025123302E+00   0.4931323613E-02
     16.   4.   0.1148844720E+02   0.1041252159E+02   0.8350330469E+02   0.2557464161E+02   0.1777536542E+02  -0.7045597170E+00   0.4931658450E-02
     16.   5.   0.1148844720E+02   0.1041252159E+02   0.8350330469E+02   0.2557488211E+02   0.1777470740E+02  -0.7040048775E+00   0.4931662902E-02
     16.   6.   0.1148844720E+02   0.1041252159E+02   0.8350330469E+02   0.2557493642E+02   0.1777351406E+02  -0.7041784758E+00   0.4931557271E-02
     17.   1.   0.1096369064E+02   0.1096369064E+02   0.8343272732E+02   0.2044290194E+02   0.1545353533E+02  -0.6680837878E+00   0.4466186675E-02
     17.   2.   0.1096369064E+02   0.1096369064E+02   0.8343272732E+02   0.2342370286E+02   0.1793204801E+02  -0.7795294011E+00   0.4457651480E-02
     17.   3.   0.1096369064E+02   0.1096369064E+02   0.8343272732E+02   0.2349907932E+02   0.1799874708E+02  -0.7824057000E+00   0.4460104498E-02
     17.   4.   0.1096369064E+02   0.1096369064E+02   0.8343272732E+02   0.2350029221E+02   0.1801496238E+02  -0.7843435130E+00   0.4460390895E-02
     17.   5.   0.1096369064E+02   0.1096369064E+02   0.8343272732E+02   0.2350050252E+02   0.1801420422E+02  -0.7839864766E+00   0.4460374414E-02
     17.   6.   0.1096369064E+02   0.1096369064E+02   0.8343272732E+02   0.2350054402E+02   0.1801288718E+02  -0.7843845862E+00   0.4460249460E-02
     18.   1.   0.1041252159E+02   0.1148844720E+02   0.8336209019E+02   0.1867124334E+02   0.1567084306E+02  -0.7283629802E+00   0.4038714554E-02
     18.   2.   0.1041252159E+02   0.1148844720E+02   0.8336209019E+02   0.2135129054E+02   0.1818886273E+02  -0.8497209516E+00   0.4031011082E-02
     18.   3.   0.1041252159E+02   0.1148844720E+02   0.8336209019E+02   0.2141602655E+02   0.1825415835E+02  -0.8526444847E+00   0.4033202766E-02
     18.   4.   0.1041252159E+02   0.1148844720E+02   0.8336209019E+02   0.2141717206E+02   0.1827055835E+02  -0.8548506459E+00   0.4033444875E-02
     18.   5.   0.1041252159E+02   0.1148844720E+02   0.8336209019E+02   0.2141735159E+02   0.1826971907E+02  -0.8546970583E+00   0.4033408329E-02
     18.   6.   0.1041252159E+02   0.1148844720E+02   0.8336209019E+02   0.2141737980E+02   0.1826829938E+02  -0.8553183658E+00   0.4033263874E-02
     19.   1.   0.9836267870E+01   0.1198552708E+02   0.8329207430E+02   0.1693177098E+02   0.1591113015E+02  -0.7771939374E+00   0.3659838756E-02
     19.   2.   0.9836267870E+01   0.1198552708E+02   0.8329207430E+02   0.1929179338E+02   0.1847288372E+02  -0.9062742235E+00   0.3652864225E-02
     19.   3.   0.9836267870E+01   0.1198552708E+02   0.8329207430E+02   0.1934343821E+02   0.1852293590E+02  -0.9110293347E+00   0.3654826096E-02
     19.   4.   0.9836267870E+01   0.1198552708E+02   0.8329207430E+02   0.1934451791E+02   0.1853954653E+02  -0.9134914759E+00   0.3655028454E-02
     19.   5.   0.9836267870E+01   0.1198552708E+02   0.8329207430E+02   0.1934466632E+02   0.1853864629E+02  -0.9135388711E+00   0.3654972761E-02
     19.   6.   0.9836267870E+01   0.1198552708E+02   0.8329207430E+02   0.1934468091E+02   0.1853714600E+02  -0.9143736966E+00   0.3654808554E-02
     20.   1.   0.9236317720E+01   0.1245373278E+02   0.8322335634E+02   0.1518249731E+02   0.1613937730E+02  -0.8173272772E+00   0.3331997481E-02
     20.   2.   0.9236317720E+01   0.1245373278E+02   0.8322335634E+02   0.1726562796E+02   0.1874876401E+02  -0.9527724006E+00   0.3325643988E-02
     20.   3.   0.9236317720E+01   0.1245373278E+02   0.8322335634E+02   0.1730306207E+02   0.1881994586E+02  -0.9568567936E+00   0.3327408925E-02
     20.   4.   0.9236317720E+01   0.1245373278E+02   0.8322335634E+02   0.1730368279E+02   0.1881990123E+02  -0.9564125476E+00   0.3327576294E-02
     20.   5.   0.9236317720E+01   0.1245373278E+02   0.8322335634E+02   0.1730380006E+02   0.1881896021E+02  -0.9566512803E+00   0.3327502315E-02
     20.   6.   0.9236317720E+01   0.1245373278E+02   0.8322335634E+02   0.1730380081E+02   0.1881740210E+02  -0.9576807759E+00   0.3327318106E-02
     21.   1.   0.8614116460E+01   0.1289193634E+02   0.8315660213E+02   0.1348092556E+02   0.1637664929E+02  -0.8437354217E+00   0.3055842968E-02
     21.   2.   0.8614116460E+01   0.1289193634E+02   0.8315660213E+02   0.1529209306E+02   0.1904408530E+02  -0.9849192464E+00   0.3050001550E-02
     21.   3.   0.8614116460E+01   0.1289193634E+02   0.8315660213E+02   0.1531376810E+02   0.1910787482E+02  -0.9843463283E+00   0.3051602920E-02
     21.   4.   0.8614116460E+01   0.1289193634E+02   0.8315660213E+02   0.1531428546E+02   0.1910783420E+02  -0.9841111485E+00   0.3051739984E-02
     21.   5.   0.8614116460E+01   0.1289193634E+02   0.8315660213E+02   0.1531437188E+02   0.1910687217E+02  -0.9845240502E+00   0.3051648554E-02
     21.   6.   0.8614116460E+01   0.1289193634E+02   0.8315660213E+02   0.1531435871E+02   0.1910527847E+02  -0.9857214025E+00   0.3051444033E-02
     22.   1.   0.7971163050E+01   0.1329908210E+02   0.8309246004E+02   0.1183490685E+02   0.1661154546E+02  -0.8543989195E+00   0.2830305844E-02
     22.   2.   0.7971163050E+01   0.1329908210E+02   0.8309246004E+02   0.1338902285E+02   0.1932227826E+02  -0.9966569147E+00   0.2824869760E-02
     22.   3.   0.7971163050E+01   0.1329908210E+02   0.8309246004E+02   0.1339595039E+02   0.1939942371E+02  -0.9964326566E+00   0.2826340145E-02
     22.   4.   0.7971163050E+01   0.1329908210E+02   0.8309246004E+02   0.1339636722E+02   0.1939940702E+02  -0.9963873048E+00   0.2826451468E-02
     22.   5.   0.7971163050E+01   0.1329908210E+02   0.8309246004E+02   0.1339642343E+02   0.1939844284E+02  -0.9969500761E+00   0.2826343412E-02
     22.   6.   0.7971163050E+01   0.1329908210E+02   0.8309246004E+02   0.1339639643E+02   0.1939683425E+02  -0.9982817097E+00   0.2826118208E-02
     23.   1.   0.7309006400E+01   0.1367418920E+02   0.8303155454E+02   0.1014716754E+02   0.1702867741E+02  -0.8580184118E+00   0.2652724849E-02
     23.   2.   0.7309006400E+01   0.1367418920E+02   0.8303155454E+02   0.1157510845E+02   0.1961199384E+02  -0.9944908068E+00   0.2647593417E-02
     23.   3.   0.7309006400E+01   0.1367418920E+02   0.8303155454E+02   0.1156921926E+02   0.1969064301E+02  -0.9946851929E+00   0.2648963563E-02
     23.   4.   0.7309006400E+01   0.1367418920E+02   0.8303155454E+02   0.1156953954E+02   0.1969066793E+02  -0.9948038791E+00   0.2649053461E-02
     23.   5.   0.7309006400E+01   0.1367418920E+02   0.8303155454E+02   0.1156956653E+02   0.1968971851E+02  -0.9954865232E+00   0.2648929569E-02
     23.   6.   0.7309006400E+01   0.1367418920E+02   0.8303155454E+02   0.1156952597E+02   0.1968811386E+02  -0.9969124099E+00   0.2648683399E-02
     24.   1.   0.6629241720E+01   0.1401635399E+02   0.8297447994E+02   0.8618529117E+01   0.1728526329E+02  -0.8349055908E+00   0.2519046292E-02
     24.   2.   0.6629241720E+01   0.1401635399E+02   0.8297447994E+02   0.9788275863E+01   0.1985602916E+02  -0.9639933770E+00   0.2514127731E-02
     24.   3.   0.6629241720E+01   0.1401635399E+02   0.8297447994E+02   0.9852025851E+01   0.1997664193E+02  -0.9712707978E+00   0.2515425614E-02
     24.   4.   0.6629241720E+01   0.1401635399E+02   0.8297447994E+02   0.9852254618E+01   0.1997672295E+02  -0.9715226659E+00   0.2515498033E-02
     24.   5.   0.6629241720E+01   0.1401635399E+02   0.8297447994E+02   0.9852253729E+01   0.1997580251E+02  -0.9722908157E+00   0.2515359057E-02
     24.   6.   0.6629241720E+01   0.1401635399E+02   0.8297447994E+02   0.9852200060E+01   0.1997421786E+02  -0.9737661803E+00   0.2515091785E-02
     25.   1.   0.5933506620E+01   0.1432475215E+02   0.8292179434E+02   0.7243764848E+01   0.1755486750E+02  -0.7990382958E+00   0.2424081504E-02
     25.   2.   0.5933506620E+01   0.1432475215E+02   0.8292179434E+02   0.8207224712E+01   0.2015835021E+02  -0.9175679536E+00   0.2419295598E-02
     25.   3.   0.5933506620E+01   0.1432475215E+02   0.8292179434E+02   0.8262653118E+01   0.2025108875E+02  -0.9222370555E+00   0.2420545731E-02
     25.   4.   0.5933506620E+01   0.1432475215E+02   0.8292179434E+02   0.8262796461E+01   0.2025123680E+02  -0.9225876168E+00   0.2420604191E-02
     25.   5.   0.5933506620E+01   0.1432475215E+02   0.8292179434E+02   0.8262769417E+01   0.2025035655E+02  -0.9234037743E+00   0.2420450940E-02
     25.   6.   0.5933506620E+01   0.1432475215E+02   0.8292179434E+02   0.8262703308E+01   0.2024880474E+02  -0.9248807704E+00   0.2420162694E-02
     26.   1.   0.5223477180E+01   0.1459864073E+02   0.8287401395E+02   0.5993302341E+01   0.1778243215E+02  -0.7442426909E+00   0.2361814302E-02
     26.   2.   0.5223477180E+01   0.1459864073E+02   0.8287401395E+02   0.6771599425E+01   0.2042671955E+02  -0.8547955528E+00   0.2357094626E-02
     26.   3.   0.5223477180E+01   0.1459864073E+02   0.8287401395E+02   0.6817481024E+01   0.2050958977E+02  -0.8588711375E+00   0.2358317477E-02
     26.   4.   0.5223477180E+01   0.1459864073E+02   0.8287401395E+02   0.6817546113E+01   0.2050981164E+02  -0.8592839679E+00   0.2358365032E-02
     26.   5.   0.5223477180E+01   0.1459864073E+02   0.8287401395E+02   0.6817494967E+01   0.2050897933E+02  -0.8601091842E+00   0.2358198398E-02
     26.   6.   0.5223477180E+01   0.1459864073E+02   0.8287401395E+02   0.6817417271E+01   0.2050746956E+02  -0.8615386405E+00   0.2357889694E-02
     27.   1.   0.4500863920E+01   0.1483735991E+02   0.8283160780E+02   0.4882102794E+01   0.1800263532E+02  -0.6739252226E+00   0.2325742683E-02
     27.   2.   0.4500863920E+01   0.1483735991E+02   0.8283160780E+02   0.5495928990E+01   0.2067060092E+02  -0.7744325582E+00   0.2321037830E-02
     27.   3.   0.4500863920E+01   0.1483735991E+02   0.8283160780E+02   0.5531823634E+01   0.2074682303E+02  -0.7779191660E+00   0.2322249362E-02
     27.   4.   0.4500863920E+01   0.1483735991E+02   0.8283160780E+02   0.5531818618E+01   0.2074712107E+02  -0.7783572808E+00   0.2322288613E-02
     27.   5.   0.4500863920E+01   0.1483735991E+02   0.8283160780E+02   0.5531745792E+01   0.2074634057E+02  -0.7791526374E+00   0.2322109647E-02
     27.   6.   0.4500863920E+01   0.1483735991E+02   0.8283160780E+02   0.5531657577E+01   0.2074487799E+02  -0.7804860285E+00   0.2321781471E-02
     28.   1.   0.3767407690E+01   0.1504033458E+02   0.8279499282E+02   0.3908320244E+01   0.1819657070E+02  -0.5871509450E+00   0.2309243343E-02
     28.   2.   0.3767407690E+01   0.1504033458E+02   0.8279499282E+02   0.4393072022E+01   0.2088514596E+02  -0.6740353334E+00   0.2304517424E-02
     28.   3.   0.3767407690E+01   0.1504033458E+02   0.8279499282E+02   0.4419398602E+01   0.2095749079E+02  -0.6769417683E+00   0.2305729119E-02
     28.   4.   0.3767407690E+01   0.1504033458E+02   0.8279499282E+02   0.4419332529E+01   0.2095786282E+02  -0.6773698912E+00   0.2305762179E-02
     28.   5.   0.3767407690E+01   0.1504033458E+02   0.8279499282E+02   0.4419240749E+01   0.2095713442E+02  -0.6780981195E+00   0.2305572183E-02
     28.   6.   0.3767407690E+01   0.1504033458E+02   0.8279499282E+02   0.4419143262E+01   0.2095572009E+02  -0.6792896984E+00   0.2305226036E-02
     29.   1.   0.3024875440E+01   0.1520707577E+02   0.8276452952E+02   0.3106218405E+01   0.1835356775E+02  -0.4872508232E+00   0.2305937974E-02
     29.   2.   0.3024875440E+01   0.1520707577E+02   0.8276452952E+02   0.3474429556E+01   0.2106651293E+02  -0.5593963684E+00   0.2301170187E-02
     29.   3.   0.3024875440E+01   0.1520707577E+02   0.8276452952E+02   0.3492235741E+01   0.2113707142E+02  -0.5617282686E+00   0.2302389066E-02
     29.   4.   0.3024875440E+01   0.1520707577E+02   0.8276452952E+02   0.3492118505E+01   0.2113751111E+02  -0.5621138825E+00   0.2302417697E-02
     29.   5.   0.3024875440E+01   0.1520707577E+02   0.8276452952E+02   0.3492010800E+01   0.2113683124E+02  -0.5627412839E+00   0.2302218175E-02
     29.   6.   0.3024875440E+01   0.1520707577E+02   0.8276452952E+02   0.3491905470E+01   0.2113546259E+02  -0.5637494143E+00   0.2301856225E-02
     30.   1.   0.2275056010E+01   0.1533718179E+02   0.8274051822E+02   0.2473155257E+01   0.1847937636E+02  -0.3759495293E+00   0.2310046438E-02
     30.   2.   0.2275056010E+01   0.1533718179E+02   0.8274051822E+02   0.2749586668E+01   0.2121124107E+02  -0.4316375100E+00   0.2305229914E-02
     30.   3.   0.2275056010E+01   0.1533718179E+02   0.8274051822E+02   0.2760374410E+01   0.2128137335E+02  -0.4333943612E+00   0.2306459062E-02
     30.   4.   0.2275056010E+01   0.1533718179E+02   0.8274051822E+02   0.2760216609E+01   0.2128187004E+02  -0.4337097980E+00   0.2306484567E-02
     30.   5.   0.2275056010E+01   0.1533718179E+02   0.8274051822E+02   0.2760096234E+01   0.2128123182E+02  -0.4342074346E+00   0.2306277292E-02
     30.   6.   0.2275056010E+01   0.1533718179E+02   0.8274051822E+02   0.2759984634E+01   0.2127990265E+02  -0.4349966640E+00   0.2305902266E-02
     31.   1.   0.1519755760E+01   0.1543033919E+02   0.8272319586E+02   0.2015984318E+01   0.1857127853E+02  -0.2557426047E+00   0.2316703825E-02
     31.   2.   0.1519755760E+01   0.1543033919E+02   0.8272319586E+02   0.2226219092E+01   0.2131661046E+02  -0.2936340913E+00   0.2311843422E-02
     31.   3.   0.1519755760E+01   0.1543033919E+02   0.8272319586E+02   0.2231803630E+01   0.2138699690E+02  -0.2948108306E+00   0.2313082539E-02
     31.   4.   0.1519755760E+01   0.1543033919E+02   0.8272319586E+02   0.2231616424E+01   0.2138753685E+02  -0.2950339846E+00   0.2313106008E-02
     31.   5.   0.1519755760E+01   0.1543033919E+02   0.8272319586E+02   0.2231486857E+01   0.2138693054E+02  -0.2953789771E+00   0.2312892990E-02
     31.   6.   0.1519755760E+01   0.1543033919E+02   0.8272319586E+02   0.2231370681E+01   0.2138563185E+02  -0.2959213000E+00   0.2312508190E-02
     32.   1.   0.7607942900E+00   0.1548632355E+02   0.8271273350E+02   0.1739674750E+01   0.1862725290E+02  -0.1294251937E+00   0.2322229627E-02
     32.   2.   0.7607942900E+00   0.1548632355E+02   0.8271273350E+02   0.1909925261E+01   0.2138063737E+02  -0.1486037516E+00   0.2317339035E-02
     32.   3.   0.7607942900E+00   0.1548632355E+02   0.8271273350E+02   0.1912317904E+01   0.2145141164E+02  -0.1491942361E+00   0.2318585138E-02
     32.   4.   0.7607942900E+00   0.1548632355E+02   0.8271273350E+02   0.1912112882E+01   0.2145197890E+02  -0.1493096921E+00   0.2318607551E-02
     32.   5.   0.7607942900E+00   0.1548632355E+02   0.8271273350E+02   0.1911977744E+01   0.2145139258E+02  -0.1494862468E+00   0.2318390980E-02
     32.   6.   0.7607942900E+00   0.1548632355E+02   0.8271273350E+02   0.1911858792E+01   0.2145011313E+02  -0.1497623387E+00   0.2318000134E-02
     33.   1.   0.0000000000E+00   0.1550500000E+02   0.8270923452E+02   0.1647235683E+01   0.1864605325E+02   0.4101591834E-07   0.2324331263E-02
     33.   2.   0.0000000000E+00   0.1550500000E+02   0.8270923452E+02   0.1804111615E+01   0.2140211553E+02   0.4169197467E-07   0.2319429935E-02
     33.   3.   0.0000000000E+00   0.1550500000E+02   0.8270923452E+02   0.1805430206E+01   0.2147305914E+02   0.4215234895E-07   0.2320678572E-02
     33.   4.   0.0000000000E+00   0.1550500000E+02   0.8270923452E+02   0.1805219228E+01   0.2147363561E+02   0.4253432541E-07   0.2320700632E-02
     33.   5.   0.0000000000E+00   0.1550500000E+02   0.8270923452E+02   0.1805082218E+01   0.2147305614E+02   0.4255076520E-07   0.2320482861E-02
     33.   6.   0.0000000000E+00   0.1550500000E+02   0.8270923452E+02   0.1804962329E+01   0.2147178326E+02   0.4196096373E-07   0.2320089973E-02
     34.   1.  -0.7607942900E+00   0.1548632355E+02   0.8271273350E+02   0.1739674752E+01   0.1862725290E+02   0.1294252667E+00   0.2322229627E-02
     34.   2.  -0.7607942900E+00   0.1548632355E+02   0.8271273350E+02   0.1909925263E+01   0.2138063737E+02   0.1486038358E+00   0.2317339035E-02
     34.   3.  -0.7607942900E+00   0.1548632355E+02   0.8271273350E+02   0.1912317906E+01   0.2145141164E+02   0.1491943206E+00   0.2318585138E-02
     34.   4.  -0.7607942900E+00   0.1548632355E+02   0.8271273350E+02   0.1912112884E+01   0.2145197890E+02   0.1493097766E+00   0.2318607551E-02
     34.   5.  -0.7607942900E+00   0.1548632355E+02   0.8271273350E+02   0.1911977746E+01   0.2145139258E+02   0.1494863313E+00   0.2318390980E-02
     34.   6.  -0.7607942900E+00   0.1548632355E+02   0.8271273350E+02   0.1911858794E+01   0.2145011313E+02   0.1497624232E+00   0.2318000134E-02
     35.   1.  -0.1519755760E+01   0.1543033919E+02   0.8272319586E+02   0.2015984321E+01   0.1857127853E+02   0.2557426782E+00   0.2316703825E-02
     35.   2.  -0.1519755760E+01   0.1543033919E+02   0.8272319586E+02   0.2226219096E+01   0.2131661046E+02   0.2936341752E+00   0.2311843423E-02
     35.   3.  -0.1519755760E+01   0.1543033919E+02   0.8272319586E+02   0.2231803634E+01   0.2138699689E+02   0.2948109148E+00   0.2313082540E-02
     35.   4.  -0.1519755760E+01   0.1543033919E+02   0.8272319586E+02   0.2231616428E+01   0.2138753685E+02   0.2950340687E+00   0.2313106009E-02
     35.   5.  -0.1519755760E+01   0.1543033919E+02   0.8272319586E+02   0.2231486861E+01   0.2138693054E+02   0.2953790613E+00   0.2312892991E-02
     35.   6.  -0.1519755760E+01   0.1543033919E+02   0.8272319586E+02   0.2231370685E+01   0.2138563185E+02   0.2959213842E+00   0.2312508191E-02
     36.   1.  -0.2275056010E+01   0.1533718179E+02   0.8274051822E+02   0.2473155262E+01   0.1847937636E+02   0.3759496018E+00   0.2310046438E-02
     36.   2.  -0.2275056010E+01   0.1533718179E+02   0.8274051822E+02   0.2749586674E+01   0.2121124107E+02   0.4316375937E+00   0.2305229914E-02
     36.   3.  -0.2275056010E+01   0.1533718179E+02   0.8274051822E+02   0.2760374417E+01   0.2128137335E+02   0.4333944453E+00   0.2306459062E-02
     36.   4.  -0.2275056010E+01   0.1533718179E+02   0.8274051822E+02   0.2760216615E+01   0.2128187004E+02   0.4337098820E+00   0.2306484567E-02
     36.   5.  -0.2275056010E+01   0.1533718179E+02   0.8274051822E+02   0.2760096240E+01   0.2128123182E+02   0.4342075186E+00   0.2306277292E-02
     36.   6.  -0.2275056010E+01   0.1533718179E+02   0.8274051822E+02   0.2759984641E+01   0.2127990265E+02   0.4349967480E+00   0.2305902267E-02
     37.   1.  -0.3024875440E+01   0.1520707577E+02   0.8276452952E+02   0.3106218412E+01   0.1835356774E+02   0.4872508956E+00   0.2305937974E-02
     37.   2.  -0.3024875440E+01   0.1520707577E+02   0.8276452952E+02   0.3474429564E+01   0.2106651292E+02   0.5593964515E+00   0.2301170188E-02
     37.   3.  -0.3024875440E+01   0.1520707577E+02   0.8276452952E+02   0.3492235750E+01   0.2113707142E+02   0.5617283521E+00   0.2302389066E-02
     37.   4.  -0.3024875440E+01   0.1520707577E+02   0.8276452952E+02   0.3492118513E+01   0.2113751111E+02   0.5621139659E+00   0.2302417698E-02
     37.   5.  -0.3024875440E+01   0.1520707577E+02   0.8276452952E+02   0.3492010808E+01   0.2113683124E+02   0.5627413673E+00   0.2302218175E-02
     37.   6.  -0.3024875440E+01   0.1520707577E+02   0.8276452952E+02   0.3491905479E+01   0.2113546259E+02   0.5637494978E+00   0.2301856225E-02
     38.   1.  -0.3767407690E+01   0.1504033458E+02   0.8279499282E+02   0.3908320254E+01   0.1819657069E+02   0.5871510169E+00   0.2309243344E-02
     38.   2.  -0.3767407690E+01   0.1504033458E+02   0.8279499282E+02   0.4393072033E+01   0.2088514596E+02   0.6740354158E+00   0.2304517425E-02
     38.   3.  -0.3767407690E+01   0.1504033458E+02   0.8279499282E+02   0.4419398613E+01   0.2095749079E+02   0.6769418510E+00   0.2305729120E-02
     38.   4.  -0.3767407690E+01   0.1504033458E+02   0.8279499282E+02   0.4419332540E+01   0.2095786282E+02   0.6773699739E+00   0.2305762179E-02
     38.   5.  -0.3767407690E+01   0.1504033458E+02   0.8279499282E+02   0.4419240759E+01   0.2095713441E+02   0.6780982022E+00   0.2305572184E-02
     38.   6.  -0.3767407690E+01   0.1504033458E+02   0.8279499282E+02   0.4419143273E+01   0.2095572008E+02   0.6792897811E+00   0.2305226036E-02
     39.   1.  -0.4500863920E+01   0.1483735991E+02   0.8283160780E+02   0.4882102805E+01   0.1800263531E+02   0.6739252939E+00   0.2325742683E-02
     39.   2.  -0.4500863920E+01   0.1483735991E+02   0.8283160780E+02   0.5495929002E+01   0.2067060091E+02   0.7744326399E+00   0.2321037830E-02
     39.   3.  -0.4500863920E+01   0.1483735991E+02   0.8283160780E+02   0.5531823647E+01   0.2074682302E+02   0.7779192479E+00   0.2322249362E-02
     39.   4.  -0.4500863920E+01   0.1483735991E+02   0.8283160780E+02   0.5531818630E+01   0.2074712106E+02   0.7783573627E+00   0.2322288613E-02
     39.   5.  -0.4500863920E+01   0.1483735991E+02   0.8283160780E+02   0.5531745805E+01   0.2074634056E+02   0.7791527192E+00   0.2322109647E-02
     39.   6.  -0.4500863920E+01   0.1483735991E+02   0.8283160780E+02   0.5531657590E+01   0.2074487798E+02   0.7804861103E+00   0.2321781471E-02
     40.   1.  -0.5223477180E+01   0.1459864073E+02   0.8287401395E+02   0.5993302353E+01   0.1778243214E+02   0.7442427609E+00   0.2361814302E-02
     40.   2.  -0.5223477180E+01   0.1459864073E+02   0.8287401395E+02   0.6771599440E+01   0.2042671955E+02   0.8547956334E+00   0.2357094627E-02
     40.   3.  -0.5223477180E+01   0.1459864073E+02   0.8287401395E+02   0.6817481039E+01   0.2050958977E+02   0.8588712184E+00   0.2358317478E-02
     40.   4.  -0.5223477180E+01   0.1459864073E+02   0.8287401395E+02   0.6817546128E+01   0.2050981163E+02   0.8592840488E+00   0.2358365032E-02
     40.   5.  -0.5223477180E+01   0.1459864073E+02   0.8287401395E+02   0.6817494982E+01   0.2050897932E+02   0.8601092651E+00   0.2358198398E-02
     40.   6.  -0.5223477180E+01   0.1459864073E+02   0.8287401395E+02   0.6817417286E+01   0.2050746955E+02   0.8615387214E+00   0.2357889695E-02
     41.   1.  -0.5933506620E+01   0.1432475215E+02   0.8292179434E+02   0.7243764862E+01   0.1755486749E+02   0.7990383653E+00   0.2424081505E-02
     41.   2.  -0.5933506620E+01   0.1432475215E+02   0.8292179434E+02   0.8207224729E+01   0.2015835020E+02   0.9175680330E+00   0.2419295599E-02
     41.   3.  -0.5933506620E+01   0.1432475215E+02   0.8292179434E+02   0.8262653135E+01   0.2025108874E+02   0.9222371351E+00   0.2420545732E-02
     41.   4.  -0.5933506620E+01   0.1432475215E+02   0.8292179434E+02   0.8262796477E+01   0.2025123679E+02   0.9225876965E+00   0.2420604192E-02
     41.   5.  -0.5933506620E+01   0.1432475215E+02   0.8292179434E+02   0.8262769434E+01   0.2025035655E+02   0.9234038540E+00   0.2420450941E-02
     41.   6.  -0.5933506620E+01   0.1432475215E+02   0.8292179434E+02   0.8262703324E+01   0.2024880474E+02   0.9248808500E+00   0.2420162695E-02
     42.   1.  -0.6629241720E+01   0.1401635399E+02   0.8297447994E+02   0.8618529133E+01   0.1728526328E+02   0.8349056589E+00   0.2519046293E-02
     42.   2.  -0.6629241720E+01   0.1401635399E+02   0.8297447994E+02   0.9788275882E+01   0.1985602915E+02   0.9639934552E+00   0.2514127732E-02
     42.   3.  -0.6629241720E+01   0.1401635399E+02   0.8297447994E+02   0.9852025869E+01   0.1997664192E+02   0.9712708763E+00   0.2515425615E-02
     42.   4.  -0.6629241720E+01   0.1401635399E+02   0.8297447994E+02   0.9852254637E+01   0.1997672295E+02   0.9715227443E+00   0.2515498035E-02
     42.   5.  -0.6629241720E+01   0.1401635399E+02   0.8297447994E+02   0.9852253748E+01   0.1997580250E+02   0.9722908941E+00   0.2515359059E-02
     42.   6.  -0.6629241720E+01   0.1401635399E+02   0.8297447994E+02   0.9852200079E+01   0.1997421785E+02   0.9737662587E+00   0.2515091786E-02
     43.   1.  -0.7309006400E+01   0.1367418920E+02   0.8303155454E+02   0.1014716755E+02   0.1702867740E+02   0.8580184777E+00   0.2652724850E-02
     43.   2.  -0.7309006400E+01   0.1367418920E+02   0.8303155454E+02   0.1157510847E+02   0.1961199384E+02   0.9944908831E+00   0.2647593419E-02
     43.   3.  -0.7309006400E+01   0.1367418920E+02   0.8303155454E+02   0.1156921928E+02   0.1969064300E+02   0.9946852698E+00   0.2648963564E-02
     43.   4.  -0.7309006400E+01   0.1367418920E+02   0.8303155454E+02   0.1156953956E+02   0.1969066792E+02   0.9948039559E+00   0.2649053462E-02
     43.   5.  -0.7309006400E+01   0.1367418920E+02   0.8303155454E+02   0.1156956655E+02   0.1968971850E+02   0.9954866000E+00   0.2648929570E-02
     43.   6.  -0.7309006400E+01   0.1367418920E+02   0.8303155454E+02   0.1156952599E+02   0.1968811385E+02   0.9969124868E+00   0.2648683400E-02
     44.   1.  -0.7971163050E+01   0.1329908210E+02   0.8309246004E+02   0.1183490687E+02   0.1661154545E+02   0.8543989840E+00   0.2830305847E-02
     44.   2.  -0.7971163050E+01   0.1329908210E+02   0.8309246004E+02   0.1338902288E+02   0.1932227826E+02   0.9966569892E+00   0.2824869762E-02
     44.   3.  -0.7971163050E+01   0.1329908210E+02   0.8309246004E+02   0.1339595041E+02   0.1939942370E+02   0.9964327316E+00   0.2826340148E-02
     44.   4.  -0.7971163050E+01   0.1329908210E+02   0.8309246004E+02   0.1339636724E+02   0.1939940701E+02   0.9963873797E+00   0.2826451471E-02
     44.   5.  -0.7971163050E+01   0.1329908210E+02   0.8309246004E+02   0.1339642345E+02   0.1939844284E+02   0.9969501511E+00   0.2826343414E-02
     44.   6.  -0.7971163050E+01   0.1329908210E+02   0.8309246004E+02   0.1339639645E+02   0.1939683424E+02   0.9982817846E+00   0.2826118210E-02
     45.   1.  -0.8614116460E+01   0.1289193634E+02   0.8315660213E+02   0.1348092558E+02   0.1637664928E+02   0.8437354842E+00   0.3055842971E-02
     45.   2.  -0.8614116460E+01   0.1289193634E+02   0.8315660213E+02   0.1529209309E+02   0.1904408529E+02   0.9849193191E+00   0.3050001553E-02
     45.   3.  -0.8614116460E+01   0.1289193634E+02   0.8315660213E+02   0.1531376813E+02   0.1910787481E+02   0.9843464014E+00   0.3051602923E-02
     45.   4.  -0.8614116460E+01   0.1289193634E+02   0.8315660213E+02   0.1531428548E+02   0.1910783419E+02   0.9841112216E+00   0.3051739987E-02
     45.   5.  -0.8614116460E+01   0.1289193634E+02   0.8315660213E+02   0.1531437190E+02   0.1910687217E+02   0.9845241233E+00   0.3051648557E-02
     45.   6.  -0.8614116460E+01   0.1289193634E+02   0.8315660213E+02   0.1531435873E+02   0.1910527846E+02   0.9857214756E+00   0.3051444036E-02
     46.   1.  -0.9236317720E+01   0.1245373278E+02   0.8322335634E+02   0.1518249733E+02   0.1613937730E+02   0.8173273381E+00   0.3331997485E-02
     46.   2.  -0.9236317720E+01   0.1245373278E+02   0.8322335634E+02   0.1726562799E+02   0.1874876400E+02   0.9527724713E+00   0.3325643992E-02
     46.   3.  -0.9236317720E+01   0.1245373278E+02   0.8322335634E+02   0.1730306210E+02   0.1881994585E+02   0.9568568647E+00   0.3327408929E-02
     46.   4.  -0.9236317720E+01   0.1245373278E+02   0.8322335634E+02   0.1730368282E+02   0.1881990122E+02   0.9564126187E+00   0.3327576298E-02
     46.   5.  -0.9236317720E+01   0.1245373278E+02   0.8322335634E+02   0.1730380009E+02   0.1881896020E+02   0.9566513514E+00   0.3327502319E-02
     46.   6.  -0.9236317720E+01   0.1245373278E+02   0.8322335634E+02   0.1730380084E+02   0.1881740209E+02   0.9576808469E+00   0.3327318110E-02
     47.   1.  -0.9836267870E+01   0.1198552708E+02   0.8329207430E+02   0.1693177101E+02   0.1591113014E+02   0.7771939963E+00   0.3659838761E-02
     47.   2.  -0.9836267870E+01   0.1198552708E+02   0.8329207430E+02   0.1929179341E+02   0.1847288371E+02   0.9062742919E+00   0.3652864230E-02
     47.   3.  -0.9836267870E+01   0.1198552708E+02   0.8329207430E+02   0.1934343823E+02   0.1852293589E+02   0.9110294035E+00   0.3654826101E-02
     47.   4.  -0.9836267870E+01   0.1198552708E+02   0.8329207430E+02   0.1934451794E+02   0.1853954652E+02   0.9134915448E+00   0.3655028459E-02
     47.   5.  -0.9836267870E+01   0.1198552708E+02   0.8329207430E+02   0.1934466634E+02   0.1853864628E+02   0.9135389400E+00   0.3654972766E-02
     47.   6.  -0.9836267870E+01   0.1198552708E+02   0.8329207430E+02   0.1934468094E+02   0.1853714599E+02   0.9143737654E+00   0.3654808559E-02
     48.   1.  -0.1041252159E+02   0.1148844720E+02   0.8336209019E+02   0.1867124336E+02   0.1567084305E+02   0.7283630372E+00   0.4038714560E-02
     48.   2.  -0.1041252159E+02   0.1148844720E+02   0.8336209019E+02   0.2135129057E+02   0.1818886272E+02   0.8497210178E+00   0.4031011088E-02
     48.   3.  -0.1041252159E+02   0.1148844720E+02   0.8336209019E+02   0.2141602658E+02   0.1825415834E+02   0.8526445511E+00   0.4033202772E-02
     48.   4.  -0.1041252159E+02   0.1148844720E+02   0.8336209019E+02   0.2141717209E+02   0.1827055834E+02   0.8548507123E+00   0.4033444881E-02
     48.   5.  -0.1041252159E+02   0.1148844720E+02   0.8336209019E+02   0.2141735162E+02   0.1826971906E+02   0.8546971246E+00   0.4033408334E-02
     48.   6.  -0.1041252159E+02   0.1148844720E+02   0.8336209019E+02   0.2141737983E+02   0.1826829937E+02   0.8553184321E+00   0.4033263880E-02
     49.   1.  -0.1096369064E+02   0.1096369064E+02   0.8343272732E+02   0.2044290197E+02   0.1545353532E+02   0.6680838421E+00   0.4466186681E-02
     49.   2.  -0.1096369064E+02   0.1096369064E+02   0.8343272732E+02   0.2342370289E+02   0.1793204800E+02   0.7795294644E+00   0.4457651486E-02
     49.   3.  -0.1096369064E+02   0.1096369064E+02   0.8343272732E+02   0.2349907935E+02   0.1799874707E+02   0.7824057636E+00   0.4460104505E-02
     49.   4.  -0.1096369064E+02   0.1096369064E+02   0.8343272732E+02   0.2350029225E+02   0.1801496237E+02   0.7843435767E+00   0.4460390902E-02
     49.   5.  -0.1096369064E+02   0.1096369064E+02   0.8343272732E+02   0.2350050255E+02   0.1801420421E+02   0.7839865402E+00   0.4460374421E-02
     49.   6.  -0.1096369064E+02   0.1096369064E+02   0.8343272732E+02   0.2350054405E+02   0.1801288717E+02   0.7843846499E+00   0.4460249467E-02
     50.   1.  -0.1148844720E+02   0.1041252159E+02   0.8350330469E+02   0.2222393868E+02   0.1525702740E+02   0.6034439230E+00   0.4938041305E-02
     50.   2.  -0.1148844720E+02   0.1041252159E+02   0.8350330469E+02   0.2548893161E+02   0.1769009505E+02   0.7041288122E+00   0.4928580344E-02
     50.   3.  -0.1148844720E+02   0.1041252159E+02   0.8350330469E+02   0.2557286857E+02   0.1774341248E+02   0.7025123912E+00   0.4931323622E-02
     50.   4.  -0.1148844720E+02   0.1041252159E+02   0.8350330469E+02   0.2557464164E+02   0.1777536541E+02   0.7045597780E+00   0.4931658459E-02
     50.   5.  -0.1148844720E+02   0.1041252159E+02   0.8350330469E+02   0.2557488214E+02   0.1777470740E+02   0.7040049385E+00   0.4931662911E-02
     50.   6.  -0.1148844720E+02   0.1041252159E+02   0.8350330469E+02   0.2557493646E+02   0.1777351405E+02   0.7041785367E+00   0.4931557280E-02
     51.   1.  -0.1198552708E+02   0.9836267870E+01   0.8357314362E+02   0.2398079409E+02   0.1507293697E+02   0.5348026547E+00   0.5448366799E-02
     51.   2.  -0.1198552708E+02   0.9836267870E+01   0.8357314362E+02   0.2752639938E+02   0.1746482225E+02   0.6240861072E+00   0.5437898341E-02
     51.   3.  -0.1198552708E+02   0.9836267870E+01   0.8357314362E+02   0.2761829136E+02   0.1752125805E+02   0.6224684366E+00   0.5440957081E-02
     51.   4.  -0.1198552708E+02   0.9836267870E+01   0.8357314362E+02   0.2762009510E+02   0.1755284359E+02   0.6242183701E+00   0.5441344033E-02
     51.   5.  -0.1198552708E+02   0.9836267870E+01   0.8357314362E+02   0.2762036495E+02   0.1755230306E+02   0.6234788740E+00   0.5441370181E-02
     51.   6.  -0.1198552708E+02   0.9836267870E+01   0.8357314362E+02   0.2762043153E+02   0.1755125267E+02   0.6234348871E+00   0.5441283731E-02
     52.   1.  -0.1245373278E+02   0.9236317720E+01   0.8364157420E+02   0.2568927734E+02   0.1467606347E+02   0.4476035034E+00   0.5989696596E-02
     52.   2.  -0.1245373278E+02   0.9236317720E+01   0.8364157420E+02   0.2951639432E+02   0.1725732167E+02   0.5484218994E+00   0.5978153486E-02
     52.   3.  -0.1245373278E+02   0.9236317720E+01   0.8364157420E+02   0.2961535993E+02   0.1730049615E+02   0.5445395179E+00   0.5981548261E-02
     52.   4.  -0.1245373278E+02   0.9236317720E+01   0.8364157420E+02   0.2961739079E+02   0.1734785530E+02   0.5529883148E+00   0.5981990293E-02
     52.   5.  -0.1245373278E+02   0.9236317720E+01   0.8364157420E+02   0.2961768888E+02   0.1734744732E+02   0.5520843501E+00   0.5982038749E-02
     52.   6.  -0.1245373278E+02   0.9236317720E+01   0.8364157420E+02   0.2961776711E+02   0.1734655624E+02   0.5518380743E+00   0.5981971268E-02
     53.   1.  -0.1289193634E+02   0.8614116460E+01   0.8370794166E+02   0.2721048321E+02   0.1427110163E+02   0.3679338875E+00   0.6553207178E-02
     53.   2.  -0.1289193634E+02   0.8614116460E+01   0.8370794166E+02   0.3144010281E+02   0.1706804944E+02   0.4609864230E+00   0.6540540285E-02
     53.   3.  -0.1289193634E+02   0.8614116460E+01   0.8370794166E+02   0.3154596747E+02   0.1711458978E+02   0.4572495133E+00   0.6544286116E-02
     53.   4.  -0.1289193634E+02   0.8614116460E+01   0.8370794166E+02   0.3154800122E+02   0.1716142488E+02   0.4653096090E+00   0.6544785397E-02
     53.   5.  -0.1289193634E+02   0.8614116460E+01   0.8370794166E+02   0.3154832627E+02   0.1716116145E+02   0.4642679037E+00   0.6544856518E-02
     53.   6.  -0.1289193634E+02   0.8614116460E+01   0.8370794166E+02   0.3154841545E+02   0.1716044277E+02   0.4638417353E+00   0.6544807705E-02
     54.   1.  -0.1329908210E+02   0.7971163050E+01   0.8377161249E+02   0.2878716795E+02   0.1414297262E+02   0.3032312870E+00   0.7128965241E-02
     54.   2.  -0.1329908210E+02   0.7971163050E+01   0.8377161249E+02   0.3327387490E+02   0.1670893912E+02   0.3679894370E+00   0.7115145599E-02
     54.   3.  -0.1329908210E+02   0.7971163050E+01   0.8377161249E+02   0.3339201628E+02   0.1694682315E+02   0.3874415032E+00   0.7119251294E-02
     54.   4.  -0.1329908210E+02   0.7971163050E+01   0.8377161249E+02   0.3339380195E+02   0.1697643097E+02   0.3982408953E+00   0.7119809037E-02
     54.   5.  -0.1329908210E+02   0.7971163050E+01   0.8377161249E+02   0.3339441122E+02   0.1699256735E+02   0.4006404540E+00   0.7119902878E-02
     54.   6.  -0.1329908210E+02   0.7971163050E+01   0.8377161249E+02   0.3339451062E+02   0.1699203058E+02   0.4000625809E+00   0.7119872333E-02
     55.   1.  -0.1367418920E+02   0.7309006400E+01   0.8383198033E+02   0.3027729498E+02   0.1408135899E+02   0.2449635128E+00   0.7706213123E-02
     55.   2.  -0.1367418920E+02   0.7309006400E+01   0.8383198033E+02   0.3501233101E+02   0.1655764386E+02   0.2994948937E+00   0.7691233856E-02
     55.   3.  -0.1367418920E+02   0.7309006400E+01   0.8383198033E+02   0.3513651008E+02   0.1678131202E+02   0.3165280505E+00   0.7695701334E-02
     55.   4.  -0.1367418920E+02   0.7309006400E+01   0.8383198033E+02   0.3513872020E+02   0.1682643612E+02   0.3237350822E+00   0.7696317728E-02
     55.   5.  -0.1367418920E+02   0.7309006400E+01   0.8383198033E+02   0.3513933321E+02   0.1684253885E+02   0.3259164908E+00   0.7696434039E-02
     55.   6.  -0.1367418920E+02   0.7309006400E+01   0.8383198033E+02   0.3513944205E+02   0.1684218897E+02   0.3252204538E+00   0.7696421131E-02
     56.   1.  -0.1401635399E+02   0.6629241720E+01   0.8388847152E+02   0.3166313755E+02   0.1395772953E+02   0.1895685999E+00   0.8273678440E-02
     56.   2.  -0.1401635399E+02   0.6629241720E+01   0.8388847152E+02   0.3663401272E+02   0.1642395654E+02   0.2311659119E+00   0.8257556516E-02
     56.   3.  -0.1401635399E+02   0.6629241720E+01   0.8388847152E+02   0.3676441745E+02   0.1664931722E+02   0.2473025751E+00   0.8262380662E-02
     56.   4.  -0.1401635399E+02   0.6629241720E+01   0.8388847152E+02   0.3676662220E+02   0.1669407889E+02   0.2542186477E+00   0.8263054720E-02
     56.   5.  -0.1401635399E+02   0.6629241720E+01   0.8388847152E+02   0.3676724053E+02   0.1671016451E+02   0.2562103299E+00   0.8263192912E-02
     56.   6.  -0.1401635399E+02   0.6629241720E+01   0.8388847152E+02   0.3676735800E+02   0.1671000229E+02   0.2554328218E+00   0.8263196843E-02
     57.   1.  -0.1432475215E+02   0.5933506620E+01   0.8394055039E+02   0.3258747888E+02   0.1387120717E+02   0.1418609699E+00   0.8819905090E-02
     57.   2.  -0.1432475215E+02   0.5933506620E+01   0.8394055039E+02   0.3755689001E+02   0.1612383044E+02   0.1639818772E+00   0.8802679158E-02
     57.   3.  -0.1432475215E+02   0.5933506620E+01   0.8394055039E+02   0.3769976945E+02   0.1653418495E+02   0.1808483287E+00   0.8807847517E-02
     57.   4.  -0.1432475215E+02   0.5933506620E+01   0.8394055039E+02   0.3770196868E+02   0.1657863681E+02   0.1874969614E+00   0.8808577102E-02
     57.   5.  -0.1432475215E+02   0.5933506620E+01   0.8394055039E+02   0.3770259386E+02   0.1659471851E+02   0.1893303714E+00   0.8808736186E-02
     57.   6.  -0.1432475215E+02   0.5933506620E+01   0.8394055039E+02   0.3770271913E+02   0.1659474028E+02   0.1885098931E+00   0.8808755954E-02
     58.   1.  -0.1459864073E+02   0.5223477180E+01   0.8398772402E+02   0.3374230594E+02   0.1379611255E+02   0.1015905625E+00   0.9333575976E-02
     58.   2.  -0.1459864073E+02   0.5223477180E+01   0.8398772402E+02   0.3890359133E+02   0.1602392117E+02   0.1167855743E+00   0.9315308618E-02
     58.   3.  -0.1459864073E+02   0.5223477180E+01   0.8398772402E+02   0.3905196801E+02   0.1643481887E+02   0.1315508002E+00   0.9320801478E-02
     58.   4.  -0.1459864073E+02   0.5223477180E+01   0.8398772402E+02   0.3905383508E+02   0.1646365480E+02   0.1314189850E+00   0.9321583357E-02
     58.   5.  -0.1459864073E+02   0.5223477180E+01   0.8398772402E+02   0.3905485601E+02   0.1649523322E+02   0.1328083864E+00   0.9321761928E-02
     58.   6.  -0.1459864073E+02   0.5223477180E+01   0.8398772402E+02   0.3905498820E+02   0.1649543036E+02   0.1319843118E+00   0.9321796255E-02
     59.   1.  -0.1483735991E+02   0.4500863920E+01   0.8402954673E+02   0.3476401402E+02   0.1373200989E+02   0.6899370651E-01   0.9803836344E-02
     59.   2.  -0.1483735991E+02   0.4500863920E+01   0.8402954673E+02   0.4009456713E+02   0.1593893090E+02   0.7869079217E-01   0.9784614787E-02
     59.   3.  -0.1483735991E+02   0.4500863920E+01   0.8402954673E+02   0.4024799213E+02   0.1635056795E+02   0.9133347199E-01   0.9790405299E-02
     59.   4.  -0.1483735991E+02   0.4500863920E+01   0.8402954673E+02   0.4024988088E+02   0.1637928127E+02   0.9113146921E-01   0.9791235070E-02
     59.   5.  -0.1483735991E+02   0.4500863920E+01   0.8402954673E+02   0.4025088210E+02   0.1641075603E+02   0.9226239622E-01   0.9791431390E-02
     59.   6.  -0.1483735991E+02   0.4500863920E+01   0.8402954673E+02   0.4025102035E+02   0.1641111576E+02   0.9147279745E-01   0.9791478820E-02
     60.   1.  -0.1504033458E+02   0.3767407690E+01   0.8406562400E+02   0.3564375456E+02   0.1367850719E+02   0.4389808484E-01   0.1022060287E-01
     60.   2.  -0.1504033458E+02   0.3767407690E+01   0.8406562400E+02   0.4111967569E+02   0.1586818577E+02   0.4948413399E-01   0.1020053406E-01
     60.   3.  -0.1504033458E+02   0.3767407690E+01   0.8406562400E+02   0.4127759027E+02   0.1628068303E+02   0.5999846912E-01   0.1020658884E-01
     60.   4.  -0.1504033458E+02   0.3767407690E+01   0.8406562400E+02   0.4127949791E+02   0.1630929687E+02   0.5976397279E-01   0.1020746108E-01
     60.   5.  -0.1504033458E+02   0.3767407690E+01   0.8406562400E+02   0.4128048245E+02   0.1634068905E+02   0.6066092700E-01   0.1020767305E-01
     60.   6.  -0.1504033458E+02   0.3767407690E+01   0.8406562400E+02   0.4128062582E+02   0.1634119431E+02   0.5994155028E-01   0.1020773190E-01
     61.   1.  -0.1520707577E+02   0.3024875440E+01   0.8409561599E+02   0.3637396007E+02   0.1363523934E+02   0.2574097760E-01   0.1057483855E-01
     61.   2.  -0.1520707577E+02   0.3024875440E+01   0.8409561599E+02   0.4197027740E+02   0.1581110172E+02   0.2849284503E-01   0.1055404734E-01
     61.   3.  -0.1520707577E+02   0.3024875440E+01   0.8409561599E+02   0.4213201942E+02   0.1622448680E+02   0.3688344641E-01   0.1056032717E-01
     61.   4.  -0.1520707577E+02   0.3024875440E+01   0.8409561599E+02   0.4213394296E+02   0.1625302234E+02   0.3665058022E-01   0.1056123554E-01
     61.   5.  -0.1520707577E+02   0.3024875440E+01   0.8409561599E+02   0.4213491379E+02   0.1628435078E+02   0.3733647310E-01   0.1056146076E-01
     61.   6.  -0.1520707577E+02   0.3024875440E+01   0.8409561599E+02   0.4213506140E+02   0.1628498072E+02   0.3671928868E-01   0.1056152920E-01
     62.   1.  -0.1533718179E+02   0.2275056010E+01   0.8411924049E+02   0.3668375565E+02   0.1355084990E+02   0.1371018082E-01   0.1085879581E-01
     62.   2.  -0.1533718179E+02   0.2275056010E+01   0.8411924049E+02   0.4263925949E+02   0.1576702882E+02   0.1467043828E-01   0.1083742487E-01
     62.   3.  -0.1533718179E+02   0.2275056010E+01   0.8411924049E+02   0.4280407651E+02   0.1618123278E+02   0.2094789220E-01   0.1084388533E-01
     62.   4.  -0.1533718179E+02   0.2275056010E+01   0.8411924049E+02   0.4280601262E+02   0.1620970916E+02   0.2074598666E-01   0.1084482263E-01
     62.   5.  -0.1533718179E+02   0.2275056010E+01   0.8411924049E+02   0.4280697279E+02   0.1624099039E+02   0.2124105327E-01   0.1084505844E-01
     62.   6.  -0.1533718179E+02   0.2275056010E+01   0.8411924049E+02   0.4280712370E+02   0.1624172084E+02   0.2075316816E-01   0.1084513448E-01
     63.   1.  -0.1543033919E+02   0.1519755760E+01   0.8413627543E+02   0.3709466865E+02   0.1352801588E+02   0.6364350721E-02   0.1106622767E-01
     63.   2.  -0.1543033919E+02   0.1519755760E+01   0.8413627543E+02   0.4312108662E+02   0.1573592976E+02   0.6471576059E-02   0.1104443328E-01
     63.   3.  -0.1543033919E+02   0.1519755760E+01   0.8413627543E+02   0.4328815199E+02   0.1615079333E+02   0.1064801776E-01   0.1105102587E-01
     63.   4.  -0.1543033919E+02   0.1519755760E+01   0.8413627543E+02   0.4329009724E+02   0.1617922878E+02   0.1050005996E-01   0.1105198435E-01
     63.   5.  -0.1543033919E+02   0.1519755760E+01   0.8413627543E+02   0.4329104978E+02   0.1621047739E+02   0.1082060868E-01   0.1105222786E-01
     63.   6.  -0.1543033919E+02   0.1519755760E+01   0.8413627543E+02   0.4329120306E+02   0.1621128171E+02   0.1048316286E-01   0.1105230941E-01
     64.   1.  -0.1548632355E+02   0.7607942900E+00   0.8414656079E+02   0.3734261618E+02   0.1351438501E+02   0.2332712037E-02   0.1119255415E-01
     64.   2.  -0.1548632355E+02   0.7607942900E+00   0.8414656079E+02   0.4341177644E+02   0.1571737431E+02   0.2223376555E-02   0.1117050100E-01
     64.   3.  -0.1548632355E+02   0.7607942900E+00   0.8414656079E+02   0.4358021142E+02   0.1613266547E+02   0.4308761424E-02   0.1117717404E-01
     64.   4.  -0.1548632355E+02   0.7607942900E+00   0.8414656079E+02   0.4358216225E+02   0.1616107677E+02   0.4230709962E-02   0.1117814542E-01
     64.   5.  -0.1548632355E+02   0.7607942900E+00   0.8414656079E+02   0.4358311022E+02   0.1619230647E+02   0.4388056358E-02   0.1117839363E-01
     64.   6.  -0.1548632355E+02   0.7607942900E+00   0.8414656079E+02   0.4358326493E+02   0.1619315589E+02   0.4215624593E-02   0.1117847852E-01
     65.   1.  -0.1550500000E+02   0.0000000000E+00   0.8415000000E+02   0.3742549836E+02   0.1350985293E+02   0.2336215266E-08   0.1123497674E-01
     65.   2.  -0.1550500000E+02   0.0000000000E+00   0.8415000000E+02   0.4350893914E+02   0.1571120657E+02   0.7229301909E-09   0.1121283642E-01
     65.   3.  -0.1550500000E+02   0.0000000000E+00   0.8415000000E+02   0.4367783398E+02   0.1612664560E+02   0.6409915111E-09   0.1121953651E-01
     65.   4.  -0.1550500000E+02   0.0000000000E+00   0.8415000000E+02   0.4367978663E+02   0.1615504896E+02   0.1403653430E-08   0.1122051223E-01
     65.   5.  -0.1550500000E+02   0.0000000000E+00   0.8415000000E+02   0.4368073309E+02   0.1618627241E+02   0.1265685481E-08   0.1122076201E-01
     65.   6.  -0.1550500000E+02   0.0000000000E+00   0.8415000000E+02   0.4368088826E+02   0.1618713694E+02   0.1731472347E-08   0.1122084802E-01
     66.   1.  -0.1548632355E+02  -0.7607942900E+00   0.8414656079E+02   0.3734261618E+02   0.1351438501E+02  -0.2332709572E-02   0.1119255415E-01
     66.   2.  -0.1548632355E+02  -0.7607942900E+00   0.8414656079E+02   0.4341177644E+02   0.1571737431E+02  -0.2223373809E-02   0.1117050100E-01
     66.   3.  -0.1548632355E+02  -0.7607942900E+00   0.8414656079E+02   0.4358021142E+02   0.1613266547E+02  -0.4308758546E-02   0.1117717404E-01
     66.   4.  -0.1548632355E+02  -0.7607942900E+00   0.8414656079E+02   0.4358216225E+02   0.1616107677E+02  -0.4230707101E-02   0.1117814542E-01
     66.   5.  -0.1548632355E+02  -0.7607942900E+00   0.8414656079E+02   0.4358311022E+02   0.1619230647E+02  -0.4388053501E-02   0.1117839363E-01
     66.   6.  -0.1548632355E+02  -0.7607942900E+00   0.8414656079E+02   0.4358326493E+02   0.1619315589E+02  -0.4215621736E-02   0.1117847852E-01
     67.   1.  -0.1543033919E+02  -0.1519755760E+01   0.8413627543E+02   0.3709466865E+02   0.1352801588E+02  -0.6364348438E-02   0.1106622767E-01
     67.   2.  -0.1543033919E+02  -0.1519755760E+01   0.8413627543E+02   0.4312108662E+02   0.1573592976E+02  -0.6471573261E-02   0.1104443328E-01
     67.   3.  -0.1543033919E+02  -0.1519755760E+01   0.8413627543E+02   0.4328815199E+02   0.1615079333E+02  -0.1064801490E-01   0.1105102587E-01
     67.   4.  -0.1543033919E+02  -0.1519755760E+01   0.8413627543E+02   0.4329009724E+02   0.1617922878E+02  -0.1050005710E-01   0.1105198435E-01
     67.   5.  -0.1543033919E+02  -0.1519755760E+01   0.8413627543E+02   0.4329104978E+02   0.1621047739E+02  -0.1082060583E-01   0.1105222786E-01
     67.   6.  -0.1543033919E+02  -0.1519755760E+01   0.8413627543E+02   0.4329120306E+02   0.1621128171E+02  -0.1048316000E-01   0.1105230941E-01
     68.   1.  -0.1533718179E+02  -0.2275056010E+01   0.8411924049E+02   0.3668375565E+02   0.1355084990E+02  -0.1371017857E-01   0.1085879581E-01
     68.   2.  -0.1533718179E+02  -0.2275056010E+01   0.8411924049E+02   0.4263925949E+02   0.1576702882E+02  -0.1467043551E-01   0.1083742487E-01
     68.   3.  -0.1533718179E+02  -0.2275056010E+01   0.8411924049E+02   0.4280407650E+02   0.1618123278E+02  -0.2094788939E-01   0.1084388533E-01
     68.   4.  -0.1533718179E+02  -0.2275056010E+01   0.8411924049E+02   0.4280601261E+02   0.1620970916E+02  -0.2074598384E-01   0.1084482263E-01
     68.   5.  -0.1533718179E+02  -0.2275056010E+01   0.8411924049E+02   0.4280697279E+02   0.1624099039E+02  -0.2124105045E-01   0.1084505844E-01
     68.   6.  -0.1533718179E+02  -0.2275056010E+01   0.8411924049E+02   0.4280712370E+02   0.1624172084E+02  -0.2075316534E-01   0.1084513448E-01
     69.   1.  -0.1520707577E+02  -0.3024875440E+01   0.8409561599E+02   0.3637396007E+02   0.1363523934E+02  -0.2574097528E-01   0.1057483855E-01
     69.   2.  -0.1520707577E+02  -0.3024875440E+01   0.8409561599E+02   0.4197027740E+02   0.1581110172E+02  -0.2849284230E-01   0.1055404734E-01
     69.   3.  -0.1520707577E+02  -0.3024875440E+01   0.8409561599E+02   0.4213201941E+02   0.1622448681E+02  -0.3688344362E-01   0.1056032717E-01
     69.   4.  -0.1520707577E+02  -0.3024875440E+01   0.8409561599E+02   0.4213394296E+02   0.1625302234E+02  -0.3665057743E-01   0.1056123554E-01
     69.   5.  -0.1520707577E+02  -0.3024875440E+01   0.8409561599E+02   0.4213491379E+02   0.1628435078E+02  -0.3733647029E-01   0.1056146076E-01
     69.   6.  -0.1520707577E+02  -0.3024875440E+01   0.8409561599E+02   0.4213506140E+02   0.1628498072E+02  -0.3671928588E-01   0.1056152920E-01
     70.   1.  -0.1504033458E+02  -0.3767407690E+01   0.8406562400E+02   0.3564375456E+02   0.1367850720E+02  -0.4389808252E-01   0.1022060287E-01
     70.   2.  -0.1504033458E+02  -0.3767407690E+01   0.8406562400E+02   0.4111967569E+02   0.1586818577E+02  -0.4948413121E-01   0.1020053406E-01
     70.   3.  -0.1504033458E+02  -0.3767407690E+01   0.8406562400E+02   0.4127759026E+02   0.1628068303E+02  -0.5999846628E-01   0.1020658884E-01
     70.   4.  -0.1504033458E+02  -0.3767407690E+01   0.8406562400E+02   0.4127949791E+02   0.1630929687E+02  -0.5976396996E-01   0.1020746108E-01
     70.   5.  -0.1504033458E+02  -0.3767407690E+01   0.8406562400E+02   0.4128048244E+02   0.1634068905E+02  -0.6066092416E-01   0.1020767304E-01
     70.   6.  -0.1504033458E+02  -0.3767407690E+01   0.8406562400E+02   0.4128062582E+02   0.1634119431E+02  -0.5994154745E-01   0.1020773190E-01
     71.   1.  -0.1483735991E+02  -0.4500863920E+01   0.8402954673E+02   0.3476401402E+02   0.1373200989E+02  -0.6899370433E-01   0.9803836342E-02
     71.   2.  -0.1483735991E+02  -0.4500863920E+01   0.8402954673E+02   0.4009456713E+02   0.1593893090E+02  -0.7869078951E-01   0.9784614785E-02
     71.   3.  -0.1483735991E+02  -0.4500863920E+01   0.8402954673E+02   0.4024799212E+02   0.1635056795E+02  -0.9133346937E-01   0.9790405298E-02
     71.   4.  -0.1483735991E+02  -0.4500863920E+01   0.8402954673E+02   0.4024988087E+02   0.1637928127E+02  -0.9113146661E-01   0.9791235069E-02
     71.   5.  -0.1483735991E+02  -0.4500863920E+01   0.8402954673E+02   0.4025088210E+02   0.1641075603E+02  -0.9226239364E-01   0.9791431389E-02
     71.   6.  -0.1483735991E+02  -0.4500863920E+01   0.8402954673E+02   0.4025102034E+02   0.1641111576E+02  -0.9147279488E-01   0.9791478819E-02
     72.   1.  -0.1459864073E+02  -0.5223477180E+01   0.8398772402E+02   0.3374230594E+02   0.1379611255E+02  -0.1015905602E+00   0.9333575974E-02
     72.   2.  -0.1459864073E+02  -0.5223477180E+01   0.8398772402E+02   0.3890359133E+02   0.1602392117E+02  -0.1167855720E+00   0.9315308617E-02
     72.   3.  -0.1459864073E+02  -0.5223477180E+01   0.8398772402E+02   0.3905196801E+02   0.1643481887E+02  -0.1315507978E+00   0.9320801477E-02
     72.   4.  -0.1459864073E+02  -0.5223477180E+01   0.8398772402E+02   0.3905383507E+02   0.1646365480E+02  -0.1314189827E+00   0.9321583356E-02
     72.   5.  -0.1459864073E+02  -0.5223477180E+01   0.8398772402E+02   0.3905485601E+02   0.1649523322E+02  -0.1328083842E+00   0.9321761927E-02
     72.   6.  -0.1459864073E+02  -0.5223477180E+01   0.8398772402E+02   0.3905498820E+02   0.1649543036E+02  -0.1319843095E+00   0.9321796254E-02
     73.   1.  -0.1432475215E+02  -0.5933506620E+01   0.8394055039E+02   0.3258747888E+02   0.1387120717E+02  -0.1418609684E+00   0.8819905089E-02
     73.   2.  -0.1432475215E+02  -0.5933506620E+01   0.8394055039E+02   0.3755689001E+02   0.1612383044E+02  -0.1639818751E+00   0.8802679157E-02
     73.   3.  -0.1432475215E+02  -0.5933506620E+01   0.8394055039E+02   0.3769976945E+02   0.1653418495E+02  -0.1808483264E+00   0.8807847516E-02
     73.   4.  -0.1432475215E+02  -0.5933506620E+01   0.8394055039E+02   0.3770196868E+02   0.1657863681E+02  -0.1874969590E+00   0.8808577101E-02
     73.   5.  -0.1432475215E+02  -0.5933506620E+01   0.8394055039E+02   0.3770259386E+02   0.1659471851E+02  -0.1893303690E+00   0.8808736185E-02
     73.   6.  -0.1432475215E+02  -0.5933506620E+01   0.8394055039E+02   0.3770271913E+02   0.1659474028E+02  -0.1885098907E+00   0.8808755954E-02
     74.   1.  -0.1401635399E+02  -0.6629241720E+01   0.8388847152E+02   0.3166313754E+02   0.1395772953E+02  -0.1895685981E+00   0.8273678440E-02
     74.   2.  -0.1401635399E+02  -0.6629241720E+01   0.8388847152E+02   0.3663401271E+02   0.1642395654E+02  -0.2311659097E+00   0.8257556515E-02
     74.   3.  -0.1401635399E+02  -0.6629241720E+01   0.8388847152E+02   0.3676441745E+02   0.1664931722E+02  -0.2473025728E+00   0.8262380661E-02
     74.   4.  -0.1401635399E+02  -0.6629241720E+01   0.8388847152E+02   0.3676662220E+02   0.1669407889E+02  -0.2542186454E+00   0.8263054719E-02
     74.   5.  -0.1401635399E+02  -0.6629241720E+01   0.8388847152E+02   0.3676724052E+02   0.1671016451E+02  -0.2562103277E+00   0.8263192911E-02
     74.   6.  -0.1401635399E+02  -0.6629241720E+01   0.8388847152E+02   0.3676735800E+02   0.1671000229E+02  -0.2554328195E+00   0.8263196842E-02
     75.   1.  -0.1367418920E+02  -0.7309006400E+01   0.8383198033E+02   0.3027729498E+02   0.1408135899E+02  -0.2449635112E+00   0.7706213122E-02
     75.   2.  -0.1367418920E+02  -0.7309006400E+01   0.8383198033E+02   0.3501233101E+02   0.1655764386E+02  -0.2994948915E+00   0.7691233855E-02
     75.   3.  -0.1367418920E+02  -0.7309006400E+01   0.8383198033E+02   0.3513651008E+02   0.1678131202E+02  -0.3165280484E+00   0.7695701333E-02
     75.   4.  -0.1367418920E+02  -0.7309006400E+01   0.8383198033E+02   0.3513872020E+02   0.1682643612E+02  -0.3237350800E+00   0.7696317727E-02
     75.   5.  -0.1367418920E+02  -0.7309006400E+01   0.8383198033E+02   0.3513933321E+02   0.1684253885E+02  -0.3259164886E+00   0.7696434038E-02
     75.   6.  -0.1367418920E+02  -0.7309006400E+01   0.8383198033E+02   0.3513944205E+02   0.1684218898E+02  -0.3252204516E+00   0.7696421131E-02
     76.   1.  -0.1329908210E+02  -0.7971163050E+01   0.8377161249E+02   0.2878716795E+02   0.1414297262E+02  -0.3032312854E+00   0.7128965241E-02
     76.   2.  -0.1329908210E+02  -0.7971163050E+01   0.8377161249E+02   0.3327387490E+02   0.1670893912E+02  -0.3679894349E+00   0.7115145599E-02
     76.   3.  -0.1329908210E+02  -0.7971163050E+01   0.8377161249E+02   0.3339201627E+02   0.1694682315E+02  -0.3874415011E+00   0.7119251293E-02
     76.   4.  -0.1329908210E+02  -0.7971163050E+01   0.8377161249E+02   0.3339380195E+02   0.1697643097E+02  -0.3982408932E+00   0.7119809036E-02
     76.   5.  -0.1329908210E+02  -0.7971163050E+01   0.8377161249E+02   0.3339441122E+02   0.1699256735E+02  -0.4006404519E+00   0.7119902877E-02
     76.   6.  -0.1329908210E+02  -0.7971163050E+01   0.8377161249E+02   0.3339451062E+02   0.1699203058E+02  -0.4000625788E+00   0.7119872332E-02
     77.   1.  -0.1289193634E+02  -0.8614116460E+01   0.8370794166E+02   0.2721048320E+02   0.1427110163E+02  -0.3679338859E+00   0.6553207178E-02
     77.   2.  -0.1289193634E+02  -0.8614116460E+01   0.8370794166E+02   0.3144010281E+02   0.1706804944E+02  -0.4609864211E+00   0.6540540284E-02
     77.   3.  -0.1289193634E+02  -0.8614116460E+01   0.8370794166E+02   0.3154596747E+02   0.1711458979E+02  -0.4572495114E+00   0.6544286115E-02
     77.   4.  -0.1289193634E+02  -0.8614116460E+01   0.8370794166E+02   0.3154800122E+02   0.1716142488E+02  -0.4653096070E+00   0.6544785397E-02
     77.   5.  -0.1289193634E+02  -0.8614116460E+01   0.8370794166E+02   0.3154832627E+02   0.1716116145E+02  -0.4642679018E+00   0.6544856517E-02
     77.   6.  -0.1289193634E+02  -0.8614116460E+01   0.8370794166E+02   0.3154841544E+02   0.1716044278E+02  -0.4638417333E+00   0.6544807705E-02
     78.   1.  -0.1245373278E+02  -0.9236317720E+01   0.8364157420E+02   0.2568927734E+02   0.1467606347E+02  -0.4476035021E+00   0.5989696595E-02
     78.   2.  -0.1245373278E+02  -0.9236317720E+01   0.8364157420E+02   0.2951639432E+02   0.1725732167E+02  -0.5484218977E+00   0.5978153485E-02
     78.   3.  -0.1245373278E+02  -0.9236317720E+01   0.8364157420E+02   0.2961535992E+02   0.1730049616E+02  -0.5445395161E+00   0.5981548260E-02
     78.   4.  -0.1245373278E+02  -0.9236317720E+01   0.8364157420E+02   0.2961739079E+02   0.1734785530E+02  -0.5529883130E+00   0.5981990292E-02
     78.   5.  -0.1245373278E+02  -0.9236317720E+01   0.8364157420E+02   0.2961768888E+02   0.1734744732E+02  -0.5520843483E+00   0.5982038748E-02
     78.   6.  -0.1245373278E+02  -0.9236317720E+01   0.8364157420E+02   0.2961776710E+02   0.1734655624E+02  -0.5518380725E+00   0.5981971267E-02
     79.   1.  -0.1198552708E+02  -0.9836267870E+01   0.8357314362E+02   0.2398079409E+02   0.1507293697E+02  -0.5348026534E+00   0.5448366798E-02
     79.   2.  -0.1198552708E+02  -0.9836267870E+01   0.8357314362E+02   0.2752639938E+02   0.1746482226E+02  -0.6240861056E+00   0.5437898340E-02
     79.   3.  -0.1198552708E+02  -0.9836267870E+01   0.8357314362E+02   0.2761829135E+02   0.1752125805E+02  -0.6224684350E+00   0.5440957080E-02
     79.   4.  -0.1198552708E+02  -0.9836267870E+01   0.8357314362E+02   0.2762009510E+02   0.1755284359E+02  -0.6242183684E+00   0.5441344033E-02
     79.   5.  -0.1198552708E+02  -0.9836267870E+01   0.8357314362E+02   0.2762036495E+02   0.1755230306E+02  -0.6234788723E+00   0.5441370180E-02
     79.   6.  -0.1198552708E+02  -0.9836267870E+01   0.8357314362E+02   0.2762043152E+02   0.1755125267E+02  -0.6234348854E+00   0.5441283731E-02
     80.   1.  -0.1148844720E+02  -0.1041252159E+02   0.8350330469E+02   0.2222393868E+02   0.1525702740E+02  -0.6034439219E+00   0.4938041305E-02
     80.   2.  -0.1148844720E+02  -0.1041252159E+02   0.8350330469E+02   0.2548893161E+02   0.1769009505E+02  -0.7041288105E+00   0.4928580343E-02
     80.   3.  -0.1148844720E+02  -0.1041252159E+02   0.8350330469E+02   0.2557286857E+02   0.1774341249E+02  -0.7025123896E+00   0.4931323621E-02
     80.   4.  -0.1148844720E+02  -0.1041252159E+02   0.8350330469E+02   0.2557464164E+02   0.1777536541E+02  -0.7045597765E+00   0.4931658458E-02
     80.   5.  -0.1148844720E+02  -0.1041252159E+02   0.8350330469E+02   0.2557488214E+02   0.1777470740E+02  -0.7040049370E+00   0.4931662910E-02
     80.   6.  -0.1148844720E+02  -0.1041252159E+02   0.8350330469E+02   0.2557493645E+02   0.1777351405E+02  -0.7041785353E+00   0.4931557279E-02
     81.   1.  -0.1096369064E+02  -0.1096369064E+02   0.8343272732E+02   0.2044290197E+02   0.1545353532E+02  -0.6680838410E+00   0.4466186681E-02
     81.   2.  -0.1096369064E+02  -0.1096369064E+02   0.8343272732E+02   0.2342370289E+02   0.1793204801E+02  -0.7795294632E+00   0.4457651486E-02
     81.   3.  -0.1096369064E+02  -0.1096369064E+02   0.8343272732E+02   0.2349907935E+02   0.1799874707E+02  -0.7824057624E+00   0.4460104505E-02
     81.   4.  -0.1096369064E+02  -0.1096369064E+02   0.8343272732E+02   0.2350029224E+02   0.1801496237E+02  -0.7843435754E+00   0.4460390901E-02
     81.   5.  -0.1096369064E+02  -0.1096369064E+02   0.8343272732E+02   0.2350050255E+02   0.1801420421E+02  -0.7839865390E+00   0.4460374421E-02
     81.   6.  -0.1096369064E+02  -0.1096369064E+02   0.8343272732E+02   0.2350054405E+02   0.1801288717E+02  -0.7843846487E+00   0.4460249467E-02
     82.   1.  -0.1041252159E+02  -0.1148844720E+02   0.8336209019E+02   0.1867124336E+02   0.1567084305E+02  -0.7283630364E+00   0.4038714560E-02
     82.   2.  -0.1041252159E+02  -0.1148844720E+02   0.8336209019E+02   0.2135129056E+02   0.1818886272E+02  -0.8497210166E+00   0.4031011088E-02
     82.   3.  -0.1041252159E+02  -0.1148844720E+02   0.8336209019E+02   0.2141602657E+02   0.1825415834E+02  -0.8526445499E+00   0.4033202771E-02
     82.   4.  -0.1041252159E+02  -0.1148844720E+02   0.8336209019E+02   0.2141717209E+02   0.1827055834E+02  -0.8548507112E+00   0.4033444881E-02
     82.   5.  -0.1041252159E+02  -0.1148844720E+02   0.8336209019E+02   0.2141735161E+02   0.1826971906E+02  -0.8546971235E+00   0.4033408334E-02
     82.   6.  -0.1041252159E+02  -0.1148844720E+02   0.8336209019E+02   0.2141737983E+02   0.1826829937E+02  -0.8553184310E+00   0.4033263879E-02
     83.   1.  -0.9836267870E+01  -0.1198552708E+02   0.8329207430E+02   0.1693177100E+02   0.1591113014E+02  -0.7771939957E+00   0.3659838760E-02
     83.   2.  -0.9836267870E+01  -0.1198552708E+02   0.8329207430E+02   0.1929179341E+02   0.1847288371E+02  -0.9062742910E+00   0.3652864230E-02
     83.   3.  -0.9836267870E+01  -0.1198552708E+02   0.8329207430E+02   0.1934343823E+02   0.1852293589E+02  -0.9110294026E+00   0.3654826101E-02
     83.   4.  -0.9836267870E+01  -0.1198552708E+02   0.8329207430E+02   0.1934451794E+02   0.1853954652E+02  -0.9134915438E+00   0.3655028458E-02
     83.   5.  -0.9836267870E+01  -0.1198552708E+02   0.8329207430E+02   0.1934466634E+02   0.1853864628E+02  -0.9135389390E+00   0.3654972766E-02
     83.   6.  -0.9836267870E+01  -0.1198552708E+02   0.8329207430E+02   0.1934468094E+02   0.1853714599E+02  -0.9143737644E+00   0.3654808559E-02
     84.   1.  -0.9236317720E+01  -0.1245373278E+02   0.8322335634E+02   0.1518249733E+02   0.1613937730E+02  -0.8173273373E+00   0.3331997485E-02
     84.   2.  -0.9236317720E+01  -0.1245373278E+02   0.8322335634E+02   0.1726562798E+02   0.1874876400E+02  -0.9527724704E+00   0.3325643992E-02
     84.   3.  -0.9236317720E+01  -0.1245373278E+02   0.8322335634E+02   0.1730306210E+02   0.1881994586E+02  -0.9568568639E+00   0.3327408929E-02
     84.   4.  -0.9236317720E+01  -0.1245373278E+02   0.8322335634E+02   0.1730368282E+02   0.1881990122E+02  -0.9564126179E+00   0.3327576298E-02
     84.   5.  -0.9236317720E+01  -0.1245373278E+02   0.8322335634E+02   0.1730380009E+02   0.1881896020E+02  -0.9566513506E+00   0.3327502319E-02
     84.   6.  -0.9236317720E+01  -0.1245373278E+02   0.8322335634E+02   0.1730380084E+02   0.1881740210E+02  -0.9576808462E+00   0.3327318110E-02
     85.   1.  -0.8614116460E+01  -0.1289193634E+02   0.8315660213E+02   0.1348092558E+02   0.1637664929E+02  -0.8437354836E+00   0.3055842971E-02
     85.   2.  -0.8614116460E+01  -0.1289193634E+02   0.8315660213E+02   0.1529209309E+02   0.1904408529E+02  -0.9849193183E+00   0.3050001553E-02
     85.   3.  -0.8614116460E+01  -0.1289193634E+02   0.8315660213E+02   0.1531376813E+02   0.1910787481E+02  -0.9843464007E+00   0.3051602923E-02
     85.   4.  -0.8614116460E+01  -0.1289193634E+02   0.8315660213E+02   0.1531428548E+02   0.1910783420E+02  -0.9841112209E+00   0.3051739987E-02
     85.   5.  -0.8614116460E+01  -0.1289193634E+02   0.8315660213E+02   0.1531437190E+02   0.1910687217E+02  -0.9845241226E+00   0.3051648557E-02
     85.   6.  -0.8614116460E+01  -0.1289193634E+02   0.8315660213E+02   0.1531435873E+02   0.1910527847E+02  -0.9857214749E+00   0.3051444036E-02
     86.   1.  -0.7971163050E+01  -0.1329908210E+02   0.8309246004E+02   0.1183490687E+02   0.1661154545E+02  -0.8543989833E+00   0.2830305847E-02
     86.   2.  -0.7971163050E+01  -0.1329908210E+02   0.8309246004E+02   0.1338902287E+02   0.1932227826E+02  -0.9966569887E+00   0.2824869762E-02
     86.   3.  -0.7971163050E+01  -0.1329908210E+02   0.8309246004E+02   0.1339595041E+02   0.1939942370E+02  -0.9964327310E+00   0.2826340148E-02
     86.   4.  -0.7971163050E+01  -0.1329908210E+02   0.8309246004E+02   0.1339636724E+02   0.1939940701E+02  -0.9963873792E+00   0.2826451471E-02
     86.   5.  -0.7971163050E+01  -0.1329908210E+02   0.8309246004E+02   0.1339642345E+02   0.1939844284E+02  -0.9969501505E+00   0.2826343415E-02
     86.   6.  -0.7971163050E+01  -0.1329908210E+02   0.8309246004E+02   0.1339639645E+02   0.1939683425E+02  -0.9982817840E+00   0.2826118210E-02
     87.   1.  -0.7309006400E+01  -0.1367418920E+02   0.8303155454E+02   0.1014716755E+02   0.1702867740E+02  -0.8580184779E+00   0.2652724851E-02
     87.   2.  -0.7309006400E+01  -0.1367418920E+02   0.8303155454E+02   0.1157510846E+02   0.1961199384E+02  -0.9944908826E+00   0.2647593419E-02
     87.   3.  -0.7309006400E+01  -0.1367418920E+02   0.8303155454E+02   0.1156921927E+02   0.1969064301E+02  -0.9946852691E+00   0.2648963565E-02
     87.   4.  -0.7309006400E+01  -0.1367418920E+02   0.8303155454E+02   0.1156953956E+02   0.1969066793E+02  -0.9948039553E+00   0.2649053463E-02
     87.   5.  -0.7309006400E+01  -0.1367418920E+02   0.8303155454E+02   0.1156956655E+02   0.1968971850E+02  -0.9954865994E+00   0.2648929571E-02
     87.   6.  -0.7309006400E+01  -0.1367418920E+02   0.8303155454E+02   0.1156952599E+02   0.1968811385E+02  -0.9969124861E+00   0.2648683400E-02
     88.   1.  -0.6629241720E+01  -0.1401635399E+02   0.8297447994E+02   0.8618529131E+01   0.1728526328E+02  -0.8349056584E+00   0.2519046293E-02
     88.   2.  -0.6629241720E+01  -0.1401635399E+02   0.8297447994E+02   0.9788275881E+01   0.1985602915E+02  -0.9639934544E+00   0.2514127732E-02
     88.   3.  -0.6629241720E+01  -0.1401635399E+02   0.8297447994E+02   0.9852025868E+01   0.1997664192E+02  -0.9712708756E+00   0.2515425615E-02
     88.   4.  -0.6629241720E+01  -0.1401635399E+02   0.8297447994E+02   0.9852254635E+01   0.1997672295E+02  -0.9715227436E+00   0.2515498034E-02
     88.   5.  -0.6629241720E+01  -0.1401635399E+02   0.8297447994E+02   0.9852253746E+01   0.1997580250E+02  -0.9722908935E+00   0.2515359059E-02
     88.   6.  -0.6629241720E+01  -0.1401635399E+02   0.8297447994E+02   0.9852200077E+01   0.1997421785E+02  -0.9737662581E+00   0.2515091786E-02
     89.   1.  -0.5933506620E+01  -0.1432475215E+02   0.8292179434E+02   0.7243764858E+01   0.1755486750E+02  -0.7990383641E+00   0.2424081505E-02
     89.   2.  -0.5933506620E+01  -0.1432475215E+02   0.8292179434E+02   0.8207224726E+01   0.2015835021E+02  -0.9175680325E+00   0.2419295599E-02
     89.   3.  -0.5933506620E+01  -0.1432475215E+02   0.8292179434E+02   0.8262653133E+01   0.2025108874E+02  -0.9222371348E+00   0.2420545731E-02
     89.   4.  -0.5933506620E+01  -0.1432475215E+02   0.8292179434E+02   0.8262796476E+01   0.2025123679E+02  -0.9225876963E+00   0.2420604191E-02
     89.   5.  -0.5933506620E+01  -0.1432475215E+02   0.8292179434E+02   0.8262769433E+01   0.2025035655E+02  -0.9234038538E+00   0.2420450940E-02
     89.   6.  -0.5933506620E+01  -0.1432475215E+02   0.8292179434E+02   0.8262703323E+01   0.2024880474E+02  -0.9248808499E+00   0.2420162694E-02
     90.   1.  -0.5223477180E+01  -0.1459864073E+02   0.8287401395E+02   0.5993302353E+01   0.1778243215E+02  -0.7442427611E+00   0.2361814303E-02
     90.   2.  -0.5223477180E+01  -0.1459864073E+02   0.8287401395E+02   0.6771599438E+01   0.2042671955E+02  -0.8547956335E+00   0.2357094627E-02
     90.   3.  -0.5223477180E+01  -0.1459864073E+02   0.8287401395E+02   0.6817481038E+01   0.2050958977E+02  -0.8588712184E+00   0.2358317478E-02
     90.   4.  -0.5223477180E+01  -0.1459864073E+02   0.8287401395E+02   0.6817546127E+01   0.2050981163E+02  -0.8592840488E+00   0.2358365033E-02
     90.   5.  -0.5223477180E+01  -0.1459864073E+02   0.8287401395E+02   0.6817494981E+01   0.2050897932E+02  -0.8601092651E+00   0.2358198398E-02
     90.   6.  -0.5223477180E+01  -0.1459864073E+02   0.8287401395E+02   0.6817417285E+01   0.2050746955E+02  -0.8615387214E+00   0.2357889695E-02
     91.   1.  -0.4500863920E+01  -0.1483735991E+02   0.8283160780E+02   0.4882102805E+01   0.1800263531E+02  -0.6739252939E+00   0.2325742683E-02
     91.   2.  -0.4500863920E+01  -0.1483735991E+02   0.8283160780E+02   0.5495929002E+01   0.2067060091E+02  -0.7744326401E+00   0.2321037831E-02
     91.   3.  -0.4500863920E+01  -0.1483735991E+02   0.8283160780E+02   0.5531823647E+01   0.2074682302E+02  -0.7779192480E+00   0.2322249362E-02
     91.   4.  -0.4500863920E+01  -0.1483735991E+02   0.8283160780E+02   0.5531818630E+01   0.2074712106E+02  -0.7783573628E+00   0.2322288613E-02
     91.   5.  -0.4500863920E+01  -0.1483735991E+02   0.8283160780E+02   0.5531745805E+01   0.2074634057E+02  -0.7791527194E+00   0.2322109647E-02
     91.   6.  -0.4500863920E+01  -0.1483735991E+02   0.8283160780E+02   0.5531657589E+01   0.2074487798E+02  -0.7804861104E+00   0.2321781471E-02
     92.   1.  -0.3767407690E+01  -0.1504033458E+02   0.8279499282E+02   0.3908320253E+01   0.1819657069E+02  -0.5871510169E+00   0.2309243344E-02
     92.   2.  -0.3767407690E+01  -0.1504033458E+02   0.8279499282E+02   0.4393072033E+01   0.2088514596E+02  -0.6740354159E+00   0.2304517425E-02
     92.   3.  -0.3767407690E+01  -0.1504033458E+02   0.8279499282E+02   0.4419398613E+01   0.2095749079E+02  -0.6769418512E+00   0.2305729120E-02
     92.   4.  -0.3767407690E+01  -0.1504033458E+02   0.8279499282E+02   0.4419332540E+01   0.2095786282E+02  -0.6773699741E+00   0.2305762179E-02
     92.   5.  -0.3767407690E+01  -0.1504033458E+02   0.8279499282E+02   0.4419240760E+01   0.2095713441E+02  -0.6780982024E+00   0.2305572184E-02
     92.   6.  -0.3767407690E+01  -0.1504033458E+02   0.8279499282E+02   0.4419143273E+01   0.2095572009E+02  -0.6792897814E+00   0.2305226037E-02
     93.   1.  -0.3024875440E+01  -0.1520707577E+02   0.8276452952E+02   0.3106218412E+01   0.1835356774E+02  -0.4872508958E+00   0.2305937975E-02
     93.   2.  -0.3024875440E+01  -0.1520707577E+02   0.8276452952E+02   0.3474429565E+01   0.2106651293E+02  -0.5593964517E+00   0.2301170188E-02
     93.   3.  -0.3024875440E+01  -0.1520707577E+02   0.8276452952E+02   0.3492235750E+01   0.2113707142E+02  -0.5617283523E+00   0.2302389067E-02
     93.   4.  -0.3024875440E+01  -0.1520707577E+02   0.8276452952E+02   0.3492118514E+01   0.2113751111E+02  -0.5621139662E+00   0.2302417698E-02
     93.   5.  -0.3024875440E+01  -0.1520707577E+02   0.8276452952E+02   0.3492010809E+01   0.2113683124E+02  -0.5627413676E+00   0.2302218176E-02
     93.   6.  -0.3024875440E+01  -0.1520707577E+02   0.8276452952E+02   0.3491905479E+01   0.2113546259E+02  -0.5637494981E+00   0.2301856226E-02
     94.   1.  -0.2275056010E+01  -0.1533718179E+02   0.8274051822E+02   0.2473155262E+01   0.1847937636E+02  -0.3759496022E+00   0.2310046438E-02
     94.   2.  -0.2275056010E+01  -0.1533718179E+02   0.8274051822E+02   0.2749586675E+01   0.2121124107E+02  -0.4316375941E+00   0.2305229914E-02
     94.   3.  -0.2275056010E+01  -0.1533718179E+02   0.8274051822E+02   0.2760374417E+01   0.2128137335E+02  -0.4333944456E+00   0.2306459062E-02
     94.   4.  -0.2275056010E+01  -0.1533718179E+02   0.8274051822E+02   0.2760216616E+01   0.2128187004E+02  -0.4337098824E+00   0.2306484567E-02
     94.   5.  -0.2275056010E+01  -0.1533718179E+02   0.8274051822E+02   0.2760096241E+01   0.2128123182E+02  -0.4342075190E+00   0.2306277292E-02
     94.   6.  -0.2275056010E+01  -0.1533718179E+02   0.8274051822E+02   0.2759984642E+01   0.2127990265E+02  -0.4349967484E+00   0.2305902267E-02
     95.   1.  -0.1519755760E+01  -0.1543033919E+02   0.8272319586E+02   0.2015984323E+01   0.1857127853E+02  -0.2557426783E+00   0.2316703825E-02
     95.   2.  -0.1519755760E+01  -0.1543033919E+02   0.8272319586E+02   0.2226219098E+01   0.2131661046E+02  -0.2936341756E+00   0.2311843423E-02
     95.   3.  -0.1519755760E+01  -0.1543033919E+02   0.8272319586E+02   0.2231803635E+01   0.2138699690E+02  -0.2948109152E+00   0.2313082540E-02
     95.   4.  -0.1519755760E+01  -0.1543033919E+02   0.8272319586E+02   0.2231616429E+01   0.2138753685E+02  -0.2950340692E+00   0.2313106010E-02
     95.   5.  -0.1519755760E+01  -0.1543033919E+02   0.8272319586E+02   0.2231486863E+01   0.2138693054E+02  -0.2953790617E+00   0.2312892991E-02
     95.   6.  -0.1519755760E+01  -0.1543033919E+02   0.8272319586E+02   0.2231370687E+01   0.2138563185E+02  -0.2959213846E+00   0.2312508191E-02
     96.   1.  -0.7607942900E+00  -0.1548632355E+02   0.8271273350E+02   0.1739674755E+01   0.1862725290E+02  -0.1294252676E+00   0.2322229627E-02
     96.   2.  -0.7607942900E+00  -0.1548632355E+02   0.8271273350E+02   0.1909925265E+01   0.2138063737E+02  -0.1486038361E+00   0.2317339035E-02
     96.   3.  -0.7607942900E+00  -0.1548632355E+02   0.8271273350E+02   0.1912317908E+01   0.2145141164E+02  -0.1491943209E+00   0.2318585138E-02
     96.   4.  -0.7607942900E+00  -0.1548632355E+02   0.8271273350E+02   0.1912112886E+01   0.2145197890E+02  -0.1493097769E+00   0.2318607551E-02
     96.   5.  -0.7607942900E+00  -0.1548632355E+02   0.8271273350E+02   0.1911977748E+01   0.2145139258E+02  -0.1494863316E+00   0.2318390980E-02
     96.   6.  -0.7607942900E+00  -0.1548632355E+02   0.8271273350E+02   0.1911858796E+01   0.2145011313E+02  -0.1497624235E+00   0.2318000135E-02
     97.   1.   0.0000000000E+00  -0.1550500000E+02   0.8270923452E+02   0.1647235680E+01   0.1864605326E+02  -0.3306396008E-07   0.2324331265E-02
     97.   2.   0.0000000000E+00  -0.1550500000E+02   0.8270923452E+02   0.1804111619E+01   0.2140211553E+02  -0.4310994483E-07   0.2319429934E-02
     97.   3.   0.0000000000E+00  -0.1550500000E+02   0.8270923452E+02   0.1805430208E+01   0.2147305914E+02  -0.4297229220E-07   0.2320678570E-02
     97.   4.   0.0000000000E+00  -0.1550500000E+02   0.8270923452E+02   0.1805219229E+01   0.2147363561E+02  -0.4258965489E-07   0.2320700630E-02
     97.   5.   0.0000000000E+00  -0.1550500000E+02   0.8270923452E+02   0.1805082219E+01   0.2147305614E+02  -0.4258950082E-07   0.2320482860E-02
     97.   6.   0.0000000000E+00  -0.1550500000E+02   0.8270923452E+02   0.1804962331E+01   0.2147178326E+02  -0.4319812779E-07   0.2320089972E-02
     98.   1.   0.7607942900E+00  -0.1548632355E+02   0.8271273350E+02   0.1739674753E+01   0.1862725290E+02   0.1294251926E+00   0.2322229627E-02
     98.   2.   0.7607942900E+00  -0.1548632355E+02   0.8271273350E+02   0.1909925264E+01   0.2138063737E+02   0.1486037508E+00   0.2317339035E-02
     98.   3.   0.7607942900E+00  -0.1548632355E+02   0.8271273350E+02   0.1912317907E+01   0.2145141164E+02   0.1491942353E+00   0.2318585138E-02
     98.   4.   0.7607942900E+00  -0.1548632355E+02   0.8271273350E+02   0.1912112885E+01   0.2145197890E+02   0.1493096913E+00   0.2318607551E-02
     98.   5.   0.7607942900E+00  -0.1548632355E+02   0.8271273350E+02   0.1911977747E+01   0.2145139258E+02   0.1494862460E+00   0.2318390980E-02
     98.   6.   0.7607942900E+00  -0.1548632355E+02   0.8271273350E+02   0.1911858795E+01   0.2145011313E+02   0.1497623379E+00   0.2318000134E-02
     99.   1.   0.1519755760E+01  -0.1543033919E+02   0.8272319586E+02   0.2015984320E+01   0.1857127853E+02   0.2557426042E+00   0.2316703825E-02
     99.   2.   0.1519755760E+01  -0.1543033919E+02   0.8272319586E+02   0.2226219095E+01   0.2131661046E+02   0.2936340903E+00   0.2311843423E-02
     99.   3.   0.1519755760E+01  -0.1543033919E+02   0.8272319586E+02   0.2231803633E+01   0.2138699690E+02   0.2948108296E+00   0.2313082540E-02
     99.   4.   0.1519755760E+01  -0.1543033919E+02   0.8272319586E+02   0.2231616427E+01   0.2138753686E+02   0.2950339835E+00   0.2313106009E-02
     99.   5.   0.1519755760E+01  -0.1543033919E+02   0.8272319586E+02   0.2231486861E+01   0.2138693054E+02   0.2953789760E+00   0.2312892991E-02
     99.   6.   0.1519755760E+01  -0.1543033919E+02   0.8272319586E+02   0.2231370684E+01   0.2138563185E+02   0.2959212990E+00   0.2312508191E-02
    100.   1.   0.2275056010E+01  -0.1533718179E+02   0.8274051822E+02   0.2473155260E+01   0.1847937636E+02   0.3759495283E+00   0.2310046438E-02
    100.   2.   0.2275056010E+01  -0.1533718179E+02   0.8274051822E+02   0.2749586671E+01   0.2121124107E+02   0.4316375092E+00   0.2305229914E-02
    100.   3.   0.2275056010E+01  -0.1533718179E+02   0.8274051822E+02   0.2760374414E+01   0.2128137335E+02   0.4333943603E+00   0.2306459062E-02
    100.   4.   0.2275056010E+01  -0.1533718179E+02   0.8274051822E+02   0.2760216613E+01   0.2128187004E+02   0.4337097970E+00   0.2306484567E-02
    100.   5.   0.2275056010E+01  -0.1533718179E+02   0.8274051822E+02   0.2760096238E+01   0.2128123182E+02   0.4342074336E+00   0.2306277292E-02
    100.   6.   0.2275056010E+01  -0.1533718179E+02   0.8274051822E+02   0.2759984638E+01   0.2127990265E+02   0.4349966631E+00   0.2305902267E-02
    101.   1.   0.3024875440E+01  -0.1520707577E+02   0.8276452952E+02   0.3106218408E+01   0.1835356774E+02   0.4872508222E+00   0.2305937974E-02
    101.   2.   0.3024875440E+01  -0.1520707577E+02   0.8276452952E+02   0.3474429560E+01   0.2106651293E+02   0.5593963673E+00   0.2301170188E-02
    101.   3.   0.3024875440E+01  -0.1520707577E+02   0.8276452952E+02   0.3492235746E+01   0.2113707142E+02   0.5617282676E+00   0.2302389066E-02
    101.   4.   0.3024875440E+01  -0.1520707577E+02   0.8276452952E+02   0.3492118509E+01   0.2113751111E+02   0.5621138814E+00   0.2302417698E-02
    101.   5.   0.3024875440E+01  -0.1520707577E+02   0.8276452952E+02   0.3492010804E+01   0.2113683124E+02   0.5627412828E+00   0.2302218175E-02
    101.   6.   0.3024875440E+01  -0.1520707577E+02   0.8276452952E+02   0.3491905475E+01   0.2113546259E+02   0.5637494133E+00   0.2301856225E-02
    102.   1.   0.3767407690E+01  -0.1504033458E+02   0.8279499282E+02   0.3908320249E+01   0.1819657070E+02   0.5871509439E+00   0.2309243344E-02
    102.   2.   0.3767407690E+01  -0.1504033458E+02   0.8279499282E+02   0.4393072027E+01   0.2088514596E+02   0.6740353322E+00   0.2304517425E-02
    102.   3.   0.3767407690E+01  -0.1504033458E+02   0.8279499282E+02   0.4419398607E+01   0.2095749079E+02   0.6769417671E+00   0.2305729119E-02
    102.   4.   0.3767407690E+01  -0.1504033458E+02   0.8279499282E+02   0.4419332534E+01   0.2095786282E+02   0.6773698900E+00   0.2305762179E-02
    102.   5.   0.3767407690E+01  -0.1504033458E+02   0.8279499282E+02   0.4419240754E+01   0.2095713442E+02   0.6780981184E+00   0.2305572184E-02
    102.   6.   0.3767407690E+01  -0.1504033458E+02   0.8279499282E+02   0.4419143267E+01   0.2095572009E+02   0.6792896973E+00   0.2305226036E-02
    103.   1.   0.4500863920E+01  -0.1483735991E+02   0.8283160780E+02   0.4882102798E+01   0.1800263532E+02   0.6739252219E+00   0.2325742683E-02
    103.   2.   0.4500863920E+01  -0.1483735991E+02   0.8283160780E+02   0.5495928995E+01   0.2067060092E+02   0.7744325571E+00   0.2321037830E-02
    103.   3.   0.4500863920E+01  -0.1483735991E+02   0.8283160780E+02   0.5531823640E+01   0.2074682303E+02   0.7779191648E+00   0.2322249361E-02
    103.   4.   0.4500863920E+01  -0.1483735991E+02   0.8283160780E+02   0.5531818623E+01   0.2074712107E+02   0.7783572796E+00   0.2322288613E-02
    103.   5.   0.4500863920E+01  -0.1483735991E+02   0.8283160780E+02   0.5531745797E+01   0.2074634057E+02   0.7791526361E+00   0.2322109647E-02
    103.   6.   0.4500863920E+01  -0.1483735991E+02   0.8283160780E+02   0.5531657582E+01   0.2074487799E+02   0.7804860272E+00   0.2321781471E-02
    104.   1.   0.5223477180E+01  -0.1459864073E+02   0.8287401395E+02   0.5993302345E+01   0.1778243215E+02   0.7442426900E+00   0.2361814302E-02
    104.   2.   0.5223477180E+01  -0.1459864073E+02   0.8287401395E+02   0.6771599431E+01   0.2042671955E+02   0.8547955517E+00   0.2357094627E-02
    104.   3.   0.5223477180E+01  -0.1459864073E+02   0.8287401395E+02   0.6817481030E+01   0.2050958977E+02   0.8588711362E+00   0.2358317478E-02
    104.   4.   0.5223477180E+01  -0.1459864073E+02   0.8287401395E+02   0.6817546119E+01   0.2050981164E+02   0.8592839667E+00   0.2358365032E-02
    104.   5.   0.5223477180E+01  -0.1459864073E+02   0.8287401395E+02   0.6817494973E+01   0.2050897933E+02   0.8601091829E+00   0.2358198398E-02
    104.   6.   0.5223477180E+01  -0.1459864073E+02   0.8287401395E+02   0.6817417277E+01   0.2050746956E+02   0.8615386392E+00   0.2357889695E-02
    105.   1.   0.5933506620E+01  -0.1432475215E+02   0.8292179434E+02   0.7243764853E+01   0.1755486750E+02   0.7990382951E+00   0.2424081505E-02
    105.   2.   0.5933506620E+01  -0.1432475215E+02   0.8292179434E+02   0.8207224718E+01   0.2015835021E+02   0.9175679524E+00   0.2419295598E-02
    105.   3.   0.5933506620E+01  -0.1432475215E+02   0.8292179434E+02   0.8262653124E+01   0.2025108874E+02   0.9222370542E+00   0.2420545731E-02
    105.   4.   0.5933506620E+01  -0.1432475215E+02   0.8292179434E+02   0.8262796467E+01   0.2025123680E+02   0.9225876156E+00   0.2420604191E-02
    105.   5.   0.5933506620E+01  -0.1432475215E+02   0.8292179434E+02   0.8262769423E+01   0.2025035655E+02   0.9234037730E+00   0.2420450940E-02
    105.   6.   0.5933506620E+01  -0.1432475215E+02   0.8292179434E+02   0.8262703314E+01   0.2024880474E+02   0.9248807691E+00   0.2420162695E-02
    106.   1.   0.6629241720E+01  -0.1401635399E+02   0.8297447994E+02   0.8618529123E+01   0.1728526329E+02   0.8349055894E+00   0.2519046292E-02
    106.   2.   0.6629241720E+01  -0.1401635399E+02   0.8297447994E+02   0.9788275870E+01   0.1985602916E+02   0.9639933756E+00   0.2514127731E-02
    106.   3.   0.6629241720E+01  -0.1401635399E+02   0.8297447994E+02   0.9852025857E+01   0.1997664193E+02   0.9712707964E+00   0.2515425614E-02
    106.   4.   0.6629241720E+01  -0.1401635399E+02   0.8297447994E+02   0.9852254625E+01   0.1997672295E+02   0.9715226645E+00   0.2515498033E-02
    106.   5.   0.6629241720E+01  -0.1401635399E+02   0.8297447994E+02   0.9852253735E+01   0.1997580251E+02   0.9722908143E+00   0.2515359057E-02
    106.   6.   0.6629241720E+01  -0.1401635399E+02   0.8297447994E+02   0.9852200066E+01   0.1997421785E+02   0.9737661790E+00   0.2515091785E-02
    107.   1.   0.7309006400E+01  -0.1367418920E+02   0.8303155454E+02   0.1014716754E+02   0.1702867741E+02   0.8580184109E+00   0.2652724849E-02
    107.   2.   0.7309006400E+01  -0.1367418920E+02   0.8303155454E+02   0.1157510845E+02   0.1961199384E+02   0.9944908052E+00   0.2647593418E-02
    107.   3.   0.7309006400E+01  -0.1367418920E+02   0.8303155454E+02   0.1156921926E+02   0.1969064301E+02   0.9946851914E+00   0.2648963563E-02
    107.   4.   0.7309006400E+01  -0.1367418920E+02   0.8303155454E+02   0.1156953954E+02   0.1969066793E+02   0.9948038775E+00   0.2649053462E-02
    107.   5.   0.7309006400E+01  -0.1367418920E+02   0.8303155454E+02   0.1156956654E+02   0.1968971851E+02   0.9954865216E+00   0.2648929570E-02
    107.   6.   0.7309006400E+01  -0.1367418920E+02   0.8303155454E+02   0.1156952597E+02   0.1968811386E+02   0.9969124083E+00   0.2648683399E-02
    108.   1.   0.7971163050E+01  -0.1329908210E+02   0.8309246004E+02   0.1183490686E+02   0.1661154546E+02   0.8543989183E+00   0.2830305845E-02
    108.   2.   0.7971163050E+01  -0.1329908210E+02   0.8309246004E+02   0.1338902286E+02   0.1932227826E+02   0.9966569132E+00   0.2824869761E-02
    108.   3.   0.7971163050E+01  -0.1329908210E+02   0.8309246004E+02   0.1339595039E+02   0.1939942371E+02   0.9964326551E+00   0.2826340146E-02
    108.   4.   0.7971163050E+01  -0.1329908210E+02   0.8309246004E+02   0.1339636723E+02   0.1939940702E+02   0.9963873032E+00   0.2826451469E-02
    108.   5.   0.7971163050E+01  -0.1329908210E+02   0.8309246004E+02   0.1339642344E+02   0.1939844284E+02   0.9969500746E+00   0.2826343413E-02
    108.   6.   0.7971163050E+01  -0.1329908210E+02   0.8309246004E+02   0.1339639644E+02   0.1939683425E+02   0.9982817081E+00   0.2826118208E-02
    109.   1.   0.8614116460E+01  -0.1289193634E+02   0.8315660213E+02   0.1348092557E+02   0.1637664929E+02   0.8437354202E+00   0.3055842969E-02
    109.   2.   0.8614116460E+01  -0.1289193634E+02   0.8315660213E+02   0.1529209307E+02   0.1904408530E+02   0.9849192447E+00   0.3050001551E-02
    109.   3.   0.8614116460E+01  -0.1289193634E+02   0.8315660213E+02   0.1531376811E+02   0.1910787482E+02   0.9843463268E+00   0.3051602921E-02
    109.   4.   0.8614116460E+01  -0.1289193634E+02   0.8315660213E+02   0.1531428547E+02   0.1910783420E+02   0.9841111470E+00   0.3051739985E-02
    109.   5.   0.8614116460E+01  -0.1289193634E+02   0.8315660213E+02   0.1531437188E+02   0.1910687217E+02   0.9845240487E+00   0.3051648555E-02
    109.   6.   0.8614116460E+01  -0.1289193634E+02   0.8315660213E+02   0.1531435871E+02   0.1910527847E+02   0.9857214010E+00   0.3051444034E-02
    110.   1.   0.9236317720E+01  -0.1245373278E+02   0.8322335634E+02   0.1518249732E+02   0.1613937730E+02   0.8173272763E+00   0.3331997482E-02
    110.   2.   0.9236317720E+01  -0.1245373278E+02   0.8322335634E+02   0.1726562797E+02   0.1874876401E+02   0.9527723991E+00   0.3325643990E-02
    110.   3.   0.9236317720E+01  -0.1245373278E+02   0.8322335634E+02   0.1730306208E+02   0.1881994586E+02   0.9568567921E+00   0.3327408926E-02
    110.   4.   0.9236317720E+01  -0.1245373278E+02   0.8322335634E+02   0.1730368280E+02   0.1881990123E+02   0.9564125461E+00   0.3327576295E-02
    110.   5.   0.9236317720E+01  -0.1245373278E+02   0.8322335634E+02   0.1730380007E+02   0.1881896021E+02   0.9566512788E+00   0.3327502316E-02
    110.   6.   0.9236317720E+01  -0.1245373278E+02   0.8322335634E+02   0.1730380082E+02   0.1881740210E+02   0.9576807743E+00   0.3327318107E-02
    111.   1.   0.9836267870E+01  -0.1198552708E+02   0.8329207430E+02   0.1693177099E+02   0.1591113015E+02   0.7771939362E+00   0.3659838757E-02
    111.   2.   0.9836267870E+01  -0.1198552708E+02   0.8329207430E+02   0.1929179339E+02   0.1847288372E+02   0.9062742220E+00   0.3652864226E-02
    111.   3.   0.9836267870E+01  -0.1198552708E+02   0.8329207430E+02   0.1934343821E+02   0.1852293590E+02   0.9110293332E+00   0.3654826097E-02
    111.   4.   0.9836267870E+01  -0.1198552708E+02   0.8329207430E+02   0.1934451792E+02   0.1853954653E+02   0.9134914744E+00   0.3655028455E-02
    111.   5.   0.9836267870E+01  -0.1198552708E+02   0.8329207430E+02   0.1934466632E+02   0.1853864629E+02   0.9135388697E+00   0.3654972762E-02
    111.   6.   0.9836267870E+01  -0.1198552708E+02   0.8329207430E+02   0.1934468092E+02   0.1853714600E+02   0.9143736950E+00   0.3654808555E-02
    112.   1.   0.1041252159E+02  -0.1148844720E+02   0.8336209019E+02   0.1867124334E+02   0.1567084306E+02   0.7283629791E+00   0.4038714556E-02
    112.   2.   0.1041252159E+02  -0.1148844720E+02   0.8336209019E+02   0.2135129054E+02   0.1818886273E+02   0.8497209501E+00   0.4031011084E-02
    112.   3.   0.1041252159E+02  -0.1148844720E+02   0.8336209019E+02   0.2141602655E+02   0.1825415835E+02   0.8526444832E+00   0.4033202767E-02
    112.   4.   0.1041252159E+02  -0.1148844720E+02   0.8336209019E+02   0.2141717207E+02   0.1827055835E+02   0.8548506444E+00   0.4033444877E-02
    112.   5.   0.1041252159E+02  -0.1148844720E+02   0.8336209019E+02   0.2141735159E+02   0.1826971907E+02   0.8546970567E+00   0.4033408330E-02
    112.   6.   0.1041252159E+02  -0.1148844720E+02   0.8336209019E+02   0.2141737981E+02   0.1826829938E+02   0.8553183642E+00   0.4033263875E-02
    113.   1.   0.1096369064E+02  -0.1096369064E+02   0.8343272732E+02   0.2044290195E+02   0.1545353533E+02   0.6680837863E+00   0.4466186676E-02
    113.   2.   0.1096369064E+02  -0.1096369064E+02   0.8343272732E+02   0.2342370287E+02   0.1793204801E+02   0.7795293995E+00   0.4457651481E-02
    113.   3.   0.1096369064E+02  -0.1096369064E+02   0.8343272732E+02   0.2349907932E+02   0.1799874708E+02   0.7824056984E+00   0.4460104500E-02
    113.   4.   0.1096369064E+02  -0.1096369064E+02   0.8343272732E+02   0.2350029222E+02   0.1801496238E+02   0.7843435115E+00   0.4460390897E-02
    113.   5.   0.1096369064E+02  -0.1096369064E+02   0.8343272732E+02   0.2350050253E+02   0.1801420422E+02   0.7839864751E+00   0.4460374416E-02
    113.   6.   0.1096369064E+02  -0.1096369064E+02   0.8343272732E+02   0.2350054403E+02   0.1801288718E+02   0.7843845847E+00   0.4460249462E-02
    114.   1.   0.1148844720E+02  -0.1041252159E+02   0.8350330469E+02   0.2222393866E+02   0.1525702741E+02   0.6034438699E+00   0.4938041300E-02
    114.   2.   0.1148844720E+02  -0.1041252159E+02   0.8350330469E+02   0.2548893159E+02   0.1769009506E+02   0.7041287501E+00   0.4928580338E-02
    114.   3.   0.1148844720E+02  -0.1041252159E+02   0.8350330469E+02   0.2557286855E+02   0.1774341249E+02   0.7025123288E+00   0.4931323616E-02
    114.   4.   0.1148844720E+02  -0.1041252159E+02   0.8350330469E+02   0.2557464162E+02   0.1777536542E+02   0.7045597157E+00   0.4931658452E-02
    114.   5.   0.1148844720E+02  -0.1041252159E+02   0.8350330469E+02   0.2557488212E+02   0.1777470740E+02   0.7040048761E+00   0.4931662905E-02
    114.   6.   0.1148844720E+02  -0.1041252159E+02   0.8350330469E+02   0.2557493643E+02   0.1777351406E+02   0.7041784744E+00   0.4931557274E-02
    115.   1.   0.1198552708E+02  -0.9836267870E+01   0.8357314362E+02   0.2398079407E+02   0.1507293698E+02   0.5348026039E+00   0.5448366792E-02
    115.   2.   0.1198552708E+02  -0.9836267870E+01   0.8357314362E+02   0.2752639936E+02   0.1746482226E+02   0.6240860482E+00   0.5437898334E-02
    115.   3.   0.1198552708E+02  -0.9836267870E+01   0.8357314362E+02   0.2761829133E+02   0.1752125806E+02   0.6224683773E+00   0.5440957073E-02
    115.   4.   0.1198552708E+02  -0.9836267870E+01   0.8357314362E+02   0.2762009508E+02   0.1755284360E+02   0.6242183107E+00   0.5441344026E-02
    115.   5.   0.1198552708E+02  -0.9836267870E+01   0.8357314362E+02   0.2762036492E+02   0.1755230307E+02   0.6234788147E+00   0.5441370173E-02
    115.   6.   0.1198552708E+02  -0.9836267870E+01   0.8357314362E+02   0.2762043150E+02   0.1755125268E+02   0.6234348277E+00   0.5441283724E-02
    116.   1.   0.1245373278E+02  -0.9236317720E+01   0.8364157420E+02   0.2568927732E+02   0.1467606348E+02   0.4476034561E+00   0.5989696588E-02
    116.   2.   0.1245373278E+02  -0.9236317720E+01   0.8364157420E+02   0.2951639429E+02   0.1725732167E+02   0.5484218435E+00   0.5978153477E-02
    116.   3.   0.1245373278E+02  -0.9236317720E+01   0.8364157420E+02   0.2961535990E+02   0.1730049616E+02   0.5445394618E+00   0.5981548253E-02
    116.   4.   0.1245373278E+02  -0.9236317720E+01   0.8364157420E+02   0.2961739076E+02   0.1734785531E+02   0.5529882586E+00   0.5981990285E-02
    116.   5.   0.1245373278E+02  -0.9236317720E+01   0.8364157420E+02   0.2961768885E+02   0.1734744732E+02   0.5520842938E+00   0.5982038741E-02
    116.   6.   0.1245373278E+02  -0.9236317720E+01   0.8364157420E+02   0.2961776708E+02   0.1734655625E+02   0.5518380180E+00   0.5981971260E-02
    117.   1.   0.1289193634E+02  -0.8614116460E+01   0.8370794166E+02   0.2721048318E+02   0.1427110163E+02   0.3679338434E+00   0.6553207169E-02
    117.   2.   0.1289193634E+02  -0.8614116460E+01   0.8370794166E+02   0.3144010278E+02   0.1706804945E+02   0.4609863706E+00   0.6540540276E-02
    117.   3.   0.1289193634E+02  -0.8614116460E+01   0.8370794166E+02   0.3154596744E+02   0.1711458979E+02   0.4572494606E+00   0.6544286107E-02
    117.   4.   0.1289193634E+02  -0.8614116460E+01   0.8370794166E+02   0.3154800119E+02   0.1716142488E+02   0.4653095561E+00   0.6544785388E-02
    117.   5.   0.1289193634E+02  -0.8614116460E+01   0.8370794166E+02   0.3154832624E+02   0.1716116146E+02   0.4642678510E+00   0.6544856509E-02
    117.   6.   0.1289193634E+02  -0.8614116460E+01   0.8370794166E+02   0.3154841542E+02   0.1716044278E+02   0.4638416825E+00   0.6544807696E-02
    118.   1.   0.1329908210E+02  -0.7971163050E+01   0.8377161249E+02   0.2878716792E+02   0.1414297262E+02   0.3032312461E+00   0.7128965231E-02
    118.   2.   0.1329908210E+02  -0.7971163050E+01   0.8377161249E+02   0.3327387487E+02   0.1670893912E+02   0.3679893883E+00   0.7115145589E-02
    118.   3.   0.1329908210E+02  -0.7971163050E+01   0.8377161249E+02   0.3339201625E+02   0.1694682316E+02   0.3874414541E+00   0.7119251283E-02
    118.   4.   0.1329908210E+02  -0.7971163050E+01   0.8377161249E+02   0.3339380192E+02   0.1697643098E+02   0.3982408461E+00   0.7119809027E-02
    118.   5.   0.1329908210E+02  -0.7971163050E+01   0.8377161249E+02   0.3339441119E+02   0.1699256735E+02   0.4006404047E+00   0.7119902867E-02
    118.   6.   0.1329908210E+02  -0.7971163050E+01   0.8377161249E+02   0.3339451059E+02   0.1699203059E+02   0.4000625317E+00   0.7119872322E-02
    119.   1.   0.1367418920E+02  -0.7309006400E+01   0.8383198033E+02   0.3027729495E+02   0.1408135900E+02   0.2449634749E+00   0.7706213112E-02
    119.   2.   0.1367418920E+02  -0.7309006400E+01   0.8383198033E+02   0.3501233097E+02   0.1655764387E+02   0.2994948486E+00   0.7691233844E-02
    119.   3.   0.1367418920E+02  -0.7309006400E+01   0.8383198033E+02   0.3513651005E+02   0.1678131203E+02   0.3165280051E+00   0.7695701323E-02
    119.   4.   0.1367418920E+02  -0.7309006400E+01   0.8383198033E+02   0.3513872017E+02   0.1682643612E+02   0.3237350368E+00   0.7696317717E-02
    119.   5.   0.1367418920E+02  -0.7309006400E+01   0.8383198033E+02   0.3513933318E+02   0.1684253885E+02   0.3259164453E+00   0.7696434028E-02
    119.   6.   0.1367418920E+02  -0.7309006400E+01   0.8383198033E+02   0.3513944202E+02   0.1684218898E+02   0.3252204083E+00   0.7696421120E-02
    120.   1.   0.1401635399E+02  -0.6629241720E+01   0.8388847152E+02   0.3166313752E+02   0.1395772954E+02   0.1895685652E+00   0.8273678428E-02
    120.   2.   0.1401635399E+02  -0.6629241720E+01   0.8388847152E+02   0.3663401268E+02   0.1642395654E+02   0.2311658707E+00   0.8257556503E-02
    120.   3.   0.1401635399E+02  -0.6629241720E+01   0.8388847152E+02   0.3676441741E+02   0.1664931722E+02   0.2473025336E+00   0.8262380650E-02
    120.   4.   0.1401635399E+02  -0.6629241720E+01   0.8388847152E+02   0.3676662216E+02   0.1669407890E+02   0.2542186061E+00   0.8263054707E-02
    120.   5.   0.1401635399E+02  -0.6629241720E+01   0.8388847152E+02   0.3676724049E+02   0.1671016451E+02   0.2562102883E+00   0.8263192900E-02
    120.   6.   0.1401635399E+02  -0.6629241720E+01   0.8388847152E+02   0.3676735797E+02   0.1671000230E+02   0.2554327802E+00   0.8263196831E-02
    121.   1.   0.1432475215E+02  -0.5933506620E+01   0.8394055039E+02   0.3258747885E+02   0.1387120717E+02   0.1418609389E+00   0.8819905077E-02
    121.   2.   0.1432475215E+02  -0.5933506620E+01   0.8394055039E+02   0.3755688998E+02   0.1612383045E+02   0.1639818404E+00   0.8802679145E-02
    121.   3.   0.1432475215E+02  -0.5933506620E+01   0.8394055039E+02   0.3769976942E+02   0.1653418496E+02   0.1808482913E+00   0.8807847504E-02
    121.   4.   0.1432475215E+02  -0.5933506620E+01   0.8394055039E+02   0.3770196865E+02   0.1657863681E+02   0.1874969239E+00   0.8808577088E-02
    121.   5.   0.1432475215E+02  -0.5933506620E+01   0.8394055039E+02   0.3770259383E+02   0.1659471852E+02   0.1893303339E+00   0.8808736173E-02
    121.   6.   0.1432475215E+02  -0.5933506620E+01   0.8394055039E+02   0.3770271909E+02   0.1659474028E+02   0.1885098555E+00   0.8808755941E-02
    122.   1.   0.1459864073E+02  -0.5223477180E+01   0.8398772402E+02   0.3374230591E+02   0.1379611256E+02   0.1015905345E+00   0.9333575961E-02
    122.   2.   0.1459864073E+02  -0.5223477180E+01   0.8398772402E+02   0.3890359130E+02   0.1602392118E+02   0.1167855416E+00   0.9315308604E-02
    122.   3.   0.1459864073E+02  -0.5223477180E+01   0.8398772402E+02   0.3905196797E+02   0.1643481887E+02   0.1315507670E+00   0.9320801464E-02
    122.   4.   0.1459864073E+02  -0.5223477180E+01   0.8398772402E+02   0.3905383504E+02   0.1646365481E+02   0.1314189518E+00   0.9321583343E-02
    122.   5.   0.1459864073E+02  -0.5223477180E+01   0.8398772402E+02   0.3905485597E+02   0.1649523322E+02   0.1328083532E+00   0.9321761913E-02
    122.   6.   0.1459864073E+02  -0.5223477180E+01   0.8398772402E+02   0.3905498817E+02   0.1649543036E+02   0.1319842786E+00   0.9321796241E-02
    123.   1.   0.1483735991E+02  -0.4500863920E+01   0.8402954673E+02   0.3476401399E+02   0.1373200989E+02   0.6899368252E-01   0.9803836329E-02
    123.   2.   0.1483735991E+02  -0.4500863920E+01   0.8402954673E+02   0.4009456710E+02   0.1593893091E+02   0.7869076375E-01   0.9784614771E-02
    123.   3.   0.1483735991E+02  -0.4500863920E+01   0.8402954673E+02   0.4024799209E+02   0.1635056795E+02   0.9133344318E-01   0.9790405284E-02
    123.   4.   0.1483735991E+02  -0.4500863920E+01   0.8402954673E+02   0.4024988084E+02   0.1637928128E+02   0.9113144036E-01   0.9791235055E-02
    123.   5.   0.1483735991E+02  -0.4500863920E+01   0.8402954673E+02   0.4025088206E+02   0.1641075603E+02   0.9226236734E-01   0.9791431375E-02
    123.   6.   0.1483735991E+02  -0.4500863920E+01   0.8402954673E+02   0.4025102031E+02   0.1641111576E+02   0.9147276858E-01   0.9791478805E-02
    124.   1.   0.1504033458E+02  -0.3767407690E+01   0.8406562400E+02   0.3564375453E+02   0.1367850720E+02   0.4389806420E-01   0.1022060285E-01
    124.   2.   0.1504033458E+02  -0.3767407690E+01   0.8406562400E+02   0.4111967565E+02   0.1586818577E+02   0.4948410971E-01   0.1020053405E-01
    124.   3.   0.1504033458E+02  -0.3767407690E+01   0.8406562400E+02   0.4127759023E+02   0.1628068303E+02   0.5999844449E-01   0.1020658882E-01
    124.   4.   0.1504033458E+02  -0.3767407690E+01   0.8406562400E+02   0.4127949787E+02   0.1630929687E+02   0.5976394818E-01   0.1020746106E-01
    124.   5.   0.1504033458E+02  -0.3767407690E+01   0.8406562400E+02   0.4128048241E+02   0.1634068906E+02   0.6066090236E-01   0.1020767303E-01
    124.   6.   0.1504033458E+02  -0.3767407690E+01   0.8406562400E+02   0.4128062578E+02   0.1634119432E+02   0.5994152566E-01   0.1020773189E-01
    125.   1.   0.1520707577E+02  -0.3024875440E+01   0.8409561599E+02   0.3637396004E+02   0.1363523934E+02   0.2574096066E-01   0.1057483853E-01
    125.   2.   0.1520707577E+02  -0.3024875440E+01   0.8409561599E+02   0.4197027736E+02   0.1581110172E+02   0.2849282503E-01   0.1055404732E-01
    125.   3.   0.1520707577E+02  -0.3024875440E+01   0.8409561599E+02   0.4213201938E+02   0.1622448681E+02   0.3688342614E-01   0.1056032715E-01
    125.   4.   0.1520707577E+02  -0.3024875440E+01   0.8409561599E+02   0.4213394292E+02   0.1625302234E+02   0.3665055994E-01   0.1056123553E-01
    125.   5.   0.1520707577E+02  -0.3024875440E+01   0.8409561599E+02   0.4213491375E+02   0.1628435078E+02   0.3733645280E-01   0.1056146074E-01
    125.   6.   0.1520707577E+02  -0.3024875440E+01   0.8409561599E+02   0.4213506136E+02   0.1628498072E+02   0.3671926836E-01   0.1056152919E-01
    126.   1.   0.1533718179E+02  -0.2275056010E+01   0.8411924049E+02   0.3668375561E+02   0.1355084990E+02   0.1371016787E-01   0.1085879580E-01
    126.   2.   0.1533718179E+02  -0.2275056010E+01   0.8411924049E+02   0.4263925945E+02   0.1576702883E+02   0.1467042286E-01   0.1083742485E-01
    126.   3.   0.1533718179E+02  -0.2275056010E+01   0.8411924049E+02   0.4280407647E+02   0.1618123279E+02   0.2094787656E-01   0.1084388532E-01
    126.   4.   0.1533718179E+02  -0.2275056010E+01   0.8411924049E+02   0.4280601258E+02   0.1620970916E+02   0.2074597100E-01   0.1084482261E-01
    126.   5.   0.1533718179E+02  -0.2275056010E+01   0.8411924049E+02   0.4280697275E+02   0.1624099039E+02   0.2124103760E-01   0.1084505843E-01
    126.   6.   0.1533718179E+02  -0.2275056010E+01   0.8411924049E+02   0.4280712366E+02   0.1624172084E+02   0.2075315248E-01   0.1084513447E-01
    127.   1.   0.1543033919E+02  -0.1519755760E+01   0.8413627543E+02   0.3709466861E+02   0.1352801588E+02   0.6364341532E-02   0.1106622766E-01
    127.   2.   0.1543033919E+02  -0.1519755760E+01   0.8413627543E+02   0.4312108658E+02   0.1573592976E+02   0.6471565174E-02   0.1104443327E-01
    127.   3.   0.1543033919E+02  -0.1519755760E+01   0.8413627543E+02   0.4328815195E+02   0.1615079333E+02   0.1064800671E-01   0.1105102585E-01
    127.   4.   0.1543033919E+02  -0.1519755760E+01   0.8413627543E+02   0.4329009720E+02   0.1617922878E+02   0.1050004890E-01   0.1105198433E-01
    127.   5.   0.1543033919E+02  -0.1519755760E+01   0.8413627543E+02   0.4329104974E+02   0.1621047739E+02   0.1082059762E-01   0.1105222784E-01
    127.   6.   0.1543033919E+02  -0.1519755760E+01   0.8413627543E+02   0.4329120302E+02   0.1621128171E+02   0.1048315179E-01   0.1105230939E-01
    128.   1.   0.1548632355E+02  -0.7607942900E+00   0.8414656079E+02   0.3734261615E+02   0.1351438501E+02   0.2332706774E-02   0.1119255413E-01
    128.   2.   0.1548632355E+02  -0.7607942900E+00   0.8414656079E+02   0.4341177640E+02   0.1571737431E+02   0.2223370326E-02   0.1117050098E-01
    128.   3.   0.1548632355E+02  -0.7607942900E+00   0.8414656079E+02   0.4358021138E+02   0.1613266547E+02   0.4308755029E-02   0.1117717402E-01
    128.   4.   0.1548632355E+02  -0.7607942900E+00   0.8414656079E+02   0.4358216221E+02   0.1616107677E+02   0.4230703589E-02   0.1117814541E-01
    128.   5.   0.1548632355E+02  -0.7607942900E+00   0.8414656079E+02   0.4358311018E+02   0.1619230647E+02   0.4388049990E-02   0.1117839361E-01
    128.   6.   0.1548632355E+02  -0.7607942900E+00   0.8414656079E+02   0.4358326489E+02   0.1619315589E+02   0.4215618226E-02   0.1117847850E-01
