{
  "data_loading": {
    "avg_ms": 1.4531799999531358,
    "min_ms": 1.3629899825900793,
    "max_ms": 1.907229982316494,
    "iterations": 10
  },
  "processing_speed": {
    "analyses": 20,
    "avg_ms": 3.481730096973479,
    "total_ms": 69.63460193946958,
    "throughput_samples_per_sec": 287213.53239564947
  },
  "batch_processing": {
    "total_analyses": 24,
    "total_ms": 220.1597997918725,
    "per_analysis_ms": 9.173324991328021,
    "analyses_per_sec": 109.01172703957916
  },
  "memory_usage": {
    "bytes_per_sample": 8.0,
    "total_samples": 1088000,
    "estimated_mb": 8.30078125
  },
  "metadata": {
    "timestamp": "2025-09-21T05:16:06.758659",
    "base_path": "D:\\github\\digitalmodel\\specs\\modules\\fatigue-analysis\\reference-seastate-scaling-fatigue\\sample_data"
  }
}