time,tension,angle
0.0,0.0,0.0
0.25,0.6666666666666666,0.7142857142857143
0.5,0.5,0.42857142857142855
0.75,1.0,1.0
1.0,0.8333333333333334,0.5714285714285714
