{
  "name": "Tension (Vessel End)",
  "units": "kN",
  "location": "vessel",
  "statistics": {
    "mean": 3.01018124024024,
    "std": 19.496641418833907,
    "var": 380.11902661458987,
    "min": -51.298302,
    "max": 72.248466,
    "range": 123.54676799999999,
    "median": 2.569707,
    "q1": -8.302945000000001,
    "q3": 16.4257555,
    "iqr": 24.728700500000002,
    "skewness": 0.09536217460049425,
    "kurtosis": 0.3197609341980572,
    "rms": 19.727651094686465,
    "energy": 388791.03749597043,
    "peak_to_peak": 123.54676799999999,
    "crest_factor": 3.6622943934495944,
    "length": 999,
    "zero_crossings": 26
  },
  "cycle_statistics": {
    "total_cycles": 31.0,
    "unique_cycles": 62,
    "max_range": 110.768733,
    "min_range": 0.01264799999999866,
    "mean_range": 23.576633548387097,
    "std_range": 24.850343649007904,
    "max_mean": 39.871123999999995,
    "min_mean": -44.9092845,
    "mean_mean": 2.1654288387096776,
    "std_mean": 14.525461277615456,
    "weighted_mean_range": 23.576633548387097,
    "weighted_mean_mean": 2.1654288387096776
  },
  "dominant_frequencies": [
    0.24096385542168675,
    0.08032128514056225,
    0.8835341365461847,
    1.0843373493975903,
    1.6465863453815262
  ]
}