{
  "vessel_name": "Body1",
  "solver_names": [
    "OrcaWave (.owd)",
    "OrcaWave (spec.yml)"
  ],
  "comparison_date": "2026-02-14 09:29:02",
  "overall_consensus": "FULL",
  "pairwise_results": {
    "OrcaWave (.owd)-vs-OrcaWave (spec.yml)": {
      "solver_a": "OrcaWave (.owd)",
      "solver_b": "OrcaWave (spec.yml)",
      "overall_agreement": "EXCELLENT",
      "rao_comparisons": {
        "surge": {
          "magnitude_correlation": 1.0,
          "magnitude_rms_error": 9.915484632349356e-17,
          "phase_correlation": 1.0,
          "max_magnitude_diff": 2.498001805406602e-16,
          "max_phase_diff": 1.4210854715202004e-14
        },
        "sway": {
          "magnitude_correlation": 1.0,
          "magnitude_rms_error": 7.594343234799776e-17,
          "phase_correlation": 1.0,
          "max_magnitude_diff": 2.3592239273284576e-16,
          "max_phase_diff": 2.842170943040401e-14
        },
        "heave": {
          "magnitude_correlation": 1.0,
          "magnitude_rms_error": 2.9575186692996476e-18,
          "phase_correlation": 0.4934540855849959,
          "max_magnitude_diff": 1.9452451745841674e-17,
          "max_phase_diff": 356.06276378501144
        },
        "roll": {
          "magnitude_correlation": 1.0,
          "magnitude_rms_error": 1.346866377354178e-16,
          "phase_correlation": 0.3723784030937545,
          "max_magnitude_diff": 3.9776341346405385e-16,
          "max_phase_diff": 270.0
        },
        "pitch": {
          "magnitude_correlation": 1.0,
          "magnitude_rms_error": 1.5957222105976108e-16,
          "phase_correlation": 0.2751309052536469,
          "max_magnitude_diff": 3.9688179524499587e-16,
          "max_phase_diff": 272.03273602386014
        },
        "yaw": {
          "magnitude_correlation": 0.9997463881431824,
          "magnitude_rms_error": 0.04088290173895347,
          "phase_correlation": 0.9975850218982468,
          "max_magnitude_diff": 0.07898117333723186,
          "max_phase_diff": 1.0195484382426514
        }
      },
      "added_mass_correlations": {
        "1,1": 1.0,
        "1,2": 1.0,
        "1,3": 1.0,
        "1,4": 1.0,
        "1,5": 1.0,
        "1,6": 1.0,
        "2,1": 1.0,
        "2,2": 1.0,
        "2,3": 1.0,
        "2,4": 1.0,
        "2,5": 1.0,
        "2,6": 1.0,
        "3,1": 1.0,
        "3,2": 1.0,
        "3,3": 1.0,
        "3,4": 1.0,
        "3,5": 1.0,
        "3,6": 1.0,
        "4,1": 1.0,
        "4,2": 1.0,
        "4,3": 1.0,
        "4,4": 1.0,
        "4,5": 1.0,
        "4,6": 1.0,
        "5,1": 1.0,
        "5,2": 1.0,
        "5,3": 1.0,
        "5,4": 1.0,
        "5,5": 1.0,
        "5,6": 1.0,
        "6,1": 1.0,
        "6,2": 1.0,
        "6,3": 1.0,
        "6,4": 1.0,
        "6,5": 1.0,
        "6,6": 1.0
      },
      "damping_correlations": {
        "1,1": 1.0,
        "1,2": 1.0,
        "1,3": 1.0,
        "1,4": 1.0,
        "1,5": 1.0,
        "1,6": 1.0,
        "2,1": 1.0,
        "2,2": 1.0,
        "2,3": 1.0,
        "2,4": 1.0,
        "2,5": 1.0,
        "2,6": 1.0,
        "3,1": 1.0,
        "3,2": 1.0,
        "3,3": 1.0,
        "3,4": 1.0,
        "3,5": 1.0,
        "3,6": 1.0,
        "4,1": 1.0,
        "4,2": 1.0,
        "4,3": 1.0,
        "4,4": 1.0,
        "4,5": 1.0,
        "4,6": 1.0,
        "5,1": 1.0,
        "5,2": 1.0,
        "5,3": 1.0,
        "5,4": 1.0,
        "5,5": 1.0,
        "5,6": 1.0,
        "6,1": 1.0,
        "6,2": 1.0,
        "6,3": 1.0,
        "6,4": 1.0,
        "6,5": 1.0,
        "6,6": 1.0
      }
    }
  },
  "consensus_by_dof": {
    "SURGE": {
      "consensus_level": "FULL",
      "mean_pairwise_correlation": 1.0,
      "outlier_solver": null,
      "agreement_pairs": [
        [
          "OrcaWave (.owd)",
          "OrcaWave (spec.yml)"
        ]
      ]
    },
    "SWAY": {
      "consensus_level": "FULL",
      "mean_pairwise_correlation": 1.0,
      "outlier_solver": null,
      "agreement_pairs": [
        [
          "OrcaWave (.owd)",
          "OrcaWave (spec.yml)"
        ]
      ]
    },
    "HEAVE": {
      "consensus_level": "FULL",
      "mean_pairwise_correlation": 1.0,
      "outlier_solver": null,
      "agreement_pairs": [
        [
          "OrcaWave (.owd)",
          "OrcaWave (spec.yml)"
        ]
      ]
    },
    "ROLL": {
      "consensus_level": "FULL",
      "mean_pairwise_correlation": 1.0,
      "outlier_solver": null,
      "agreement_pairs": [
        [
          "OrcaWave (.owd)",
          "OrcaWave (spec.yml)"
        ]
      ]
    },
    "PITCH": {
      "consensus_level": "FULL",
      "mean_pairwise_correlation": 1.0,
      "outlier_solver": null,
      "agreement_pairs": [
        [
          "OrcaWave (.owd)",
          "OrcaWave (spec.yml)"
        ]
      ]
    },
    "YAW": {
      "consensus_level": "FULL",
      "mean_pairwise_correlation": 0.9997463881431824,
      "outlier_solver": null,
      "agreement_pairs": [
        [
          "OrcaWave (.owd)",
          "OrcaWave (spec.yml)"
        ]
      ]
    }
  },
  "notes": []
}