damage,weighted_damage,annual_damage,fatigue_life_years,design_life_years,design_factor,passes_check
0.09393863374739332,0.0009393863374739332,592.8955656693479,0.0016866376777013884,25,6.746550710805553e-05,False
