damage,weighted_damage,annual_damage,fatigue_life_years,design_life_years,design_factor,passes_check
3.999285450797193e-08,3.9992854507971934e-10,0.000252415701084155,3961.718687486091,25,158.46874749944362,True
