condition,wind_speed,hs,wind_scale,wave_scale
1,5.0,0.15,0.25,0.3
2,3.0,0.09,0.09,0.18
3,7.0,0.25,0.48999999999999994,0.5
4,1.25,0.04,0.015625,0.08
5,1.25,0.01,0.015625,0.02
